,Image type,Model,Threshold,F1,Image
0,Raw,Omnipose,0.5,0.98876405,0
1,Raw,Omnipose,0.55,0.98876405,0
2,Raw,Omnipose,0.6,0.98876405,0
3,Raw,Omnipose,0.65,0.98876405,0
4,Raw,Omnipose,0.7,0.98876405,0
5,Raw,Omnipose,0.75,0.98876405,0
6,Raw,Omnipose,0.8,0.98876405,0
7,Raw,Omnipose,0.85,0.98876405,0
8,Raw,Omnipose,0.9,0.8988764,0
9,Raw,Omnipose,0.95,0.29213482,0
10,Raw,Omnipose,1.0,0.0,0
0,Raw,Cellpose-SAM,0.5,0.9885057,0
1,Raw,Cellpose-SAM,0.55,0.9885057,0
2,Raw,Cellpose-SAM,0.6,0.9885057,0
3,Raw,Cellpose-SAM,0.65,0.9885057,0
4,Raw,Cellpose-SAM,0.7,0.9885057,0
5,Raw,Cellpose-SAM,0.75,0.9885057,0
6,Raw,Cellpose-SAM,0.8,0.9885057,0
7,Raw,Cellpose-SAM,0.85,0.9885057,0
8,Raw,Cellpose-SAM,0.9,0.9195402,0
9,Raw,Cellpose-SAM,0.95,0.13793103,0
10,Raw,Cellpose-SAM,1.0,0.0,0
0,Raw,microSAM,0.5,0.29965156,0
1,Raw,microSAM,0.55,0.29965156,0
2,Raw,microSAM,0.6,0.29965156,0
3,Raw,microSAM,0.65,0.29268292,0
4,Raw,microSAM,0.7,0.29268292,0
5,Raw,microSAM,0.75,0.29268292,0
6,Raw,microSAM,0.8,0.27874565,0
7,Raw,microSAM,0.85,0.2369338,0
8,Raw,microSAM,0.9,0.09059233,0
9,Raw,microSAM,0.95,0.0,0
10,Raw,microSAM,1.0,0.0,0
0,Raw,Cellpose3,0.5,1.0,0
1,Raw,Cellpose3,0.55,1.0,0
2,Raw,Cellpose3,0.6,1.0,0
3,Raw,Cellpose3,0.65,1.0,0
4,Raw,Cellpose3,0.7,0.97727275,0
5,Raw,Cellpose3,0.75,0.97727275,0
6,Raw,Cellpose3,0.8,0.95454544,0
7,Raw,Cellpose3,0.85,0.84090906,0
8,Raw,Cellpose3,0.9,0.5681818,0
9,Raw,Cellpose3,0.95,0.0,0
10,Raw,Cellpose3,1.0,0.0,0
0,Raw,Morphometrics,0.5,0.0,0
1,Raw,Morphometrics,0.55,0.0,0
2,Raw,Morphometrics,0.6,0.0,0
3,Raw,Morphometrics,0.65,0.0,0
4,Raw,Morphometrics,0.7,0.0,0
5,Raw,Morphometrics,0.75,0.0,0
6,Raw,Morphometrics,0.8,0.0,0
7,Raw,Morphometrics,0.85,0.0,0
8,Raw,Morphometrics,0.9,0.0,0
9,Raw,Morphometrics,0.95,0.0,0
10,Raw,Morphometrics,1.0,0.0,0
0,Raw,Omnipose,0.5,0.83760685,1
1,Raw,Omnipose,0.55,0.8091168,1
2,Raw,Omnipose,0.6,0.7863248,1
3,Raw,Omnipose,0.65,0.75213677,1
4,Raw,Omnipose,0.7,0.7065527,1
5,Raw,Omnipose,0.75,0.66096866,1
6,Raw,Omnipose,0.8,0.5982906,1
7,Raw,Omnipose,0.85,0.55270654,1
8,Raw,Omnipose,0.9,0.4045584,1
9,Raw,Omnipose,0.95,0.17663817,1
10,Raw,Omnipose,1.0,0.0,1
0,Raw,Cellpose-SAM,0.5,0.8742515,1
1,Raw,Cellpose-SAM,0.55,0.8622754,1
2,Raw,Cellpose-SAM,0.6,0.8622754,1
3,Raw,Cellpose-SAM,0.65,0.8622754,1
4,Raw,Cellpose-SAM,0.7,0.8622754,1
5,Raw,Cellpose-SAM,0.75,0.8622754,1
6,Raw,Cellpose-SAM,0.8,0.8263473,1
7,Raw,Cellpose-SAM,0.85,0.79041916,1
8,Raw,Cellpose-SAM,0.9,0.61676645,1
9,Raw,Cellpose-SAM,0.95,0.25748503,1
10,Raw,Cellpose-SAM,1.0,0.0,1
0,Raw,microSAM,0.5,0.2526636,1
1,Raw,microSAM,0.55,0.2283105,1
2,Raw,microSAM,0.6,0.21613394,1
3,Raw,microSAM,0.65,0.20395738,1
4,Raw,microSAM,0.7,0.1674277,1
5,Raw,microSAM,0.75,0.13089803,1
6,Raw,microSAM,0.8,0.10350076,1
7,Raw,microSAM,0.85,0.0913242,1
8,Raw,microSAM,0.9,0.05479452,1
9,Raw,microSAM,0.95,0.0,1
10,Raw,microSAM,1.0,0.0,1
0,Raw,Cellpose3,0.5,0.75722545,1
1,Raw,Cellpose3,0.55,0.7283237,1
2,Raw,Cellpose3,0.6,0.7283237,1
3,Raw,Cellpose3,0.65,0.72254336,1
4,Raw,Cellpose3,0.7,0.716763,1
5,Raw,Cellpose3,0.75,0.6763006,1
6,Raw,Cellpose3,0.8,0.5606936,1
7,Raw,Cellpose3,0.85,0.38728324,1
8,Raw,Cellpose3,0.9,0.12138728,1
9,Raw,Cellpose3,0.95,0.0,1
10,Raw,Cellpose3,1.0,0.0,1
0,Raw,Morphometrics,0.5,0.0,1
1,Raw,Morphometrics,0.55,0.0,1
2,Raw,Morphometrics,0.6,0.0,1
3,Raw,Morphometrics,0.65,0.0,1
4,Raw,Morphometrics,0.7,0.0,1
5,Raw,Morphometrics,0.75,0.0,1
6,Raw,Morphometrics,0.8,0.0,1
7,Raw,Morphometrics,0.85,0.0,1
8,Raw,Morphometrics,0.9,0.0,1
9,Raw,Morphometrics,0.95,0.0,1
10,Raw,Morphometrics,1.0,0.0,1
0,Raw,Omnipose,0.5,0.8888889,2
1,Raw,Omnipose,0.55,0.8148148,2
2,Raw,Omnipose,0.6,0.8148148,2
3,Raw,Omnipose,0.65,0.8148148,2
4,Raw,Omnipose,0.7,0.8148148,2
5,Raw,Omnipose,0.75,0.8148148,2
6,Raw,Omnipose,0.8,0.7407407,2
7,Raw,Omnipose,0.85,0.7407407,2
8,Raw,Omnipose,0.9,0.7407407,2
9,Raw,Omnipose,0.95,0.6666667,2
10,Raw,Omnipose,1.0,0.0,2
0,Raw,Cellpose-SAM,0.5,0.8148148,2
1,Raw,Cellpose-SAM,0.55,0.7407407,2
2,Raw,Cellpose-SAM,0.6,0.7407407,2
3,Raw,Cellpose-SAM,0.65,0.7407407,2
4,Raw,Cellpose-SAM,0.7,0.7407407,2
5,Raw,Cellpose-SAM,0.75,0.7407407,2
6,Raw,Cellpose-SAM,0.8,0.7407407,2
7,Raw,Cellpose-SAM,0.85,0.7407407,2
8,Raw,Cellpose-SAM,0.9,0.7407407,2
9,Raw,Cellpose-SAM,0.95,0.7407407,2
10,Raw,Cellpose-SAM,1.0,0.0,2
0,Raw,microSAM,0.5,0.10619469,2
1,Raw,microSAM,0.55,0.10619469,2
2,Raw,microSAM,0.6,0.10619469,2
3,Raw,microSAM,0.65,0.10619469,2
4,Raw,microSAM,0.7,0.088495575,2
5,Raw,microSAM,0.75,0.07079646,2
6,Raw,microSAM,0.8,0.07079646,2
7,Raw,microSAM,0.85,0.07079646,2
8,Raw,microSAM,0.9,0.03539823,2
9,Raw,microSAM,0.95,0.0,2
10,Raw,microSAM,1.0,0.0,2
0,Raw,Cellpose3,0.5,0.45,2
1,Raw,Cellpose3,0.55,0.4,2
2,Raw,Cellpose3,0.6,0.4,2
3,Raw,Cellpose3,0.65,0.4,2
4,Raw,Cellpose3,0.7,0.4,2
5,Raw,Cellpose3,0.75,0.4,2
6,Raw,Cellpose3,0.8,0.4,2
7,Raw,Cellpose3,0.85,0.4,2
8,Raw,Cellpose3,0.9,0.3,2
9,Raw,Cellpose3,0.95,0.0,2
10,Raw,Cellpose3,1.0,0.0,2
0,Raw,Morphometrics,0.5,0.7407407,2
1,Raw,Morphometrics,0.55,0.7407407,2
2,Raw,Morphometrics,0.6,0.7407407,2
3,Raw,Morphometrics,0.65,0.6666667,2
4,Raw,Morphometrics,0.7,0.6666667,2
5,Raw,Morphometrics,0.75,0.6666667,2
6,Raw,Morphometrics,0.8,0.5925926,2
7,Raw,Morphometrics,0.85,0.5185185,2
8,Raw,Morphometrics,0.9,0.5185185,2
9,Raw,Morphometrics,0.95,0.0,2
10,Raw,Morphometrics,1.0,0.0,2
0,Raw,Omnipose,0.5,0.98507464,3
1,Raw,Omnipose,0.55,0.98507464,3
2,Raw,Omnipose,0.6,0.98507464,3
3,Raw,Omnipose,0.65,0.98507464,3
4,Raw,Omnipose,0.7,0.98507464,3
5,Raw,Omnipose,0.75,0.98507464,3
6,Raw,Omnipose,0.8,0.98507464,3
7,Raw,Omnipose,0.85,0.98507464,3
8,Raw,Omnipose,0.9,0.98507464,3
9,Raw,Omnipose,0.95,0.8358209,3
10,Raw,Omnipose,1.0,0.0,3
0,Raw,Cellpose-SAM,0.5,0.67368424,3
1,Raw,Cellpose-SAM,0.55,0.6526316,3
2,Raw,Cellpose-SAM,0.6,0.6315789,3
3,Raw,Cellpose-SAM,0.65,0.6105263,3
4,Raw,Cellpose-SAM,0.7,0.6105263,3
5,Raw,Cellpose-SAM,0.75,0.6105263,3
6,Raw,Cellpose-SAM,0.8,0.6105263,3
7,Raw,Cellpose-SAM,0.85,0.6105263,3
8,Raw,Cellpose-SAM,0.9,0.6105263,3
9,Raw,Cellpose-SAM,0.95,0.50526315,3
10,Raw,Cellpose-SAM,1.0,0.0,3
0,Raw,microSAM,0.5,0.13545817,3
1,Raw,microSAM,0.55,0.11155379,3
2,Raw,microSAM,0.6,0.11155379,3
3,Raw,microSAM,0.65,0.07968128,3
4,Raw,microSAM,0.7,0.07171315,3
5,Raw,microSAM,0.75,0.055776894,3
6,Raw,microSAM,0.8,0.055776894,3
7,Raw,microSAM,0.85,0.03187251,3
8,Raw,microSAM,0.9,0.007968128,3
9,Raw,microSAM,0.95,0.0,3
10,Raw,microSAM,1.0,0.0,3
0,Raw,Cellpose3,0.5,0.47244096,3
1,Raw,Cellpose3,0.55,0.39370078,3
2,Raw,Cellpose3,0.6,0.39370078,3
3,Raw,Cellpose3,0.65,0.3464567,3
4,Raw,Cellpose3,0.7,0.3464567,3
5,Raw,Cellpose3,0.75,0.3464567,3
6,Raw,Cellpose3,0.8,0.3464567,3
7,Raw,Cellpose3,0.85,0.3464567,3
8,Raw,Cellpose3,0.9,0.28346458,3
9,Raw,Cellpose3,0.95,0.047244094,3
10,Raw,Cellpose3,1.0,0.0,3
0,Raw,Morphometrics,0.5,0.0,3
1,Raw,Morphometrics,0.55,0.0,3
2,Raw,Morphometrics,0.6,0.0,3
3,Raw,Morphometrics,0.65,0.0,3
4,Raw,Morphometrics,0.7,0.0,3
5,Raw,Morphometrics,0.75,0.0,3
6,Raw,Morphometrics,0.8,0.0,3
7,Raw,Morphometrics,0.85,0.0,3
8,Raw,Morphometrics,0.9,0.0,3
9,Raw,Morphometrics,0.95,0.0,3
10,Raw,Morphometrics,1.0,0.0,3
0,Raw,Omnipose,0.5,0.84745765,4
1,Raw,Omnipose,0.55,0.8135593,4
2,Raw,Omnipose,0.6,0.8135593,4
3,Raw,Omnipose,0.65,0.8135593,4
4,Raw,Omnipose,0.7,0.8135593,4
5,Raw,Omnipose,0.75,0.779661,4
6,Raw,Omnipose,0.8,0.779661,4
7,Raw,Omnipose,0.85,0.779661,4
8,Raw,Omnipose,0.9,0.779661,4
9,Raw,Omnipose,0.95,0.6101695,4
10,Raw,Omnipose,1.0,0.0,4
0,Raw,Cellpose-SAM,0.5,0.8965517,4
1,Raw,Cellpose-SAM,0.55,0.82758623,4
2,Raw,Cellpose-SAM,0.6,0.79310346,4
3,Raw,Cellpose-SAM,0.65,0.79310346,4
4,Raw,Cellpose-SAM,0.7,0.79310346,4
5,Raw,Cellpose-SAM,0.75,0.79310346,4
6,Raw,Cellpose-SAM,0.8,0.79310346,4
7,Raw,Cellpose-SAM,0.85,0.79310346,4
8,Raw,Cellpose-SAM,0.9,0.79310346,4
9,Raw,Cellpose-SAM,0.95,0.5862069,4
10,Raw,Cellpose-SAM,1.0,0.0,4
0,Raw,microSAM,0.5,0.094736844,4
1,Raw,microSAM,0.55,0.07368421,4
2,Raw,microSAM,0.6,0.06315789,4
3,Raw,microSAM,0.65,0.06315789,4
4,Raw,microSAM,0.7,0.06315789,4
5,Raw,microSAM,0.75,0.042105265,4
6,Raw,microSAM,0.8,0.021052632,4
7,Raw,microSAM,0.85,0.021052632,4
8,Raw,microSAM,0.9,0.010526316,4
9,Raw,microSAM,0.95,0.0,4
10,Raw,microSAM,1.0,0.0,4
0,Raw,Cellpose3,0.5,0.64788735,4
1,Raw,Cellpose3,0.55,0.6197183,4
2,Raw,Cellpose3,0.6,0.45070422,4
3,Raw,Cellpose3,0.65,0.45070422,4
4,Raw,Cellpose3,0.7,0.45070422,4
5,Raw,Cellpose3,0.75,0.45070422,4
6,Raw,Cellpose3,0.8,0.45070422,4
7,Raw,Cellpose3,0.85,0.45070422,4
8,Raw,Cellpose3,0.9,0.45070422,4
9,Raw,Cellpose3,0.95,0.056338027,4
10,Raw,Cellpose3,1.0,0.0,4
0,Raw,Morphometrics,0.5,0.7241379,4
1,Raw,Morphometrics,0.55,0.6896552,4
2,Raw,Morphometrics,0.6,0.62068963,4
3,Raw,Morphometrics,0.65,0.62068963,4
4,Raw,Morphometrics,0.7,0.5862069,4
5,Raw,Morphometrics,0.75,0.5862069,4
6,Raw,Morphometrics,0.8,0.55172414,4
7,Raw,Morphometrics,0.85,0.55172414,4
8,Raw,Morphometrics,0.9,0.4827586,4
9,Raw,Morphometrics,0.95,0.06896552,4
10,Raw,Morphometrics,1.0,0.0,4
0,Raw,Omnipose,0.5,0.875576,5
1,Raw,Omnipose,0.55,0.8663595,5
2,Raw,Omnipose,0.6,0.8663595,5
3,Raw,Omnipose,0.65,0.8663595,5
4,Raw,Omnipose,0.7,0.85714287,5
5,Raw,Omnipose,0.75,0.84792626,5
6,Raw,Omnipose,0.8,0.8294931,5
7,Raw,Omnipose,0.85,0.74654377,5
8,Raw,Omnipose,0.9,0.53456223,5
9,Raw,Omnipose,0.95,0.01843318,5
10,Raw,Omnipose,1.0,0.0,5
0,Raw,Cellpose-SAM,0.5,0.9045226,5
1,Raw,Cellpose-SAM,0.55,0.9045226,5
2,Raw,Cellpose-SAM,0.6,0.9045226,5
3,Raw,Cellpose-SAM,0.65,0.89447236,5
4,Raw,Cellpose-SAM,0.7,0.89447236,5
5,Raw,Cellpose-SAM,0.75,0.89447236,5
6,Raw,Cellpose-SAM,0.8,0.89447236,5
7,Raw,Cellpose-SAM,0.85,0.8743719,5
8,Raw,Cellpose-SAM,0.9,0.52261305,5
9,Raw,Cellpose-SAM,0.95,0.040201005,5
10,Raw,Cellpose-SAM,1.0,0.0,5
0,Raw,microSAM,0.5,0.74358976,5
1,Raw,microSAM,0.55,0.71794873,5
2,Raw,microSAM,0.6,0.6923077,5
3,Raw,microSAM,0.65,0.6752137,5
4,Raw,microSAM,0.7,0.6581197,5
5,Raw,microSAM,0.75,0.60683763,5
6,Raw,microSAM,0.8,0.47008547,5
7,Raw,microSAM,0.85,0.17094018,5
8,Raw,microSAM,0.9,0.008547009,5
9,Raw,microSAM,0.95,0.0,5
10,Raw,microSAM,1.0,0.0,5
0,Raw,Cellpose3,0.5,0.8773585,5
1,Raw,Cellpose3,0.55,0.8773585,5
2,Raw,Cellpose3,0.6,0.8773585,5
3,Raw,Cellpose3,0.65,0.8679245,5
4,Raw,Cellpose3,0.7,0.8679245,5
5,Raw,Cellpose3,0.75,0.8679245,5
6,Raw,Cellpose3,0.8,0.7075472,5
7,Raw,Cellpose3,0.85,0.4245283,5
8,Raw,Cellpose3,0.9,0.08490566,5
9,Raw,Cellpose3,0.95,0.0,5
10,Raw,Cellpose3,1.0,0.0,5
0,Raw,Morphometrics,0.5,0.8061224,5
1,Raw,Morphometrics,0.55,0.79591835,5
2,Raw,Morphometrics,0.6,0.78571427,5
3,Raw,Morphometrics,0.65,0.78571427,5
4,Raw,Morphometrics,0.7,0.7755102,5
5,Raw,Morphometrics,0.75,0.7653061,5
6,Raw,Morphometrics,0.8,0.67346936,5
7,Raw,Morphometrics,0.85,0.59183675,5
8,Raw,Morphometrics,0.9,0.31632653,5
9,Raw,Morphometrics,0.95,0.020408163,5
10,Raw,Morphometrics,1.0,0.0,5
0,Raw,Omnipose,0.5,0.9072165,6
1,Raw,Omnipose,0.55,0.8969072,6
2,Raw,Omnipose,0.6,0.8969072,6
3,Raw,Omnipose,0.65,0.8969072,6
4,Raw,Omnipose,0.7,0.8969072,6
5,Raw,Omnipose,0.75,0.88659793,6
6,Raw,Omnipose,0.8,0.88659793,6
7,Raw,Omnipose,0.85,0.88659793,6
8,Raw,Omnipose,0.9,0.8659794,6
9,Raw,Omnipose,0.95,0.58762884,6
10,Raw,Omnipose,1.0,0.0,6
0,Raw,Cellpose-SAM,0.5,0.9255319,6
1,Raw,Cellpose-SAM,0.55,0.90425533,6
2,Raw,Cellpose-SAM,0.6,0.90425533,6
3,Raw,Cellpose-SAM,0.65,0.90425533,6
4,Raw,Cellpose-SAM,0.7,0.90425533,6
5,Raw,Cellpose-SAM,0.75,0.90425533,6
6,Raw,Cellpose-SAM,0.8,0.89361703,6
7,Raw,Cellpose-SAM,0.85,0.89361703,6
8,Raw,Cellpose-SAM,0.9,0.84042555,6
9,Raw,Cellpose-SAM,0.95,0.3617021,6
10,Raw,Cellpose-SAM,1.0,0.0,6
0,Raw,microSAM,0.5,0.7297297,6
1,Raw,microSAM,0.55,0.7027027,6
2,Raw,microSAM,0.6,0.7027027,6
3,Raw,microSAM,0.65,0.6936937,6
4,Raw,microSAM,0.7,0.6846847,6
5,Raw,microSAM,0.75,0.6576577,6
6,Raw,microSAM,0.8,0.5855856,6
7,Raw,microSAM,0.85,0.3783784,6
8,Raw,microSAM,0.9,0.09009009,6
9,Raw,microSAM,0.95,0.009009009,6
10,Raw,microSAM,1.0,0.0,6
0,Raw,Cellpose3,0.5,0.82474226,6
1,Raw,Cellpose3,0.55,0.814433,6
2,Raw,Cellpose3,0.6,0.814433,6
3,Raw,Cellpose3,0.65,0.814433,6
4,Raw,Cellpose3,0.7,0.814433,6
5,Raw,Cellpose3,0.75,0.8041237,6
6,Raw,Cellpose3,0.8,0.7938144,6
7,Raw,Cellpose3,0.85,0.7010309,6
8,Raw,Cellpose3,0.9,0.48453608,6
9,Raw,Cellpose3,0.95,0.020618556,6
10,Raw,Cellpose3,1.0,0.0,6
0,Raw,Morphometrics,0.5,0.85561496,6
1,Raw,Morphometrics,0.55,0.85561496,6
2,Raw,Morphometrics,0.6,0.85561496,6
3,Raw,Morphometrics,0.65,0.85561496,6
4,Raw,Morphometrics,0.7,0.8449198,6
5,Raw,Morphometrics,0.75,0.8235294,6
6,Raw,Morphometrics,0.8,0.7914438,6
7,Raw,Morphometrics,0.85,0.7486631,6
8,Raw,Morphometrics,0.9,0.49197862,6
9,Raw,Morphometrics,0.95,0.010695187,6
10,Raw,Morphometrics,1.0,0.0,6
0,Raw,Omnipose,0.5,0.896,7
1,Raw,Omnipose,0.55,0.856,7
2,Raw,Omnipose,0.6,0.856,7
3,Raw,Omnipose,0.65,0.856,7
4,Raw,Omnipose,0.7,0.856,7
5,Raw,Omnipose,0.75,0.856,7
6,Raw,Omnipose,0.8,0.848,7
7,Raw,Omnipose,0.85,0.824,7
8,Raw,Omnipose,0.9,0.768,7
9,Raw,Omnipose,0.95,0.456,7
10,Raw,Omnipose,1.0,0.0,7
0,Raw,Cellpose-SAM,0.5,0.91735536,7
1,Raw,Cellpose-SAM,0.55,0.892562,7
2,Raw,Cellpose-SAM,0.6,0.892562,7
3,Raw,Cellpose-SAM,0.65,0.892562,7
4,Raw,Cellpose-SAM,0.7,0.892562,7
5,Raw,Cellpose-SAM,0.75,0.892562,7
6,Raw,Cellpose-SAM,0.8,0.88429755,7
7,Raw,Cellpose-SAM,0.85,0.8595041,7
8,Raw,Cellpose-SAM,0.9,0.78512394,7
9,Raw,Cellpose-SAM,0.95,0.23966943,7
10,Raw,Cellpose-SAM,1.0,0.0,7
0,Raw,microSAM,0.5,0.70877194,7
1,Raw,microSAM,0.55,0.7017544,7
2,Raw,microSAM,0.6,0.69473684,7
3,Raw,microSAM,0.65,0.6666667,7
4,Raw,microSAM,0.7,0.645614,7
5,Raw,microSAM,0.75,0.58947366,7
6,Raw,microSAM,0.8,0.47017545,7
7,Raw,microSAM,0.85,0.2877193,7
8,Raw,microSAM,0.9,0.09824561,7
9,Raw,microSAM,0.95,0.0,7
10,Raw,microSAM,1.0,0.0,7
0,Raw,Cellpose3,0.5,0.8392157,7
1,Raw,Cellpose3,0.55,0.8392157,7
2,Raw,Cellpose3,0.6,0.8235294,7
3,Raw,Cellpose3,0.65,0.8235294,7
4,Raw,Cellpose3,0.7,0.8235294,7
5,Raw,Cellpose3,0.75,0.8156863,7
6,Raw,Cellpose3,0.8,0.74509805,7
7,Raw,Cellpose3,0.85,0.63529414,7
8,Raw,Cellpose3,0.9,0.2509804,7
9,Raw,Cellpose3,0.95,0.0,7
10,Raw,Cellpose3,1.0,0.0,7
0,Raw,Morphometrics,0.5,0.8347107,7
1,Raw,Morphometrics,0.55,0.8347107,7
2,Raw,Morphometrics,0.6,0.8347107,7
3,Raw,Morphometrics,0.65,0.8347107,7
4,Raw,Morphometrics,0.7,0.8181818,7
5,Raw,Morphometrics,0.75,0.8016529,7
6,Raw,Morphometrics,0.8,0.7107438,7
7,Raw,Morphometrics,0.85,0.60330576,7
8,Raw,Morphometrics,0.9,0.19008264,7
9,Raw,Morphometrics,0.95,0.008264462,7
10,Raw,Morphometrics,1.0,0.0,7
0,Raw,Omnipose,0.5,0.85714287,8
1,Raw,Omnipose,0.55,0.85714287,8
2,Raw,Omnipose,0.6,0.85714287,8
3,Raw,Omnipose,0.65,0.85714287,8
4,Raw,Omnipose,0.7,0.85714287,8
5,Raw,Omnipose,0.75,0.85714287,8
6,Raw,Omnipose,0.8,0.71428573,8
7,Raw,Omnipose,0.85,0.5714286,8
8,Raw,Omnipose,0.9,0.5714286,8
9,Raw,Omnipose,0.95,0.42857143,8
10,Raw,Omnipose,1.0,0.0,8
0,Raw,Cellpose-SAM,0.5,0.9230769,8
1,Raw,Cellpose-SAM,0.55,0.7692308,8
2,Raw,Cellpose-SAM,0.6,0.7692308,8
3,Raw,Cellpose-SAM,0.65,0.7692308,8
4,Raw,Cellpose-SAM,0.7,0.7692308,8
5,Raw,Cellpose-SAM,0.75,0.7692308,8
6,Raw,Cellpose-SAM,0.8,0.61538464,8
7,Raw,Cellpose-SAM,0.85,0.61538464,8
8,Raw,Cellpose-SAM,0.9,0.46153846,8
9,Raw,Cellpose-SAM,0.95,0.46153846,8
10,Raw,Cellpose-SAM,1.0,0.0,8
0,Raw,microSAM,0.5,0.3529412,8
1,Raw,microSAM,0.55,0.3529412,8
2,Raw,microSAM,0.6,0.23529412,8
3,Raw,microSAM,0.65,0.23529412,8
4,Raw,microSAM,0.7,0.0,8
5,Raw,microSAM,0.75,0.0,8
6,Raw,microSAM,0.8,0.0,8
7,Raw,microSAM,0.85,0.0,8
8,Raw,microSAM,0.9,0.0,8
9,Raw,microSAM,0.95,0.0,8
10,Raw,microSAM,1.0,0.0,8
0,Raw,Cellpose3,0.5,0.53333336,8
1,Raw,Cellpose3,0.55,0.53333336,8
2,Raw,Cellpose3,0.6,0.53333336,8
3,Raw,Cellpose3,0.65,0.4,8
4,Raw,Cellpose3,0.7,0.26666668,8
5,Raw,Cellpose3,0.75,0.26666668,8
6,Raw,Cellpose3,0.8,0.26666668,8
7,Raw,Cellpose3,0.85,0.26666668,8
8,Raw,Cellpose3,0.9,0.26666668,8
9,Raw,Cellpose3,0.95,0.0,8
10,Raw,Cellpose3,1.0,0.0,8
0,Raw,Morphometrics,0.5,0.18181819,8
1,Raw,Morphometrics,0.55,0.18181819,8
2,Raw,Morphometrics,0.6,0.18181819,8
3,Raw,Morphometrics,0.65,0.18181819,8
4,Raw,Morphometrics,0.7,0.18181819,8
5,Raw,Morphometrics,0.75,0.18181819,8
6,Raw,Morphometrics,0.8,0.18181819,8
7,Raw,Morphometrics,0.85,0.18181819,8
8,Raw,Morphometrics,0.9,0.0,8
9,Raw,Morphometrics,0.95,0.0,8
10,Raw,Morphometrics,1.0,0.0,8
0,Raw,Omnipose,0.5,1.0,9
1,Raw,Omnipose,0.55,1.0,9
2,Raw,Omnipose,0.6,1.0,9
3,Raw,Omnipose,0.65,1.0,9
4,Raw,Omnipose,0.7,1.0,9
5,Raw,Omnipose,0.75,1.0,9
6,Raw,Omnipose,0.8,1.0,9
7,Raw,Omnipose,0.85,1.0,9
8,Raw,Omnipose,0.9,0.8,9
9,Raw,Omnipose,0.95,0.0,9
10,Raw,Omnipose,1.0,0.0,9
0,Raw,Cellpose-SAM,0.5,1.0,9
1,Raw,Cellpose-SAM,0.55,1.0,9
2,Raw,Cellpose-SAM,0.6,1.0,9
3,Raw,Cellpose-SAM,0.65,1.0,9
4,Raw,Cellpose-SAM,0.7,1.0,9
5,Raw,Cellpose-SAM,0.75,1.0,9
6,Raw,Cellpose-SAM,0.8,1.0,9
7,Raw,Cellpose-SAM,0.85,1.0,9
8,Raw,Cellpose-SAM,0.9,0.8,9
9,Raw,Cellpose-SAM,0.95,0.0,9
10,Raw,Cellpose-SAM,1.0,0.0,9
0,Raw,microSAM,0.5,0.46153846,9
1,Raw,microSAM,0.55,0.46153846,9
2,Raw,microSAM,0.6,0.46153846,9
3,Raw,microSAM,0.65,0.46153846,9
4,Raw,microSAM,0.7,0.46153846,9
5,Raw,microSAM,0.75,0.30769232,9
6,Raw,microSAM,0.8,0.15384616,9
7,Raw,microSAM,0.85,0.15384616,9
8,Raw,microSAM,0.9,0.0,9
9,Raw,microSAM,0.95,0.0,9
10,Raw,microSAM,1.0,0.0,9
0,Raw,Cellpose3,0.5,0.72727275,9
1,Raw,Cellpose3,0.55,0.72727275,9
2,Raw,Cellpose3,0.6,0.72727275,9
3,Raw,Cellpose3,0.65,0.72727275,9
4,Raw,Cellpose3,0.7,0.72727275,9
5,Raw,Cellpose3,0.75,0.54545456,9
6,Raw,Cellpose3,0.8,0.54545456,9
7,Raw,Cellpose3,0.85,0.54545456,9
8,Raw,Cellpose3,0.9,0.0,9
9,Raw,Cellpose3,0.95,0.0,9
10,Raw,Cellpose3,1.0,0.0,9
0,Raw,Morphometrics,0.5,0.54545456,9
1,Raw,Morphometrics,0.55,0.54545456,9
2,Raw,Morphometrics,0.6,0.36363637,9
3,Raw,Morphometrics,0.65,0.36363637,9
4,Raw,Morphometrics,0.7,0.36363637,9
5,Raw,Morphometrics,0.75,0.36363637,9
6,Raw,Morphometrics,0.8,0.36363637,9
7,Raw,Morphometrics,0.85,0.36363637,9
8,Raw,Morphometrics,0.9,0.36363637,9
9,Raw,Morphometrics,0.95,0.0,9
10,Raw,Morphometrics,1.0,0.0,9
0,Raw,Omnipose,0.5,0.8333333,10
1,Raw,Omnipose,0.55,0.8333333,10
2,Raw,Omnipose,0.6,0.8333333,10
3,Raw,Omnipose,0.65,0.8333333,10
4,Raw,Omnipose,0.7,0.8333333,10
5,Raw,Omnipose,0.75,0.6666667,10
6,Raw,Omnipose,0.8,0.6666667,10
7,Raw,Omnipose,0.85,0.6666667,10
8,Raw,Omnipose,0.9,0.6666667,10
9,Raw,Omnipose,0.95,0.33333334,10
10,Raw,Omnipose,1.0,0.0,10
0,Raw,Cellpose-SAM,0.5,0.8,10
1,Raw,Cellpose-SAM,0.55,0.8,10
2,Raw,Cellpose-SAM,0.6,0.8,10
3,Raw,Cellpose-SAM,0.65,0.8,10
4,Raw,Cellpose-SAM,0.7,0.8,10
5,Raw,Cellpose-SAM,0.75,0.8,10
6,Raw,Cellpose-SAM,0.8,0.8,10
7,Raw,Cellpose-SAM,0.85,0.8,10
8,Raw,Cellpose-SAM,0.9,0.8,10
9,Raw,Cellpose-SAM,0.95,0.4,10
10,Raw,Cellpose-SAM,1.0,0.0,10
0,Raw,microSAM,0.5,0.1,10
1,Raw,microSAM,0.55,0.1,10
2,Raw,microSAM,0.6,0.1,10
3,Raw,microSAM,0.65,0.1,10
4,Raw,microSAM,0.7,0.1,10
5,Raw,microSAM,0.75,0.1,10
6,Raw,microSAM,0.8,0.1,10
7,Raw,microSAM,0.85,0.0,10
8,Raw,microSAM,0.9,0.0,10
9,Raw,microSAM,0.95,0.0,10
10,Raw,microSAM,1.0,0.0,10
0,Raw,Cellpose3,0.5,0.26666668,10
1,Raw,Cellpose3,0.55,0.26666668,10
2,Raw,Cellpose3,0.6,0.26666668,10
3,Raw,Cellpose3,0.65,0.13333334,10
4,Raw,Cellpose3,0.7,0.13333334,10
5,Raw,Cellpose3,0.75,0.13333334,10
6,Raw,Cellpose3,0.8,0.13333334,10
7,Raw,Cellpose3,0.85,0.13333334,10
8,Raw,Cellpose3,0.9,0.0,10
9,Raw,Cellpose3,0.95,0.0,10
10,Raw,Cellpose3,1.0,0.0,10
0,Raw,Morphometrics,0.5,0.25,10
1,Raw,Morphometrics,0.55,0.25,10
2,Raw,Morphometrics,0.6,0.25,10
3,Raw,Morphometrics,0.65,0.25,10
4,Raw,Morphometrics,0.7,0.25,10
5,Raw,Morphometrics,0.75,0.25,10
6,Raw,Morphometrics,0.8,0.25,10
7,Raw,Morphometrics,0.85,0.25,10
8,Raw,Morphometrics,0.9,0.25,10
9,Raw,Morphometrics,0.95,0.0,10
10,Raw,Morphometrics,1.0,0.0,10
0,Raw,Omnipose,0.5,0.8333333,11
1,Raw,Omnipose,0.55,0.8333333,11
2,Raw,Omnipose,0.6,0.8333333,11
3,Raw,Omnipose,0.65,0.8333333,11
4,Raw,Omnipose,0.7,0.8333333,11
5,Raw,Omnipose,0.75,0.8333333,11
6,Raw,Omnipose,0.8,0.8333333,11
7,Raw,Omnipose,0.85,0.8333333,11
8,Raw,Omnipose,0.9,0.8333333,11
9,Raw,Omnipose,0.95,0.16666667,11
10,Raw,Omnipose,1.0,0.0,11
0,Raw,Cellpose-SAM,0.5,0.90909094,11
1,Raw,Cellpose-SAM,0.55,0.90909094,11
2,Raw,Cellpose-SAM,0.6,0.90909094,11
3,Raw,Cellpose-SAM,0.65,0.90909094,11
4,Raw,Cellpose-SAM,0.7,0.90909094,11
5,Raw,Cellpose-SAM,0.75,0.90909094,11
6,Raw,Cellpose-SAM,0.8,0.90909094,11
7,Raw,Cellpose-SAM,0.85,0.90909094,11
8,Raw,Cellpose-SAM,0.9,0.36363637,11
9,Raw,Cellpose-SAM,0.95,0.36363637,11
10,Raw,Cellpose-SAM,1.0,0.0,11
0,Raw,microSAM,0.5,0.6666667,11
1,Raw,microSAM,0.55,0.6666667,11
2,Raw,microSAM,0.6,0.6666667,11
3,Raw,microSAM,0.65,0.6666667,11
4,Raw,microSAM,0.7,0.6666667,11
5,Raw,microSAM,0.75,0.53333336,11
6,Raw,microSAM,0.8,0.4,11
7,Raw,microSAM,0.85,0.4,11
8,Raw,microSAM,0.9,0.0,11
9,Raw,microSAM,0.95,0.0,11
10,Raw,microSAM,1.0,0.0,11
0,Raw,Cellpose3,0.5,0.90909094,11
1,Raw,Cellpose3,0.55,0.90909094,11
2,Raw,Cellpose3,0.6,0.90909094,11
3,Raw,Cellpose3,0.65,0.90909094,11
4,Raw,Cellpose3,0.7,0.90909094,11
5,Raw,Cellpose3,0.75,0.90909094,11
6,Raw,Cellpose3,0.8,0.90909094,11
7,Raw,Cellpose3,0.85,0.36363637,11
8,Raw,Cellpose3,0.9,0.18181819,11
9,Raw,Cellpose3,0.95,0.0,11
10,Raw,Cellpose3,1.0,0.0,11
0,Raw,Morphometrics,0.5,0.75,11
1,Raw,Morphometrics,0.55,0.5,11
2,Raw,Morphometrics,0.6,0.5,11
3,Raw,Morphometrics,0.65,0.5,11
4,Raw,Morphometrics,0.7,0.5,11
5,Raw,Morphometrics,0.75,0.5,11
6,Raw,Morphometrics,0.8,0.5,11
7,Raw,Morphometrics,0.85,0.5,11
8,Raw,Morphometrics,0.9,0.25,11
9,Raw,Morphometrics,0.95,0.0,11
10,Raw,Morphometrics,1.0,0.0,11
0,Raw,Omnipose,0.5,0.93333334,12
1,Raw,Omnipose,0.55,0.93333334,12
2,Raw,Omnipose,0.6,0.93333334,12
3,Raw,Omnipose,0.65,0.93333334,12
4,Raw,Omnipose,0.7,0.93333334,12
5,Raw,Omnipose,0.75,0.93333334,12
6,Raw,Omnipose,0.8,0.93333334,12
7,Raw,Omnipose,0.85,0.8,12
8,Raw,Omnipose,0.9,0.26666668,12
9,Raw,Omnipose,0.95,0.0,12
10,Raw,Omnipose,1.0,0.0,12
0,Raw,Cellpose-SAM,0.5,1.0,12
1,Raw,Cellpose-SAM,0.55,1.0,12
2,Raw,Cellpose-SAM,0.6,1.0,12
3,Raw,Cellpose-SAM,0.65,1.0,12
4,Raw,Cellpose-SAM,0.7,1.0,12
5,Raw,Cellpose-SAM,0.75,1.0,12
6,Raw,Cellpose-SAM,0.8,0.85714287,12
7,Raw,Cellpose-SAM,0.85,0.71428573,12
8,Raw,Cellpose-SAM,0.9,0.2857143,12
9,Raw,Cellpose-SAM,0.95,0.0,12
10,Raw,Cellpose-SAM,1.0,0.0,12
0,Raw,microSAM,0.5,0.6086956,12
1,Raw,microSAM,0.55,0.6086956,12
2,Raw,microSAM,0.6,0.6086956,12
3,Raw,microSAM,0.65,0.6086956,12
4,Raw,microSAM,0.7,0.6086956,12
5,Raw,microSAM,0.75,0.5217391,12
6,Raw,microSAM,0.8,0.5217391,12
7,Raw,microSAM,0.85,0.26086956,12
8,Raw,microSAM,0.9,0.0,12
9,Raw,microSAM,0.95,0.0,12
10,Raw,microSAM,1.0,0.0,12
0,Raw,Cellpose3,0.5,0.875,12
1,Raw,Cellpose3,0.55,0.875,12
2,Raw,Cellpose3,0.6,0.875,12
3,Raw,Cellpose3,0.65,0.875,12
4,Raw,Cellpose3,0.7,0.75,12
5,Raw,Cellpose3,0.75,0.75,12
6,Raw,Cellpose3,0.8,0.625,12
7,Raw,Cellpose3,0.85,0.375,12
8,Raw,Cellpose3,0.9,0.0,12
9,Raw,Cellpose3,0.95,0.0,12
10,Raw,Cellpose3,1.0,0.0,12
0,Raw,Morphometrics,0.5,0.8333333,12
1,Raw,Morphometrics,0.55,0.8333333,12
2,Raw,Morphometrics,0.6,0.8333333,12
3,Raw,Morphometrics,0.65,0.8333333,12
4,Raw,Morphometrics,0.7,0.8333333,12
5,Raw,Morphometrics,0.75,0.8333333,12
6,Raw,Morphometrics,0.8,0.8333333,12
7,Raw,Morphometrics,0.85,0.8333333,12
8,Raw,Morphometrics,0.9,0.8333333,12
9,Raw,Morphometrics,0.95,0.0,12
10,Raw,Morphometrics,1.0,0.0,12
0,Raw,Omnipose,0.5,0.9305556,13
1,Raw,Omnipose,0.55,0.9166667,13
2,Raw,Omnipose,0.6,0.9166667,13
3,Raw,Omnipose,0.65,0.9166667,13
4,Raw,Omnipose,0.7,0.8888889,13
5,Raw,Omnipose,0.75,0.875,13
6,Raw,Omnipose,0.8,0.8611111,13
7,Raw,Omnipose,0.85,0.7916667,13
8,Raw,Omnipose,0.9,0.625,13
9,Raw,Omnipose,0.95,0.2777778,13
10,Raw,Omnipose,1.0,0.0,13
0,Raw,Cellpose-SAM,0.5,0.9787234,13
1,Raw,Cellpose-SAM,0.55,0.964539,13
2,Raw,Cellpose-SAM,0.6,0.964539,13
3,Raw,Cellpose-SAM,0.65,0.964539,13
4,Raw,Cellpose-SAM,0.7,0.964539,13
5,Raw,Cellpose-SAM,0.75,0.964539,13
6,Raw,Cellpose-SAM,0.8,0.964539,13
7,Raw,Cellpose-SAM,0.85,0.9361702,13
8,Raw,Cellpose-SAM,0.9,0.85106385,13
9,Raw,Cellpose-SAM,0.95,0.36879432,13
10,Raw,Cellpose-SAM,1.0,0.0,13
0,Raw,microSAM,0.5,0.2004662,13
1,Raw,microSAM,0.55,0.15384616,13
2,Raw,microSAM,0.6,0.13986014,13
3,Raw,microSAM,0.65,0.11188811,13
4,Raw,microSAM,0.7,0.1072261,13
5,Raw,microSAM,0.75,0.08391608,13
6,Raw,microSAM,0.8,0.06526806,13
7,Raw,microSAM,0.85,0.046620045,13
8,Raw,microSAM,0.9,0.018648019,13
9,Raw,microSAM,0.95,0.0,13
10,Raw,microSAM,1.0,0.0,13
0,Raw,Cellpose3,0.5,0.7798742,13
1,Raw,Cellpose3,0.55,0.7421384,13
2,Raw,Cellpose3,0.6,0.7421384,13
3,Raw,Cellpose3,0.65,0.7421384,13
4,Raw,Cellpose3,0.7,0.7421384,13
5,Raw,Cellpose3,0.75,0.7295597,13
6,Raw,Cellpose3,0.8,0.6415094,13
7,Raw,Cellpose3,0.85,0.4779874,13
8,Raw,Cellpose3,0.9,0.18867925,13
9,Raw,Cellpose3,0.95,0.0,13
10,Raw,Cellpose3,1.0,0.0,13
0,Raw,Morphometrics,0.5,0.8489209,13
1,Raw,Morphometrics,0.55,0.8345324,13
2,Raw,Morphometrics,0.6,0.8345324,13
3,Raw,Morphometrics,0.65,0.8345324,13
4,Raw,Morphometrics,0.7,0.8345324,13
5,Raw,Morphometrics,0.75,0.79136693,13
6,Raw,Morphometrics,0.8,0.676259,13
7,Raw,Morphometrics,0.85,0.58992803,13
8,Raw,Morphometrics,0.9,0.38848922,13
9,Raw,Morphometrics,0.95,0.01438849,13
10,Raw,Morphometrics,1.0,0.0,13
0,Raw,Omnipose,0.5,0.90588236,14
1,Raw,Omnipose,0.55,0.90588236,14
2,Raw,Omnipose,0.6,0.89411765,14
3,Raw,Omnipose,0.65,0.89411765,14
4,Raw,Omnipose,0.7,0.89411765,14
5,Raw,Omnipose,0.75,0.89411765,14
6,Raw,Omnipose,0.8,0.88235295,14
7,Raw,Omnipose,0.85,0.85882354,14
8,Raw,Omnipose,0.9,0.7647059,14
9,Raw,Omnipose,0.95,0.15294118,14
10,Raw,Omnipose,1.0,0.0,14
0,Raw,Cellpose-SAM,0.5,0.87116563,14
1,Raw,Cellpose-SAM,0.55,0.87116563,14
2,Raw,Cellpose-SAM,0.6,0.87116563,14
3,Raw,Cellpose-SAM,0.65,0.87116563,14
4,Raw,Cellpose-SAM,0.7,0.8588957,14
5,Raw,Cellpose-SAM,0.75,0.8588957,14
6,Raw,Cellpose-SAM,0.8,0.84662575,14
7,Raw,Cellpose-SAM,0.85,0.83435583,14
8,Raw,Cellpose-SAM,0.9,0.67484665,14
9,Raw,Cellpose-SAM,0.95,0.23312883,14
10,Raw,Cellpose-SAM,1.0,0.0,14
0,Raw,microSAM,0.5,0.6509434,14
1,Raw,microSAM,0.55,0.6132075,14
2,Raw,microSAM,0.6,0.6132075,14
3,Raw,microSAM,0.65,0.5849057,14
4,Raw,microSAM,0.7,0.5283019,14
5,Raw,microSAM,0.75,0.4716981,14
6,Raw,microSAM,0.8,0.38679245,14
7,Raw,microSAM,0.85,0.2735849,14
8,Raw,microSAM,0.9,0.047169812,14
9,Raw,microSAM,0.95,0.0,14
10,Raw,microSAM,1.0,0.0,14
0,Raw,Cellpose3,0.5,0.8165681,14
1,Raw,Cellpose3,0.55,0.80473375,14
2,Raw,Cellpose3,0.6,0.7928994,14
3,Raw,Cellpose3,0.65,0.7810651,14
4,Raw,Cellpose3,0.7,0.7692308,14
5,Raw,Cellpose3,0.75,0.7337278,14
6,Raw,Cellpose3,0.8,0.7218935,14
7,Raw,Cellpose3,0.85,0.62721896,14
8,Raw,Cellpose3,0.9,0.295858,14
9,Raw,Cellpose3,0.95,0.01183432,14
10,Raw,Cellpose3,1.0,0.0,14
0,Raw,Morphometrics,0.5,0.8427673,14
1,Raw,Morphometrics,0.55,0.8427673,14
2,Raw,Morphometrics,0.6,0.8427673,14
3,Raw,Morphometrics,0.65,0.8427673,14
4,Raw,Morphometrics,0.7,0.8301887,14
5,Raw,Morphometrics,0.75,0.8176101,14
6,Raw,Morphometrics,0.8,0.8050314,14
7,Raw,Morphometrics,0.85,0.7169811,14
8,Raw,Morphometrics,0.9,0.4654088,14
9,Raw,Morphometrics,0.95,0.025157232,14
10,Raw,Morphometrics,1.0,0.0,14
0,Raw,Omnipose,0.5,0.9302326,15
1,Raw,Omnipose,0.55,0.91989666,15
2,Raw,Omnipose,0.6,0.91989666,15
3,Raw,Omnipose,0.65,0.91989666,15
4,Raw,Omnipose,0.7,0.91989666,15
5,Raw,Omnipose,0.75,0.91989666,15
6,Raw,Omnipose,0.8,0.91989666,15
7,Raw,Omnipose,0.85,0.89405686,15
8,Raw,Omnipose,0.9,0.71834624,15
9,Raw,Omnipose,0.95,0.07751938,15
10,Raw,Omnipose,1.0,0.0,15
0,Raw,Cellpose-SAM,0.5,0.8965517,15
1,Raw,Cellpose-SAM,0.55,0.8859416,15
2,Raw,Cellpose-SAM,0.6,0.8859416,15
3,Raw,Cellpose-SAM,0.65,0.88063663,15
4,Raw,Cellpose-SAM,0.7,0.88063663,15
5,Raw,Cellpose-SAM,0.75,0.88063663,15
6,Raw,Cellpose-SAM,0.8,0.8381963,15
7,Raw,Cellpose-SAM,0.85,0.7692308,15
8,Raw,Cellpose-SAM,0.9,0.6366048,15
9,Raw,Cellpose-SAM,0.95,0.122015916,15
10,Raw,Cellpose-SAM,1.0,0.0,15
0,Raw,microSAM,0.5,0.30041724,15
1,Raw,microSAM,0.55,0.2642559,15
2,Raw,microSAM,0.6,0.22809458,15
3,Raw,microSAM,0.65,0.20584145,15
4,Raw,microSAM,0.7,0.1752434,15
5,Raw,microSAM,0.75,0.13908206,15
6,Raw,microSAM,0.8,0.10848401,15
7,Raw,microSAM,0.85,0.06954103,15
8,Raw,microSAM,0.9,0.027816411,15
9,Raw,microSAM,0.95,0.0,15
10,Raw,microSAM,1.0,0.0,15
0,Raw,Cellpose3,0.5,0.32894737,15
1,Raw,Cellpose3,0.55,0.3026316,15
2,Raw,Cellpose3,0.6,0.28947368,15
3,Raw,Cellpose3,0.65,0.2631579,15
4,Raw,Cellpose3,0.7,0.23026316,15
5,Raw,Cellpose3,0.75,0.17105263,15
6,Raw,Cellpose3,0.8,0.118421055,15
7,Raw,Cellpose3,0.85,0.032894738,15
8,Raw,Cellpose3,0.9,0.0,15
9,Raw,Cellpose3,0.95,0.0,15
10,Raw,Cellpose3,1.0,0.0,15
0,Raw,Morphometrics,0.5,0.22727273,15
1,Raw,Morphometrics,0.55,0.2,15
2,Raw,Morphometrics,0.6,0.2,15
3,Raw,Morphometrics,0.65,0.2,15
4,Raw,Morphometrics,0.7,0.18181819,15
5,Raw,Morphometrics,0.75,0.17272727,15
6,Raw,Morphometrics,0.8,0.13636364,15
7,Raw,Morphometrics,0.85,0.1,15
8,Raw,Morphometrics,0.9,0.036363635,15
9,Raw,Morphometrics,0.95,0.0,15
10,Raw,Morphometrics,1.0,0.0,15
0,Raw,Omnipose,0.5,0.8115942,16
1,Raw,Omnipose,0.55,0.78985506,16
2,Raw,Omnipose,0.6,0.7753623,16
3,Raw,Omnipose,0.65,0.7753623,16
4,Raw,Omnipose,0.7,0.7753623,16
5,Raw,Omnipose,0.75,0.7753623,16
6,Raw,Omnipose,0.8,0.7753623,16
7,Raw,Omnipose,0.85,0.7753623,16
8,Raw,Omnipose,0.9,0.70289856,16
9,Raw,Omnipose,0.95,0.3115942,16
10,Raw,Omnipose,1.0,0.0,16
0,Raw,Cellpose-SAM,0.5,0.9128631,16
1,Raw,Cellpose-SAM,0.55,0.8879668,16
2,Raw,Cellpose-SAM,0.6,0.87966806,16
3,Raw,Cellpose-SAM,0.65,0.8713693,16
4,Raw,Cellpose-SAM,0.7,0.8713693,16
5,Raw,Cellpose-SAM,0.75,0.8713693,16
6,Raw,Cellpose-SAM,0.8,0.8713693,16
7,Raw,Cellpose-SAM,0.85,0.8713693,16
8,Raw,Cellpose-SAM,0.9,0.77178425,16
9,Raw,Cellpose-SAM,0.95,0.2821577,16
10,Raw,Cellpose-SAM,1.0,0.0,16
0,Raw,microSAM,0.5,0.5030675,16
1,Raw,microSAM,0.55,0.47239265,16
2,Raw,microSAM,0.6,0.4417178,16
3,Raw,microSAM,0.65,0.40490797,16
4,Raw,microSAM,0.7,0.38650307,16
5,Raw,microSAM,0.75,0.29447854,16
6,Raw,microSAM,0.8,0.20245399,16
7,Raw,microSAM,0.85,0.11042945,16
8,Raw,microSAM,0.9,0.030674847,16
9,Raw,microSAM,0.95,0.0,16
10,Raw,microSAM,1.0,0.0,16
0,Raw,Cellpose3,0.5,0.76045626,16
1,Raw,Cellpose3,0.55,0.7376426,16
2,Raw,Cellpose3,0.6,0.73003805,16
3,Raw,Cellpose3,0.65,0.72243345,16
4,Raw,Cellpose3,0.7,0.7072243,16
5,Raw,Cellpose3,0.75,0.69961977,16
6,Raw,Cellpose3,0.8,0.68441063,16
7,Raw,Cellpose3,0.85,0.6463878,16
8,Raw,Cellpose3,0.9,0.34980989,16
9,Raw,Cellpose3,0.95,0.0,16
10,Raw,Cellpose3,1.0,0.0,16
0,Raw,Morphometrics,0.5,0.8512397,16
1,Raw,Morphometrics,0.55,0.8264463,16
2,Raw,Morphometrics,0.6,0.8016529,16
3,Raw,Morphometrics,0.65,0.78512394,16
4,Raw,Morphometrics,0.7,0.78512394,16
5,Raw,Morphometrics,0.75,0.7768595,16
6,Raw,Morphometrics,0.8,0.76033056,16
7,Raw,Morphometrics,0.85,0.70247936,16
8,Raw,Morphometrics,0.9,0.59504133,16
9,Raw,Morphometrics,0.95,0.09090909,16
10,Raw,Morphometrics,1.0,0.0,16
0,Raw,Omnipose,0.5,0.6,17
1,Raw,Omnipose,0.55,0.6,17
2,Raw,Omnipose,0.6,0.6,17
3,Raw,Omnipose,0.65,0.6,17
4,Raw,Omnipose,0.7,0.6,17
5,Raw,Omnipose,0.75,0.6,17
6,Raw,Omnipose,0.8,0.6,17
7,Raw,Omnipose,0.85,0.6,17
8,Raw,Omnipose,0.9,0.6,17
9,Raw,Omnipose,0.95,0.0,17
10,Raw,Omnipose,1.0,0.0,17
0,Raw,Cellpose-SAM,0.5,0.8,17
1,Raw,Cellpose-SAM,0.55,0.8,17
2,Raw,Cellpose-SAM,0.6,0.8,17
3,Raw,Cellpose-SAM,0.65,0.8,17
4,Raw,Cellpose-SAM,0.7,0.8,17
5,Raw,Cellpose-SAM,0.75,0.8,17
6,Raw,Cellpose-SAM,0.8,0.8,17
7,Raw,Cellpose-SAM,0.85,0.8,17
8,Raw,Cellpose-SAM,0.9,0.53333336,17
9,Raw,Cellpose-SAM,0.95,0.0,17
10,Raw,Cellpose-SAM,1.0,0.0,17
0,Raw,microSAM,0.5,0.5,17
1,Raw,microSAM,0.55,0.5,17
2,Raw,microSAM,0.6,0.5,17
3,Raw,microSAM,0.65,0.5,17
4,Raw,microSAM,0.7,0.45,17
5,Raw,microSAM,0.75,0.4,17
6,Raw,microSAM,0.8,0.25,17
7,Raw,microSAM,0.85,0.2,17
8,Raw,microSAM,0.9,0.0,17
9,Raw,microSAM,0.95,0.0,17
10,Raw,microSAM,1.0,0.0,17
0,Raw,Cellpose3,0.5,0.5714286,17
1,Raw,Cellpose3,0.55,0.5714286,17
2,Raw,Cellpose3,0.6,0.5714286,17
3,Raw,Cellpose3,0.65,0.5714286,17
4,Raw,Cellpose3,0.7,0.5714286,17
5,Raw,Cellpose3,0.75,0.5714286,17
6,Raw,Cellpose3,0.8,0.52380955,17
7,Raw,Cellpose3,0.85,0.14285715,17
8,Raw,Cellpose3,0.9,0.0,17
9,Raw,Cellpose3,0.95,0.0,17
10,Raw,Cellpose3,1.0,0.0,17
0,Raw,Morphometrics,0.5,0.625,17
1,Raw,Morphometrics,0.55,0.625,17
2,Raw,Morphometrics,0.6,0.625,17
3,Raw,Morphometrics,0.65,0.625,17
4,Raw,Morphometrics,0.7,0.625,17
5,Raw,Morphometrics,0.75,0.625,17
6,Raw,Morphometrics,0.8,0.625,17
7,Raw,Morphometrics,0.85,0.625,17
8,Raw,Morphometrics,0.9,0.25,17
9,Raw,Morphometrics,0.95,0.0,17
10,Raw,Morphometrics,1.0,0.0,17
0,Raw,Omnipose,0.5,0.8032787,18
1,Raw,Omnipose,0.55,0.75409836,18
2,Raw,Omnipose,0.6,0.75409836,18
3,Raw,Omnipose,0.65,0.75409836,18
4,Raw,Omnipose,0.7,0.75409836,18
5,Raw,Omnipose,0.75,0.75409836,18
6,Raw,Omnipose,0.8,0.73770493,18
7,Raw,Omnipose,0.85,0.73770493,18
8,Raw,Omnipose,0.9,0.72131145,18
9,Raw,Omnipose,0.95,0.27868852,18
10,Raw,Omnipose,1.0,0.0,18
0,Raw,Cellpose-SAM,0.5,0.9142857,18
1,Raw,Cellpose-SAM,0.55,0.8952381,18
2,Raw,Cellpose-SAM,0.6,0.8952381,18
3,Raw,Cellpose-SAM,0.65,0.8952381,18
4,Raw,Cellpose-SAM,0.7,0.8761905,18
5,Raw,Cellpose-SAM,0.75,0.8761905,18
6,Raw,Cellpose-SAM,0.8,0.85714287,18
7,Raw,Cellpose-SAM,0.85,0.85714287,18
8,Raw,Cellpose-SAM,0.9,0.83809525,18
9,Raw,Cellpose-SAM,0.95,0.32380953,18
10,Raw,Cellpose-SAM,1.0,0.0,18
0,Raw,microSAM,0.5,0.5942029,18
1,Raw,microSAM,0.55,0.5797101,18
2,Raw,microSAM,0.6,0.5652174,18
3,Raw,microSAM,0.65,0.5652174,18
4,Raw,microSAM,0.7,0.5362319,18
5,Raw,microSAM,0.75,0.47826087,18
6,Raw,microSAM,0.8,0.47826087,18
7,Raw,microSAM,0.85,0.39130434,18
8,Raw,microSAM,0.9,0.14492753,18
9,Raw,microSAM,0.95,0.0,18
10,Raw,microSAM,1.0,0.0,18
0,Raw,Cellpose3,0.5,0.789916,18
1,Raw,Cellpose3,0.55,0.7394958,18
2,Raw,Cellpose3,0.6,0.7394958,18
3,Raw,Cellpose3,0.65,0.7058824,18
4,Raw,Cellpose3,0.7,0.7058824,18
5,Raw,Cellpose3,0.75,0.7058824,18
6,Raw,Cellpose3,0.8,0.7058824,18
7,Raw,Cellpose3,0.85,0.7058824,18
8,Raw,Cellpose3,0.9,0.5546219,18
9,Raw,Cellpose3,0.95,0.0,18
10,Raw,Cellpose3,1.0,0.0,18
0,Raw,Morphometrics,0.5,0.8490566,18
1,Raw,Morphometrics,0.55,0.8301887,18
2,Raw,Morphometrics,0.6,0.8113208,18
3,Raw,Morphometrics,0.65,0.8113208,18
4,Raw,Morphometrics,0.7,0.7924528,18
5,Raw,Morphometrics,0.75,0.7924528,18
6,Raw,Morphometrics,0.8,0.7924528,18
7,Raw,Morphometrics,0.85,0.7358491,18
8,Raw,Morphometrics,0.9,0.6792453,18
9,Raw,Morphometrics,0.95,0.094339624,18
10,Raw,Morphometrics,1.0,0.0,18
0,Raw,Omnipose,0.5,0.5675676,19
1,Raw,Omnipose,0.55,0.5135135,19
2,Raw,Omnipose,0.6,0.5135135,19
3,Raw,Omnipose,0.65,0.5135135,19
4,Raw,Omnipose,0.7,0.5135135,19
5,Raw,Omnipose,0.75,0.5135135,19
6,Raw,Omnipose,0.8,0.5135135,19
7,Raw,Omnipose,0.85,0.5135135,19
8,Raw,Omnipose,0.9,0.5135135,19
9,Raw,Omnipose,0.95,0.2972973,19
10,Raw,Omnipose,1.0,0.0,19
0,Raw,Cellpose-SAM,0.5,0.875,19
1,Raw,Cellpose-SAM,0.55,0.75,19
2,Raw,Cellpose-SAM,0.6,0.75,19
3,Raw,Cellpose-SAM,0.65,0.75,19
4,Raw,Cellpose-SAM,0.7,0.75,19
5,Raw,Cellpose-SAM,0.75,0.75,19
6,Raw,Cellpose-SAM,0.8,0.75,19
7,Raw,Cellpose-SAM,0.85,0.75,19
8,Raw,Cellpose-SAM,0.9,0.75,19
9,Raw,Cellpose-SAM,0.95,0.5416667,19
10,Raw,Cellpose-SAM,1.0,0.0,19
0,Raw,microSAM,0.5,0.30769232,19
1,Raw,microSAM,0.55,0.26923078,19
2,Raw,microSAM,0.6,0.26923078,19
3,Raw,microSAM,0.65,0.23076923,19
4,Raw,microSAM,0.7,0.23076923,19
5,Raw,microSAM,0.75,0.23076923,19
6,Raw,microSAM,0.8,0.21153846,19
7,Raw,microSAM,0.85,0.1923077,19
8,Raw,microSAM,0.9,0.057692308,19
9,Raw,microSAM,0.95,0.0,19
10,Raw,microSAM,1.0,0.0,19
0,Raw,Cellpose3,0.5,0.49315068,19
1,Raw,Cellpose3,0.55,0.49315068,19
2,Raw,Cellpose3,0.6,0.46575344,19
3,Raw,Cellpose3,0.65,0.43835616,19
4,Raw,Cellpose3,0.7,0.43835616,19
5,Raw,Cellpose3,0.75,0.43835616,19
6,Raw,Cellpose3,0.8,0.43835616,19
7,Raw,Cellpose3,0.85,0.43835616,19
8,Raw,Cellpose3,0.9,0.24657534,19
9,Raw,Cellpose3,0.95,0.0,19
10,Raw,Cellpose3,1.0,0.0,19
0,Raw,Morphometrics,0.5,0.58181816,19
1,Raw,Morphometrics,0.55,0.5090909,19
2,Raw,Morphometrics,0.6,0.5090909,19
3,Raw,Morphometrics,0.65,0.5090909,19
4,Raw,Morphometrics,0.7,0.47272727,19
5,Raw,Morphometrics,0.75,0.47272727,19
6,Raw,Morphometrics,0.8,0.43636364,19
7,Raw,Morphometrics,0.85,0.43636364,19
8,Raw,Morphometrics,0.9,0.43636364,19
9,Raw,Morphometrics,0.95,0.036363635,19
10,Raw,Morphometrics,1.0,0.0,19
0,Raw,Omnipose,0.5,0.78571427,20
1,Raw,Omnipose,0.55,0.75,20
2,Raw,Omnipose,0.6,0.75,20
3,Raw,Omnipose,0.65,0.75,20
4,Raw,Omnipose,0.7,0.75,20
5,Raw,Omnipose,0.75,0.75,20
6,Raw,Omnipose,0.8,0.75,20
7,Raw,Omnipose,0.85,0.75,20
8,Raw,Omnipose,0.9,0.6785714,20
9,Raw,Omnipose,0.95,0.32142857,20
10,Raw,Omnipose,1.0,0.0,20
0,Raw,Cellpose-SAM,0.5,0.85714287,20
1,Raw,Cellpose-SAM,0.55,0.85714287,20
2,Raw,Cellpose-SAM,0.6,0.85714287,20
3,Raw,Cellpose-SAM,0.65,0.85714287,20
4,Raw,Cellpose-SAM,0.7,0.85714287,20
5,Raw,Cellpose-SAM,0.75,0.85714287,20
6,Raw,Cellpose-SAM,0.8,0.85714287,20
7,Raw,Cellpose-SAM,0.85,0.85714287,20
8,Raw,Cellpose-SAM,0.9,0.7619048,20
9,Raw,Cellpose-SAM,0.95,0.23809524,20
10,Raw,Cellpose-SAM,1.0,0.0,20
0,Raw,microSAM,0.5,0.42696628,20
1,Raw,microSAM,0.55,0.42696628,20
2,Raw,microSAM,0.6,0.42696628,20
3,Raw,microSAM,0.65,0.42696628,20
4,Raw,microSAM,0.7,0.40449437,20
5,Raw,microSAM,0.75,0.35955057,20
6,Raw,microSAM,0.8,0.33707866,20
7,Raw,microSAM,0.85,0.29213482,20
8,Raw,microSAM,0.9,0.11235955,20
9,Raw,microSAM,0.95,0.0,20
10,Raw,microSAM,1.0,0.0,20
0,Raw,Cellpose3,0.5,0.72,20
1,Raw,Cellpose3,0.55,0.68,20
2,Raw,Cellpose3,0.6,0.68,20
3,Raw,Cellpose3,0.65,0.68,20
4,Raw,Cellpose3,0.7,0.64,20
5,Raw,Cellpose3,0.75,0.64,20
6,Raw,Cellpose3,0.8,0.52,20
7,Raw,Cellpose3,0.85,0.32,20
8,Raw,Cellpose3,0.9,0.16,20
9,Raw,Cellpose3,0.95,0.0,20
10,Raw,Cellpose3,1.0,0.0,20
0,Raw,Morphometrics,0.5,0.8636364,20
1,Raw,Morphometrics,0.55,0.8636364,20
2,Raw,Morphometrics,0.6,0.8636364,20
3,Raw,Morphometrics,0.65,0.8181818,20
4,Raw,Morphometrics,0.7,0.8181818,20
5,Raw,Morphometrics,0.75,0.77272725,20
6,Raw,Morphometrics,0.8,0.77272725,20
7,Raw,Morphometrics,0.85,0.54545456,20
8,Raw,Morphometrics,0.9,0.22727273,20
9,Raw,Morphometrics,0.95,0.0,20
10,Raw,Morphometrics,1.0,0.0,20
0,Raw,Omnipose,0.5,0.875,21
1,Raw,Omnipose,0.55,0.875,21
2,Raw,Omnipose,0.6,0.875,21
3,Raw,Omnipose,0.65,0.875,21
4,Raw,Omnipose,0.7,0.875,21
5,Raw,Omnipose,0.75,0.875,21
6,Raw,Omnipose,0.8,0.875,21
7,Raw,Omnipose,0.85,0.825,21
8,Raw,Omnipose,0.9,0.625,21
9,Raw,Omnipose,0.95,0.175,21
10,Raw,Omnipose,1.0,0.0,21
0,Raw,Cellpose-SAM,0.5,0.8648649,21
1,Raw,Cellpose-SAM,0.55,0.8648649,21
2,Raw,Cellpose-SAM,0.6,0.8648649,21
3,Raw,Cellpose-SAM,0.65,0.8648649,21
4,Raw,Cellpose-SAM,0.7,0.8378378,21
5,Raw,Cellpose-SAM,0.75,0.8378378,21
6,Raw,Cellpose-SAM,0.8,0.8108108,21
7,Raw,Cellpose-SAM,0.85,0.7027027,21
8,Raw,Cellpose-SAM,0.9,0.6756757,21
9,Raw,Cellpose-SAM,0.95,0.21621622,21
10,Raw,Cellpose-SAM,1.0,0.0,21
0,Raw,microSAM,0.5,0.4113475,21
1,Raw,microSAM,0.55,0.4113475,21
2,Raw,microSAM,0.6,0.38297874,21
3,Raw,microSAM,0.65,0.35460994,21
4,Raw,microSAM,0.7,0.34042552,21
5,Raw,microSAM,0.75,0.29787233,21
6,Raw,microSAM,0.8,0.26950353,21
7,Raw,microSAM,0.85,0.18439716,21
8,Raw,microSAM,0.9,0.11347517,21
9,Raw,microSAM,0.95,0.0,21
10,Raw,microSAM,1.0,0.0,21
0,Raw,Cellpose3,0.5,0.82857144,21
1,Raw,Cellpose3,0.55,0.8,21
2,Raw,Cellpose3,0.6,0.8,21
3,Raw,Cellpose3,0.65,0.8,21
4,Raw,Cellpose3,0.7,0.7714286,21
5,Raw,Cellpose3,0.75,0.7714286,21
6,Raw,Cellpose3,0.8,0.74285716,21
7,Raw,Cellpose3,0.85,0.51428574,21
8,Raw,Cellpose3,0.9,0.42857143,21
9,Raw,Cellpose3,0.95,0.0,21
10,Raw,Cellpose3,1.0,0.0,21
0,Raw,Morphometrics,0.5,0.8947368,21
1,Raw,Morphometrics,0.55,0.8947368,21
2,Raw,Morphometrics,0.6,0.8947368,21
3,Raw,Morphometrics,0.65,0.8947368,21
4,Raw,Morphometrics,0.7,0.8947368,21
5,Raw,Morphometrics,0.75,0.8684211,21
6,Raw,Morphometrics,0.8,0.7631579,21
7,Raw,Morphometrics,0.85,0.6052632,21
8,Raw,Morphometrics,0.9,0.5,21
9,Raw,Morphometrics,0.95,0.0,21
10,Raw,Morphometrics,1.0,0.0,21
0,Raw,Omnipose,0.5,0.95522386,22
1,Raw,Omnipose,0.55,0.95522386,22
2,Raw,Omnipose,0.6,0.95522386,22
3,Raw,Omnipose,0.65,0.95522386,22
4,Raw,Omnipose,0.7,0.95522386,22
5,Raw,Omnipose,0.75,0.95522386,22
6,Raw,Omnipose,0.8,0.95522386,22
7,Raw,Omnipose,0.85,0.92537314,22
8,Raw,Omnipose,0.9,0.92537314,22
9,Raw,Omnipose,0.95,0.6567164,22
10,Raw,Omnipose,1.0,0.0,22
0,Raw,Cellpose-SAM,0.5,0.95652175,22
1,Raw,Cellpose-SAM,0.55,0.95652175,22
2,Raw,Cellpose-SAM,0.6,0.95652175,22
3,Raw,Cellpose-SAM,0.65,0.89855075,22
4,Raw,Cellpose-SAM,0.7,0.89855075,22
5,Raw,Cellpose-SAM,0.75,0.89855075,22
6,Raw,Cellpose-SAM,0.8,0.89855075,22
7,Raw,Cellpose-SAM,0.85,0.89855075,22
8,Raw,Cellpose-SAM,0.9,0.8695652,22
9,Raw,Cellpose-SAM,0.95,0.4057971,22
10,Raw,Cellpose-SAM,1.0,0.0,22
0,Raw,microSAM,0.5,0.53846157,22
1,Raw,microSAM,0.55,0.5192308,22
2,Raw,microSAM,0.6,0.5,22
3,Raw,microSAM,0.65,0.5,22
4,Raw,microSAM,0.7,0.48076922,22
5,Raw,microSAM,0.75,0.46153846,22
6,Raw,microSAM,0.8,0.44230768,22
7,Raw,microSAM,0.85,0.32692307,22
8,Raw,microSAM,0.9,0.07692308,22
9,Raw,microSAM,0.95,0.0,22
10,Raw,microSAM,1.0,0.0,22
0,Raw,Cellpose3,0.5,0.75949365,22
1,Raw,Cellpose3,0.55,0.75949365,22
2,Raw,Cellpose3,0.6,0.75949365,22
3,Raw,Cellpose3,0.65,0.73417723,22
4,Raw,Cellpose3,0.7,0.73417723,22
5,Raw,Cellpose3,0.75,0.70886075,22
6,Raw,Cellpose3,0.8,0.6329114,22
7,Raw,Cellpose3,0.85,0.4050633,22
8,Raw,Cellpose3,0.9,0.17721519,22
9,Raw,Cellpose3,0.95,0.0,22
10,Raw,Cellpose3,1.0,0.0,22
0,Raw,Morphometrics,0.5,0.7536232,22
1,Raw,Morphometrics,0.55,0.7536232,22
2,Raw,Morphometrics,0.6,0.7246377,22
3,Raw,Morphometrics,0.65,0.6956522,22
4,Raw,Morphometrics,0.7,0.6956522,22
5,Raw,Morphometrics,0.75,0.6666667,22
6,Raw,Morphometrics,0.8,0.6376812,22
7,Raw,Morphometrics,0.85,0.5507246,22
8,Raw,Morphometrics,0.9,0.08695652,22
9,Raw,Morphometrics,0.95,0.0,22
10,Raw,Morphometrics,1.0,0.0,22
0,Raw,Omnipose,0.5,0.75268817,23
1,Raw,Omnipose,0.55,0.75268817,23
2,Raw,Omnipose,0.6,0.75268817,23
3,Raw,Omnipose,0.65,0.75268817,23
4,Raw,Omnipose,0.7,0.75268817,23
5,Raw,Omnipose,0.75,0.75268817,23
6,Raw,Omnipose,0.8,0.75268817,23
7,Raw,Omnipose,0.85,0.75268817,23
8,Raw,Omnipose,0.9,0.49462366,23
9,Raw,Omnipose,0.95,0.0,23
10,Raw,Omnipose,1.0,0.0,23
0,Raw,Cellpose-SAM,0.5,0.9859155,23
1,Raw,Cellpose-SAM,0.55,0.9859155,23
2,Raw,Cellpose-SAM,0.6,0.9859155,23
3,Raw,Cellpose-SAM,0.65,0.9859155,23
4,Raw,Cellpose-SAM,0.7,0.9859155,23
5,Raw,Cellpose-SAM,0.75,0.9859155,23
6,Raw,Cellpose-SAM,0.8,0.9859155,23
7,Raw,Cellpose-SAM,0.85,0.9859155,23
8,Raw,Cellpose-SAM,0.9,0.73239434,23
9,Raw,Cellpose-SAM,0.95,0.0,23
10,Raw,Cellpose-SAM,1.0,0.0,23
0,Raw,microSAM,0.5,0.4878049,23
1,Raw,microSAM,0.55,0.4878049,23
2,Raw,microSAM,0.6,0.4715447,23
3,Raw,microSAM,0.65,0.42276424,23
4,Raw,microSAM,0.7,0.40650406,23
5,Raw,microSAM,0.75,0.40650406,23
6,Raw,microSAM,0.8,0.37398374,23
7,Raw,microSAM,0.85,0.3089431,23
8,Raw,microSAM,0.9,0.09756097,23
9,Raw,microSAM,0.95,0.0,23
10,Raw,microSAM,1.0,0.0,23
0,Raw,Cellpose3,0.5,0.7692308,23
1,Raw,Cellpose3,0.55,0.7692308,23
2,Raw,Cellpose3,0.6,0.7692308,23
3,Raw,Cellpose3,0.65,0.74725276,23
4,Raw,Cellpose3,0.7,0.74725276,23
5,Raw,Cellpose3,0.75,0.74725276,23
6,Raw,Cellpose3,0.8,0.74725276,23
7,Raw,Cellpose3,0.85,0.7032967,23
8,Raw,Cellpose3,0.9,0.48351648,23
9,Raw,Cellpose3,0.95,0.0,23
10,Raw,Cellpose3,1.0,0.0,23
0,Raw,Morphometrics,0.5,0.8918919,23
1,Raw,Morphometrics,0.55,0.8648649,23
2,Raw,Morphometrics,0.6,0.8648649,23
3,Raw,Morphometrics,0.65,0.8648649,23
4,Raw,Morphometrics,0.7,0.8378378,23
5,Raw,Morphometrics,0.75,0.8378378,23
6,Raw,Morphometrics,0.8,0.8378378,23
7,Raw,Morphometrics,0.85,0.8378378,23
8,Raw,Morphometrics,0.9,0.7567568,23
9,Raw,Morphometrics,0.95,0.08108108,23
10,Raw,Morphometrics,1.0,0.0,23
0,Raw,Omnipose,0.5,0.7924528,24
1,Raw,Omnipose,0.55,0.7735849,24
2,Raw,Omnipose,0.6,0.7641509,24
3,Raw,Omnipose,0.65,0.7641509,24
4,Raw,Omnipose,0.7,0.7641509,24
5,Raw,Omnipose,0.75,0.7641509,24
6,Raw,Omnipose,0.8,0.7641509,24
7,Raw,Omnipose,0.85,0.754717,24
8,Raw,Omnipose,0.9,0.6792453,24
9,Raw,Omnipose,0.95,0.16037735,24
10,Raw,Omnipose,1.0,0.0,24
0,Raw,Cellpose-SAM,0.5,0.9491525,24
1,Raw,Cellpose-SAM,0.55,0.9378531,24
2,Raw,Cellpose-SAM,0.6,0.9378531,24
3,Raw,Cellpose-SAM,0.65,0.92655367,24
4,Raw,Cellpose-SAM,0.7,0.92655367,24
5,Raw,Cellpose-SAM,0.75,0.92655367,24
6,Raw,Cellpose-SAM,0.8,0.8926554,24
7,Raw,Cellpose-SAM,0.85,0.80225986,24
8,Raw,Cellpose-SAM,0.9,0.7344633,24
9,Raw,Cellpose-SAM,0.95,0.27118644,24
10,Raw,Cellpose-SAM,1.0,0.0,24
0,Raw,microSAM,0.5,0.27659574,24
1,Raw,microSAM,0.55,0.26595744,24
2,Raw,microSAM,0.6,0.24468085,24
3,Raw,microSAM,0.65,0.19680852,24
4,Raw,microSAM,0.7,0.17553191,24
5,Raw,microSAM,0.75,0.14361702,24
6,Raw,microSAM,0.8,0.12765957,24
7,Raw,microSAM,0.85,0.095744684,24
8,Raw,microSAM,0.9,0.03723404,24
9,Raw,microSAM,0.95,0.0,24
10,Raw,microSAM,1.0,0.0,24
0,Raw,Cellpose3,0.5,0.7336683,24
1,Raw,Cellpose3,0.55,0.71356785,24
2,Raw,Cellpose3,0.6,0.7035176,24
3,Raw,Cellpose3,0.65,0.7035176,24
4,Raw,Cellpose3,0.7,0.67336684,24
5,Raw,Cellpose3,0.75,0.6633166,24
6,Raw,Cellpose3,0.8,0.6130653,24
7,Raw,Cellpose3,0.85,0.5427136,24
8,Raw,Cellpose3,0.9,0.3517588,24
9,Raw,Cellpose3,0.95,0.0,24
10,Raw,Cellpose3,1.0,0.0,24
0,Raw,Morphometrics,0.5,0.8040201,24
1,Raw,Morphometrics,0.55,0.79396987,24
2,Raw,Morphometrics,0.6,0.7638191,24
3,Raw,Morphometrics,0.65,0.75376886,24
4,Raw,Morphometrics,0.7,0.74371856,24
5,Raw,Morphometrics,0.75,0.7336683,24
6,Raw,Morphometrics,0.8,0.7035176,24
7,Raw,Morphometrics,0.85,0.63316584,24
8,Raw,Morphometrics,0.9,0.4924623,24
9,Raw,Morphometrics,0.95,0.10050251,24
10,Raw,Morphometrics,1.0,0.0,24
0,Raw,Omnipose,0.5,0.8027211,25
1,Raw,Omnipose,0.55,0.7619048,25
2,Raw,Omnipose,0.6,0.7619048,25
3,Raw,Omnipose,0.65,0.7619048,25
4,Raw,Omnipose,0.7,0.7619048,25
5,Raw,Omnipose,0.75,0.7619048,25
6,Raw,Omnipose,0.8,0.7619048,25
7,Raw,Omnipose,0.85,0.7619048,25
8,Raw,Omnipose,0.9,0.707483,25
9,Raw,Omnipose,0.95,0.1904762,25
10,Raw,Omnipose,1.0,0.0,25
0,Raw,Cellpose-SAM,0.5,0.8923077,25
1,Raw,Cellpose-SAM,0.55,0.84615386,25
2,Raw,Cellpose-SAM,0.6,0.83076924,25
3,Raw,Cellpose-SAM,0.65,0.83076924,25
4,Raw,Cellpose-SAM,0.7,0.83076924,25
5,Raw,Cellpose-SAM,0.75,0.83076924,25
6,Raw,Cellpose-SAM,0.8,0.83076924,25
7,Raw,Cellpose-SAM,0.85,0.83076924,25
8,Raw,Cellpose-SAM,0.9,0.8,25
9,Raw,Cellpose-SAM,0.95,0.2769231,25
10,Raw,Cellpose-SAM,1.0,0.0,25
0,Raw,microSAM,0.5,0.5106383,25
1,Raw,microSAM,0.55,0.4680851,25
2,Raw,microSAM,0.6,0.44680852,25
3,Raw,microSAM,0.65,0.42553192,25
4,Raw,microSAM,0.7,0.39361703,25
5,Raw,microSAM,0.75,0.3617021,25
6,Raw,microSAM,0.8,0.27659574,25
7,Raw,microSAM,0.85,0.20212767,25
8,Raw,microSAM,0.9,0.06382979,25
9,Raw,microSAM,0.95,0.0,25
10,Raw,microSAM,1.0,0.0,25
0,Raw,Cellpose3,0.5,0.6535948,25
1,Raw,Cellpose3,0.55,0.6143791,25
2,Raw,Cellpose3,0.6,0.6143791,25
3,Raw,Cellpose3,0.65,0.6013072,25
4,Raw,Cellpose3,0.7,0.6013072,25
5,Raw,Cellpose3,0.75,0.6013072,25
6,Raw,Cellpose3,0.8,0.5882353,25
7,Raw,Cellpose3,0.85,0.53594774,25
8,Raw,Cellpose3,0.9,0.43137255,25
9,Raw,Cellpose3,0.95,0.013071896,25
10,Raw,Cellpose3,1.0,0.0,25
0,Raw,Morphometrics,0.5,0.7076923,25
1,Raw,Morphometrics,0.55,0.6923077,25
2,Raw,Morphometrics,0.6,0.6923077,25
3,Raw,Morphometrics,0.65,0.6923077,25
4,Raw,Morphometrics,0.7,0.6615385,25
5,Raw,Morphometrics,0.75,0.64615387,25
6,Raw,Morphometrics,0.8,0.63076925,25
7,Raw,Morphometrics,0.85,0.61538464,25
8,Raw,Morphometrics,0.9,0.53846157,25
9,Raw,Morphometrics,0.95,0.13846155,25
10,Raw,Morphometrics,1.0,0.0,25
0,Raw,Omnipose,0.5,0.84444445,26
1,Raw,Omnipose,0.55,0.8,26
2,Raw,Omnipose,0.6,0.8,26
3,Raw,Omnipose,0.65,0.8,26
4,Raw,Omnipose,0.7,0.8,26
5,Raw,Omnipose,0.75,0.8,26
6,Raw,Omnipose,0.8,0.78518516,26
7,Raw,Omnipose,0.85,0.78518516,26
8,Raw,Omnipose,0.9,0.7111111,26
9,Raw,Omnipose,0.95,0.044444446,26
10,Raw,Omnipose,1.0,0.0,26
0,Raw,Cellpose-SAM,0.5,0.944,26
1,Raw,Cellpose-SAM,0.55,0.912,26
2,Raw,Cellpose-SAM,0.6,0.912,26
3,Raw,Cellpose-SAM,0.65,0.912,26
4,Raw,Cellpose-SAM,0.7,0.912,26
5,Raw,Cellpose-SAM,0.75,0.912,26
6,Raw,Cellpose-SAM,0.8,0.88,26
7,Raw,Cellpose-SAM,0.85,0.88,26
8,Raw,Cellpose-SAM,0.9,0.832,26
9,Raw,Cellpose-SAM,0.95,0.272,26
10,Raw,Cellpose-SAM,1.0,0.0,26
0,Raw,microSAM,0.5,0.51497006,26
1,Raw,microSAM,0.55,0.502994,26
2,Raw,microSAM,0.6,0.49101797,26
3,Raw,microSAM,0.65,0.4790419,26
4,Raw,microSAM,0.7,0.44311377,26
5,Raw,microSAM,0.75,0.39520958,26
6,Raw,microSAM,0.8,0.37125748,26
7,Raw,microSAM,0.85,0.2754491,26
8,Raw,microSAM,0.9,0.059880238,26
9,Raw,microSAM,0.95,0.0,26
10,Raw,microSAM,1.0,0.0,26
0,Raw,Cellpose3,0.5,0.67164177,26
1,Raw,Cellpose3,0.55,0.67164177,26
2,Raw,Cellpose3,0.6,0.67164177,26
3,Raw,Cellpose3,0.65,0.6567164,26
4,Raw,Cellpose3,0.7,0.6567164,26
5,Raw,Cellpose3,0.75,0.6567164,26
6,Raw,Cellpose3,0.8,0.6567164,26
7,Raw,Cellpose3,0.85,0.6268657,26
8,Raw,Cellpose3,0.9,0.41791046,26
9,Raw,Cellpose3,0.95,0.0,26
10,Raw,Cellpose3,1.0,0.0,26
0,Raw,Morphometrics,0.5,0.8120301,26
1,Raw,Morphometrics,0.55,0.8120301,26
2,Raw,Morphometrics,0.6,0.8120301,26
3,Raw,Morphometrics,0.65,0.7969925,26
4,Raw,Morphometrics,0.7,0.7819549,26
5,Raw,Morphometrics,0.75,0.7518797,26
6,Raw,Morphometrics,0.8,0.7368421,26
7,Raw,Morphometrics,0.85,0.6766917,26
8,Raw,Morphometrics,0.9,0.5714286,26
9,Raw,Morphometrics,0.95,0.060150377,26
10,Raw,Morphometrics,1.0,0.0,26
0,Raw,Omnipose,0.5,0.6666667,27
1,Raw,Omnipose,0.55,0.6666667,27
2,Raw,Omnipose,0.6,0.6666667,27
3,Raw,Omnipose,0.65,0.65185183,27
4,Raw,Omnipose,0.7,0.65185183,27
5,Raw,Omnipose,0.75,0.65185183,27
6,Raw,Omnipose,0.8,0.65185183,27
7,Raw,Omnipose,0.85,0.65185183,27
8,Raw,Omnipose,0.9,0.65185183,27
9,Raw,Omnipose,0.95,0.22222222,27
10,Raw,Omnipose,1.0,0.0,27
0,Raw,Cellpose-SAM,0.5,0.989011,27
1,Raw,Cellpose-SAM,0.55,0.989011,27
2,Raw,Cellpose-SAM,0.6,0.989011,27
3,Raw,Cellpose-SAM,0.65,0.96703297,27
4,Raw,Cellpose-SAM,0.7,0.96703297,27
5,Raw,Cellpose-SAM,0.75,0.96703297,27
6,Raw,Cellpose-SAM,0.8,0.96703297,27
7,Raw,Cellpose-SAM,0.85,0.96703297,27
8,Raw,Cellpose-SAM,0.9,0.96703297,27
9,Raw,Cellpose-SAM,0.95,0.50549453,27
10,Raw,Cellpose-SAM,1.0,0.0,27
0,Raw,microSAM,0.5,0.6507937,27
1,Raw,microSAM,0.55,0.63492066,27
2,Raw,microSAM,0.6,0.6031746,27
3,Raw,microSAM,0.65,0.5873016,27
4,Raw,microSAM,0.7,0.5873016,27
5,Raw,microSAM,0.75,0.52380955,27
6,Raw,microSAM,0.8,0.4920635,27
7,Raw,microSAM,0.85,0.36507937,27
8,Raw,microSAM,0.9,0.0952381,27
9,Raw,microSAM,0.95,0.0,27
10,Raw,microSAM,1.0,0.0,27
0,Raw,Cellpose3,0.5,0.671875,27
1,Raw,Cellpose3,0.55,0.65625,27
2,Raw,Cellpose3,0.6,0.65625,27
3,Raw,Cellpose3,0.65,0.640625,27
4,Raw,Cellpose3,0.7,0.640625,27
5,Raw,Cellpose3,0.75,0.640625,27
6,Raw,Cellpose3,0.8,0.640625,27
7,Raw,Cellpose3,0.85,0.640625,27
8,Raw,Cellpose3,0.9,0.515625,27
9,Raw,Cellpose3,0.95,0.0,27
10,Raw,Cellpose3,1.0,0.0,27
0,Raw,Morphometrics,0.5,0.82828283,27
1,Raw,Morphometrics,0.55,0.8080808,27
2,Raw,Morphometrics,0.6,0.7878788,27
3,Raw,Morphometrics,0.65,0.7878788,27
4,Raw,Morphometrics,0.7,0.7676768,27
5,Raw,Morphometrics,0.75,0.7676768,27
6,Raw,Morphometrics,0.8,0.7676768,27
7,Raw,Morphometrics,0.85,0.7676768,27
8,Raw,Morphometrics,0.9,0.74747473,27
9,Raw,Morphometrics,0.95,0.3030303,27
10,Raw,Morphometrics,1.0,0.0,27
0,Raw,Omnipose,0.5,0.40860215,28
1,Raw,Omnipose,0.55,0.39784947,28
2,Raw,Omnipose,0.6,0.39784947,28
3,Raw,Omnipose,0.65,0.39784947,28
4,Raw,Omnipose,0.7,0.39784947,28
5,Raw,Omnipose,0.75,0.39784947,28
6,Raw,Omnipose,0.8,0.39784947,28
7,Raw,Omnipose,0.85,0.39784947,28
8,Raw,Omnipose,0.9,0.38709676,28
9,Raw,Omnipose,0.95,0.11827957,28
10,Raw,Omnipose,1.0,0.0,28
0,Raw,Cellpose-SAM,0.5,0.8636364,28
1,Raw,Cellpose-SAM,0.55,0.84090906,28
2,Raw,Cellpose-SAM,0.6,0.84090906,28
3,Raw,Cellpose-SAM,0.65,0.84090906,28
4,Raw,Cellpose-SAM,0.7,0.84090906,28
5,Raw,Cellpose-SAM,0.75,0.84090906,28
6,Raw,Cellpose-SAM,0.8,0.84090906,28
7,Raw,Cellpose-SAM,0.85,0.84090906,28
8,Raw,Cellpose-SAM,0.9,0.84090906,28
9,Raw,Cellpose-SAM,0.95,0.27272728,28
10,Raw,Cellpose-SAM,1.0,0.0,28
0,Raw,microSAM,0.5,0.635514,28
1,Raw,microSAM,0.55,0.5981308,28
2,Raw,microSAM,0.6,0.5981308,28
3,Raw,microSAM,0.65,0.5981308,28
4,Raw,microSAM,0.7,0.5607477,28
5,Raw,microSAM,0.75,0.5607477,28
6,Raw,microSAM,0.8,0.48598132,28
7,Raw,microSAM,0.85,0.42990655,28
8,Raw,microSAM,0.9,0.20560747,28
9,Raw,microSAM,0.95,0.018691588,28
10,Raw,microSAM,1.0,0.0,28
0,Raw,Cellpose3,0.5,0.53333336,28
1,Raw,Cellpose3,0.55,0.5037037,28
2,Raw,Cellpose3,0.6,0.5037037,28
3,Raw,Cellpose3,0.65,0.5037037,28
4,Raw,Cellpose3,0.7,0.5037037,28
5,Raw,Cellpose3,0.75,0.5037037,28
6,Raw,Cellpose3,0.8,0.5037037,28
7,Raw,Cellpose3,0.85,0.5037037,28
8,Raw,Cellpose3,0.9,0.44444445,28
9,Raw,Cellpose3,0.95,0.014814815,28
10,Raw,Cellpose3,1.0,0.0,28
0,Raw,Morphometrics,0.5,0.8043478,28
1,Raw,Morphometrics,0.55,0.73913044,28
2,Raw,Morphometrics,0.6,0.73913044,28
3,Raw,Morphometrics,0.65,0.73913044,28
4,Raw,Morphometrics,0.7,0.73913044,28
5,Raw,Morphometrics,0.75,0.73913044,28
6,Raw,Morphometrics,0.8,0.73913044,28
7,Raw,Morphometrics,0.85,0.73913044,28
8,Raw,Morphometrics,0.9,0.73913044,28
9,Raw,Morphometrics,0.95,0.26086956,28
10,Raw,Morphometrics,1.0,0.0,28
0,Raw,Omnipose,0.5,0.86567163,29
1,Raw,Omnipose,0.55,0.86567163,29
2,Raw,Omnipose,0.6,0.86567163,29
3,Raw,Omnipose,0.65,0.86567163,29
4,Raw,Omnipose,0.7,0.86567163,29
5,Raw,Omnipose,0.75,0.86567163,29
6,Raw,Omnipose,0.8,0.86567163,29
7,Raw,Omnipose,0.85,0.86567163,29
8,Raw,Omnipose,0.9,0.80597013,29
9,Raw,Omnipose,0.95,0.11940298,29
10,Raw,Omnipose,1.0,0.0,29
0,Raw,Cellpose-SAM,0.5,0.9,29
1,Raw,Cellpose-SAM,0.55,0.9,29
2,Raw,Cellpose-SAM,0.6,0.9,29
3,Raw,Cellpose-SAM,0.65,0.9,29
4,Raw,Cellpose-SAM,0.7,0.9,29
5,Raw,Cellpose-SAM,0.75,0.9,29
6,Raw,Cellpose-SAM,0.8,0.9,29
7,Raw,Cellpose-SAM,0.85,0.9,29
8,Raw,Cellpose-SAM,0.9,0.8333333,29
9,Raw,Cellpose-SAM,0.95,0.16666667,29
10,Raw,Cellpose-SAM,1.0,0.0,29
0,Raw,microSAM,0.5,0.3883495,29
1,Raw,microSAM,0.55,0.36893204,29
2,Raw,microSAM,0.6,0.34951457,29
3,Raw,microSAM,0.65,0.34951457,29
4,Raw,microSAM,0.7,0.3106796,29
5,Raw,microSAM,0.75,0.29126215,29
6,Raw,microSAM,0.8,0.29126215,29
7,Raw,microSAM,0.85,0.2524272,29
8,Raw,microSAM,0.9,0.13592233,29
9,Raw,microSAM,0.95,0.0,29
10,Raw,microSAM,1.0,0.0,29
0,Raw,Cellpose3,0.5,0.41509435,29
1,Raw,Cellpose3,0.55,0.41509435,29
2,Raw,Cellpose3,0.6,0.41509435,29
3,Raw,Cellpose3,0.65,0.41509435,29
4,Raw,Cellpose3,0.7,0.3962264,29
5,Raw,Cellpose3,0.75,0.3962264,29
6,Raw,Cellpose3,0.8,0.3773585,29
7,Raw,Cellpose3,0.85,0.3773585,29
8,Raw,Cellpose3,0.9,0.3018868,29
9,Raw,Cellpose3,0.95,0.0,29
10,Raw,Cellpose3,1.0,0.0,29
0,Raw,Morphometrics,0.5,0.8,29
1,Raw,Morphometrics,0.55,0.76666665,29
2,Raw,Morphometrics,0.6,0.76666665,29
3,Raw,Morphometrics,0.65,0.76666665,29
4,Raw,Morphometrics,0.7,0.73333335,29
5,Raw,Morphometrics,0.75,0.73333335,29
6,Raw,Morphometrics,0.8,0.73333335,29
7,Raw,Morphometrics,0.85,0.73333335,29
8,Raw,Morphometrics,0.9,0.6333333,29
9,Raw,Morphometrics,0.95,0.033333335,29
10,Raw,Morphometrics,1.0,0.0,29
0,Raw,Omnipose,0.5,0.84671533,30
1,Raw,Omnipose,0.55,0.84671533,30
2,Raw,Omnipose,0.6,0.84671533,30
3,Raw,Omnipose,0.65,0.84671533,30
4,Raw,Omnipose,0.7,0.84671533,30
5,Raw,Omnipose,0.75,0.84671533,30
6,Raw,Omnipose,0.8,0.84671533,30
7,Raw,Omnipose,0.85,0.8321168,30
8,Raw,Omnipose,0.9,0.7591241,30
9,Raw,Omnipose,0.95,0.01459854,30
10,Raw,Omnipose,1.0,0.0,30
0,Raw,Cellpose-SAM,0.5,0.93333334,30
1,Raw,Cellpose-SAM,0.55,0.9166667,30
2,Raw,Cellpose-SAM,0.6,0.9166667,30
3,Raw,Cellpose-SAM,0.65,0.9166667,30
4,Raw,Cellpose-SAM,0.7,0.9166667,30
5,Raw,Cellpose-SAM,0.75,0.9,30
6,Raw,Cellpose-SAM,0.8,0.9,30
7,Raw,Cellpose-SAM,0.85,0.8833333,30
8,Raw,Cellpose-SAM,0.9,0.8,30
9,Raw,Cellpose-SAM,0.95,0.06666667,30
10,Raw,Cellpose-SAM,1.0,0.0,30
0,Raw,microSAM,0.5,0.44554454,30
1,Raw,microSAM,0.55,0.42574257,30
2,Raw,microSAM,0.6,0.42574257,30
3,Raw,microSAM,0.65,0.41584158,30
4,Raw,microSAM,0.7,0.37623763,30
5,Raw,microSAM,0.75,0.33663365,30
6,Raw,microSAM,0.8,0.28712872,30
7,Raw,microSAM,0.85,0.18811882,30
8,Raw,microSAM,0.9,0.06930693,30
9,Raw,microSAM,0.95,0.0,30
10,Raw,microSAM,1.0,0.0,30
0,Raw,Cellpose3,0.5,0.66225165,30
1,Raw,Cellpose3,0.55,0.66225165,30
2,Raw,Cellpose3,0.6,0.6490066,30
3,Raw,Cellpose3,0.65,0.6357616,30
4,Raw,Cellpose3,0.7,0.6357616,30
5,Raw,Cellpose3,0.75,0.6357616,30
6,Raw,Cellpose3,0.8,0.6357616,30
7,Raw,Cellpose3,0.85,0.6092715,30
8,Raw,Cellpose3,0.9,0.5033113,30
9,Raw,Cellpose3,0.95,0.013245033,30
10,Raw,Cellpose3,1.0,0.0,30
0,Raw,Morphometrics,0.5,0.8730159,30
1,Raw,Morphometrics,0.55,0.85714287,30
2,Raw,Morphometrics,0.6,0.85714287,30
3,Raw,Morphometrics,0.65,0.84126985,30
4,Raw,Morphometrics,0.7,0.8095238,30
5,Raw,Morphometrics,0.75,0.7936508,30
6,Raw,Morphometrics,0.8,0.7777778,30
7,Raw,Morphometrics,0.85,0.73015875,30
8,Raw,Morphometrics,0.9,0.6031746,30
9,Raw,Morphometrics,0.95,0.04761905,30
10,Raw,Morphometrics,1.0,0.0,30
0,Raw,Omnipose,0.5,0.8130841,31
1,Raw,Omnipose,0.55,0.8130841,31
2,Raw,Omnipose,0.6,0.8130841,31
3,Raw,Omnipose,0.65,0.8130841,31
4,Raw,Omnipose,0.7,0.8130841,31
5,Raw,Omnipose,0.75,0.8130841,31
6,Raw,Omnipose,0.8,0.8130841,31
7,Raw,Omnipose,0.85,0.8130841,31
8,Raw,Omnipose,0.9,0.53271025,31
9,Raw,Omnipose,0.95,0.028037382,31
10,Raw,Omnipose,1.0,0.0,31
0,Raw,Cellpose-SAM,0.5,0.8717949,31
1,Raw,Cellpose-SAM,0.55,0.86153847,31
2,Raw,Cellpose-SAM,0.6,0.86153847,31
3,Raw,Cellpose-SAM,0.65,0.86153847,31
4,Raw,Cellpose-SAM,0.7,0.85128206,31
5,Raw,Cellpose-SAM,0.75,0.85128206,31
6,Raw,Cellpose-SAM,0.8,0.85128206,31
7,Raw,Cellpose-SAM,0.85,0.85128206,31
8,Raw,Cellpose-SAM,0.9,0.46153846,31
9,Raw,Cellpose-SAM,0.95,0.03076923,31
10,Raw,Cellpose-SAM,1.0,0.0,31
0,Raw,microSAM,0.5,0.4097222,31
1,Raw,microSAM,0.55,0.38194445,31
2,Raw,microSAM,0.6,0.38194445,31
3,Raw,microSAM,0.65,0.3611111,31
4,Raw,microSAM,0.7,0.3402778,31
5,Raw,microSAM,0.75,0.31944445,31
6,Raw,microSAM,0.8,0.2847222,31
7,Raw,microSAM,0.85,0.15972222,31
8,Raw,microSAM,0.9,0.020833334,31
9,Raw,microSAM,0.95,0.0,31
10,Raw,microSAM,1.0,0.0,31
0,Raw,Cellpose3,0.5,0.62857145,31
1,Raw,Cellpose3,0.55,0.60408163,31
2,Raw,Cellpose3,0.6,0.59591836,31
3,Raw,Cellpose3,0.65,0.59591836,31
4,Raw,Cellpose3,0.7,0.5877551,31
5,Raw,Cellpose3,0.75,0.5714286,31
6,Raw,Cellpose3,0.8,0.5469388,31
7,Raw,Cellpose3,0.85,0.3510204,31
8,Raw,Cellpose3,0.9,0.073469386,31
9,Raw,Cellpose3,0.95,0.0,31
10,Raw,Cellpose3,1.0,0.0,31
0,Raw,Morphometrics,0.5,0.74626863,31
1,Raw,Morphometrics,0.55,0.7263682,31
2,Raw,Morphometrics,0.6,0.7164179,31
3,Raw,Morphometrics,0.65,0.7164179,31
4,Raw,Morphometrics,0.7,0.7164179,31
5,Raw,Morphometrics,0.75,0.7064677,31
6,Raw,Morphometrics,0.8,0.7064677,31
7,Raw,Morphometrics,0.85,0.6666667,31
8,Raw,Morphometrics,0.9,0.3283582,31
9,Raw,Morphometrics,0.95,0.029850746,31
10,Raw,Morphometrics,1.0,0.0,31
0,Raw,Omnipose,0.5,0.672,32
1,Raw,Omnipose,0.55,0.656,32
2,Raw,Omnipose,0.6,0.656,32
3,Raw,Omnipose,0.65,0.656,32
4,Raw,Omnipose,0.7,0.656,32
5,Raw,Omnipose,0.75,0.656,32
6,Raw,Omnipose,0.8,0.656,32
7,Raw,Omnipose,0.85,0.656,32
8,Raw,Omnipose,0.9,0.656,32
9,Raw,Omnipose,0.95,0.384,32
10,Raw,Omnipose,1.0,0.0,32
0,Raw,Cellpose-SAM,0.5,0.94382024,32
1,Raw,Cellpose-SAM,0.55,0.92134833,32
2,Raw,Cellpose-SAM,0.6,0.92134833,32
3,Raw,Cellpose-SAM,0.65,0.92134833,32
4,Raw,Cellpose-SAM,0.7,0.92134833,32
5,Raw,Cellpose-SAM,0.75,0.92134833,32
6,Raw,Cellpose-SAM,0.8,0.92134833,32
7,Raw,Cellpose-SAM,0.85,0.92134833,32
8,Raw,Cellpose-SAM,0.9,0.92134833,32
9,Raw,Cellpose-SAM,0.95,0.29213482,32
10,Raw,Cellpose-SAM,1.0,0.0,32
0,Raw,microSAM,0.5,0.35023043,32
1,Raw,microSAM,0.55,0.34101382,32
2,Raw,microSAM,0.6,0.34101382,32
3,Raw,microSAM,0.65,0.34101382,32
4,Raw,microSAM,0.7,0.33179724,32
5,Raw,microSAM,0.75,0.2764977,32
6,Raw,microSAM,0.8,0.23963134,32
7,Raw,microSAM,0.85,0.22119816,32
8,Raw,microSAM,0.9,0.08294931,32
9,Raw,microSAM,0.95,0.0,32
10,Raw,microSAM,1.0,0.0,32
0,Raw,Cellpose3,0.5,0.608,32
1,Raw,Cellpose3,0.55,0.608,32
2,Raw,Cellpose3,0.6,0.608,32
3,Raw,Cellpose3,0.65,0.608,32
4,Raw,Cellpose3,0.7,0.608,32
5,Raw,Cellpose3,0.75,0.608,32
6,Raw,Cellpose3,0.8,0.608,32
7,Raw,Cellpose3,0.85,0.608,32
8,Raw,Cellpose3,0.9,0.352,32
9,Raw,Cellpose3,0.95,0.016,32
10,Raw,Cellpose3,1.0,0.0,32
0,Raw,Morphometrics,0.5,0.84782606,32
1,Raw,Morphometrics,0.55,0.84782606,32
2,Raw,Morphometrics,0.6,0.84782606,32
3,Raw,Morphometrics,0.65,0.82608694,32
4,Raw,Morphometrics,0.7,0.82608694,32
5,Raw,Morphometrics,0.75,0.82608694,32
6,Raw,Morphometrics,0.8,0.82608694,32
7,Raw,Morphometrics,0.85,0.8043478,32
8,Raw,Morphometrics,0.9,0.7826087,32
9,Raw,Morphometrics,0.95,0.02173913,32
10,Raw,Morphometrics,1.0,0.0,32
0,Raw,Omnipose,0.5,0.825,33
1,Raw,Omnipose,0.55,0.8,33
2,Raw,Omnipose,0.6,0.7875,33
3,Raw,Omnipose,0.65,0.775,33
4,Raw,Omnipose,0.7,0.775,33
5,Raw,Omnipose,0.75,0.775,33
6,Raw,Omnipose,0.8,0.775,33
7,Raw,Omnipose,0.85,0.775,33
8,Raw,Omnipose,0.9,0.75,33
9,Raw,Omnipose,0.95,0.25,33
10,Raw,Omnipose,1.0,0.0,33
0,Raw,Cellpose-SAM,0.5,0.95714283,33
1,Raw,Cellpose-SAM,0.55,0.9285714,33
2,Raw,Cellpose-SAM,0.6,0.9142857,33
3,Raw,Cellpose-SAM,0.65,0.9142857,33
4,Raw,Cellpose-SAM,0.7,0.9142857,33
5,Raw,Cellpose-SAM,0.75,0.9142857,33
6,Raw,Cellpose-SAM,0.8,0.9142857,33
7,Raw,Cellpose-SAM,0.85,0.9142857,33
8,Raw,Cellpose-SAM,0.9,0.87142855,33
9,Raw,Cellpose-SAM,0.95,0.24285714,33
10,Raw,Cellpose-SAM,1.0,0.0,33
0,Raw,microSAM,0.5,0.5365854,33
1,Raw,microSAM,0.55,0.52682924,33
2,Raw,microSAM,0.6,0.49756098,33
3,Raw,microSAM,0.65,0.47804877,33
4,Raw,microSAM,0.7,0.46829268,33
5,Raw,microSAM,0.75,0.46829268,33
6,Raw,microSAM,0.8,0.4097561,33
7,Raw,microSAM,0.85,0.30243903,33
8,Raw,microSAM,0.9,0.068292685,33
9,Raw,microSAM,0.95,0.0,33
10,Raw,microSAM,1.0,0.0,33
0,Raw,Cellpose3,0.5,0.71428573,33
1,Raw,Cellpose3,0.55,0.70238096,33
2,Raw,Cellpose3,0.6,0.6785714,33
3,Raw,Cellpose3,0.65,0.6785714,33
4,Raw,Cellpose3,0.7,0.6666667,33
5,Raw,Cellpose3,0.75,0.6547619,33
6,Raw,Cellpose3,0.8,0.63095236,33
7,Raw,Cellpose3,0.85,0.60714287,33
8,Raw,Cellpose3,0.9,0.35714287,33
9,Raw,Cellpose3,0.95,0.0,33
10,Raw,Cellpose3,1.0,0.0,33
0,Raw,Morphometrics,0.5,0.8137931,33
1,Raw,Morphometrics,0.55,0.7862069,33
2,Raw,Morphometrics,0.6,0.7724138,33
3,Raw,Morphometrics,0.65,0.7586207,33
4,Raw,Morphometrics,0.7,0.7586207,33
5,Raw,Morphometrics,0.75,0.73103446,33
6,Raw,Morphometrics,0.8,0.7034483,33
7,Raw,Morphometrics,0.85,0.6896552,33
8,Raw,Morphometrics,0.9,0.6758621,33
9,Raw,Morphometrics,0.95,0.13793103,33
10,Raw,Morphometrics,1.0,0.0,33
0,Raw,Omnipose,0.5,0.11014493,34
1,Raw,Omnipose,0.55,0.09855072,34
2,Raw,Omnipose,0.6,0.09855072,34
3,Raw,Omnipose,0.65,0.09855072,34
4,Raw,Omnipose,0.7,0.09855072,34
5,Raw,Omnipose,0.75,0.09855072,34
6,Raw,Omnipose,0.8,0.09855072,34
7,Raw,Omnipose,0.85,0.09855072,34
8,Raw,Omnipose,0.9,0.09855072,34
9,Raw,Omnipose,0.95,0.057971016,34
10,Raw,Omnipose,1.0,0.0,34
0,Raw,Cellpose-SAM,0.5,0.84444445,34
1,Raw,Cellpose-SAM,0.55,0.8,34
2,Raw,Cellpose-SAM,0.6,0.8,34
3,Raw,Cellpose-SAM,0.65,0.8,34
4,Raw,Cellpose-SAM,0.7,0.8,34
5,Raw,Cellpose-SAM,0.75,0.8,34
6,Raw,Cellpose-SAM,0.8,0.8,34
7,Raw,Cellpose-SAM,0.85,0.8,34
8,Raw,Cellpose-SAM,0.9,0.8,34
9,Raw,Cellpose-SAM,0.95,0.22222222,34
10,Raw,Cellpose-SAM,1.0,0.0,34
0,Raw,microSAM,0.5,0.06526806,34
1,Raw,microSAM,0.55,0.046620045,34
2,Raw,microSAM,0.6,0.046620045,34
3,Raw,microSAM,0.65,0.037296038,34
4,Raw,microSAM,0.7,0.027972028,34
5,Raw,microSAM,0.75,0.027972028,34
6,Raw,microSAM,0.8,0.027972028,34
7,Raw,microSAM,0.85,0.023310022,34
8,Raw,microSAM,0.9,0.018648019,34
9,Raw,microSAM,0.95,0.0,34
10,Raw,microSAM,1.0,0.0,34
0,Raw,Cellpose3,0.5,0.32258064,34
1,Raw,Cellpose3,0.55,0.32258064,34
2,Raw,Cellpose3,0.6,0.30107528,34
3,Raw,Cellpose3,0.65,0.30107528,34
4,Raw,Cellpose3,0.7,0.30107528,34
5,Raw,Cellpose3,0.75,0.30107528,34
6,Raw,Cellpose3,0.8,0.30107528,34
7,Raw,Cellpose3,0.85,0.30107528,34
8,Raw,Cellpose3,0.9,0.2795699,34
9,Raw,Cellpose3,0.95,0.0,34
10,Raw,Cellpose3,1.0,0.0,34
0,Raw,Morphometrics,0.5,0.46666667,34
1,Raw,Morphometrics,0.55,0.43333334,34
2,Raw,Morphometrics,0.6,0.4,34
3,Raw,Morphometrics,0.65,0.36666667,34
4,Raw,Morphometrics,0.7,0.36666667,34
5,Raw,Morphometrics,0.75,0.33333334,34
6,Raw,Morphometrics,0.8,0.33333334,34
7,Raw,Morphometrics,0.85,0.33333334,34
8,Raw,Morphometrics,0.9,0.3,34
9,Raw,Morphometrics,0.95,0.0,34
10,Raw,Morphometrics,1.0,0.0,34
0,Raw,Omnipose,0.5,0.9354839,35
1,Raw,Omnipose,0.55,0.87096775,35
2,Raw,Omnipose,0.6,0.87096775,35
3,Raw,Omnipose,0.65,0.87096775,35
4,Raw,Omnipose,0.7,0.87096775,35
5,Raw,Omnipose,0.75,0.87096775,35
6,Raw,Omnipose,0.8,0.87096775,35
7,Raw,Omnipose,0.85,0.87096775,35
8,Raw,Omnipose,0.9,0.7741935,35
9,Raw,Omnipose,0.95,0.22580644,35
10,Raw,Omnipose,1.0,0.0,35
0,Raw,Cellpose-SAM,0.5,0.9830508,35
1,Raw,Cellpose-SAM,0.55,0.9491525,35
2,Raw,Cellpose-SAM,0.6,0.9491525,35
3,Raw,Cellpose-SAM,0.65,0.9491525,35
4,Raw,Cellpose-SAM,0.7,0.9491525,35
5,Raw,Cellpose-SAM,0.75,0.9491525,35
6,Raw,Cellpose-SAM,0.8,0.9491525,35
7,Raw,Cellpose-SAM,0.85,0.9491525,35
8,Raw,Cellpose-SAM,0.9,0.9491525,35
9,Raw,Cellpose-SAM,0.95,0.06779661,35
10,Raw,Cellpose-SAM,1.0,0.0,35
0,Raw,microSAM,0.5,0.6753247,35
1,Raw,microSAM,0.55,0.6233766,35
2,Raw,microSAM,0.6,0.6233766,35
3,Raw,microSAM,0.65,0.6233766,35
4,Raw,microSAM,0.7,0.6233766,35
5,Raw,microSAM,0.75,0.6233766,35
6,Raw,microSAM,0.8,0.5974026,35
7,Raw,microSAM,0.85,0.41558442,35
8,Raw,microSAM,0.9,0.103896104,35
9,Raw,microSAM,0.95,0.0,35
10,Raw,microSAM,1.0,0.0,35
0,Raw,Cellpose3,0.5,0.63414633,35
1,Raw,Cellpose3,0.55,0.58536583,35
2,Raw,Cellpose3,0.6,0.58536583,35
3,Raw,Cellpose3,0.65,0.58536583,35
4,Raw,Cellpose3,0.7,0.58536583,35
5,Raw,Cellpose3,0.75,0.58536583,35
6,Raw,Cellpose3,0.8,0.58536583,35
7,Raw,Cellpose3,0.85,0.58536583,35
8,Raw,Cellpose3,0.9,0.31707317,35
9,Raw,Cellpose3,0.95,0.0,35
10,Raw,Cellpose3,1.0,0.0,35
0,Raw,Morphometrics,0.5,0.8135593,35
1,Raw,Morphometrics,0.55,0.8135593,35
2,Raw,Morphometrics,0.6,0.8135593,35
3,Raw,Morphometrics,0.65,0.8135593,35
4,Raw,Morphometrics,0.7,0.8135593,35
5,Raw,Morphometrics,0.75,0.8135593,35
6,Raw,Morphometrics,0.8,0.8135593,35
7,Raw,Morphometrics,0.85,0.8135593,35
8,Raw,Morphometrics,0.9,0.7457627,35
9,Raw,Morphometrics,0.95,0.06779661,35
10,Raw,Morphometrics,1.0,0.0,35
0,Raw,Omnipose,0.5,0.7719298,36
1,Raw,Omnipose,0.55,0.76023394,36
2,Raw,Omnipose,0.6,0.76023394,36
3,Raw,Omnipose,0.65,0.76023394,36
4,Raw,Omnipose,0.7,0.76023394,36
5,Raw,Omnipose,0.75,0.76023394,36
6,Raw,Omnipose,0.8,0.76023394,36
7,Raw,Omnipose,0.85,0.76023394,36
8,Raw,Omnipose,0.9,0.7251462,36
9,Raw,Omnipose,0.95,0.12865497,36
10,Raw,Omnipose,1.0,0.0,36
0,Raw,Cellpose-SAM,0.5,0.91034484,36
1,Raw,Cellpose-SAM,0.55,0.8965517,36
2,Raw,Cellpose-SAM,0.6,0.8965517,36
3,Raw,Cellpose-SAM,0.65,0.8965517,36
4,Raw,Cellpose-SAM,0.7,0.8965517,36
5,Raw,Cellpose-SAM,0.75,0.8965517,36
6,Raw,Cellpose-SAM,0.8,0.8965517,36
7,Raw,Cellpose-SAM,0.85,0.8965517,36
8,Raw,Cellpose-SAM,0.9,0.82758623,36
9,Raw,Cellpose-SAM,0.95,0.12413793,36
10,Raw,Cellpose-SAM,1.0,0.0,36
0,Raw,microSAM,0.5,0.72727275,36
1,Raw,microSAM,0.55,0.6787879,36
2,Raw,microSAM,0.6,0.6666667,36
3,Raw,microSAM,0.65,0.6666667,36
4,Raw,microSAM,0.7,0.6545454,36
5,Raw,microSAM,0.75,0.630303,36
6,Raw,microSAM,0.8,0.53333336,36
7,Raw,microSAM,0.85,0.36363637,36
8,Raw,microSAM,0.9,0.096969694,36
9,Raw,microSAM,0.95,0.0,36
10,Raw,microSAM,1.0,0.0,36
0,Raw,Cellpose3,0.5,0.7826087,36
1,Raw,Cellpose3,0.55,0.77018636,36
2,Raw,Cellpose3,0.6,0.77018636,36
3,Raw,Cellpose3,0.65,0.77018636,36
4,Raw,Cellpose3,0.7,0.77018636,36
5,Raw,Cellpose3,0.75,0.77018636,36
6,Raw,Cellpose3,0.8,0.77018636,36
7,Raw,Cellpose3,0.85,0.7453416,36
8,Raw,Cellpose3,0.9,0.5714286,36
9,Raw,Cellpose3,0.95,0.0,36
10,Raw,Cellpose3,1.0,0.0,36
0,Raw,Morphometrics,0.5,0.84,36
1,Raw,Morphometrics,0.55,0.81333333,36
2,Raw,Morphometrics,0.6,0.8,36
3,Raw,Morphometrics,0.65,0.8,36
4,Raw,Morphometrics,0.7,0.8,36
5,Raw,Morphometrics,0.75,0.8,36
6,Raw,Morphometrics,0.8,0.8,36
7,Raw,Morphometrics,0.85,0.7733333,36
8,Raw,Morphometrics,0.9,0.6666667,36
9,Raw,Morphometrics,0.95,0.06666667,36
10,Raw,Morphometrics,1.0,0.0,36
0,Raw,Omnipose,0.5,0.8888889,37
1,Raw,Omnipose,0.55,0.8627451,37
2,Raw,Omnipose,0.6,0.8496732,37
3,Raw,Omnipose,0.65,0.8496732,37
4,Raw,Omnipose,0.7,0.8496732,37
5,Raw,Omnipose,0.75,0.8496732,37
6,Raw,Omnipose,0.8,0.8496732,37
7,Raw,Omnipose,0.85,0.8366013,37
8,Raw,Omnipose,0.9,0.8235294,37
9,Raw,Omnipose,0.95,0.24836601,37
10,Raw,Omnipose,1.0,0.0,37
0,Raw,Cellpose-SAM,0.5,0.9640288,37
1,Raw,Cellpose-SAM,0.55,0.9496403,37
2,Raw,Cellpose-SAM,0.6,0.9352518,37
3,Raw,Cellpose-SAM,0.65,0.92086333,37
4,Raw,Cellpose-SAM,0.7,0.92086333,37
5,Raw,Cellpose-SAM,0.75,0.92086333,37
6,Raw,Cellpose-SAM,0.8,0.92086333,37
7,Raw,Cellpose-SAM,0.85,0.92086333,37
8,Raw,Cellpose-SAM,0.9,0.92086333,37
9,Raw,Cellpose-SAM,0.95,0.1294964,37
10,Raw,Cellpose-SAM,1.0,0.0,37
0,Raw,microSAM,0.5,0.6436782,37
1,Raw,microSAM,0.55,0.6091954,37
2,Raw,microSAM,0.6,0.6091954,37
3,Raw,microSAM,0.65,0.5862069,37
4,Raw,microSAM,0.7,0.5632184,37
5,Raw,microSAM,0.75,0.47126436,37
6,Raw,microSAM,0.8,0.42528737,37
7,Raw,microSAM,0.85,0.28735632,37
8,Raw,microSAM,0.9,0.04597701,37
9,Raw,microSAM,0.95,0.0,37
10,Raw,microSAM,1.0,0.0,37
0,Raw,Cellpose3,0.5,0.84210527,37
1,Raw,Cellpose3,0.55,0.82894737,37
2,Raw,Cellpose3,0.6,0.81578946,37
3,Raw,Cellpose3,0.65,0.81578946,37
4,Raw,Cellpose3,0.7,0.81578946,37
5,Raw,Cellpose3,0.75,0.81578946,37
6,Raw,Cellpose3,0.8,0.81578946,37
7,Raw,Cellpose3,0.85,0.7631579,37
8,Raw,Cellpose3,0.9,0.5,37
9,Raw,Cellpose3,0.95,0.013157895,37
10,Raw,Cellpose3,1.0,0.0,37
0,Raw,Morphometrics,0.5,0.80263156,37
1,Raw,Morphometrics,0.55,0.7631579,37
2,Raw,Morphometrics,0.6,0.7631579,37
3,Raw,Morphometrics,0.65,0.7631579,37
4,Raw,Morphometrics,0.7,0.7631579,37
5,Raw,Morphometrics,0.75,0.7631579,37
6,Raw,Morphometrics,0.8,0.7631579,37
7,Raw,Morphometrics,0.85,0.7631579,37
8,Raw,Morphometrics,0.9,0.67105263,37
9,Raw,Morphometrics,0.95,0.13157895,37
10,Raw,Morphometrics,1.0,0.0,37
0,Raw,Omnipose,0.5,0.76510066,38
1,Raw,Omnipose,0.55,0.7516779,38
2,Raw,Omnipose,0.6,0.738255,38
3,Raw,Omnipose,0.65,0.738255,38
4,Raw,Omnipose,0.7,0.738255,38
5,Raw,Omnipose,0.75,0.738255,38
6,Raw,Omnipose,0.8,0.738255,38
7,Raw,Omnipose,0.85,0.738255,38
8,Raw,Omnipose,0.9,0.68456376,38
9,Raw,Omnipose,0.95,0.013422819,38
10,Raw,Omnipose,1.0,0.0,38
0,Raw,Cellpose-SAM,0.5,0.9047619,38
1,Raw,Cellpose-SAM,0.55,0.8888889,38
2,Raw,Cellpose-SAM,0.6,0.8730159,38
3,Raw,Cellpose-SAM,0.65,0.8730159,38
4,Raw,Cellpose-SAM,0.7,0.8730159,38
5,Raw,Cellpose-SAM,0.75,0.8730159,38
6,Raw,Cellpose-SAM,0.8,0.8730159,38
7,Raw,Cellpose-SAM,0.85,0.8730159,38
8,Raw,Cellpose-SAM,0.9,0.85714287,38
9,Raw,Cellpose-SAM,0.95,0.031746034,38
10,Raw,Cellpose-SAM,1.0,0.0,38
0,Raw,microSAM,0.5,0.43373495,38
1,Raw,microSAM,0.55,0.4176707,38
2,Raw,microSAM,0.6,0.40160644,38
3,Raw,microSAM,0.65,0.38554215,38
4,Raw,microSAM,0.7,0.38554215,38
5,Raw,microSAM,0.75,0.38554215,38
6,Raw,microSAM,0.8,0.38554215,38
7,Raw,microSAM,0.85,0.30522087,38
8,Raw,microSAM,0.9,0.08835341,38
9,Raw,microSAM,0.95,0.0,38
10,Raw,microSAM,1.0,0.0,38
0,Raw,Cellpose3,0.5,0.8,38
1,Raw,Cellpose3,0.55,0.8,38
2,Raw,Cellpose3,0.6,0.78518516,38
3,Raw,Cellpose3,0.65,0.78518516,38
4,Raw,Cellpose3,0.7,0.78518516,38
5,Raw,Cellpose3,0.75,0.78518516,38
6,Raw,Cellpose3,0.8,0.78518516,38
7,Raw,Cellpose3,0.85,0.78518516,38
8,Raw,Cellpose3,0.9,0.6074074,38
9,Raw,Cellpose3,0.95,0.02962963,38
10,Raw,Cellpose3,1.0,0.0,38
0,Raw,Morphometrics,0.5,0.8030303,38
1,Raw,Morphometrics,0.55,0.75757575,38
2,Raw,Morphometrics,0.6,0.72727275,38
3,Raw,Morphometrics,0.65,0.72727275,38
4,Raw,Morphometrics,0.7,0.72727275,38
5,Raw,Morphometrics,0.75,0.72727275,38
6,Raw,Morphometrics,0.8,0.72727275,38
7,Raw,Morphometrics,0.85,0.7121212,38
8,Raw,Morphometrics,0.9,0.5,38
9,Raw,Morphometrics,0.95,0.0,38
10,Raw,Morphometrics,1.0,0.0,38
0,Raw,Omnipose,0.5,0.34710744,39
1,Raw,Omnipose,0.55,0.34710744,39
2,Raw,Omnipose,0.6,0.34710744,39
3,Raw,Omnipose,0.65,0.34710744,39
4,Raw,Omnipose,0.7,0.34710744,39
5,Raw,Omnipose,0.75,0.34710744,39
6,Raw,Omnipose,0.8,0.34710744,39
7,Raw,Omnipose,0.85,0.34710744,39
8,Raw,Omnipose,0.9,0.3305785,39
9,Raw,Omnipose,0.95,0.0,39
10,Raw,Omnipose,1.0,0.0,39
0,Raw,Cellpose-SAM,0.5,0.8888889,39
1,Raw,Cellpose-SAM,0.55,0.8888889,39
2,Raw,Cellpose-SAM,0.6,0.8888889,39
3,Raw,Cellpose-SAM,0.65,0.8888889,39
4,Raw,Cellpose-SAM,0.7,0.8888889,39
5,Raw,Cellpose-SAM,0.75,0.8888889,39
6,Raw,Cellpose-SAM,0.8,0.8888889,39
7,Raw,Cellpose-SAM,0.85,0.8888889,39
8,Raw,Cellpose-SAM,0.9,0.8888889,39
9,Raw,Cellpose-SAM,0.95,0.0,39
10,Raw,Cellpose-SAM,1.0,0.0,39
0,Raw,microSAM,0.5,0.27642277,39
1,Raw,microSAM,0.55,0.27642277,39
2,Raw,microSAM,0.6,0.2601626,39
3,Raw,microSAM,0.65,0.2601626,39
4,Raw,microSAM,0.7,0.24390244,39
5,Raw,microSAM,0.75,0.22764228,39
6,Raw,microSAM,0.8,0.19512194,39
7,Raw,microSAM,0.85,0.16260162,39
8,Raw,microSAM,0.9,0.032520324,39
9,Raw,microSAM,0.95,0.0,39
10,Raw,microSAM,1.0,0.0,39
0,Raw,Cellpose3,0.5,0.67741936,39
1,Raw,Cellpose3,0.55,0.67741936,39
2,Raw,Cellpose3,0.6,0.6451613,39
3,Raw,Cellpose3,0.65,0.61290324,39
4,Raw,Cellpose3,0.7,0.61290324,39
5,Raw,Cellpose3,0.75,0.61290324,39
6,Raw,Cellpose3,0.8,0.61290324,39
7,Raw,Cellpose3,0.85,0.58064514,39
8,Raw,Cellpose3,0.9,0.5483871,39
9,Raw,Cellpose3,0.95,0.032258064,39
10,Raw,Cellpose3,1.0,0.0,39
0,Raw,Morphometrics,0.5,0.74509805,39
1,Raw,Morphometrics,0.55,0.7058824,39
2,Raw,Morphometrics,0.6,0.7058824,39
3,Raw,Morphometrics,0.65,0.6666667,39
4,Raw,Morphometrics,0.7,0.6666667,39
5,Raw,Morphometrics,0.75,0.6666667,39
6,Raw,Morphometrics,0.8,0.627451,39
7,Raw,Morphometrics,0.85,0.5882353,39
8,Raw,Morphometrics,0.9,0.54901963,39
9,Raw,Morphometrics,0.95,0.0,39
10,Raw,Morphometrics,1.0,0.0,39
0,Raw,Omnipose,0.5,0.7586207,40
1,Raw,Omnipose,0.55,0.7413793,40
2,Raw,Omnipose,0.6,0.7241379,40
3,Raw,Omnipose,0.65,0.7241379,40
4,Raw,Omnipose,0.7,0.7241379,40
5,Raw,Omnipose,0.75,0.7241379,40
6,Raw,Omnipose,0.8,0.7241379,40
7,Raw,Omnipose,0.85,0.7241379,40
8,Raw,Omnipose,0.9,0.7241379,40
9,Raw,Omnipose,0.95,0.3275862,40
10,Raw,Omnipose,1.0,0.0,40
0,Raw,Cellpose-SAM,0.5,0.95652175,40
1,Raw,Cellpose-SAM,0.55,0.9347826,40
2,Raw,Cellpose-SAM,0.6,0.9130435,40
3,Raw,Cellpose-SAM,0.65,0.9130435,40
4,Raw,Cellpose-SAM,0.7,0.9130435,40
5,Raw,Cellpose-SAM,0.75,0.9130435,40
6,Raw,Cellpose-SAM,0.8,0.9130435,40
7,Raw,Cellpose-SAM,0.85,0.9130435,40
8,Raw,Cellpose-SAM,0.9,0.9130435,40
9,Raw,Cellpose-SAM,0.95,0.36956522,40
10,Raw,Cellpose-SAM,1.0,0.0,40
0,Raw,microSAM,0.5,0.68421054,40
1,Raw,microSAM,0.55,0.64912283,40
2,Raw,microSAM,0.6,0.5964912,40
3,Raw,microSAM,0.65,0.57894737,40
4,Raw,microSAM,0.7,0.57894737,40
5,Raw,microSAM,0.75,0.5614035,40
6,Raw,microSAM,0.8,0.54385966,40
7,Raw,microSAM,0.85,0.49122807,40
8,Raw,microSAM,0.9,0.31578946,40
9,Raw,microSAM,0.95,0.0,40
10,Raw,microSAM,1.0,0.0,40
0,Raw,Cellpose3,0.5,0.8301887,40
1,Raw,Cellpose3,0.55,0.7924528,40
2,Raw,Cellpose3,0.6,0.7735849,40
3,Raw,Cellpose3,0.65,0.7735849,40
4,Raw,Cellpose3,0.7,0.7735849,40
5,Raw,Cellpose3,0.75,0.7735849,40
6,Raw,Cellpose3,0.8,0.7735849,40
7,Raw,Cellpose3,0.85,0.7735849,40
8,Raw,Cellpose3,0.9,0.6603774,40
9,Raw,Cellpose3,0.95,0.0,40
10,Raw,Cellpose3,1.0,0.0,40
0,Raw,Morphometrics,0.5,0.8541667,40
1,Raw,Morphometrics,0.55,0.8125,40
2,Raw,Morphometrics,0.6,0.7708333,40
3,Raw,Morphometrics,0.65,0.7708333,40
4,Raw,Morphometrics,0.7,0.75,40
5,Raw,Morphometrics,0.75,0.75,40
6,Raw,Morphometrics,0.8,0.75,40
7,Raw,Morphometrics,0.85,0.75,40
8,Raw,Morphometrics,0.9,0.6875,40
9,Raw,Morphometrics,0.95,0.020833334,40
10,Raw,Morphometrics,1.0,0.0,40
0,Raw,Omnipose,0.5,0.56565654,41
1,Raw,Omnipose,0.55,0.5050505,41
2,Raw,Omnipose,0.6,0.5050505,41
3,Raw,Omnipose,0.65,0.5050505,41
4,Raw,Omnipose,0.7,0.5050505,41
5,Raw,Omnipose,0.75,0.5050505,41
6,Raw,Omnipose,0.8,0.5050505,41
7,Raw,Omnipose,0.85,0.5050505,41
8,Raw,Omnipose,0.9,0.5050505,41
9,Raw,Omnipose,0.95,0.2020202,41
10,Raw,Omnipose,1.0,0.0,41
0,Raw,Cellpose-SAM,0.5,0.83076924,41
1,Raw,Cellpose-SAM,0.55,0.8,41
2,Raw,Cellpose-SAM,0.6,0.8,41
3,Raw,Cellpose-SAM,0.65,0.8,41
4,Raw,Cellpose-SAM,0.7,0.8,41
5,Raw,Cellpose-SAM,0.75,0.8,41
6,Raw,Cellpose-SAM,0.8,0.8,41
7,Raw,Cellpose-SAM,0.85,0.8,41
8,Raw,Cellpose-SAM,0.9,0.8,41
9,Raw,Cellpose-SAM,0.95,0.21538462,41
10,Raw,Cellpose-SAM,1.0,0.0,41
0,Raw,microSAM,0.5,0.35714287,41
1,Raw,microSAM,0.55,0.31428573,41
2,Raw,microSAM,0.6,0.31428573,41
3,Raw,microSAM,0.65,0.31428573,41
4,Raw,microSAM,0.7,0.3,41
5,Raw,microSAM,0.75,0.27142859,41
6,Raw,microSAM,0.8,0.27142859,41
7,Raw,microSAM,0.85,0.21428572,41
8,Raw,microSAM,0.9,0.1,41
9,Raw,microSAM,0.95,0.0,41
10,Raw,microSAM,1.0,0.0,41
0,Raw,Cellpose3,0.5,0.5148515,41
1,Raw,Cellpose3,0.55,0.47524753,41
2,Raw,Cellpose3,0.6,0.47524753,41
3,Raw,Cellpose3,0.65,0.47524753,41
4,Raw,Cellpose3,0.7,0.47524753,41
5,Raw,Cellpose3,0.75,0.47524753,41
6,Raw,Cellpose3,0.8,0.47524753,41
7,Raw,Cellpose3,0.85,0.47524753,41
8,Raw,Cellpose3,0.9,0.47524753,41
9,Raw,Cellpose3,0.95,0.01980198,41
10,Raw,Cellpose3,1.0,0.0,41
0,Raw,Morphometrics,0.5,0.64788735,41
1,Raw,Morphometrics,0.55,0.5915493,41
2,Raw,Morphometrics,0.6,0.5915493,41
3,Raw,Morphometrics,0.65,0.5915493,41
4,Raw,Morphometrics,0.7,0.5915493,41
5,Raw,Morphometrics,0.75,0.5915493,41
6,Raw,Morphometrics,0.8,0.5915493,41
7,Raw,Morphometrics,0.85,0.5915493,41
8,Raw,Morphometrics,0.9,0.5633803,41
9,Raw,Morphometrics,0.95,0.2535211,41
10,Raw,Morphometrics,1.0,0.0,41
0,Raw,Omnipose,0.5,0.96153843,42
1,Raw,Omnipose,0.55,0.96153843,42
2,Raw,Omnipose,0.6,0.96153843,42
3,Raw,Omnipose,0.65,0.96153843,42
4,Raw,Omnipose,0.7,0.96153843,42
5,Raw,Omnipose,0.75,0.96153843,42
6,Raw,Omnipose,0.8,0.96153843,42
7,Raw,Omnipose,0.85,0.96153843,42
8,Raw,Omnipose,0.9,0.96153843,42
9,Raw,Omnipose,0.95,0.61538464,42
10,Raw,Omnipose,1.0,0.0,42
0,Raw,Cellpose-SAM,0.5,1.0,42
1,Raw,Cellpose-SAM,0.55,1.0,42
2,Raw,Cellpose-SAM,0.6,1.0,42
3,Raw,Cellpose-SAM,0.65,1.0,42
4,Raw,Cellpose-SAM,0.7,1.0,42
5,Raw,Cellpose-SAM,0.75,1.0,42
6,Raw,Cellpose-SAM,0.8,1.0,42
7,Raw,Cellpose-SAM,0.85,1.0,42
8,Raw,Cellpose-SAM,0.9,1.0,42
9,Raw,Cellpose-SAM,0.95,0.28,42
10,Raw,Cellpose-SAM,1.0,0.0,42
0,Raw,microSAM,0.5,0.5714286,42
1,Raw,microSAM,0.55,0.5194805,42
2,Raw,microSAM,0.6,0.4935065,42
3,Raw,microSAM,0.65,0.46753246,42
4,Raw,microSAM,0.7,0.41558442,42
5,Raw,microSAM,0.75,0.41558442,42
6,Raw,microSAM,0.8,0.36363637,42
7,Raw,microSAM,0.85,0.25974026,42
8,Raw,microSAM,0.9,0.15584415,42
9,Raw,microSAM,0.95,0.0,42
10,Raw,microSAM,1.0,0.0,42
0,Raw,Cellpose3,0.5,0.7058824,42
1,Raw,Cellpose3,0.55,0.7058824,42
2,Raw,Cellpose3,0.6,0.7058824,42
3,Raw,Cellpose3,0.65,0.7058824,42
4,Raw,Cellpose3,0.7,0.7058824,42
5,Raw,Cellpose3,0.75,0.7058824,42
6,Raw,Cellpose3,0.8,0.7058824,42
7,Raw,Cellpose3,0.85,0.7058824,42
8,Raw,Cellpose3,0.9,0.38235295,42
9,Raw,Cellpose3,0.95,0.0,42
10,Raw,Cellpose3,1.0,0.0,42
0,Raw,Morphometrics,0.5,0.8888889,42
1,Raw,Morphometrics,0.55,0.8518519,42
2,Raw,Morphometrics,0.6,0.8518519,42
3,Raw,Morphometrics,0.65,0.8518519,42
4,Raw,Morphometrics,0.7,0.8518519,42
5,Raw,Morphometrics,0.75,0.8518519,42
6,Raw,Morphometrics,0.8,0.8518519,42
7,Raw,Morphometrics,0.85,0.8518519,42
8,Raw,Morphometrics,0.9,0.8148148,42
9,Raw,Morphometrics,0.95,0.0,42
10,Raw,Morphometrics,1.0,0.0,42
0,Raw,Omnipose,0.5,0.6,43
1,Raw,Omnipose,0.55,0.6,43
2,Raw,Omnipose,0.6,0.6,43
3,Raw,Omnipose,0.65,0.6,43
4,Raw,Omnipose,0.7,0.6,43
5,Raw,Omnipose,0.75,0.6,43
6,Raw,Omnipose,0.8,0.6,43
7,Raw,Omnipose,0.85,0.6,43
8,Raw,Omnipose,0.9,0.6,43
9,Raw,Omnipose,0.95,0.36363637,43
10,Raw,Omnipose,1.0,0.0,43
0,Raw,Cellpose-SAM,0.5,0.9166667,43
1,Raw,Cellpose-SAM,0.55,0.9166667,43
2,Raw,Cellpose-SAM,0.6,0.9166667,43
3,Raw,Cellpose-SAM,0.65,0.9166667,43
4,Raw,Cellpose-SAM,0.7,0.9166667,43
5,Raw,Cellpose-SAM,0.75,0.9166667,43
6,Raw,Cellpose-SAM,0.8,0.9166667,43
7,Raw,Cellpose-SAM,0.85,0.9166667,43
8,Raw,Cellpose-SAM,0.9,0.9166667,43
9,Raw,Cellpose-SAM,0.95,0.30555555,43
10,Raw,Cellpose-SAM,1.0,0.0,43
0,Raw,microSAM,0.5,0.52459013,43
1,Raw,microSAM,0.55,0.52459013,43
2,Raw,microSAM,0.6,0.52459013,43
3,Raw,microSAM,0.65,0.5081967,43
4,Raw,microSAM,0.7,0.47540984,43
5,Raw,microSAM,0.75,0.45901638,43
6,Raw,microSAM,0.8,0.40983605,43
7,Raw,microSAM,0.85,0.32786885,43
8,Raw,microSAM,0.9,0.08196721,43
9,Raw,microSAM,0.95,0.0,43
10,Raw,microSAM,1.0,0.0,43
0,Raw,Cellpose3,0.5,0.72527474,43
1,Raw,Cellpose3,0.55,0.72527474,43
2,Raw,Cellpose3,0.6,0.72527474,43
3,Raw,Cellpose3,0.65,0.7032967,43
4,Raw,Cellpose3,0.7,0.7032967,43
5,Raw,Cellpose3,0.75,0.7032967,43
6,Raw,Cellpose3,0.8,0.7032967,43
7,Raw,Cellpose3,0.85,0.7032967,43
8,Raw,Cellpose3,0.9,0.61538464,43
9,Raw,Cellpose3,0.95,0.021978023,43
10,Raw,Cellpose3,1.0,0.0,43
0,Raw,Morphometrics,0.5,0.8648649,43
1,Raw,Morphometrics,0.55,0.8648649,43
2,Raw,Morphometrics,0.6,0.8648649,43
3,Raw,Morphometrics,0.65,0.8378378,43
4,Raw,Morphometrics,0.7,0.8378378,43
5,Raw,Morphometrics,0.75,0.8378378,43
6,Raw,Morphometrics,0.8,0.8378378,43
7,Raw,Morphometrics,0.85,0.8378378,43
8,Raw,Morphometrics,0.9,0.8378378,43
9,Raw,Morphometrics,0.95,0.1891892,43
10,Raw,Morphometrics,1.0,0.0,43
0,Raw,Omnipose,0.5,0.7457627,44
1,Raw,Omnipose,0.55,0.7288136,44
2,Raw,Omnipose,0.6,0.7288136,44
3,Raw,Omnipose,0.65,0.7288136,44
4,Raw,Omnipose,0.7,0.7288136,44
5,Raw,Omnipose,0.75,0.7288136,44
6,Raw,Omnipose,0.8,0.7288136,44
7,Raw,Omnipose,0.85,0.7118644,44
8,Raw,Omnipose,0.9,0.66101694,44
9,Raw,Omnipose,0.95,0.050847456,44
10,Raw,Omnipose,1.0,0.0,44
0,Raw,Cellpose-SAM,0.5,0.8659794,44
1,Raw,Cellpose-SAM,0.55,0.8453608,44
2,Raw,Cellpose-SAM,0.6,0.8453608,44
3,Raw,Cellpose-SAM,0.65,0.8453608,44
4,Raw,Cellpose-SAM,0.7,0.8453608,44
5,Raw,Cellpose-SAM,0.75,0.8453608,44
6,Raw,Cellpose-SAM,0.8,0.8453608,44
7,Raw,Cellpose-SAM,0.85,0.8453608,44
8,Raw,Cellpose-SAM,0.9,0.7628866,44
9,Raw,Cellpose-SAM,0.95,0.14432989,44
10,Raw,Cellpose-SAM,1.0,0.0,44
0,Raw,microSAM,0.5,0.67256635,44
1,Raw,microSAM,0.55,0.67256635,44
2,Raw,microSAM,0.6,0.65486723,44
3,Raw,microSAM,0.65,0.61946905,44
4,Raw,microSAM,0.7,0.5840708,44
5,Raw,microSAM,0.75,0.5663717,44
6,Raw,microSAM,0.8,0.4778761,44
7,Raw,microSAM,0.85,0.42477876,44
8,Raw,microSAM,0.9,0.07079646,44
9,Raw,microSAM,0.95,0.0,44
10,Raw,microSAM,1.0,0.0,44
0,Raw,Cellpose3,0.5,0.6666667,44
1,Raw,Cellpose3,0.55,0.6666667,44
2,Raw,Cellpose3,0.6,0.6666667,44
3,Raw,Cellpose3,0.65,0.6666667,44
4,Raw,Cellpose3,0.7,0.6666667,44
5,Raw,Cellpose3,0.75,0.6666667,44
6,Raw,Cellpose3,0.8,0.6495727,44
7,Raw,Cellpose3,0.85,0.61538464,44
8,Raw,Cellpose3,0.9,0.44444445,44
9,Raw,Cellpose3,0.95,0.0,44
10,Raw,Cellpose3,1.0,0.0,44
0,Raw,Morphometrics,0.5,0.8913044,44
1,Raw,Morphometrics,0.55,0.8913044,44
2,Raw,Morphometrics,0.6,0.8913044,44
3,Raw,Morphometrics,0.65,0.8913044,44
4,Raw,Morphometrics,0.7,0.8913044,44
5,Raw,Morphometrics,0.75,0.8695652,44
6,Raw,Morphometrics,0.8,0.84782606,44
7,Raw,Morphometrics,0.85,0.7826087,44
8,Raw,Morphometrics,0.9,0.67391306,44
9,Raw,Morphometrics,0.95,0.04347826,44
10,Raw,Morphometrics,1.0,0.0,44
0,Raw,Omnipose,0.5,0.74509805,45
1,Raw,Omnipose,0.55,0.7254902,45
2,Raw,Omnipose,0.6,0.7058824,45
3,Raw,Omnipose,0.65,0.7058824,45
4,Raw,Omnipose,0.7,0.7058824,45
5,Raw,Omnipose,0.75,0.7058824,45
6,Raw,Omnipose,0.8,0.7058824,45
7,Raw,Omnipose,0.85,0.6862745,45
8,Raw,Omnipose,0.9,0.6862745,45
9,Raw,Omnipose,0.95,0.078431375,45
10,Raw,Omnipose,1.0,0.0,45
0,Raw,Cellpose-SAM,0.5,0.85714287,45
1,Raw,Cellpose-SAM,0.55,0.85714287,45
2,Raw,Cellpose-SAM,0.6,0.85714287,45
3,Raw,Cellpose-SAM,0.65,0.85714287,45
4,Raw,Cellpose-SAM,0.7,0.85714287,45
5,Raw,Cellpose-SAM,0.75,0.85714287,45
6,Raw,Cellpose-SAM,0.8,0.85714287,45
7,Raw,Cellpose-SAM,0.85,0.85714287,45
8,Raw,Cellpose-SAM,0.9,0.8333333,45
9,Raw,Cellpose-SAM,0.95,0.14285715,45
10,Raw,Cellpose-SAM,1.0,0.0,45
0,Raw,microSAM,0.5,0.5496183,45
1,Raw,microSAM,0.55,0.53435117,45
2,Raw,microSAM,0.6,0.53435117,45
3,Raw,microSAM,0.65,0.519084,45
4,Raw,microSAM,0.7,0.5038168,45
5,Raw,microSAM,0.75,0.5038168,45
6,Raw,microSAM,0.8,0.47328246,45
7,Raw,microSAM,0.85,0.39694658,45
8,Raw,microSAM,0.9,0.122137405,45
9,Raw,microSAM,0.95,0.0,45
10,Raw,microSAM,1.0,0.0,45
0,Raw,Cellpose3,0.5,0.7058824,45
1,Raw,Cellpose3,0.55,0.7058824,45
2,Raw,Cellpose3,0.6,0.6862745,45
3,Raw,Cellpose3,0.65,0.6862745,45
4,Raw,Cellpose3,0.7,0.6862745,45
5,Raw,Cellpose3,0.75,0.6862745,45
6,Raw,Cellpose3,0.8,0.64705884,45
7,Raw,Cellpose3,0.85,0.50980395,45
8,Raw,Cellpose3,0.9,0.4117647,45
9,Raw,Cellpose3,0.95,0.0,45
10,Raw,Cellpose3,1.0,0.0,45
0,Raw,Morphometrics,0.5,0.8372093,45
1,Raw,Morphometrics,0.55,0.81395346,45
2,Raw,Morphometrics,0.6,0.81395346,45
3,Raw,Morphometrics,0.65,0.81395346,45
4,Raw,Morphometrics,0.7,0.7906977,45
5,Raw,Morphometrics,0.75,0.76744187,45
6,Raw,Morphometrics,0.8,0.76744187,45
7,Raw,Morphometrics,0.85,0.6976744,45
8,Raw,Morphometrics,0.9,0.60465115,45
9,Raw,Morphometrics,0.95,0.046511628,45
10,Raw,Morphometrics,1.0,0.0,45
0,Raw,Omnipose,0.5,0.85714287,46
1,Raw,Omnipose,0.55,0.79761904,46
2,Raw,Omnipose,0.6,0.79761904,46
3,Raw,Omnipose,0.65,0.79761904,46
4,Raw,Omnipose,0.7,0.79761904,46
5,Raw,Omnipose,0.75,0.79761904,46
6,Raw,Omnipose,0.8,0.79761904,46
7,Raw,Omnipose,0.85,0.79761904,46
8,Raw,Omnipose,0.9,0.78571427,46
9,Raw,Omnipose,0.95,0.32142857,46
10,Raw,Omnipose,1.0,0.0,46
0,Raw,Cellpose-SAM,0.5,0.9056604,46
1,Raw,Cellpose-SAM,0.55,0.8553459,46
2,Raw,Cellpose-SAM,0.6,0.8553459,46
3,Raw,Cellpose-SAM,0.65,0.8553459,46
4,Raw,Cellpose-SAM,0.7,0.8553459,46
5,Raw,Cellpose-SAM,0.75,0.8553459,46
6,Raw,Cellpose-SAM,0.8,0.8553459,46
7,Raw,Cellpose-SAM,0.85,0.8553459,46
8,Raw,Cellpose-SAM,0.9,0.8553459,46
9,Raw,Cellpose-SAM,0.95,0.25157234,46
10,Raw,Cellpose-SAM,1.0,0.0,46
0,Raw,microSAM,0.5,0.57416266,46
1,Raw,microSAM,0.55,0.5263158,46
2,Raw,microSAM,0.6,0.50717705,46
3,Raw,microSAM,0.65,0.46889952,46
4,Raw,microSAM,0.7,0.4401914,46
5,Raw,microSAM,0.75,0.40191388,46
6,Raw,microSAM,0.8,0.354067,46
7,Raw,microSAM,0.85,0.22966507,46
8,Raw,microSAM,0.9,0.03827751,46
9,Raw,microSAM,0.95,0.0,46
10,Raw,microSAM,1.0,0.0,46
0,Raw,Cellpose3,0.5,0.7135135,46
1,Raw,Cellpose3,0.55,0.6918919,46
2,Raw,Cellpose3,0.6,0.68108106,46
3,Raw,Cellpose3,0.65,0.68108106,46
4,Raw,Cellpose3,0.7,0.68108106,46
5,Raw,Cellpose3,0.75,0.68108106,46
6,Raw,Cellpose3,0.8,0.68108106,46
7,Raw,Cellpose3,0.85,0.68108106,46
8,Raw,Cellpose3,0.9,0.5405405,46
9,Raw,Cellpose3,0.95,0.0,46
10,Raw,Cellpose3,1.0,0.0,46
0,Raw,Morphometrics,0.5,0.8198758,46
1,Raw,Morphometrics,0.55,0.7826087,46
2,Raw,Morphometrics,0.6,0.7826087,46
3,Raw,Morphometrics,0.65,0.77018636,46
4,Raw,Morphometrics,0.7,0.77018636,46
5,Raw,Morphometrics,0.75,0.77018636,46
6,Raw,Morphometrics,0.8,0.77018636,46
7,Raw,Morphometrics,0.85,0.77018636,46
8,Raw,Morphometrics,0.9,0.77018636,46
9,Raw,Morphometrics,0.95,0.36024845,46
10,Raw,Morphometrics,1.0,0.0,46
0,Raw,Omnipose,0.5,0.7972028,47
1,Raw,Omnipose,0.55,0.7692308,47
2,Raw,Omnipose,0.6,0.7692308,47
3,Raw,Omnipose,0.65,0.7692308,47
4,Raw,Omnipose,0.7,0.7692308,47
5,Raw,Omnipose,0.75,0.7692308,47
6,Raw,Omnipose,0.8,0.7692308,47
7,Raw,Omnipose,0.85,0.7692308,47
8,Raw,Omnipose,0.9,0.6853147,47
9,Raw,Omnipose,0.95,0.062937066,47
10,Raw,Omnipose,1.0,0.0,47
0,Raw,Cellpose-SAM,0.5,0.85714287,47
1,Raw,Cellpose-SAM,0.55,0.82625484,47
2,Raw,Cellpose-SAM,0.6,0.8185328,47
3,Raw,Cellpose-SAM,0.65,0.8185328,47
4,Raw,Cellpose-SAM,0.7,0.8108108,47
5,Raw,Cellpose-SAM,0.75,0.8030888,47
6,Raw,Cellpose-SAM,0.8,0.7953668,47
7,Raw,Cellpose-SAM,0.85,0.7876448,47
8,Raw,Cellpose-SAM,0.9,0.57915056,47
9,Raw,Cellpose-SAM,0.95,0.038610037,47
10,Raw,Cellpose-SAM,1.0,0.0,47
0,Raw,microSAM,0.5,0.41558442,47
1,Raw,microSAM,0.55,0.36883116,47
2,Raw,microSAM,0.6,0.34285715,47
3,Raw,microSAM,0.65,0.30649352,47
4,Raw,microSAM,0.7,0.29090908,47
5,Raw,microSAM,0.75,0.23896104,47
6,Raw,microSAM,0.8,0.18181819,47
7,Raw,microSAM,0.85,0.114285715,47
8,Raw,microSAM,0.9,0.025974026,47
9,Raw,microSAM,0.95,0.0,47
10,Raw,microSAM,1.0,0.0,47
0,Raw,Cellpose3,0.5,0.62416106,47
1,Raw,Cellpose3,0.55,0.59731543,47
2,Raw,Cellpose3,0.6,0.590604,47
3,Raw,Cellpose3,0.65,0.5771812,47
4,Raw,Cellpose3,0.7,0.5704698,47
5,Raw,Cellpose3,0.75,0.5704698,47
6,Raw,Cellpose3,0.8,0.557047,47
7,Raw,Cellpose3,0.85,0.4295302,47
8,Raw,Cellpose3,0.9,0.10738255,47
9,Raw,Cellpose3,0.95,0.0,47
10,Raw,Cellpose3,1.0,0.0,47
0,Raw,Morphometrics,0.5,0.7753623,47
1,Raw,Morphometrics,0.55,0.73188406,47
2,Raw,Morphometrics,0.6,0.7246377,47
3,Raw,Morphometrics,0.65,0.70289856,47
4,Raw,Morphometrics,0.7,0.6956522,47
5,Raw,Morphometrics,0.75,0.67391306,47
6,Raw,Morphometrics,0.8,0.64492756,47
7,Raw,Morphometrics,0.85,0.60144925,47
8,Raw,Morphometrics,0.9,0.44927537,47
9,Raw,Morphometrics,0.95,0.028985508,47
10,Raw,Morphometrics,1.0,0.0,47
0,Raw,Omnipose,0.5,0.85714287,48
1,Raw,Omnipose,0.55,0.85714287,48
2,Raw,Omnipose,0.6,0.85714287,48
3,Raw,Omnipose,0.65,0.85714287,48
4,Raw,Omnipose,0.7,0.85714287,48
5,Raw,Omnipose,0.75,0.85714287,48
6,Raw,Omnipose,0.8,0.85714287,48
7,Raw,Omnipose,0.85,0.85714287,48
8,Raw,Omnipose,0.9,0.81632656,48
9,Raw,Omnipose,0.95,0.48979592,48
10,Raw,Omnipose,1.0,0.0,48
0,Raw,Cellpose-SAM,0.5,1.0,48
1,Raw,Cellpose-SAM,0.55,1.0,48
2,Raw,Cellpose-SAM,0.6,0.95238096,48
3,Raw,Cellpose-SAM,0.65,0.95238096,48
4,Raw,Cellpose-SAM,0.7,0.95238096,48
5,Raw,Cellpose-SAM,0.75,0.95238096,48
6,Raw,Cellpose-SAM,0.8,0.95238096,48
7,Raw,Cellpose-SAM,0.85,0.95238096,48
8,Raw,Cellpose-SAM,0.9,0.95238096,48
9,Raw,Cellpose-SAM,0.95,0.5714286,48
10,Raw,Cellpose-SAM,1.0,0.0,48
0,Raw,microSAM,0.5,0.6885246,48
1,Raw,microSAM,0.55,0.6557377,48
2,Raw,microSAM,0.6,0.6557377,48
3,Raw,microSAM,0.65,0.6229508,48
4,Raw,microSAM,0.7,0.6229508,48
5,Raw,microSAM,0.75,0.59016395,48
6,Raw,microSAM,0.8,0.55737704,48
7,Raw,microSAM,0.85,0.4262295,48
8,Raw,microSAM,0.9,0.13114753,48
9,Raw,microSAM,0.95,0.0,48
10,Raw,microSAM,1.0,0.0,48
0,Raw,Cellpose3,0.5,0.53846157,48
1,Raw,Cellpose3,0.55,0.53846157,48
2,Raw,Cellpose3,0.6,0.53846157,48
3,Raw,Cellpose3,0.65,0.51282054,48
4,Raw,Cellpose3,0.7,0.51282054,48
5,Raw,Cellpose3,0.75,0.4871795,48
6,Raw,Cellpose3,0.8,0.4871795,48
7,Raw,Cellpose3,0.85,0.4871795,48
8,Raw,Cellpose3,0.9,0.23076923,48
9,Raw,Cellpose3,0.95,0.0,48
10,Raw,Cellpose3,1.0,0.0,48
0,Raw,Morphometrics,0.5,0.7826087,48
1,Raw,Morphometrics,0.55,0.73913044,48
2,Raw,Morphometrics,0.6,0.73913044,48
3,Raw,Morphometrics,0.65,0.73913044,48
4,Raw,Morphometrics,0.7,0.6956522,48
5,Raw,Morphometrics,0.75,0.6956522,48
6,Raw,Morphometrics,0.8,0.65217394,48
7,Raw,Morphometrics,0.85,0.65217394,48
8,Raw,Morphometrics,0.9,0.65217394,48
9,Raw,Morphometrics,0.95,0.08695652,48
10,Raw,Morphometrics,1.0,0.0,48
0,Raw,Omnipose,0.5,0.83495146,49
1,Raw,Omnipose,0.55,0.79611653,49
2,Raw,Omnipose,0.6,0.79611653,49
3,Raw,Omnipose,0.65,0.79611653,49
4,Raw,Omnipose,0.7,0.79611653,49
5,Raw,Omnipose,0.75,0.79611653,49
6,Raw,Omnipose,0.8,0.79611653,49
7,Raw,Omnipose,0.85,0.79611653,49
8,Raw,Omnipose,0.9,0.75728154,49
9,Raw,Omnipose,0.95,0.3883495,49
10,Raw,Omnipose,1.0,0.0,49
0,Raw,Cellpose-SAM,0.5,0.89361703,49
1,Raw,Cellpose-SAM,0.55,0.85106385,49
2,Raw,Cellpose-SAM,0.6,0.85106385,49
3,Raw,Cellpose-SAM,0.65,0.85106385,49
4,Raw,Cellpose-SAM,0.7,0.85106385,49
5,Raw,Cellpose-SAM,0.75,0.85106385,49
6,Raw,Cellpose-SAM,0.8,0.82978725,49
7,Raw,Cellpose-SAM,0.85,0.82978725,49
8,Raw,Cellpose-SAM,0.9,0.78723407,49
9,Raw,Cellpose-SAM,0.95,0.29787233,49
10,Raw,Cellpose-SAM,1.0,0.0,49
0,Raw,microSAM,0.5,0.53333336,49
1,Raw,microSAM,0.55,0.5037037,49
2,Raw,microSAM,0.6,0.4888889,49
3,Raw,microSAM,0.65,0.42962962,49
4,Raw,microSAM,0.7,0.35555556,49
5,Raw,microSAM,0.75,0.31111112,49
6,Raw,microSAM,0.8,0.19259259,49
7,Raw,microSAM,0.85,0.11851852,49
8,Raw,microSAM,0.9,0.044444446,49
9,Raw,microSAM,0.95,0.0,49
10,Raw,microSAM,1.0,0.0,49
0,Raw,Cellpose3,0.5,0.519084,49
1,Raw,Cellpose3,0.55,0.48854962,49
2,Raw,Cellpose3,0.6,0.47328246,49
3,Raw,Cellpose3,0.65,0.47328246,49
4,Raw,Cellpose3,0.7,0.4427481,49
5,Raw,Cellpose3,0.75,0.4427481,49
6,Raw,Cellpose3,0.8,0.4274809,49
7,Raw,Cellpose3,0.85,0.36641222,49
8,Raw,Cellpose3,0.9,0.16793893,49
9,Raw,Cellpose3,0.95,0.0,49
10,Raw,Cellpose3,1.0,0.0,49
0,Raw,Morphometrics,0.5,0.8,49
1,Raw,Morphometrics,0.55,0.75789475,49
2,Raw,Morphometrics,0.6,0.7368421,49
3,Raw,Morphometrics,0.65,0.7368421,49
4,Raw,Morphometrics,0.7,0.69473684,49
5,Raw,Morphometrics,0.75,0.67368424,49
6,Raw,Morphometrics,0.8,0.6526316,49
7,Raw,Morphometrics,0.85,0.6105263,49
8,Raw,Morphometrics,0.9,0.56842107,49
9,Raw,Morphometrics,0.95,0.06315789,49
10,Raw,Morphometrics,1.0,0.0,49
0,Raw,Omnipose,0.5,0.7311828,50
1,Raw,Omnipose,0.55,0.7096774,50
2,Raw,Omnipose,0.6,0.7096774,50
3,Raw,Omnipose,0.65,0.68817204,50
4,Raw,Omnipose,0.7,0.68817204,50
5,Raw,Omnipose,0.75,0.68817204,50
6,Raw,Omnipose,0.8,0.68817204,50
7,Raw,Omnipose,0.85,0.68817204,50
8,Raw,Omnipose,0.9,0.4516129,50
9,Raw,Omnipose,0.95,0.0,50
10,Raw,Omnipose,1.0,0.0,50
0,Raw,Cellpose-SAM,0.5,0.8292683,50
1,Raw,Cellpose-SAM,0.55,0.80487806,50
2,Raw,Cellpose-SAM,0.6,0.80487806,50
3,Raw,Cellpose-SAM,0.65,0.80487806,50
4,Raw,Cellpose-SAM,0.7,0.80487806,50
5,Raw,Cellpose-SAM,0.75,0.80487806,50
6,Raw,Cellpose-SAM,0.8,0.80487806,50
7,Raw,Cellpose-SAM,0.85,0.75609756,50
8,Raw,Cellpose-SAM,0.9,0.2682927,50
9,Raw,Cellpose-SAM,0.95,0.0,50
10,Raw,Cellpose-SAM,1.0,0.0,50
0,Raw,microSAM,0.5,0.3248731,50
1,Raw,microSAM,0.55,0.3147208,50
2,Raw,microSAM,0.6,0.30456853,50
3,Raw,microSAM,0.65,0.26395938,50
4,Raw,microSAM,0.7,0.26395938,50
5,Raw,microSAM,0.75,0.24365482,50
6,Raw,microSAM,0.8,0.18274112,50
7,Raw,microSAM,0.85,0.08121827,50
8,Raw,microSAM,0.9,0.010152284,50
9,Raw,microSAM,0.95,0.0,50
10,Raw,microSAM,1.0,0.0,50
0,Raw,Cellpose3,0.5,0.75268817,50
1,Raw,Cellpose3,0.55,0.7096774,50
2,Raw,Cellpose3,0.6,0.7096774,50
3,Raw,Cellpose3,0.65,0.68817204,50
4,Raw,Cellpose3,0.7,0.68817204,50
5,Raw,Cellpose3,0.75,0.68817204,50
6,Raw,Cellpose3,0.8,0.60215056,50
7,Raw,Cellpose3,0.85,0.30107528,50
8,Raw,Cellpose3,0.9,0.043010753,50
9,Raw,Cellpose3,0.95,0.0,50
10,Raw,Cellpose3,1.0,0.0,50
0,Raw,Morphometrics,0.5,0.8148148,50
1,Raw,Morphometrics,0.55,0.79012346,50
2,Raw,Morphometrics,0.6,0.79012346,50
3,Raw,Morphometrics,0.65,0.79012346,50
4,Raw,Morphometrics,0.7,0.79012346,50
5,Raw,Morphometrics,0.75,0.7654321,50
6,Raw,Morphometrics,0.8,0.7654321,50
7,Raw,Morphometrics,0.85,0.7160494,50
8,Raw,Morphometrics,0.9,0.19753087,50
9,Raw,Morphometrics,0.95,0.074074075,50
10,Raw,Morphometrics,1.0,0.0,50
0,Raw,Omnipose,0.5,0.9811321,51
1,Raw,Omnipose,0.55,0.9622642,51
2,Raw,Omnipose,0.6,0.9622642,51
3,Raw,Omnipose,0.65,0.9622642,51
4,Raw,Omnipose,0.7,0.9622642,51
5,Raw,Omnipose,0.75,0.9622642,51
6,Raw,Omnipose,0.8,0.9622642,51
7,Raw,Omnipose,0.85,0.9245283,51
8,Raw,Omnipose,0.9,0.5660377,51
9,Raw,Omnipose,0.95,0.0,51
10,Raw,Omnipose,1.0,0.0,51
0,Raw,Cellpose-SAM,0.5,0.9714286,51
1,Raw,Cellpose-SAM,0.55,0.9714286,51
2,Raw,Cellpose-SAM,0.6,0.9714286,51
3,Raw,Cellpose-SAM,0.65,0.9714286,51
4,Raw,Cellpose-SAM,0.7,0.9714286,51
5,Raw,Cellpose-SAM,0.75,0.9714286,51
6,Raw,Cellpose-SAM,0.8,0.95238096,51
7,Raw,Cellpose-SAM,0.85,0.81904763,51
8,Raw,Cellpose-SAM,0.9,0.43809524,51
9,Raw,Cellpose-SAM,0.95,0.0,51
10,Raw,Cellpose-SAM,1.0,0.0,51
0,Raw,microSAM,0.5,0.5479452,51
1,Raw,microSAM,0.55,0.53424656,51
2,Raw,microSAM,0.6,0.5205479,51
3,Raw,microSAM,0.65,0.49315068,51
4,Raw,microSAM,0.7,0.43835616,51
5,Raw,microSAM,0.75,0.38356164,51
6,Raw,microSAM,0.8,0.26027396,51
7,Raw,microSAM,0.85,0.10958904,51
8,Raw,microSAM,0.9,0.0,51
9,Raw,microSAM,0.95,0.0,51
10,Raw,microSAM,1.0,0.0,51
0,Raw,Cellpose3,0.5,0.70149255,51
1,Raw,Cellpose3,0.55,0.6865672,51
2,Raw,Cellpose3,0.6,0.6865672,51
3,Raw,Cellpose3,0.65,0.6865672,51
4,Raw,Cellpose3,0.7,0.6865672,51
5,Raw,Cellpose3,0.75,0.6567164,51
6,Raw,Cellpose3,0.8,0.64179105,51
7,Raw,Cellpose3,0.85,0.3880597,51
8,Raw,Cellpose3,0.9,0.04477612,51
9,Raw,Cellpose3,0.95,0.0,51
10,Raw,Cellpose3,1.0,0.0,51
0,Raw,Morphometrics,0.5,0.88073397,51
1,Raw,Morphometrics,0.55,0.88073397,51
2,Raw,Morphometrics,0.6,0.88073397,51
3,Raw,Morphometrics,0.65,0.86238533,51
4,Raw,Morphometrics,0.7,0.86238533,51
5,Raw,Morphometrics,0.75,0.8440367,51
6,Raw,Morphometrics,0.8,0.80733943,51
7,Raw,Morphometrics,0.85,0.6972477,51
8,Raw,Morphometrics,0.9,0.29357797,51
9,Raw,Morphometrics,0.95,0.0,51
10,Raw,Morphometrics,1.0,0.0,51
0,Raw,Omnipose,0.5,0.7529412,52
1,Raw,Omnipose,0.55,0.7529412,52
2,Raw,Omnipose,0.6,0.7294118,52
3,Raw,Omnipose,0.65,0.7294118,52
4,Raw,Omnipose,0.7,0.7294118,52
5,Raw,Omnipose,0.75,0.7294118,52
6,Raw,Omnipose,0.8,0.7294118,52
7,Raw,Omnipose,0.85,0.7058824,52
8,Raw,Omnipose,0.9,0.5411765,52
9,Raw,Omnipose,0.95,0.0,52
10,Raw,Omnipose,1.0,0.0,52
0,Raw,Cellpose-SAM,0.5,0.8648649,52
1,Raw,Cellpose-SAM,0.55,0.8378378,52
2,Raw,Cellpose-SAM,0.6,0.8108108,52
3,Raw,Cellpose-SAM,0.65,0.8108108,52
4,Raw,Cellpose-SAM,0.7,0.8108108,52
5,Raw,Cellpose-SAM,0.75,0.8108108,52
6,Raw,Cellpose-SAM,0.8,0.8108108,52
7,Raw,Cellpose-SAM,0.85,0.7567568,52
8,Raw,Cellpose-SAM,0.9,0.4054054,52
9,Raw,Cellpose-SAM,0.95,0.0,52
10,Raw,Cellpose-SAM,1.0,0.0,52
0,Raw,microSAM,0.5,0.21551724,52
1,Raw,microSAM,0.55,0.19827586,52
2,Raw,microSAM,0.6,0.19827586,52
3,Raw,microSAM,0.65,0.1724138,52
4,Raw,microSAM,0.7,0.14655173,52
5,Raw,microSAM,0.75,0.12068965,52
6,Raw,microSAM,0.8,0.06896552,52
7,Raw,microSAM,0.85,0.01724138,52
8,Raw,microSAM,0.9,0.0,52
9,Raw,microSAM,0.95,0.0,52
10,Raw,microSAM,1.0,0.0,52
0,Raw,Cellpose3,0.5,0.4172662,52
1,Raw,Cellpose3,0.55,0.4172662,52
2,Raw,Cellpose3,0.6,0.4172662,52
3,Raw,Cellpose3,0.65,0.4172662,52
4,Raw,Cellpose3,0.7,0.4172662,52
5,Raw,Cellpose3,0.75,0.4028777,52
6,Raw,Cellpose3,0.8,0.35971224,52
7,Raw,Cellpose3,0.85,0.20143884,52
8,Raw,Cellpose3,0.9,0.01438849,52
9,Raw,Cellpose3,0.95,0.0,52
10,Raw,Cellpose3,1.0,0.0,52
0,Raw,Morphometrics,0.5,0.7631579,52
1,Raw,Morphometrics,0.55,0.7368421,52
2,Raw,Morphometrics,0.6,0.7105263,52
3,Raw,Morphometrics,0.65,0.7105263,52
4,Raw,Morphometrics,0.7,0.7105263,52
5,Raw,Morphometrics,0.75,0.68421054,52
6,Raw,Morphometrics,0.8,0.68421054,52
7,Raw,Morphometrics,0.85,0.55263156,52
8,Raw,Morphometrics,0.9,0.23684211,52
9,Raw,Morphometrics,0.95,0.0,52
10,Raw,Morphometrics,1.0,0.0,52
0,Raw,Omnipose,0.5,0.6486486,53
1,Raw,Omnipose,0.55,0.6486486,53
2,Raw,Omnipose,0.6,0.6486486,53
3,Raw,Omnipose,0.65,0.6486486,53
4,Raw,Omnipose,0.7,0.6486486,53
5,Raw,Omnipose,0.75,0.6486486,53
6,Raw,Omnipose,0.8,0.6486486,53
7,Raw,Omnipose,0.85,0.6486486,53
8,Raw,Omnipose,0.9,0.6486486,53
9,Raw,Omnipose,0.95,0.21621622,53
10,Raw,Omnipose,1.0,0.0,53
0,Raw,Cellpose-SAM,0.5,0.8,53
1,Raw,Cellpose-SAM,0.55,0.8,53
2,Raw,Cellpose-SAM,0.6,0.8,53
3,Raw,Cellpose-SAM,0.65,0.8,53
4,Raw,Cellpose-SAM,0.7,0.8,53
5,Raw,Cellpose-SAM,0.75,0.8,53
6,Raw,Cellpose-SAM,0.8,0.8,53
7,Raw,Cellpose-SAM,0.85,0.8,53
8,Raw,Cellpose-SAM,0.9,0.8,53
9,Raw,Cellpose-SAM,0.95,0.53333336,53
10,Raw,Cellpose-SAM,1.0,0.0,53
0,Raw,microSAM,0.5,0.33333334,53
1,Raw,microSAM,0.55,0.3030303,53
2,Raw,microSAM,0.6,0.3030303,53
3,Raw,microSAM,0.65,0.3030303,53
4,Raw,microSAM,0.7,0.27272728,53
5,Raw,microSAM,0.75,0.24242425,53
6,Raw,microSAM,0.8,0.21212122,53
7,Raw,microSAM,0.85,0.18181819,53
8,Raw,microSAM,0.9,0.060606062,53
9,Raw,microSAM,0.95,0.0,53
10,Raw,microSAM,1.0,0.0,53
0,Raw,Cellpose3,0.5,0.375,53
1,Raw,Cellpose3,0.55,0.375,53
2,Raw,Cellpose3,0.6,0.375,53
3,Raw,Cellpose3,0.65,0.375,53
4,Raw,Cellpose3,0.7,0.375,53
5,Raw,Cellpose3,0.75,0.375,53
6,Raw,Cellpose3,0.8,0.375,53
7,Raw,Cellpose3,0.85,0.34375,53
8,Raw,Cellpose3,0.9,0.1875,53
9,Raw,Cellpose3,0.95,0.0,53
10,Raw,Cellpose3,1.0,0.0,53
0,Raw,Morphometrics,0.5,0.8,53
1,Raw,Morphometrics,0.55,0.8,53
2,Raw,Morphometrics,0.6,0.8,53
3,Raw,Morphometrics,0.65,0.8,53
4,Raw,Morphometrics,0.7,0.8,53
5,Raw,Morphometrics,0.75,0.8,53
6,Raw,Morphometrics,0.8,0.8,53
7,Raw,Morphometrics,0.85,0.8,53
8,Raw,Morphometrics,0.9,0.6666667,53
9,Raw,Morphometrics,0.95,0.13333334,53
10,Raw,Morphometrics,1.0,0.0,53
0,Raw,Omnipose,0.5,0.8854962,54
1,Raw,Omnipose,0.55,0.8549618,54
2,Raw,Omnipose,0.6,0.8396947,54
3,Raw,Omnipose,0.65,0.8396947,54
4,Raw,Omnipose,0.7,0.8396947,54
5,Raw,Omnipose,0.75,0.8396947,54
6,Raw,Omnipose,0.8,0.8244275,54
7,Raw,Omnipose,0.85,0.79389316,54
8,Raw,Omnipose,0.9,0.5038168,54
9,Raw,Omnipose,0.95,0.0,54
10,Raw,Omnipose,1.0,0.0,54
0,Raw,Cellpose-SAM,0.5,0.9032258,54
1,Raw,Cellpose-SAM,0.55,0.87096775,54
2,Raw,Cellpose-SAM,0.6,0.8548387,54
3,Raw,Cellpose-SAM,0.65,0.8548387,54
4,Raw,Cellpose-SAM,0.7,0.8548387,54
5,Raw,Cellpose-SAM,0.75,0.8548387,54
6,Raw,Cellpose-SAM,0.8,0.8548387,54
7,Raw,Cellpose-SAM,0.85,0.7419355,54
8,Raw,Cellpose-SAM,0.9,0.27419356,54
9,Raw,Cellpose-SAM,0.95,0.0,54
10,Raw,Cellpose-SAM,1.0,0.0,54
0,Raw,microSAM,0.5,0.53409094,54
1,Raw,microSAM,0.55,0.53409094,54
2,Raw,microSAM,0.6,0.48863637,54
3,Raw,microSAM,0.65,0.48863637,54
4,Raw,microSAM,0.7,0.38636363,54
5,Raw,microSAM,0.75,0.29545453,54
6,Raw,microSAM,0.8,0.13636364,54
7,Raw,microSAM,0.85,0.03409091,54
8,Raw,microSAM,0.9,0.0,54
9,Raw,microSAM,0.95,0.0,54
10,Raw,microSAM,1.0,0.0,54
0,Raw,Cellpose3,0.5,0.74626863,54
1,Raw,Cellpose3,0.55,0.74626863,54
2,Raw,Cellpose3,0.6,0.73134327,54
3,Raw,Cellpose3,0.65,0.73134327,54
4,Raw,Cellpose3,0.7,0.73134327,54
5,Raw,Cellpose3,0.75,0.7164179,54
6,Raw,Cellpose3,0.8,0.6865672,54
7,Raw,Cellpose3,0.85,0.43283582,54
8,Raw,Cellpose3,0.9,0.029850746,54
9,Raw,Cellpose3,0.95,0.0,54
10,Raw,Cellpose3,1.0,0.0,54
0,Raw,Morphometrics,0.5,0.864,54
1,Raw,Morphometrics,0.55,0.864,54
2,Raw,Morphometrics,0.6,0.848,54
3,Raw,Morphometrics,0.65,0.848,54
4,Raw,Morphometrics,0.7,0.832,54
5,Raw,Morphometrics,0.75,0.832,54
6,Raw,Morphometrics,0.8,0.816,54
7,Raw,Morphometrics,0.85,0.656,54
8,Raw,Morphometrics,0.9,0.064,54
9,Raw,Morphometrics,0.95,0.0,54
10,Raw,Morphometrics,1.0,0.0,54
0,Raw,Omnipose,0.5,0.8947368,55
1,Raw,Omnipose,0.55,0.8947368,55
2,Raw,Omnipose,0.6,0.8947368,55
3,Raw,Omnipose,0.65,0.8947368,55
4,Raw,Omnipose,0.7,0.88596493,55
5,Raw,Omnipose,0.75,0.88596493,55
6,Raw,Omnipose,0.8,0.88596493,55
7,Raw,Omnipose,0.85,0.88596493,55
8,Raw,Omnipose,0.9,0.80701756,55
9,Raw,Omnipose,0.95,0.4385965,55
10,Raw,Omnipose,1.0,0.0,55
0,Raw,Cellpose-SAM,0.5,0.9,55
1,Raw,Cellpose-SAM,0.55,0.9,55
2,Raw,Cellpose-SAM,0.6,0.9,55
3,Raw,Cellpose-SAM,0.65,0.9,55
4,Raw,Cellpose-SAM,0.7,0.9,55
5,Raw,Cellpose-SAM,0.75,0.9,55
6,Raw,Cellpose-SAM,0.8,0.8818182,55
7,Raw,Cellpose-SAM,0.85,0.8636364,55
8,Raw,Cellpose-SAM,0.9,0.7909091,55
9,Raw,Cellpose-SAM,0.95,0.34545454,55
10,Raw,Cellpose-SAM,1.0,0.0,55
0,Raw,microSAM,0.5,0.33890215,55
1,Raw,microSAM,0.55,0.3150358,55
2,Raw,microSAM,0.6,0.29594272,55
3,Raw,microSAM,0.65,0.27684963,55
4,Raw,microSAM,0.7,0.23866348,55
5,Raw,microSAM,0.75,0.21002387,55
6,Raw,microSAM,0.8,0.16229117,55
7,Raw,microSAM,0.85,0.11933174,55
8,Raw,microSAM,0.9,0.03818616,55
9,Raw,microSAM,0.95,0.00477327,55
10,Raw,microSAM,1.0,0.0,55
0,Raw,Cellpose3,0.5,0.70731705,55
1,Raw,Cellpose3,0.55,0.68292683,55
2,Raw,Cellpose3,0.6,0.67479676,55
3,Raw,Cellpose3,0.65,0.67479676,55
4,Raw,Cellpose3,0.7,0.67479676,55
5,Raw,Cellpose3,0.75,0.67479676,55
6,Raw,Cellpose3,0.8,0.6178862,55
7,Raw,Cellpose3,0.85,0.5121951,55
8,Raw,Cellpose3,0.9,0.2682927,55
9,Raw,Cellpose3,0.95,0.008130081,55
10,Raw,Cellpose3,1.0,0.0,55
0,Raw,Morphometrics,0.5,0.8325792,55
1,Raw,Morphometrics,0.55,0.7963801,55
2,Raw,Morphometrics,0.6,0.7873303,55
3,Raw,Morphometrics,0.65,0.7873303,55
4,Raw,Morphometrics,0.7,0.77828056,55
5,Raw,Morphometrics,0.75,0.7692308,55
6,Raw,Morphometrics,0.8,0.74208146,55
7,Raw,Morphometrics,0.85,0.6968326,55
8,Raw,Morphometrics,0.9,0.43438914,55
9,Raw,Morphometrics,0.95,0.054298643,55
10,Raw,Morphometrics,1.0,0.0,55
