,Image type,Model,Threshold,F1,Image
0,Deconvolved,Omnipose,0.5,1.0,0
1,Deconvolved,Omnipose,0.55,1.0,0
2,Deconvolved,Omnipose,0.6,1.0,0
3,Deconvolved,Omnipose,0.65,1.0,0
4,Deconvolved,Omnipose,0.7,0.97727275,0
5,Deconvolved,Omnipose,0.75,0.97727275,0
6,Deconvolved,Omnipose,0.8,0.97727275,0
7,Deconvolved,Omnipose,0.85,0.97727275,0
8,Deconvolved,Omnipose,0.9,0.97727275,0
9,Deconvolved,Omnipose,0.95,0.5,0
10,Deconvolved,Omnipose,1.0,0.0,0
0,Deconvolved,Cellpose-SAM,0.5,0.9655172,0
1,Deconvolved,Cellpose-SAM,0.55,0.9655172,0
2,Deconvolved,Cellpose-SAM,0.6,0.9655172,0
3,Deconvolved,Cellpose-SAM,0.65,0.9655172,0
4,Deconvolved,Cellpose-SAM,0.7,0.9655172,0
5,Deconvolved,Cellpose-SAM,0.75,0.9655172,0
6,Deconvolved,Cellpose-SAM,0.8,0.9655172,0
7,Deconvolved,Cellpose-SAM,0.85,0.9655172,0
8,Deconvolved,Cellpose-SAM,0.9,0.9425287,0
9,Deconvolved,Cellpose-SAM,0.95,0.82758623,0
10,Deconvolved,Cellpose-SAM,1.0,0.0,0
0,Deconvolved,microSAM,0.5,0.95652175,0
1,Deconvolved,microSAM,0.55,0.95652175,0
2,Deconvolved,microSAM,0.6,0.95652175,0
3,Deconvolved,microSAM,0.65,0.95652175,0
4,Deconvolved,microSAM,0.7,0.9347826,0
5,Deconvolved,microSAM,0.75,0.9347826,0
6,Deconvolved,microSAM,0.8,0.9130435,0
7,Deconvolved,microSAM,0.85,0.8695652,0
8,Deconvolved,microSAM,0.9,0.2826087,0
9,Deconvolved,microSAM,0.95,0.04347826,0
10,Deconvolved,microSAM,1.0,0.0,0
0,Deconvolved,Cellpose3,0.5,0.95555556,0
1,Deconvolved,Cellpose3,0.55,0.95555556,0
2,Deconvolved,Cellpose3,0.6,0.93333334,0
3,Deconvolved,Cellpose3,0.65,0.9111111,0
4,Deconvolved,Cellpose3,0.7,0.9111111,0
5,Deconvolved,Cellpose3,0.75,0.8666667,0
6,Deconvolved,Cellpose3,0.8,0.82222223,0
7,Deconvolved,Cellpose3,0.85,0.73333335,0
8,Deconvolved,Cellpose3,0.9,0.2888889,0
9,Deconvolved,Cellpose3,0.95,0.0,0
10,Deconvolved,Cellpose3,1.0,0.0,0
0,Deconvolved,Morphometrics,0.5,0.0,0
1,Deconvolved,Morphometrics,0.55,0.0,0
2,Deconvolved,Morphometrics,0.6,0.0,0
3,Deconvolved,Morphometrics,0.65,0.0,0
4,Deconvolved,Morphometrics,0.7,0.0,0
5,Deconvolved,Morphometrics,0.75,0.0,0
6,Deconvolved,Morphometrics,0.8,0.0,0
7,Deconvolved,Morphometrics,0.85,0.0,0
8,Deconvolved,Morphometrics,0.9,0.0,0
9,Deconvolved,Morphometrics,0.95,0.0,0
10,Deconvolved,Morphometrics,1.0,0.0,0
0,Deconvolved,Omnipose,0.5,0.954023,1
1,Deconvolved,Omnipose,0.55,0.9425287,1
2,Deconvolved,Omnipose,0.6,0.9425287,1
3,Deconvolved,Omnipose,0.65,0.9425287,1
4,Deconvolved,Omnipose,0.7,0.9367816,1
5,Deconvolved,Omnipose,0.75,0.9367816,1
6,Deconvolved,Omnipose,0.8,0.9310345,1
7,Deconvolved,Omnipose,0.85,0.87931037,1
8,Deconvolved,Omnipose,0.9,0.7643678,1
9,Deconvolved,Omnipose,0.95,0.41379312,1
10,Deconvolved,Omnipose,1.0,0.0,1
0,Deconvolved,Cellpose-SAM,0.5,0.8979592,1
1,Deconvolved,Cellpose-SAM,0.55,0.8921283,1
2,Deconvolved,Cellpose-SAM,0.6,0.8921283,1
3,Deconvolved,Cellpose-SAM,0.65,0.8921283,1
4,Deconvolved,Cellpose-SAM,0.7,0.8862974,1
5,Deconvolved,Cellpose-SAM,0.75,0.8746356,1
6,Deconvolved,Cellpose-SAM,0.8,0.8688047,1
7,Deconvolved,Cellpose-SAM,0.85,0.80466473,1
8,Deconvolved,Cellpose-SAM,0.9,0.5947522,1
9,Deconvolved,Cellpose-SAM,0.95,0.20991254,1
10,Deconvolved,Cellpose-SAM,1.0,0.0,1
0,Deconvolved,microSAM,0.5,0.83419687,1
1,Deconvolved,microSAM,0.55,0.8134715,1
2,Deconvolved,microSAM,0.6,0.8134715,1
3,Deconvolved,microSAM,0.65,0.8134715,1
4,Deconvolved,microSAM,0.7,0.8082902,1
5,Deconvolved,microSAM,0.75,0.78238344,1
6,Deconvolved,microSAM,0.8,0.7150259,1
7,Deconvolved,microSAM,0.85,0.54404145,1
8,Deconvolved,microSAM,0.9,0.19689119,1
9,Deconvolved,microSAM,0.95,0.015544041,1
10,Deconvolved,microSAM,1.0,0.0,1
0,Deconvolved,Cellpose3,0.5,0.8360656,1
1,Deconvolved,Cellpose3,0.55,0.7978142,1
2,Deconvolved,Cellpose3,0.6,0.7978142,1
3,Deconvolved,Cellpose3,0.65,0.7978142,1
4,Deconvolved,Cellpose3,0.7,0.7978142,1
5,Deconvolved,Cellpose3,0.75,0.78142077,1
6,Deconvolved,Cellpose3,0.8,0.7431694,1
7,Deconvolved,Cellpose3,0.85,0.6721311,1
8,Deconvolved,Cellpose3,0.9,0.49726775,1
9,Deconvolved,Cellpose3,0.95,0.027322404,1
10,Deconvolved,Cellpose3,1.0,0.0,1
0,Deconvolved,Morphometrics,0.5,0.0,1
1,Deconvolved,Morphometrics,0.55,0.0,1
2,Deconvolved,Morphometrics,0.6,0.0,1
3,Deconvolved,Morphometrics,0.65,0.0,1
4,Deconvolved,Morphometrics,0.7,0.0,1
5,Deconvolved,Morphometrics,0.75,0.0,1
6,Deconvolved,Morphometrics,0.8,0.0,1
7,Deconvolved,Morphometrics,0.85,0.0,1
8,Deconvolved,Morphometrics,0.9,0.0,1
9,Deconvolved,Morphometrics,0.95,0.0,1
10,Deconvolved,Morphometrics,1.0,0.0,1
0,Deconvolved,Omnipose,0.5,0.9230769,2
1,Deconvolved,Omnipose,0.55,0.84615386,2
2,Deconvolved,Omnipose,0.6,0.84615386,2
3,Deconvolved,Omnipose,0.65,0.84615386,2
4,Deconvolved,Omnipose,0.7,0.84615386,2
5,Deconvolved,Omnipose,0.75,0.84615386,2
6,Deconvolved,Omnipose,0.8,0.7692308,2
7,Deconvolved,Omnipose,0.85,0.7692308,2
8,Deconvolved,Omnipose,0.9,0.7692308,2
9,Deconvolved,Omnipose,0.95,0.7692308,2
10,Deconvolved,Omnipose,1.0,0.0,2
0,Deconvolved,Cellpose-SAM,0.5,0.8148148,2
1,Deconvolved,Cellpose-SAM,0.55,0.7407407,2
2,Deconvolved,Cellpose-SAM,0.6,0.7407407,2
3,Deconvolved,Cellpose-SAM,0.65,0.7407407,2
4,Deconvolved,Cellpose-SAM,0.7,0.7407407,2
5,Deconvolved,Cellpose-SAM,0.75,0.7407407,2
6,Deconvolved,Cellpose-SAM,0.8,0.7407407,2
7,Deconvolved,Cellpose-SAM,0.85,0.7407407,2
8,Deconvolved,Cellpose-SAM,0.9,0.7407407,2
9,Deconvolved,Cellpose-SAM,0.95,0.6666667,2
10,Deconvolved,Cellpose-SAM,1.0,0.0,2
0,Deconvolved,microSAM,0.5,0.84615386,2
1,Deconvolved,microSAM,0.55,0.84615386,2
2,Deconvolved,microSAM,0.6,0.84615386,2
3,Deconvolved,microSAM,0.65,0.84615386,2
4,Deconvolved,microSAM,0.7,0.84615386,2
5,Deconvolved,microSAM,0.75,0.84615386,2
6,Deconvolved,microSAM,0.8,0.7692308,2
7,Deconvolved,microSAM,0.85,0.7692308,2
8,Deconvolved,microSAM,0.9,0.07692308,2
9,Deconvolved,microSAM,0.95,0.0,2
10,Deconvolved,microSAM,1.0,0.0,2
0,Deconvolved,Cellpose3,0.5,0.3529412,2
1,Deconvolved,Cellpose3,0.55,0.29411766,2
2,Deconvolved,Cellpose3,0.6,0.29411766,2
3,Deconvolved,Cellpose3,0.65,0.23529412,2
4,Deconvolved,Cellpose3,0.7,0.1764706,2
5,Deconvolved,Cellpose3,0.75,0.1764706,2
6,Deconvolved,Cellpose3,0.8,0.1764706,2
7,Deconvolved,Cellpose3,0.85,0.1764706,2
8,Deconvolved,Cellpose3,0.9,0.11764706,2
9,Deconvolved,Cellpose3,0.95,0.0,2
10,Deconvolved,Cellpose3,1.0,0.0,2
0,Deconvolved,Morphometrics,0.5,0.7096774,2
1,Deconvolved,Morphometrics,0.55,0.58064514,2
2,Deconvolved,Morphometrics,0.6,0.58064514,2
3,Deconvolved,Morphometrics,0.65,0.58064514,2
4,Deconvolved,Morphometrics,0.7,0.58064514,2
5,Deconvolved,Morphometrics,0.75,0.58064514,2
6,Deconvolved,Morphometrics,0.8,0.516129,2
7,Deconvolved,Morphometrics,0.85,0.516129,2
8,Deconvolved,Morphometrics,0.9,0.516129,2
9,Deconvolved,Morphometrics,0.95,0.516129,2
10,Deconvolved,Morphometrics,1.0,0.0,2
0,Deconvolved,Omnipose,0.5,1.0,3
1,Deconvolved,Omnipose,0.55,1.0,3
2,Deconvolved,Omnipose,0.6,1.0,3
3,Deconvolved,Omnipose,0.65,1.0,3
4,Deconvolved,Omnipose,0.7,1.0,3
5,Deconvolved,Omnipose,0.75,1.0,3
6,Deconvolved,Omnipose,0.8,1.0,3
7,Deconvolved,Omnipose,0.85,1.0,3
8,Deconvolved,Omnipose,0.9,1.0,3
9,Deconvolved,Omnipose,0.95,0.8484849,3
10,Deconvolved,Omnipose,1.0,0.0,3
0,Deconvolved,Cellpose-SAM,0.5,0.5344828,3
1,Deconvolved,Cellpose-SAM,0.55,0.51724136,3
2,Deconvolved,Cellpose-SAM,0.6,0.51724136,3
3,Deconvolved,Cellpose-SAM,0.65,0.51724136,3
4,Deconvolved,Cellpose-SAM,0.7,0.51724136,3
5,Deconvolved,Cellpose-SAM,0.75,0.51724136,3
6,Deconvolved,Cellpose-SAM,0.8,0.51724136,3
7,Deconvolved,Cellpose-SAM,0.85,0.51724136,3
8,Deconvolved,Cellpose-SAM,0.9,0.5,3
9,Deconvolved,Cellpose-SAM,0.95,0.15517241,3
10,Deconvolved,Cellpose-SAM,1.0,0.0,3
0,Deconvolved,microSAM,0.5,0.7894737,3
1,Deconvolved,microSAM,0.55,0.7894737,3
2,Deconvolved,microSAM,0.6,0.7894737,3
3,Deconvolved,microSAM,0.65,0.7894737,3
4,Deconvolved,microSAM,0.7,0.7894737,3
5,Deconvolved,microSAM,0.75,0.7894737,3
6,Deconvolved,microSAM,0.8,0.7894737,3
7,Deconvolved,microSAM,0.85,0.7894737,3
8,Deconvolved,microSAM,0.9,0.7105263,3
9,Deconvolved,microSAM,0.95,0.13157895,3
10,Deconvolved,microSAM,1.0,0.0,3
0,Deconvolved,Cellpose3,0.5,0.42201835,3
1,Deconvolved,Cellpose3,0.55,0.36697248,3
2,Deconvolved,Cellpose3,0.6,0.34862384,3
3,Deconvolved,Cellpose3,0.65,0.33027524,3
4,Deconvolved,Cellpose3,0.7,0.33027524,3
5,Deconvolved,Cellpose3,0.75,0.33027524,3
6,Deconvolved,Cellpose3,0.8,0.3119266,3
7,Deconvolved,Cellpose3,0.85,0.3119266,3
8,Deconvolved,Cellpose3,0.9,0.27522936,3
9,Deconvolved,Cellpose3,0.95,0.036697246,3
10,Deconvolved,Cellpose3,1.0,0.0,3
0,Deconvolved,Morphometrics,0.5,0.0,3
1,Deconvolved,Morphometrics,0.55,0.0,3
2,Deconvolved,Morphometrics,0.6,0.0,3
3,Deconvolved,Morphometrics,0.65,0.0,3
4,Deconvolved,Morphometrics,0.7,0.0,3
5,Deconvolved,Morphometrics,0.75,0.0,3
6,Deconvolved,Morphometrics,0.8,0.0,3
7,Deconvolved,Morphometrics,0.85,0.0,3
8,Deconvolved,Morphometrics,0.9,0.0,3
9,Deconvolved,Morphometrics,0.95,0.0,3
10,Deconvolved,Morphometrics,1.0,0.0,3
0,Deconvolved,Omnipose,0.5,0.94545454,4
1,Deconvolved,Omnipose,0.55,0.94545454,4
2,Deconvolved,Omnipose,0.6,0.94545454,4
3,Deconvolved,Omnipose,0.65,0.94545454,4
4,Deconvolved,Omnipose,0.7,0.94545454,4
5,Deconvolved,Omnipose,0.75,0.94545454,4
6,Deconvolved,Omnipose,0.8,0.94545454,4
7,Deconvolved,Omnipose,0.85,0.94545454,4
8,Deconvolved,Omnipose,0.9,0.94545454,4
9,Deconvolved,Omnipose,0.95,0.94545454,4
10,Deconvolved,Omnipose,1.0,0.0,4
0,Deconvolved,Cellpose-SAM,0.5,0.8333333,4
1,Deconvolved,Cellpose-SAM,0.55,0.8,4
2,Deconvolved,Cellpose-SAM,0.6,0.8,4
3,Deconvolved,Cellpose-SAM,0.65,0.76666665,4
4,Deconvolved,Cellpose-SAM,0.7,0.73333335,4
5,Deconvolved,Cellpose-SAM,0.75,0.73333335,4
6,Deconvolved,Cellpose-SAM,0.8,0.73333335,4
7,Deconvolved,Cellpose-SAM,0.85,0.73333335,4
8,Deconvolved,Cellpose-SAM,0.9,0.7,4
9,Deconvolved,Cellpose-SAM,0.95,0.33333334,4
10,Deconvolved,Cellpose-SAM,1.0,0.0,4
0,Deconvolved,microSAM,0.5,0.83870965,4
1,Deconvolved,microSAM,0.55,0.7096774,4
2,Deconvolved,microSAM,0.6,0.67741936,4
3,Deconvolved,microSAM,0.65,0.67741936,4
4,Deconvolved,microSAM,0.7,0.67741936,4
5,Deconvolved,microSAM,0.75,0.67741936,4
6,Deconvolved,microSAM,0.8,0.67741936,4
7,Deconvolved,microSAM,0.85,0.67741936,4
8,Deconvolved,microSAM,0.9,0.61290324,4
9,Deconvolved,microSAM,0.95,0.06451613,4
10,Deconvolved,microSAM,1.0,0.0,4
0,Deconvolved,Cellpose3,0.5,0.57894737,4
1,Deconvolved,Cellpose3,0.55,0.5263158,4
2,Deconvolved,Cellpose3,0.6,0.42105263,4
3,Deconvolved,Cellpose3,0.65,0.42105263,4
4,Deconvolved,Cellpose3,0.7,0.42105263,4
5,Deconvolved,Cellpose3,0.75,0.42105263,4
6,Deconvolved,Cellpose3,0.8,0.42105263,4
7,Deconvolved,Cellpose3,0.85,0.42105263,4
8,Deconvolved,Cellpose3,0.9,0.42105263,4
9,Deconvolved,Cellpose3,0.95,0.02631579,4
10,Deconvolved,Cellpose3,1.0,0.0,4
0,Deconvolved,Morphometrics,0.5,0.7058824,4
1,Deconvolved,Morphometrics,0.55,0.61764705,4
2,Deconvolved,Morphometrics,0.6,0.5294118,4
3,Deconvolved,Morphometrics,0.65,0.5,4
4,Deconvolved,Morphometrics,0.7,0.44117647,4
5,Deconvolved,Morphometrics,0.75,0.4117647,4
6,Deconvolved,Morphometrics,0.8,0.3529412,4
7,Deconvolved,Morphometrics,0.85,0.29411766,4
8,Deconvolved,Morphometrics,0.9,0.29411766,4
9,Deconvolved,Morphometrics,0.95,0.14705883,4
10,Deconvolved,Morphometrics,1.0,0.0,4
0,Deconvolved,Omnipose,0.5,0.90047395,5
1,Deconvolved,Omnipose,0.55,0.89099526,5
2,Deconvolved,Omnipose,0.6,0.89099526,5
3,Deconvolved,Omnipose,0.65,0.89099526,5
4,Deconvolved,Omnipose,0.7,0.89099526,5
5,Deconvolved,Omnipose,0.75,0.89099526,5
6,Deconvolved,Omnipose,0.8,0.8815166,5
7,Deconvolved,Omnipose,0.85,0.8720379,5
8,Deconvolved,Omnipose,0.9,0.75829387,5
9,Deconvolved,Omnipose,0.95,0.13270143,5
10,Deconvolved,Omnipose,1.0,0.0,5
0,Deconvolved,Cellpose-SAM,0.5,0.9417989,5
1,Deconvolved,Cellpose-SAM,0.55,0.9417989,5
2,Deconvolved,Cellpose-SAM,0.6,0.93121696,5
3,Deconvolved,Cellpose-SAM,0.65,0.93121696,5
4,Deconvolved,Cellpose-SAM,0.7,0.93121696,5
5,Deconvolved,Cellpose-SAM,0.75,0.9206349,5
6,Deconvolved,Cellpose-SAM,0.8,0.8994709,5
7,Deconvolved,Cellpose-SAM,0.85,0.8888889,5
8,Deconvolved,Cellpose-SAM,0.9,0.73015875,5
9,Deconvolved,Cellpose-SAM,0.95,0.34920636,5
10,Deconvolved,Cellpose-SAM,1.0,0.0,5
0,Deconvolved,microSAM,0.5,0.8288288,5
1,Deconvolved,microSAM,0.55,0.7837838,5
2,Deconvolved,microSAM,0.6,0.7747748,5
3,Deconvolved,microSAM,0.65,0.7657658,5
4,Deconvolved,microSAM,0.7,0.7657658,5
5,Deconvolved,microSAM,0.75,0.7657658,5
6,Deconvolved,microSAM,0.8,0.7567568,5
7,Deconvolved,microSAM,0.85,0.7297297,5
8,Deconvolved,microSAM,0.9,0.5765766,5
9,Deconvolved,microSAM,0.95,0.10810811,5
10,Deconvolved,microSAM,1.0,0.0,5
0,Deconvolved,Cellpose3,0.5,0.84761906,5
1,Deconvolved,Cellpose3,0.55,0.84761906,5
2,Deconvolved,Cellpose3,0.6,0.84761906,5
3,Deconvolved,Cellpose3,0.65,0.83809525,5
4,Deconvolved,Cellpose3,0.7,0.82857144,5
5,Deconvolved,Cellpose3,0.75,0.7904762,5
6,Deconvolved,Cellpose3,0.8,0.6952381,5
7,Deconvolved,Cellpose3,0.85,0.3904762,5
8,Deconvolved,Cellpose3,0.9,0.04761905,5
9,Deconvolved,Cellpose3,0.95,0.0,5
10,Deconvolved,Cellpose3,1.0,0.0,5
0,Deconvolved,Morphometrics,0.5,0.8557692,5
1,Deconvolved,Morphometrics,0.55,0.83653843,5
2,Deconvolved,Morphometrics,0.6,0.83653843,5
3,Deconvolved,Morphometrics,0.65,0.83653843,5
4,Deconvolved,Morphometrics,0.7,0.8076923,5
5,Deconvolved,Morphometrics,0.75,0.7980769,5
6,Deconvolved,Morphometrics,0.8,0.75961536,5
7,Deconvolved,Morphometrics,0.85,0.7019231,5
8,Deconvolved,Morphometrics,0.9,0.5,5
9,Deconvolved,Morphometrics,0.95,0.35576922,5
10,Deconvolved,Morphometrics,1.0,0.0,5
0,Deconvolved,Omnipose,0.5,0.91752577,6
1,Deconvolved,Omnipose,0.55,0.9072165,6
2,Deconvolved,Omnipose,0.6,0.9072165,6
3,Deconvolved,Omnipose,0.65,0.9072165,6
4,Deconvolved,Omnipose,0.7,0.9072165,6
5,Deconvolved,Omnipose,0.75,0.8969072,6
6,Deconvolved,Omnipose,0.8,0.8969072,6
7,Deconvolved,Omnipose,0.85,0.88659793,6
8,Deconvolved,Omnipose,0.9,0.87628865,6
9,Deconvolved,Omnipose,0.95,0.26804122,6
10,Deconvolved,Omnipose,1.0,0.0,6
0,Deconvolved,Cellpose-SAM,0.5,0.9060773,6
1,Deconvolved,Cellpose-SAM,0.55,0.8839779,6
2,Deconvolved,Cellpose-SAM,0.6,0.8839779,6
3,Deconvolved,Cellpose-SAM,0.65,0.8729282,6
4,Deconvolved,Cellpose-SAM,0.7,0.8729282,6
5,Deconvolved,Cellpose-SAM,0.75,0.8508287,6
6,Deconvolved,Cellpose-SAM,0.8,0.839779,6
7,Deconvolved,Cellpose-SAM,0.85,0.8176796,6
8,Deconvolved,Cellpose-SAM,0.9,0.7845304,6
9,Deconvolved,Cellpose-SAM,0.95,0.3314917,6
10,Deconvolved,Cellpose-SAM,1.0,0.0,6
0,Deconvolved,microSAM,0.5,0.8442211,6
1,Deconvolved,microSAM,0.55,0.8241206,6
2,Deconvolved,microSAM,0.6,0.8241206,6
3,Deconvolved,microSAM,0.65,0.8241206,6
4,Deconvolved,microSAM,0.7,0.8241206,6
5,Deconvolved,microSAM,0.75,0.8241206,6
6,Deconvolved,microSAM,0.8,0.8241206,6
7,Deconvolved,microSAM,0.85,0.7839196,6
8,Deconvolved,microSAM,0.9,0.67336684,6
9,Deconvolved,microSAM,0.95,0.13065326,6
10,Deconvolved,microSAM,1.0,0.0,6
0,Deconvolved,Cellpose3,0.5,0.86315787,6
1,Deconvolved,Cellpose3,0.55,0.86315787,6
2,Deconvolved,Cellpose3,0.6,0.86315787,6
3,Deconvolved,Cellpose3,0.65,0.84210527,6
4,Deconvolved,Cellpose3,0.7,0.8210526,6
5,Deconvolved,Cellpose3,0.75,0.7894737,6
6,Deconvolved,Cellpose3,0.8,0.68421054,6
7,Deconvolved,Cellpose3,0.85,0.30526316,6
8,Deconvolved,Cellpose3,0.9,0.05263158,6
9,Deconvolved,Cellpose3,0.95,0.0,6
10,Deconvolved,Cellpose3,1.0,0.0,6
0,Deconvolved,Morphometrics,0.5,0.8958333,6
1,Deconvolved,Morphometrics,0.55,0.875,6
2,Deconvolved,Morphometrics,0.6,0.875,6
3,Deconvolved,Morphometrics,0.65,0.875,6
4,Deconvolved,Morphometrics,0.7,0.875,6
5,Deconvolved,Morphometrics,0.75,0.875,6
6,Deconvolved,Morphometrics,0.8,0.8541667,6
7,Deconvolved,Morphometrics,0.85,0.8020833,6
8,Deconvolved,Morphometrics,0.9,0.71875,6
9,Deconvolved,Morphometrics,0.95,0.5520833,6
10,Deconvolved,Morphometrics,1.0,0.0,6
0,Deconvolved,Omnipose,0.5,0.9076305,7
1,Deconvolved,Omnipose,0.55,0.8674699,7
2,Deconvolved,Omnipose,0.6,0.8674699,7
3,Deconvolved,Omnipose,0.65,0.8674699,7
4,Deconvolved,Omnipose,0.7,0.8674699,7
5,Deconvolved,Omnipose,0.75,0.8674699,7
6,Deconvolved,Omnipose,0.8,0.8514056,7
7,Deconvolved,Omnipose,0.85,0.8433735,7
8,Deconvolved,Omnipose,0.9,0.72289157,7
9,Deconvolved,Omnipose,0.95,0.0562249,7
10,Deconvolved,Omnipose,1.0,0.0,7
0,Deconvolved,Cellpose-SAM,0.5,0.92827004,7
1,Deconvolved,Cellpose-SAM,0.55,0.9113924,7
2,Deconvolved,Cellpose-SAM,0.6,0.9113924,7
3,Deconvolved,Cellpose-SAM,0.65,0.9113924,7
4,Deconvolved,Cellpose-SAM,0.7,0.9113924,7
5,Deconvolved,Cellpose-SAM,0.75,0.9113924,7
6,Deconvolved,Cellpose-SAM,0.8,0.90295357,7
7,Deconvolved,Cellpose-SAM,0.85,0.8691983,7
8,Deconvolved,Cellpose-SAM,0.9,0.7510548,7
9,Deconvolved,Cellpose-SAM,0.95,0.23628692,7
10,Deconvolved,Cellpose-SAM,1.0,0.0,7
0,Deconvolved,microSAM,0.5,0.77037036,7
1,Deconvolved,microSAM,0.55,0.75555557,7
2,Deconvolved,microSAM,0.6,0.75555557,7
3,Deconvolved,microSAM,0.65,0.75555557,7
4,Deconvolved,microSAM,0.7,0.75555557,7
5,Deconvolved,microSAM,0.75,0.74814814,7
6,Deconvolved,microSAM,0.8,0.74814814,7
7,Deconvolved,microSAM,0.85,0.65185183,7
8,Deconvolved,microSAM,0.9,0.4,7
9,Deconvolved,microSAM,0.95,0.05185185,7
10,Deconvolved,microSAM,1.0,0.0,7
0,Deconvolved,Cellpose3,0.5,0.84210527,7
1,Deconvolved,Cellpose3,0.55,0.81781375,7
2,Deconvolved,Cellpose3,0.6,0.8016194,7
3,Deconvolved,Cellpose3,0.65,0.79352224,7
4,Deconvolved,Cellpose3,0.7,0.72064775,7
5,Deconvolved,Cellpose3,0.75,0.58299595,7
6,Deconvolved,Cellpose3,0.8,0.3805668,7
7,Deconvolved,Cellpose3,0.85,0.16194332,7
8,Deconvolved,Cellpose3,0.9,0.016194332,7
9,Deconvolved,Cellpose3,0.95,0.0,7
10,Deconvolved,Cellpose3,1.0,0.0,7
0,Deconvolved,Morphometrics,0.5,0.8663968,7
1,Deconvolved,Morphometrics,0.55,0.8340081,7
2,Deconvolved,Morphometrics,0.6,0.8340081,7
3,Deconvolved,Morphometrics,0.65,0.8340081,7
4,Deconvolved,Morphometrics,0.7,0.8259109,7
5,Deconvolved,Morphometrics,0.75,0.8097166,7
6,Deconvolved,Morphometrics,0.8,0.77732795,7
7,Deconvolved,Morphometrics,0.85,0.68016195,7
8,Deconvolved,Morphometrics,0.9,0.58299595,7
9,Deconvolved,Morphometrics,0.95,0.2834008,7
10,Deconvolved,Morphometrics,1.0,0.0,7
0,Deconvolved,Omnipose,0.5,0.9230769,8
1,Deconvolved,Omnipose,0.55,0.9230769,8
2,Deconvolved,Omnipose,0.6,0.9230769,8
3,Deconvolved,Omnipose,0.65,0.9230769,8
4,Deconvolved,Omnipose,0.7,0.9230769,8
5,Deconvolved,Omnipose,0.75,0.9230769,8
6,Deconvolved,Omnipose,0.8,0.7692308,8
7,Deconvolved,Omnipose,0.85,0.61538464,8
8,Deconvolved,Omnipose,0.9,0.61538464,8
9,Deconvolved,Omnipose,0.95,0.15384616,8
10,Deconvolved,Omnipose,1.0,0.0,8
0,Deconvolved,Cellpose-SAM,0.5,0.46153846,8
1,Deconvolved,Cellpose-SAM,0.55,0.30769232,8
2,Deconvolved,Cellpose-SAM,0.6,0.30769232,8
3,Deconvolved,Cellpose-SAM,0.65,0.30769232,8
4,Deconvolved,Cellpose-SAM,0.7,0.30769232,8
5,Deconvolved,Cellpose-SAM,0.75,0.30769232,8
6,Deconvolved,Cellpose-SAM,0.8,0.30769232,8
7,Deconvolved,Cellpose-SAM,0.85,0.30769232,8
8,Deconvolved,Cellpose-SAM,0.9,0.30769232,8
9,Deconvolved,Cellpose-SAM,0.95,0.30769232,8
10,Deconvolved,Cellpose-SAM,1.0,0.0,8
0,Deconvolved,microSAM,0.5,0.71428573,8
1,Deconvolved,microSAM,0.55,0.5714286,8
2,Deconvolved,microSAM,0.6,0.5714286,8
3,Deconvolved,microSAM,0.65,0.5714286,8
4,Deconvolved,microSAM,0.7,0.5714286,8
5,Deconvolved,microSAM,0.75,0.5714286,8
6,Deconvolved,microSAM,0.8,0.42857143,8
7,Deconvolved,microSAM,0.85,0.2857143,8
8,Deconvolved,microSAM,0.9,0.2857143,8
9,Deconvolved,microSAM,0.95,0.2857143,8
10,Deconvolved,microSAM,1.0,0.0,8
0,Deconvolved,Cellpose3,0.5,0.7692308,8
1,Deconvolved,Cellpose3,0.55,0.7692308,8
2,Deconvolved,Cellpose3,0.6,0.7692308,8
3,Deconvolved,Cellpose3,0.65,0.7692308,8
4,Deconvolved,Cellpose3,0.7,0.7692308,8
5,Deconvolved,Cellpose3,0.75,0.7692308,8
6,Deconvolved,Cellpose3,0.8,0.61538464,8
7,Deconvolved,Cellpose3,0.85,0.15384616,8
8,Deconvolved,Cellpose3,0.9,0.0,8
9,Deconvolved,Cellpose3,0.95,0.0,8
10,Deconvolved,Cellpose3,1.0,0.0,8
0,Deconvolved,Morphometrics,0.5,0.625,8
1,Deconvolved,Morphometrics,0.55,0.5,8
2,Deconvolved,Morphometrics,0.6,0.375,8
3,Deconvolved,Morphometrics,0.65,0.375,8
4,Deconvolved,Morphometrics,0.7,0.375,8
5,Deconvolved,Morphometrics,0.75,0.375,8
6,Deconvolved,Morphometrics,0.8,0.375,8
7,Deconvolved,Morphometrics,0.85,0.375,8
8,Deconvolved,Morphometrics,0.9,0.125,8
9,Deconvolved,Morphometrics,0.95,0.125,8
10,Deconvolved,Morphometrics,1.0,0.0,8
0,Deconvolved,Omnipose,0.5,1.0,9
1,Deconvolved,Omnipose,0.55,1.0,9
2,Deconvolved,Omnipose,0.6,1.0,9
3,Deconvolved,Omnipose,0.65,1.0,9
4,Deconvolved,Omnipose,0.7,1.0,9
5,Deconvolved,Omnipose,0.75,1.0,9
6,Deconvolved,Omnipose,0.8,1.0,9
7,Deconvolved,Omnipose,0.85,1.0,9
8,Deconvolved,Omnipose,0.9,1.0,9
9,Deconvolved,Omnipose,0.95,0.0,9
10,Deconvolved,Omnipose,1.0,0.0,9
0,Deconvolved,Cellpose-SAM,0.5,1.0,9
1,Deconvolved,Cellpose-SAM,0.55,1.0,9
2,Deconvolved,Cellpose-SAM,0.6,1.0,9
3,Deconvolved,Cellpose-SAM,0.65,1.0,9
4,Deconvolved,Cellpose-SAM,0.7,1.0,9
5,Deconvolved,Cellpose-SAM,0.75,1.0,9
6,Deconvolved,Cellpose-SAM,0.8,1.0,9
7,Deconvolved,Cellpose-SAM,0.85,1.0,9
8,Deconvolved,Cellpose-SAM,0.9,1.0,9
9,Deconvolved,Cellpose-SAM,0.95,1.0,9
10,Deconvolved,Cellpose-SAM,1.0,0.0,9
0,Deconvolved,microSAM,0.5,0.90909094,9
1,Deconvolved,microSAM,0.55,0.90909094,9
2,Deconvolved,microSAM,0.6,0.90909094,9
3,Deconvolved,microSAM,0.65,0.72727275,9
4,Deconvolved,microSAM,0.7,0.72727275,9
5,Deconvolved,microSAM,0.75,0.72727275,9
6,Deconvolved,microSAM,0.8,0.72727275,9
7,Deconvolved,microSAM,0.85,0.72727275,9
8,Deconvolved,microSAM,0.9,0.72727275,9
9,Deconvolved,microSAM,0.95,0.0,9
10,Deconvolved,microSAM,1.0,0.0,9
0,Deconvolved,Cellpose3,0.5,1.0,9
1,Deconvolved,Cellpose3,0.55,1.0,9
2,Deconvolved,Cellpose3,0.6,1.0,9
3,Deconvolved,Cellpose3,0.65,1.0,9
4,Deconvolved,Cellpose3,0.7,1.0,9
5,Deconvolved,Cellpose3,0.75,1.0,9
6,Deconvolved,Cellpose3,0.8,1.0,9
7,Deconvolved,Cellpose3,0.85,1.0,9
8,Deconvolved,Cellpose3,0.9,0.6,9
9,Deconvolved,Cellpose3,0.95,0.0,9
10,Deconvolved,Cellpose3,1.0,0.0,9
0,Deconvolved,Morphometrics,0.5,0.72727275,9
1,Deconvolved,Morphometrics,0.55,0.72727275,9
2,Deconvolved,Morphometrics,0.6,0.72727275,9
3,Deconvolved,Morphometrics,0.65,0.72727275,9
4,Deconvolved,Morphometrics,0.7,0.54545456,9
5,Deconvolved,Morphometrics,0.75,0.54545456,9
6,Deconvolved,Morphometrics,0.8,0.54545456,9
7,Deconvolved,Morphometrics,0.85,0.54545456,9
8,Deconvolved,Morphometrics,0.9,0.54545456,9
9,Deconvolved,Morphometrics,0.95,0.54545456,9
10,Deconvolved,Morphometrics,1.0,0.0,9
0,Deconvolved,Omnipose,0.5,0.90909094,10
1,Deconvolved,Omnipose,0.55,0.90909094,10
2,Deconvolved,Omnipose,0.6,0.90909094,10
3,Deconvolved,Omnipose,0.65,0.90909094,10
4,Deconvolved,Omnipose,0.7,0.90909094,10
5,Deconvolved,Omnipose,0.75,0.90909094,10
6,Deconvolved,Omnipose,0.8,0.90909094,10
7,Deconvolved,Omnipose,0.85,0.72727275,10
8,Deconvolved,Omnipose,0.9,0.72727275,10
9,Deconvolved,Omnipose,0.95,0.54545456,10
10,Deconvolved,Omnipose,1.0,0.0,10
0,Deconvolved,Cellpose-SAM,0.5,0.75,10
1,Deconvolved,Cellpose-SAM,0.55,0.75,10
2,Deconvolved,Cellpose-SAM,0.6,0.75,10
3,Deconvolved,Cellpose-SAM,0.65,0.75,10
4,Deconvolved,Cellpose-SAM,0.7,0.75,10
5,Deconvolved,Cellpose-SAM,0.75,0.75,10
6,Deconvolved,Cellpose-SAM,0.8,0.75,10
7,Deconvolved,Cellpose-SAM,0.85,0.75,10
8,Deconvolved,Cellpose-SAM,0.9,0.75,10
9,Deconvolved,Cellpose-SAM,0.95,0.75,10
10,Deconvolved,Cellpose-SAM,1.0,0.0,10
0,Deconvolved,microSAM,0.5,0.61538464,10
1,Deconvolved,microSAM,0.55,0.61538464,10
2,Deconvolved,microSAM,0.6,0.61538464,10
3,Deconvolved,microSAM,0.65,0.46153846,10
4,Deconvolved,microSAM,0.7,0.46153846,10
5,Deconvolved,microSAM,0.75,0.46153846,10
6,Deconvolved,microSAM,0.8,0.46153846,10
7,Deconvolved,microSAM,0.85,0.46153846,10
8,Deconvolved,microSAM,0.9,0.46153846,10
9,Deconvolved,microSAM,0.95,0.30769232,10
10,Deconvolved,microSAM,1.0,0.0,10
0,Deconvolved,Cellpose3,0.5,0.14285715,10
1,Deconvolved,Cellpose3,0.55,0.14285715,10
2,Deconvolved,Cellpose3,0.6,0.14285715,10
3,Deconvolved,Cellpose3,0.65,0.14285715,10
4,Deconvolved,Cellpose3,0.7,0.14285715,10
5,Deconvolved,Cellpose3,0.75,0.14285715,10
6,Deconvolved,Cellpose3,0.8,0.14285715,10
7,Deconvolved,Cellpose3,0.85,0.14285715,10
8,Deconvolved,Cellpose3,0.9,0.0,10
9,Deconvolved,Cellpose3,0.95,0.0,10
10,Deconvolved,Cellpose3,1.0,0.0,10
0,Deconvolved,Morphometrics,0.5,0.5,10
1,Deconvolved,Morphometrics,0.55,0.5,10
2,Deconvolved,Morphometrics,0.6,0.5,10
3,Deconvolved,Morphometrics,0.65,0.5,10
4,Deconvolved,Morphometrics,0.7,0.5,10
5,Deconvolved,Morphometrics,0.75,0.5,10
6,Deconvolved,Morphometrics,0.8,0.5,10
7,Deconvolved,Morphometrics,0.85,0.5,10
8,Deconvolved,Morphometrics,0.9,0.5,10
9,Deconvolved,Morphometrics,0.95,0.16666667,10
10,Deconvolved,Morphometrics,1.0,0.0,10
0,Deconvolved,Omnipose,0.5,0.8333333,11
1,Deconvolved,Omnipose,0.55,0.8333333,11
2,Deconvolved,Omnipose,0.6,0.8333333,11
3,Deconvolved,Omnipose,0.65,0.8333333,11
4,Deconvolved,Omnipose,0.7,0.8333333,11
5,Deconvolved,Omnipose,0.75,0.8333333,11
6,Deconvolved,Omnipose,0.8,0.8333333,11
7,Deconvolved,Omnipose,0.85,0.8333333,11
8,Deconvolved,Omnipose,0.9,0.8333333,11
9,Deconvolved,Omnipose,0.95,0.0,11
10,Deconvolved,Omnipose,1.0,0.0,11
0,Deconvolved,Cellpose-SAM,0.5,1.0,11
1,Deconvolved,Cellpose-SAM,0.55,1.0,11
2,Deconvolved,Cellpose-SAM,0.6,1.0,11
3,Deconvolved,Cellpose-SAM,0.65,1.0,11
4,Deconvolved,Cellpose-SAM,0.7,1.0,11
5,Deconvolved,Cellpose-SAM,0.75,0.8,11
6,Deconvolved,Cellpose-SAM,0.8,0.8,11
7,Deconvolved,Cellpose-SAM,0.85,0.8,11
8,Deconvolved,Cellpose-SAM,0.9,0.4,11
9,Deconvolved,Cellpose-SAM,0.95,0.4,11
10,Deconvolved,Cellpose-SAM,1.0,0.0,11
0,Deconvolved,microSAM,0.5,1.0,11
1,Deconvolved,microSAM,0.55,1.0,11
2,Deconvolved,microSAM,0.6,1.0,11
3,Deconvolved,microSAM,0.65,1.0,11
4,Deconvolved,microSAM,0.7,1.0,11
5,Deconvolved,microSAM,0.75,1.0,11
6,Deconvolved,microSAM,0.8,1.0,11
7,Deconvolved,microSAM,0.85,1.0,11
8,Deconvolved,microSAM,0.9,0.6,11
9,Deconvolved,microSAM,0.95,0.0,11
10,Deconvolved,microSAM,1.0,0.0,11
0,Deconvolved,Cellpose3,0.5,0.90909094,11
1,Deconvolved,Cellpose3,0.55,0.90909094,11
2,Deconvolved,Cellpose3,0.6,0.90909094,11
3,Deconvolved,Cellpose3,0.65,0.90909094,11
4,Deconvolved,Cellpose3,0.7,0.90909094,11
5,Deconvolved,Cellpose3,0.75,0.90909094,11
6,Deconvolved,Cellpose3,0.8,0.90909094,11
7,Deconvolved,Cellpose3,0.85,0.36363637,11
8,Deconvolved,Cellpose3,0.9,0.18181819,11
9,Deconvolved,Cellpose3,0.95,0.0,11
10,Deconvolved,Cellpose3,1.0,0.0,11
0,Deconvolved,Morphometrics,0.5,1.0,11
1,Deconvolved,Morphometrics,0.55,1.0,11
2,Deconvolved,Morphometrics,0.6,1.0,11
3,Deconvolved,Morphometrics,0.65,1.0,11
4,Deconvolved,Morphometrics,0.7,1.0,11
5,Deconvolved,Morphometrics,0.75,1.0,11
6,Deconvolved,Morphometrics,0.8,1.0,11
7,Deconvolved,Morphometrics,0.85,1.0,11
8,Deconvolved,Morphometrics,0.9,1.0,11
9,Deconvolved,Morphometrics,0.95,0.2,11
10,Deconvolved,Morphometrics,1.0,0.0,11
0,Deconvolved,Omnipose,0.5,1.0,12
1,Deconvolved,Omnipose,0.55,1.0,12
2,Deconvolved,Omnipose,0.6,1.0,12
3,Deconvolved,Omnipose,0.65,1.0,12
4,Deconvolved,Omnipose,0.7,1.0,12
5,Deconvolved,Omnipose,0.75,1.0,12
6,Deconvolved,Omnipose,0.8,1.0,12
7,Deconvolved,Omnipose,0.85,0.5714286,12
8,Deconvolved,Omnipose,0.9,0.14285715,12
9,Deconvolved,Omnipose,0.95,0.0,12
10,Deconvolved,Omnipose,1.0,0.0,12
0,Deconvolved,Cellpose-SAM,0.5,0.9230769,12
1,Deconvolved,Cellpose-SAM,0.55,0.9230769,12
2,Deconvolved,Cellpose-SAM,0.6,0.9230769,12
3,Deconvolved,Cellpose-SAM,0.65,0.9230769,12
4,Deconvolved,Cellpose-SAM,0.7,0.9230769,12
5,Deconvolved,Cellpose-SAM,0.75,0.9230769,12
6,Deconvolved,Cellpose-SAM,0.8,0.9230769,12
7,Deconvolved,Cellpose-SAM,0.85,0.9230769,12
8,Deconvolved,Cellpose-SAM,0.9,0.61538464,12
9,Deconvolved,Cellpose-SAM,0.95,0.15384616,12
10,Deconvolved,Cellpose-SAM,1.0,0.0,12
0,Deconvolved,microSAM,0.5,0.08163265,12
1,Deconvolved,microSAM,0.55,0.08163265,12
2,Deconvolved,microSAM,0.6,0.08163265,12
3,Deconvolved,microSAM,0.65,0.08163265,12
4,Deconvolved,microSAM,0.7,0.08163265,12
5,Deconvolved,microSAM,0.75,0.08163265,12
6,Deconvolved,microSAM,0.8,0.08163265,12
7,Deconvolved,microSAM,0.85,0.08163265,12
8,Deconvolved,microSAM,0.9,0.027210884,12
9,Deconvolved,microSAM,0.95,0.0,12
10,Deconvolved,microSAM,1.0,0.0,12
0,Deconvolved,Cellpose3,0.5,0.8235294,12
1,Deconvolved,Cellpose3,0.55,0.8235294,12
2,Deconvolved,Cellpose3,0.6,0.8235294,12
3,Deconvolved,Cellpose3,0.65,0.8235294,12
4,Deconvolved,Cellpose3,0.7,0.8235294,12
5,Deconvolved,Cellpose3,0.75,0.7058824,12
6,Deconvolved,Cellpose3,0.8,0.7058824,12
7,Deconvolved,Cellpose3,0.85,0.5882353,12
8,Deconvolved,Cellpose3,0.9,0.47058824,12
9,Deconvolved,Cellpose3,0.95,0.0,12
10,Deconvolved,Cellpose3,1.0,0.0,12
0,Deconvolved,Morphometrics,0.5,0.85714287,12
1,Deconvolved,Morphometrics,0.55,0.85714287,12
2,Deconvolved,Morphometrics,0.6,0.85714287,12
3,Deconvolved,Morphometrics,0.65,0.85714287,12
4,Deconvolved,Morphometrics,0.7,0.85714287,12
5,Deconvolved,Morphometrics,0.75,0.85714287,12
6,Deconvolved,Morphometrics,0.8,0.85714287,12
7,Deconvolved,Morphometrics,0.85,0.85714287,12
8,Deconvolved,Morphometrics,0.9,0.5714286,12
9,Deconvolved,Morphometrics,0.95,0.42857143,12
10,Deconvolved,Morphometrics,1.0,0.0,12
0,Deconvolved,Omnipose,0.5,0.98571426,13
1,Deconvolved,Omnipose,0.55,0.98571426,13
2,Deconvolved,Omnipose,0.6,0.98571426,13
3,Deconvolved,Omnipose,0.65,0.98571426,13
4,Deconvolved,Omnipose,0.7,0.98571426,13
5,Deconvolved,Omnipose,0.75,0.98571426,13
6,Deconvolved,Omnipose,0.8,0.9714286,13
7,Deconvolved,Omnipose,0.85,0.94285715,13
8,Deconvolved,Omnipose,0.9,0.87142855,13
9,Deconvolved,Omnipose,0.95,0.55714285,13
10,Deconvolved,Omnipose,1.0,0.0,13
0,Deconvolved,Cellpose-SAM,0.5,0.98571426,13
1,Deconvolved,Cellpose-SAM,0.55,0.9714286,13
2,Deconvolved,Cellpose-SAM,0.6,0.9714286,13
3,Deconvolved,Cellpose-SAM,0.65,0.9714286,13
4,Deconvolved,Cellpose-SAM,0.7,0.9714286,13
5,Deconvolved,Cellpose-SAM,0.75,0.9714286,13
6,Deconvolved,Cellpose-SAM,0.8,0.95714283,13
7,Deconvolved,Cellpose-SAM,0.85,0.94285715,13
8,Deconvolved,Cellpose-SAM,0.9,0.87142855,13
9,Deconvolved,Cellpose-SAM,0.95,0.41428572,13
10,Deconvolved,Cellpose-SAM,1.0,0.0,13
0,Deconvolved,microSAM,0.5,0.9315069,13
1,Deconvolved,microSAM,0.55,0.91780823,13
2,Deconvolved,microSAM,0.6,0.91780823,13
3,Deconvolved,microSAM,0.65,0.91780823,13
4,Deconvolved,microSAM,0.7,0.91780823,13
5,Deconvolved,microSAM,0.75,0.91780823,13
6,Deconvolved,microSAM,0.8,0.9041096,13
7,Deconvolved,microSAM,0.85,0.84931505,13
8,Deconvolved,microSAM,0.9,0.5890411,13
9,Deconvolved,microSAM,0.95,0.05479452,13
10,Deconvolved,microSAM,1.0,0.0,13
0,Deconvolved,Cellpose3,0.5,0.84615386,13
1,Deconvolved,Cellpose3,0.55,0.8076923,13
2,Deconvolved,Cellpose3,0.6,0.8076923,13
3,Deconvolved,Cellpose3,0.65,0.7948718,13
4,Deconvolved,Cellpose3,0.7,0.7948718,13
5,Deconvolved,Cellpose3,0.75,0.7692308,13
6,Deconvolved,Cellpose3,0.8,0.74358976,13
7,Deconvolved,Cellpose3,0.85,0.67948717,13
8,Deconvolved,Cellpose3,0.9,0.5,13
9,Deconvolved,Cellpose3,0.95,0.051282052,13
10,Deconvolved,Cellpose3,1.0,0.0,13
0,Deconvolved,Morphometrics,0.5,0.79012346,13
1,Deconvolved,Morphometrics,0.55,0.72839504,13
2,Deconvolved,Morphometrics,0.6,0.7160494,13
3,Deconvolved,Morphometrics,0.65,0.7160494,13
4,Deconvolved,Morphometrics,0.7,0.7160494,13
5,Deconvolved,Morphometrics,0.75,0.69135803,13
6,Deconvolved,Morphometrics,0.8,0.67901236,13
7,Deconvolved,Morphometrics,0.85,0.6296296,13
8,Deconvolved,Morphometrics,0.9,0.5308642,13
9,Deconvolved,Morphometrics,0.95,0.2962963,13
10,Deconvolved,Morphometrics,1.0,0.0,13
0,Deconvolved,Omnipose,0.5,0.89017344,14
1,Deconvolved,Omnipose,0.55,0.89017344,14
2,Deconvolved,Omnipose,0.6,0.89017344,14
3,Deconvolved,Omnipose,0.65,0.89017344,14
4,Deconvolved,Omnipose,0.7,0.89017344,14
5,Deconvolved,Omnipose,0.75,0.89017344,14
6,Deconvolved,Omnipose,0.8,0.867052,14
7,Deconvolved,Omnipose,0.85,0.8323699,14
8,Deconvolved,Omnipose,0.9,0.7283237,14
9,Deconvolved,Omnipose,0.95,0.046242774,14
10,Deconvolved,Omnipose,1.0,0.0,14
0,Deconvolved,Cellpose-SAM,0.5,0.6571429,14
1,Deconvolved,Cellpose-SAM,0.55,0.6571429,14
2,Deconvolved,Cellpose-SAM,0.6,0.6571429,14
3,Deconvolved,Cellpose-SAM,0.65,0.6571429,14
4,Deconvolved,Cellpose-SAM,0.7,0.64285713,14
5,Deconvolved,Cellpose-SAM,0.75,0.62857145,14
6,Deconvolved,Cellpose-SAM,0.8,0.6142857,14
7,Deconvolved,Cellpose-SAM,0.85,0.5857143,14
8,Deconvolved,Cellpose-SAM,0.9,0.5,14
9,Deconvolved,Cellpose-SAM,0.95,0.24285714,14
10,Deconvolved,Cellpose-SAM,1.0,0.0,14
0,Deconvolved,microSAM,0.5,0.8087432,14
1,Deconvolved,microSAM,0.55,0.8087432,14
2,Deconvolved,microSAM,0.6,0.8087432,14
3,Deconvolved,microSAM,0.65,0.7978142,14
4,Deconvolved,microSAM,0.7,0.7978142,14
5,Deconvolved,microSAM,0.75,0.7978142,14
6,Deconvolved,microSAM,0.8,0.78688526,14
7,Deconvolved,microSAM,0.85,0.7431694,14
8,Deconvolved,microSAM,0.9,0.48087433,14
9,Deconvolved,microSAM,0.95,0.032786883,14
10,Deconvolved,microSAM,1.0,0.0,14
0,Deconvolved,Cellpose3,0.5,0.48062015,14
1,Deconvolved,Cellpose3,0.55,0.41860464,14
2,Deconvolved,Cellpose3,0.6,0.37209302,14
3,Deconvolved,Cellpose3,0.65,0.34108528,14
4,Deconvolved,Cellpose3,0.7,0.27906978,14
5,Deconvolved,Cellpose3,0.75,0.12403101,14
6,Deconvolved,Cellpose3,0.8,0.062015504,14
7,Deconvolved,Cellpose3,0.85,0.031007752,14
8,Deconvolved,Cellpose3,0.9,0.0,14
9,Deconvolved,Cellpose3,0.95,0.0,14
10,Deconvolved,Cellpose3,1.0,0.0,14
0,Deconvolved,Morphometrics,0.5,0.85714287,14
1,Deconvolved,Morphometrics,0.55,0.8333333,14
2,Deconvolved,Morphometrics,0.6,0.8333333,14
3,Deconvolved,Morphometrics,0.65,0.8333333,14
4,Deconvolved,Morphometrics,0.7,0.8214286,14
5,Deconvolved,Morphometrics,0.75,0.8095238,14
6,Deconvolved,Morphometrics,0.8,0.78571427,14
7,Deconvolved,Morphometrics,0.85,0.7619048,14
8,Deconvolved,Morphometrics,0.9,0.5714286,14
9,Deconvolved,Morphometrics,0.95,0.3690476,14
10,Deconvolved,Morphometrics,1.0,0.0,14
0,Deconvolved,Omnipose,0.5,0.9191919,15
1,Deconvolved,Omnipose,0.55,0.9141414,15
2,Deconvolved,Omnipose,0.6,0.90909094,15
3,Deconvolved,Omnipose,0.65,0.90909094,15
4,Deconvolved,Omnipose,0.7,0.9040404,15
5,Deconvolved,Omnipose,0.75,0.8989899,15
6,Deconvolved,Omnipose,0.8,0.8989899,15
7,Deconvolved,Omnipose,0.85,0.8787879,15
8,Deconvolved,Omnipose,0.9,0.7878788,15
9,Deconvolved,Omnipose,0.95,0.46464646,15
10,Deconvolved,Omnipose,1.0,0.0,15
0,Deconvolved,Cellpose-SAM,0.5,0.79581153,15
1,Deconvolved,Cellpose-SAM,0.55,0.7853403,15
2,Deconvolved,Cellpose-SAM,0.6,0.7853403,15
3,Deconvolved,Cellpose-SAM,0.65,0.76963353,15
4,Deconvolved,Cellpose-SAM,0.7,0.76963353,15
5,Deconvolved,Cellpose-SAM,0.75,0.76963353,15
6,Deconvolved,Cellpose-SAM,0.8,0.7591623,15
7,Deconvolved,Cellpose-SAM,0.85,0.7277487,15
8,Deconvolved,Cellpose-SAM,0.9,0.58115184,15
9,Deconvolved,Cellpose-SAM,0.95,0.18324608,15
10,Deconvolved,Cellpose-SAM,1.0,0.0,15
0,Deconvolved,microSAM,0.5,0.8977556,15
1,Deconvolved,microSAM,0.55,0.8927681,15
2,Deconvolved,microSAM,0.6,0.8927681,15
3,Deconvolved,microSAM,0.65,0.8927681,15
4,Deconvolved,microSAM,0.7,0.8927681,15
5,Deconvolved,microSAM,0.75,0.88778055,15
6,Deconvolved,microSAM,0.8,0.8329177,15
7,Deconvolved,microSAM,0.85,0.6832918,15
8,Deconvolved,microSAM,0.9,0.3640898,15
9,Deconvolved,microSAM,0.95,0.024937656,15
10,Deconvolved,microSAM,1.0,0.0,15
0,Deconvolved,Cellpose3,0.5,0.67848104,15
1,Deconvolved,Cellpose3,0.55,0.66835445,15
2,Deconvolved,Cellpose3,0.6,0.66835445,15
3,Deconvolved,Cellpose3,0.65,0.66329116,15
4,Deconvolved,Cellpose3,0.7,0.66329116,15
5,Deconvolved,Cellpose3,0.75,0.6329114,15
6,Deconvolved,Cellpose3,0.8,0.5822785,15
7,Deconvolved,Cellpose3,0.85,0.4658228,15
8,Deconvolved,Cellpose3,0.9,0.2278481,15
9,Deconvolved,Cellpose3,0.95,0.0,15
10,Deconvolved,Cellpose3,1.0,0.0,15
0,Deconvolved,Morphometrics,0.5,0.6532258,15
1,Deconvolved,Morphometrics,0.55,0.58870965,15
2,Deconvolved,Morphometrics,0.6,0.53629035,15
3,Deconvolved,Morphometrics,0.65,0.48387095,15
4,Deconvolved,Morphometrics,0.7,0.44758064,15
5,Deconvolved,Morphometrics,0.75,0.4032258,15
6,Deconvolved,Morphometrics,0.8,0.35887095,15
7,Deconvolved,Morphometrics,0.85,0.30241936,15
8,Deconvolved,Morphometrics,0.9,0.24193548,15
9,Deconvolved,Morphometrics,0.95,0.13306452,15
10,Deconvolved,Morphometrics,1.0,0.0,15
0,Deconvolved,Omnipose,0.5,0.94067794,16
1,Deconvolved,Omnipose,0.55,0.9322034,16
2,Deconvolved,Omnipose,0.6,0.9237288,16
3,Deconvolved,Omnipose,0.65,0.9237288,16
4,Deconvolved,Omnipose,0.7,0.9237288,16
5,Deconvolved,Omnipose,0.75,0.9237288,16
6,Deconvolved,Omnipose,0.8,0.9237288,16
7,Deconvolved,Omnipose,0.85,0.9237288,16
8,Deconvolved,Omnipose,0.9,0.8559322,16
9,Deconvolved,Omnipose,0.95,0.26271185,16
10,Deconvolved,Omnipose,1.0,0.0,16
0,Deconvolved,Cellpose-SAM,0.5,0.59534883,16
1,Deconvolved,Cellpose-SAM,0.55,0.5767442,16
2,Deconvolved,Cellpose-SAM,0.6,0.5767442,16
3,Deconvolved,Cellpose-SAM,0.65,0.5674419,16
4,Deconvolved,Cellpose-SAM,0.7,0.53023255,16
5,Deconvolved,Cellpose-SAM,0.75,0.53023255,16
6,Deconvolved,Cellpose-SAM,0.8,0.53023255,16
7,Deconvolved,Cellpose-SAM,0.85,0.53023255,16
8,Deconvolved,Cellpose-SAM,0.9,0.5023256,16
9,Deconvolved,Cellpose-SAM,0.95,0.33488372,16
10,Deconvolved,Cellpose-SAM,1.0,0.0,16
0,Deconvolved,microSAM,0.5,0.8449612,16
1,Deconvolved,microSAM,0.55,0.79844964,16
2,Deconvolved,microSAM,0.6,0.78294575,16
3,Deconvolved,microSAM,0.65,0.78294575,16
4,Deconvolved,microSAM,0.7,0.7751938,16
5,Deconvolved,microSAM,0.75,0.76744187,16
6,Deconvolved,microSAM,0.8,0.7596899,16
7,Deconvolved,microSAM,0.85,0.751938,16
8,Deconvolved,microSAM,0.9,0.65891474,16
9,Deconvolved,microSAM,0.95,0.18604651,16
10,Deconvolved,microSAM,1.0,0.0,16
0,Deconvolved,Cellpose3,0.5,0.43333334,16
1,Deconvolved,Cellpose3,0.55,0.43333334,16
2,Deconvolved,Cellpose3,0.6,0.43333334,16
3,Deconvolved,Cellpose3,0.65,0.425,16
4,Deconvolved,Cellpose3,0.7,0.4,16
5,Deconvolved,Cellpose3,0.75,0.31666666,16
6,Deconvolved,Cellpose3,0.8,0.15833333,16
7,Deconvolved,Cellpose3,0.85,0.05,16
8,Deconvolved,Cellpose3,0.9,0.0,16
9,Deconvolved,Cellpose3,0.95,0.0,16
10,Deconvolved,Cellpose3,1.0,0.0,16
0,Deconvolved,Morphometrics,0.5,0.88429755,16
1,Deconvolved,Morphometrics,0.55,0.8595041,16
2,Deconvolved,Morphometrics,0.6,0.8595041,16
3,Deconvolved,Morphometrics,0.65,0.8429752,16
4,Deconvolved,Morphometrics,0.7,0.8429752,16
5,Deconvolved,Morphometrics,0.75,0.8347107,16
6,Deconvolved,Morphometrics,0.8,0.8264463,16
7,Deconvolved,Morphometrics,0.85,0.7933884,16
8,Deconvolved,Morphometrics,0.9,0.72727275,16
9,Deconvolved,Morphometrics,0.95,0.4876033,16
10,Deconvolved,Morphometrics,1.0,0.0,16
0,Deconvolved,Omnipose,0.5,0.7647059,17
1,Deconvolved,Omnipose,0.55,0.7058824,17
2,Deconvolved,Omnipose,0.6,0.7058824,17
3,Deconvolved,Omnipose,0.65,0.7058824,17
4,Deconvolved,Omnipose,0.7,0.7058824,17
5,Deconvolved,Omnipose,0.75,0.7058824,17
6,Deconvolved,Omnipose,0.8,0.7058824,17
7,Deconvolved,Omnipose,0.85,0.7058824,17
8,Deconvolved,Omnipose,0.9,0.7058824,17
9,Deconvolved,Omnipose,0.95,0.11764706,17
10,Deconvolved,Omnipose,1.0,0.0,17
0,Deconvolved,Cellpose-SAM,0.5,0.8666667,17
1,Deconvolved,Cellpose-SAM,0.55,0.8666667,17
2,Deconvolved,Cellpose-SAM,0.6,0.8666667,17
3,Deconvolved,Cellpose-SAM,0.65,0.8666667,17
4,Deconvolved,Cellpose-SAM,0.7,0.8666667,17
5,Deconvolved,Cellpose-SAM,0.75,0.8666667,17
6,Deconvolved,Cellpose-SAM,0.8,0.8666667,17
7,Deconvolved,Cellpose-SAM,0.85,0.8666667,17
8,Deconvolved,Cellpose-SAM,0.9,0.8666667,17
9,Deconvolved,Cellpose-SAM,0.95,0.8,17
10,Deconvolved,Cellpose-SAM,1.0,0.0,17
0,Deconvolved,microSAM,0.5,0.875,17
1,Deconvolved,microSAM,0.55,0.75,17
2,Deconvolved,microSAM,0.6,0.75,17
3,Deconvolved,microSAM,0.65,0.75,17
4,Deconvolved,microSAM,0.7,0.75,17
5,Deconvolved,microSAM,0.75,0.75,17
6,Deconvolved,microSAM,0.8,0.75,17
7,Deconvolved,microSAM,0.85,0.75,17
8,Deconvolved,microSAM,0.9,0.75,17
9,Deconvolved,microSAM,0.95,0.6875,17
10,Deconvolved,microSAM,1.0,0.0,17
0,Deconvolved,Cellpose3,0.5,0.16216215,17
1,Deconvolved,Cellpose3,0.55,0.16216215,17
2,Deconvolved,Cellpose3,0.6,0.16216215,17
3,Deconvolved,Cellpose3,0.65,0.16216215,17
4,Deconvolved,Cellpose3,0.7,0.16216215,17
5,Deconvolved,Cellpose3,0.75,0.16216215,17
6,Deconvolved,Cellpose3,0.8,0.16216215,17
7,Deconvolved,Cellpose3,0.85,0.054054055,17
8,Deconvolved,Cellpose3,0.9,0.0,17
9,Deconvolved,Cellpose3,0.95,0.0,17
10,Deconvolved,Cellpose3,1.0,0.0,17
0,Deconvolved,Morphometrics,0.5,0.83870965,17
1,Deconvolved,Morphometrics,0.55,0.7741935,17
2,Deconvolved,Morphometrics,0.6,0.7741935,17
3,Deconvolved,Morphometrics,0.65,0.7741935,17
4,Deconvolved,Morphometrics,0.7,0.7741935,17
5,Deconvolved,Morphometrics,0.75,0.7741935,17
6,Deconvolved,Morphometrics,0.8,0.7741935,17
7,Deconvolved,Morphometrics,0.85,0.7741935,17
8,Deconvolved,Morphometrics,0.9,0.7741935,17
9,Deconvolved,Morphometrics,0.95,0.7741935,17
10,Deconvolved,Morphometrics,1.0,0.0,17
0,Deconvolved,Omnipose,0.5,0.91588783,18
1,Deconvolved,Omnipose,0.55,0.8785047,18
2,Deconvolved,Omnipose,0.6,0.8785047,18
3,Deconvolved,Omnipose,0.65,0.8785047,18
4,Deconvolved,Omnipose,0.7,0.8785047,18
5,Deconvolved,Omnipose,0.75,0.8598131,18
6,Deconvolved,Omnipose,0.8,0.8598131,18
7,Deconvolved,Omnipose,0.85,0.8598131,18
8,Deconvolved,Omnipose,0.9,0.8037383,18
9,Deconvolved,Omnipose,0.95,0.056074765,18
10,Deconvolved,Omnipose,1.0,0.0,18
0,Deconvolved,Cellpose-SAM,0.5,0.7254902,18
1,Deconvolved,Cellpose-SAM,0.55,0.6862745,18
2,Deconvolved,Cellpose-SAM,0.6,0.6862745,18
3,Deconvolved,Cellpose-SAM,0.65,0.6666667,18
4,Deconvolved,Cellpose-SAM,0.7,0.64705884,18
5,Deconvolved,Cellpose-SAM,0.75,0.64705884,18
6,Deconvolved,Cellpose-SAM,0.8,0.627451,18
7,Deconvolved,Cellpose-SAM,0.85,0.60784316,18
8,Deconvolved,Cellpose-SAM,0.9,0.5686275,18
9,Deconvolved,Cellpose-SAM,0.95,0.49019608,18
10,Deconvolved,Cellpose-SAM,1.0,0.0,18
0,Deconvolved,microSAM,0.5,0.8214286,18
1,Deconvolved,microSAM,0.55,0.78571427,18
2,Deconvolved,microSAM,0.6,0.78571427,18
3,Deconvolved,microSAM,0.65,0.76785713,18
4,Deconvolved,microSAM,0.7,0.76785713,18
5,Deconvolved,microSAM,0.75,0.75,18
6,Deconvolved,microSAM,0.8,0.75,18
7,Deconvolved,microSAM,0.85,0.75,18
8,Deconvolved,microSAM,0.9,0.73214287,18
9,Deconvolved,microSAM,0.95,0.375,18
10,Deconvolved,microSAM,1.0,0.0,18
0,Deconvolved,Cellpose3,0.5,0.5614035,18
1,Deconvolved,Cellpose3,0.55,0.5614035,18
2,Deconvolved,Cellpose3,0.6,0.5614035,18
3,Deconvolved,Cellpose3,0.65,0.54385966,18
4,Deconvolved,Cellpose3,0.7,0.5263158,18
5,Deconvolved,Cellpose3,0.75,0.40350878,18
6,Deconvolved,Cellpose3,0.8,0.14035088,18
7,Deconvolved,Cellpose3,0.85,0.0,18
8,Deconvolved,Cellpose3,0.9,0.0,18
9,Deconvolved,Cellpose3,0.95,0.0,18
10,Deconvolved,Cellpose3,1.0,0.0,18
0,Deconvolved,Morphometrics,0.5,0.88073397,18
1,Deconvolved,Morphometrics,0.55,0.82568806,18
2,Deconvolved,Morphometrics,0.6,0.82568806,18
3,Deconvolved,Morphometrics,0.65,0.80733943,18
4,Deconvolved,Morphometrics,0.7,0.80733943,18
5,Deconvolved,Morphometrics,0.75,0.80733943,18
6,Deconvolved,Morphometrics,0.8,0.80733943,18
7,Deconvolved,Morphometrics,0.85,0.80733943,18
8,Deconvolved,Morphometrics,0.9,0.7522936,18
9,Deconvolved,Morphometrics,0.95,0.6605505,18
10,Deconvolved,Morphometrics,1.0,0.0,18
0,Deconvolved,Omnipose,0.5,0.89361703,19
1,Deconvolved,Omnipose,0.55,0.85106385,19
2,Deconvolved,Omnipose,0.6,0.85106385,19
3,Deconvolved,Omnipose,0.65,0.85106385,19
4,Deconvolved,Omnipose,0.7,0.85106385,19
5,Deconvolved,Omnipose,0.75,0.85106385,19
6,Deconvolved,Omnipose,0.8,0.85106385,19
7,Deconvolved,Omnipose,0.85,0.85106385,19
8,Deconvolved,Omnipose,0.9,0.85106385,19
9,Deconvolved,Omnipose,0.95,0.0,19
10,Deconvolved,Omnipose,1.0,0.0,19
0,Deconvolved,Cellpose-SAM,0.5,0.77272725,19
1,Deconvolved,Cellpose-SAM,0.55,0.72727275,19
2,Deconvolved,Cellpose-SAM,0.6,0.72727275,19
3,Deconvolved,Cellpose-SAM,0.65,0.72727275,19
4,Deconvolved,Cellpose-SAM,0.7,0.6818182,19
5,Deconvolved,Cellpose-SAM,0.75,0.6818182,19
6,Deconvolved,Cellpose-SAM,0.8,0.6818182,19
7,Deconvolved,Cellpose-SAM,0.85,0.6818182,19
8,Deconvolved,Cellpose-SAM,0.9,0.6363636,19
9,Deconvolved,Cellpose-SAM,0.95,0.59090906,19
10,Deconvolved,Cellpose-SAM,1.0,0.0,19
0,Deconvolved,microSAM,0.5,0.6792453,19
1,Deconvolved,microSAM,0.55,0.6037736,19
2,Deconvolved,microSAM,0.6,0.6037736,19
3,Deconvolved,microSAM,0.65,0.6037736,19
4,Deconvolved,microSAM,0.7,0.6037736,19
5,Deconvolved,microSAM,0.75,0.6037736,19
6,Deconvolved,microSAM,0.8,0.6037736,19
7,Deconvolved,microSAM,0.85,0.6037736,19
8,Deconvolved,microSAM,0.9,0.6037736,19
9,Deconvolved,microSAM,0.95,0.11320755,19
10,Deconvolved,microSAM,1.0,0.0,19
0,Deconvolved,Cellpose3,0.5,0.28070176,19
1,Deconvolved,Cellpose3,0.55,0.24561404,19
2,Deconvolved,Cellpose3,0.6,0.24561404,19
3,Deconvolved,Cellpose3,0.65,0.24561404,19
4,Deconvolved,Cellpose3,0.7,0.24561404,19
5,Deconvolved,Cellpose3,0.75,0.24561404,19
6,Deconvolved,Cellpose3,0.8,0.10526316,19
7,Deconvolved,Cellpose3,0.85,0.0,19
8,Deconvolved,Cellpose3,0.9,0.0,19
9,Deconvolved,Cellpose3,0.95,0.0,19
10,Deconvolved,Cellpose3,1.0,0.0,19
0,Deconvolved,Morphometrics,0.5,0.7169811,19
1,Deconvolved,Morphometrics,0.55,0.6415094,19
2,Deconvolved,Morphometrics,0.6,0.6415094,19
3,Deconvolved,Morphometrics,0.65,0.6415094,19
4,Deconvolved,Morphometrics,0.7,0.6415094,19
5,Deconvolved,Morphometrics,0.75,0.6415094,19
6,Deconvolved,Morphometrics,0.8,0.6037736,19
7,Deconvolved,Morphometrics,0.85,0.5660377,19
8,Deconvolved,Morphometrics,0.9,0.5660377,19
9,Deconvolved,Morphometrics,0.95,0.5660377,19
10,Deconvolved,Morphometrics,1.0,0.0,19
0,Deconvolved,Omnipose,0.5,0.9777778,20
1,Deconvolved,Omnipose,0.55,0.93333334,20
2,Deconvolved,Omnipose,0.6,0.93333334,20
3,Deconvolved,Omnipose,0.65,0.93333334,20
4,Deconvolved,Omnipose,0.7,0.93333334,20
5,Deconvolved,Omnipose,0.75,0.93333334,20
6,Deconvolved,Omnipose,0.8,0.93333334,20
7,Deconvolved,Omnipose,0.85,0.93333334,20
8,Deconvolved,Omnipose,0.9,0.8888889,20
9,Deconvolved,Omnipose,0.95,0.0,20
10,Deconvolved,Omnipose,1.0,0.0,20
0,Deconvolved,Cellpose-SAM,0.5,0.6666667,20
1,Deconvolved,Cellpose-SAM,0.55,0.6666667,20
2,Deconvolved,Cellpose-SAM,0.6,0.6296296,20
3,Deconvolved,Cellpose-SAM,0.65,0.5925926,20
4,Deconvolved,Cellpose-SAM,0.7,0.5925926,20
5,Deconvolved,Cellpose-SAM,0.75,0.5925926,20
6,Deconvolved,Cellpose-SAM,0.8,0.5925926,20
7,Deconvolved,Cellpose-SAM,0.85,0.5925926,20
8,Deconvolved,Cellpose-SAM,0.9,0.5925926,20
9,Deconvolved,Cellpose-SAM,0.95,0.2962963,20
10,Deconvolved,Cellpose-SAM,1.0,0.0,20
0,Deconvolved,microSAM,0.5,0.9019608,20
1,Deconvolved,microSAM,0.55,0.9019608,20
2,Deconvolved,microSAM,0.6,0.9019608,20
3,Deconvolved,microSAM,0.65,0.9019608,20
4,Deconvolved,microSAM,0.7,0.9019608,20
5,Deconvolved,microSAM,0.75,0.9019608,20
6,Deconvolved,microSAM,0.8,0.9019608,20
7,Deconvolved,microSAM,0.85,0.9019608,20
8,Deconvolved,microSAM,0.9,0.8627451,20
9,Deconvolved,microSAM,0.95,0.27450982,20
10,Deconvolved,microSAM,1.0,0.0,20
0,Deconvolved,Cellpose3,0.5,0.5,20
1,Deconvolved,Cellpose3,0.55,0.45454547,20
2,Deconvolved,Cellpose3,0.6,0.4090909,20
3,Deconvolved,Cellpose3,0.65,0.4090909,20
4,Deconvolved,Cellpose3,0.7,0.4090909,20
5,Deconvolved,Cellpose3,0.75,0.36363637,20
6,Deconvolved,Cellpose3,0.8,0.22727273,20
7,Deconvolved,Cellpose3,0.85,0.18181819,20
8,Deconvolved,Cellpose3,0.9,0.13636364,20
9,Deconvolved,Cellpose3,0.95,0.0,20
10,Deconvolved,Cellpose3,1.0,0.0,20
0,Deconvolved,Morphometrics,0.5,0.8301887,20
1,Deconvolved,Morphometrics,0.55,0.8301887,20
2,Deconvolved,Morphometrics,0.6,0.8301887,20
3,Deconvolved,Morphometrics,0.65,0.8301887,20
4,Deconvolved,Morphometrics,0.7,0.8301887,20
5,Deconvolved,Morphometrics,0.75,0.8301887,20
6,Deconvolved,Morphometrics,0.8,0.8301887,20
7,Deconvolved,Morphometrics,0.85,0.754717,20
8,Deconvolved,Morphometrics,0.9,0.754717,20
9,Deconvolved,Morphometrics,0.95,0.3773585,20
10,Deconvolved,Morphometrics,1.0,0.0,20
0,Deconvolved,Omnipose,0.5,0.96,21
1,Deconvolved,Omnipose,0.55,0.96,21
2,Deconvolved,Omnipose,0.6,0.96,21
3,Deconvolved,Omnipose,0.65,0.96,21
4,Deconvolved,Omnipose,0.7,0.96,21
5,Deconvolved,Omnipose,0.75,0.96,21
6,Deconvolved,Omnipose,0.8,0.96,21
7,Deconvolved,Omnipose,0.85,0.96,21
8,Deconvolved,Omnipose,0.9,0.6933333,21
9,Deconvolved,Omnipose,0.95,0.053333335,21
10,Deconvolved,Omnipose,1.0,0.0,21
0,Deconvolved,Cellpose-SAM,0.5,0.96103895,21
1,Deconvolved,Cellpose-SAM,0.55,0.96103895,21
2,Deconvolved,Cellpose-SAM,0.6,0.96103895,21
3,Deconvolved,Cellpose-SAM,0.65,0.96103895,21
4,Deconvolved,Cellpose-SAM,0.7,0.90909094,21
5,Deconvolved,Cellpose-SAM,0.75,0.90909094,21
6,Deconvolved,Cellpose-SAM,0.8,0.85714287,21
7,Deconvolved,Cellpose-SAM,0.85,0.85714287,21
8,Deconvolved,Cellpose-SAM,0.9,0.77922076,21
9,Deconvolved,Cellpose-SAM,0.95,0.38961038,21
10,Deconvolved,Cellpose-SAM,1.0,0.0,21
0,Deconvolved,microSAM,0.5,0.875,21
1,Deconvolved,microSAM,0.55,0.875,21
2,Deconvolved,microSAM,0.6,0.875,21
3,Deconvolved,microSAM,0.65,0.875,21
4,Deconvolved,microSAM,0.7,0.875,21
5,Deconvolved,microSAM,0.75,0.875,21
6,Deconvolved,microSAM,0.8,0.875,21
7,Deconvolved,microSAM,0.85,0.85,21
8,Deconvolved,microSAM,0.9,0.725,21
9,Deconvolved,microSAM,0.95,0.425,21
10,Deconvolved,microSAM,1.0,0.0,21
0,Deconvolved,Cellpose3,0.5,0.3125,21
1,Deconvolved,Cellpose3,0.55,0.3125,21
2,Deconvolved,Cellpose3,0.6,0.3125,21
3,Deconvolved,Cellpose3,0.65,0.3125,21
4,Deconvolved,Cellpose3,0.7,0.3125,21
5,Deconvolved,Cellpose3,0.75,0.1875,21
6,Deconvolved,Cellpose3,0.8,0.1875,21
7,Deconvolved,Cellpose3,0.85,0.125,21
8,Deconvolved,Cellpose3,0.9,0.03125,21
9,Deconvolved,Cellpose3,0.95,0.0,21
10,Deconvolved,Cellpose3,1.0,0.0,21
0,Deconvolved,Morphometrics,0.5,0.886076,21
1,Deconvolved,Morphometrics,0.55,0.886076,21
2,Deconvolved,Morphometrics,0.6,0.886076,21
3,Deconvolved,Morphometrics,0.65,0.886076,21
4,Deconvolved,Morphometrics,0.7,0.886076,21
5,Deconvolved,Morphometrics,0.75,0.886076,21
6,Deconvolved,Morphometrics,0.8,0.835443,21
7,Deconvolved,Morphometrics,0.85,0.73417723,21
8,Deconvolved,Morphometrics,0.9,0.556962,21
9,Deconvolved,Morphometrics,0.95,0.4050633,21
10,Deconvolved,Morphometrics,1.0,0.0,21
0,Deconvolved,Omnipose,0.5,0.95652175,22
1,Deconvolved,Omnipose,0.55,0.95652175,22
2,Deconvolved,Omnipose,0.6,0.95652175,22
3,Deconvolved,Omnipose,0.65,0.92753625,22
4,Deconvolved,Omnipose,0.7,0.92753625,22
5,Deconvolved,Omnipose,0.75,0.92753625,22
6,Deconvolved,Omnipose,0.8,0.92753625,22
7,Deconvolved,Omnipose,0.85,0.92753625,22
8,Deconvolved,Omnipose,0.9,0.89855075,22
9,Deconvolved,Omnipose,0.95,0.14492753,22
10,Deconvolved,Omnipose,1.0,0.0,22
0,Deconvolved,Cellpose-SAM,0.5,0.75757575,22
1,Deconvolved,Cellpose-SAM,0.55,0.75757575,22
2,Deconvolved,Cellpose-SAM,0.6,0.75757575,22
3,Deconvolved,Cellpose-SAM,0.65,0.72727275,22
4,Deconvolved,Cellpose-SAM,0.7,0.6969697,22
5,Deconvolved,Cellpose-SAM,0.75,0.6969697,22
6,Deconvolved,Cellpose-SAM,0.8,0.6363636,22
7,Deconvolved,Cellpose-SAM,0.85,0.6060606,22
8,Deconvolved,Cellpose-SAM,0.9,0.57575756,22
9,Deconvolved,Cellpose-SAM,0.95,0.3939394,22
10,Deconvolved,Cellpose-SAM,1.0,0.0,22
0,Deconvolved,microSAM,0.5,0.7894737,22
1,Deconvolved,microSAM,0.55,0.7631579,22
2,Deconvolved,microSAM,0.6,0.7368421,22
3,Deconvolved,microSAM,0.65,0.7368421,22
4,Deconvolved,microSAM,0.7,0.7105263,22
5,Deconvolved,microSAM,0.75,0.7105263,22
6,Deconvolved,microSAM,0.8,0.7105263,22
7,Deconvolved,microSAM,0.85,0.7105263,22
8,Deconvolved,microSAM,0.9,0.5263158,22
9,Deconvolved,microSAM,0.95,0.15789473,22
10,Deconvolved,microSAM,1.0,0.0,22
0,Deconvolved,Cellpose3,0.5,0.5714286,22
1,Deconvolved,Cellpose3,0.55,0.51428574,22
2,Deconvolved,Cellpose3,0.6,0.51428574,22
3,Deconvolved,Cellpose3,0.65,0.51428574,22
4,Deconvolved,Cellpose3,0.7,0.45714286,22
5,Deconvolved,Cellpose3,0.75,0.37142858,22
6,Deconvolved,Cellpose3,0.8,0.34285715,22
7,Deconvolved,Cellpose3,0.85,0.2,22
8,Deconvolved,Cellpose3,0.9,0.028571429,22
9,Deconvolved,Cellpose3,0.95,0.0,22
10,Deconvolved,Cellpose3,1.0,0.0,22
0,Deconvolved,Morphometrics,0.5,0.8051948,22
1,Deconvolved,Morphometrics,0.55,0.72727275,22
2,Deconvolved,Morphometrics,0.6,0.72727275,22
3,Deconvolved,Morphometrics,0.65,0.7012987,22
4,Deconvolved,Morphometrics,0.7,0.7012987,22
5,Deconvolved,Morphometrics,0.75,0.6753247,22
6,Deconvolved,Morphometrics,0.8,0.6753247,22
7,Deconvolved,Morphometrics,0.85,0.6753247,22
8,Deconvolved,Morphometrics,0.9,0.6753247,22
9,Deconvolved,Morphometrics,0.95,0.5714286,22
10,Deconvolved,Morphometrics,1.0,0.0,22
0,Deconvolved,Omnipose,0.5,0.9589041,23
1,Deconvolved,Omnipose,0.55,0.9589041,23
2,Deconvolved,Omnipose,0.6,0.9589041,23
3,Deconvolved,Omnipose,0.65,0.9589041,23
4,Deconvolved,Omnipose,0.7,0.9589041,23
5,Deconvolved,Omnipose,0.75,0.9589041,23
6,Deconvolved,Omnipose,0.8,0.9589041,23
7,Deconvolved,Omnipose,0.85,0.9589041,23
8,Deconvolved,Omnipose,0.9,0.9589041,23
9,Deconvolved,Omnipose,0.95,0.02739726,23
10,Deconvolved,Omnipose,1.0,0.0,23
0,Deconvolved,Cellpose-SAM,0.5,0.9411765,23
1,Deconvolved,Cellpose-SAM,0.55,0.9117647,23
2,Deconvolved,Cellpose-SAM,0.6,0.9117647,23
3,Deconvolved,Cellpose-SAM,0.65,0.9117647,23
4,Deconvolved,Cellpose-SAM,0.7,0.9117647,23
5,Deconvolved,Cellpose-SAM,0.75,0.9117647,23
6,Deconvolved,Cellpose-SAM,0.8,0.9117647,23
7,Deconvolved,Cellpose-SAM,0.85,0.9117647,23
8,Deconvolved,Cellpose-SAM,0.9,0.9117647,23
9,Deconvolved,Cellpose-SAM,0.95,0.7647059,23
10,Deconvolved,Cellpose-SAM,1.0,0.0,23
0,Deconvolved,microSAM,0.5,0.8684211,23
1,Deconvolved,microSAM,0.55,0.8684211,23
2,Deconvolved,microSAM,0.6,0.8684211,23
3,Deconvolved,microSAM,0.65,0.8684211,23
4,Deconvolved,microSAM,0.7,0.8684211,23
5,Deconvolved,microSAM,0.75,0.8684211,23
6,Deconvolved,microSAM,0.8,0.8684211,23
7,Deconvolved,microSAM,0.85,0.8684211,23
8,Deconvolved,microSAM,0.9,0.84210527,23
9,Deconvolved,microSAM,0.95,0.42105263,23
10,Deconvolved,microSAM,1.0,0.0,23
0,Deconvolved,Cellpose3,0.5,0.7027027,23
1,Deconvolved,Cellpose3,0.55,0.6486486,23
2,Deconvolved,Cellpose3,0.6,0.6486486,23
3,Deconvolved,Cellpose3,0.65,0.6486486,23
4,Deconvolved,Cellpose3,0.7,0.6216216,23
5,Deconvolved,Cellpose3,0.75,0.5135135,23
6,Deconvolved,Cellpose3,0.8,0.35135135,23
7,Deconvolved,Cellpose3,0.85,0.054054055,23
8,Deconvolved,Cellpose3,0.9,0.0,23
9,Deconvolved,Cellpose3,0.95,0.0,23
10,Deconvolved,Cellpose3,1.0,0.0,23
0,Deconvolved,Morphometrics,0.5,0.9722222,23
1,Deconvolved,Morphometrics,0.55,0.9166667,23
2,Deconvolved,Morphometrics,0.6,0.9166667,23
3,Deconvolved,Morphometrics,0.65,0.9166667,23
4,Deconvolved,Morphometrics,0.7,0.9166667,23
5,Deconvolved,Morphometrics,0.75,0.9166667,23
6,Deconvolved,Morphometrics,0.8,0.9166667,23
7,Deconvolved,Morphometrics,0.85,0.9166667,23
8,Deconvolved,Morphometrics,0.9,0.9166667,23
9,Deconvolved,Morphometrics,0.95,0.8611111,23
10,Deconvolved,Morphometrics,1.0,0.0,23
0,Deconvolved,Omnipose,0.5,0.89361703,24
1,Deconvolved,Omnipose,0.55,0.87234044,24
2,Deconvolved,Omnipose,0.6,0.85106385,24
3,Deconvolved,Omnipose,0.65,0.85106385,24
4,Deconvolved,Omnipose,0.7,0.85106385,24
5,Deconvolved,Omnipose,0.75,0.85106385,24
6,Deconvolved,Omnipose,0.8,0.85106385,24
7,Deconvolved,Omnipose,0.85,0.84042555,24
8,Deconvolved,Omnipose,0.9,0.7234042,24
9,Deconvolved,Omnipose,0.95,0.20212767,24
10,Deconvolved,Omnipose,1.0,0.0,24
0,Deconvolved,Cellpose-SAM,0.5,0.41916168,24
1,Deconvolved,Cellpose-SAM,0.55,0.37125748,24
2,Deconvolved,Cellpose-SAM,0.6,0.3233533,24
3,Deconvolved,Cellpose-SAM,0.65,0.3233533,24
4,Deconvolved,Cellpose-SAM,0.7,0.3233533,24
5,Deconvolved,Cellpose-SAM,0.75,0.31137726,24
6,Deconvolved,Cellpose-SAM,0.8,0.2994012,24
7,Deconvolved,Cellpose-SAM,0.85,0.26347306,24
8,Deconvolved,Cellpose-SAM,0.9,0.19161677,24
9,Deconvolved,Cellpose-SAM,0.95,0.07185629,24
10,Deconvolved,Cellpose-SAM,1.0,0.0,24
0,Deconvolved,microSAM,0.5,0.7902439,24
1,Deconvolved,microSAM,0.55,0.7609756,24
2,Deconvolved,microSAM,0.6,0.7609756,24
3,Deconvolved,microSAM,0.65,0.7609756,24
4,Deconvolved,microSAM,0.7,0.7609756,24
5,Deconvolved,microSAM,0.75,0.7609756,24
6,Deconvolved,microSAM,0.8,0.7609756,24
7,Deconvolved,microSAM,0.85,0.7414634,24
8,Deconvolved,microSAM,0.9,0.63414633,24
9,Deconvolved,microSAM,0.95,0.25365853,24
10,Deconvolved,microSAM,1.0,0.0,24
0,Deconvolved,Cellpose3,0.5,0.4025157,24
1,Deconvolved,Cellpose3,0.55,0.3899371,24
2,Deconvolved,Cellpose3,0.6,0.3899371,24
3,Deconvolved,Cellpose3,0.65,0.3899371,24
4,Deconvolved,Cellpose3,0.7,0.36477986,24
5,Deconvolved,Cellpose3,0.75,0.25157234,24
6,Deconvolved,Cellpose3,0.8,0.062893085,24
7,Deconvolved,Cellpose3,0.85,0.0,24
8,Deconvolved,Cellpose3,0.9,0.0,24
9,Deconvolved,Cellpose3,0.95,0.0,24
10,Deconvolved,Cellpose3,1.0,0.0,24
0,Deconvolved,Morphometrics,0.5,0.7330317,24
1,Deconvolved,Morphometrics,0.55,0.67873305,24
2,Deconvolved,Morphometrics,0.6,0.6696833,24
3,Deconvolved,Morphometrics,0.65,0.65158373,24
4,Deconvolved,Morphometrics,0.7,0.6244344,24
5,Deconvolved,Morphometrics,0.75,0.60633487,24
6,Deconvolved,Morphometrics,0.8,0.5882353,24
7,Deconvolved,Morphometrics,0.85,0.5520362,24
8,Deconvolved,Morphometrics,0.9,0.479638,24
9,Deconvolved,Morphometrics,0.95,0.25339368,24
10,Deconvolved,Morphometrics,1.0,0.0,24
0,Deconvolved,Omnipose,0.5,0.8309859,25
1,Deconvolved,Omnipose,0.55,0.7887324,25
2,Deconvolved,Omnipose,0.6,0.7887324,25
3,Deconvolved,Omnipose,0.65,0.7887324,25
4,Deconvolved,Omnipose,0.7,0.7746479,25
5,Deconvolved,Omnipose,0.75,0.7746479,25
6,Deconvolved,Omnipose,0.8,0.7746479,25
7,Deconvolved,Omnipose,0.85,0.7746479,25
8,Deconvolved,Omnipose,0.9,0.7605634,25
9,Deconvolved,Omnipose,0.95,0.28169015,25
10,Deconvolved,Omnipose,1.0,0.0,25
0,Deconvolved,Cellpose-SAM,0.5,0.48214287,25
1,Deconvolved,Cellpose-SAM,0.55,0.39285713,25
2,Deconvolved,Cellpose-SAM,0.6,0.39285713,25
3,Deconvolved,Cellpose-SAM,0.65,0.39285713,25
4,Deconvolved,Cellpose-SAM,0.7,0.39285713,25
5,Deconvolved,Cellpose-SAM,0.75,0.39285713,25
6,Deconvolved,Cellpose-SAM,0.8,0.375,25
7,Deconvolved,Cellpose-SAM,0.85,0.35714287,25
8,Deconvolved,Cellpose-SAM,0.9,0.3392857,25
9,Deconvolved,Cellpose-SAM,0.95,0.16071428,25
10,Deconvolved,Cellpose-SAM,1.0,0.0,25
0,Deconvolved,microSAM,0.5,0.86567163,25
1,Deconvolved,microSAM,0.55,0.73134327,25
2,Deconvolved,microSAM,0.6,0.73134327,25
3,Deconvolved,microSAM,0.65,0.73134327,25
4,Deconvolved,microSAM,0.7,0.73134327,25
5,Deconvolved,microSAM,0.75,0.73134327,25
6,Deconvolved,microSAM,0.8,0.73134327,25
7,Deconvolved,microSAM,0.85,0.73134327,25
8,Deconvolved,microSAM,0.9,0.67164177,25
9,Deconvolved,microSAM,0.95,0.2238806,25
10,Deconvolved,microSAM,1.0,0.0,25
0,Deconvolved,Cellpose3,0.5,0.39097744,25
1,Deconvolved,Cellpose3,0.55,0.39097744,25
2,Deconvolved,Cellpose3,0.6,0.39097744,25
3,Deconvolved,Cellpose3,0.65,0.39097744,25
4,Deconvolved,Cellpose3,0.7,0.37593985,25
5,Deconvolved,Cellpose3,0.75,0.2857143,25
6,Deconvolved,Cellpose3,0.8,0.15037593,25
7,Deconvolved,Cellpose3,0.85,0.015037594,25
8,Deconvolved,Cellpose3,0.9,0.0,25
9,Deconvolved,Cellpose3,0.95,0.0,25
10,Deconvolved,Cellpose3,1.0,0.0,25
0,Deconvolved,Morphometrics,0.5,0.7368421,25
1,Deconvolved,Morphometrics,0.55,0.6184211,25
2,Deconvolved,Morphometrics,0.6,0.6184211,25
3,Deconvolved,Morphometrics,0.65,0.6184211,25
4,Deconvolved,Morphometrics,0.7,0.6052632,25
5,Deconvolved,Morphometrics,0.75,0.6052632,25
6,Deconvolved,Morphometrics,0.8,0.56578946,25
7,Deconvolved,Morphometrics,0.85,0.56578946,25
8,Deconvolved,Morphometrics,0.9,0.5,25
9,Deconvolved,Morphometrics,0.95,0.35526314,25
10,Deconvolved,Morphometrics,1.0,0.0,25
0,Deconvolved,Omnipose,0.5,0.93650794,26
1,Deconvolved,Omnipose,0.55,0.9206349,26
2,Deconvolved,Omnipose,0.6,0.9206349,26
3,Deconvolved,Omnipose,0.65,0.9206349,26
4,Deconvolved,Omnipose,0.7,0.9206349,26
5,Deconvolved,Omnipose,0.75,0.9206349,26
6,Deconvolved,Omnipose,0.8,0.9206349,26
7,Deconvolved,Omnipose,0.85,0.9206349,26
8,Deconvolved,Omnipose,0.9,0.8888889,26
9,Deconvolved,Omnipose,0.95,0.36507937,26
10,Deconvolved,Omnipose,1.0,0.0,26
0,Deconvolved,Cellpose-SAM,0.5,0.7863248,26
1,Deconvolved,Cellpose-SAM,0.55,0.75213677,26
2,Deconvolved,Cellpose-SAM,0.6,0.75213677,26
3,Deconvolved,Cellpose-SAM,0.65,0.73504275,26
4,Deconvolved,Cellpose-SAM,0.7,0.73504275,26
5,Deconvolved,Cellpose-SAM,0.75,0.73504275,26
6,Deconvolved,Cellpose-SAM,0.8,0.73504275,26
7,Deconvolved,Cellpose-SAM,0.85,0.73504275,26
8,Deconvolved,Cellpose-SAM,0.9,0.6495727,26
9,Deconvolved,Cellpose-SAM,0.95,0.3931624,26
10,Deconvolved,Cellpose-SAM,1.0,0.0,26
0,Deconvolved,microSAM,0.5,0.84210527,26
1,Deconvolved,microSAM,0.55,0.8270677,26
2,Deconvolved,microSAM,0.6,0.8270677,26
3,Deconvolved,microSAM,0.65,0.8270677,26
4,Deconvolved,microSAM,0.7,0.8270677,26
5,Deconvolved,microSAM,0.75,0.8270677,26
6,Deconvolved,microSAM,0.8,0.8270677,26
7,Deconvolved,microSAM,0.85,0.8270677,26
8,Deconvolved,microSAM,0.9,0.7819549,26
9,Deconvolved,microSAM,0.95,0.30075186,26
10,Deconvolved,microSAM,1.0,0.0,26
0,Deconvolved,Cellpose3,0.5,0.4347826,26
1,Deconvolved,Cellpose3,0.55,0.4347826,26
2,Deconvolved,Cellpose3,0.6,0.4347826,26
3,Deconvolved,Cellpose3,0.65,0.4347826,26
4,Deconvolved,Cellpose3,0.7,0.42028984,26
5,Deconvolved,Cellpose3,0.75,0.3478261,26
6,Deconvolved,Cellpose3,0.8,0.1884058,26
7,Deconvolved,Cellpose3,0.85,0.057971016,26
8,Deconvolved,Cellpose3,0.9,0.0,26
9,Deconvolved,Cellpose3,0.95,0.0,26
10,Deconvolved,Cellpose3,1.0,0.0,26
0,Deconvolved,Morphometrics,0.5,0.7058824,26
1,Deconvolved,Morphometrics,0.55,0.6535948,26
2,Deconvolved,Morphometrics,0.6,0.6405229,26
3,Deconvolved,Morphometrics,0.65,0.6405229,26
4,Deconvolved,Morphometrics,0.7,0.6143791,26
5,Deconvolved,Morphometrics,0.75,0.6013072,26
6,Deconvolved,Morphometrics,0.8,0.5882353,26
7,Deconvolved,Morphometrics,0.85,0.52287585,26
8,Deconvolved,Morphometrics,0.9,0.48366013,26
9,Deconvolved,Morphometrics,0.95,0.3529412,26
10,Deconvolved,Morphometrics,1.0,0.0,26
0,Deconvolved,Omnipose,0.5,0.9677419,27
1,Deconvolved,Omnipose,0.55,0.9677419,27
2,Deconvolved,Omnipose,0.6,0.9677419,27
3,Deconvolved,Omnipose,0.65,0.94623655,27
4,Deconvolved,Omnipose,0.7,0.94623655,27
5,Deconvolved,Omnipose,0.75,0.94623655,27
6,Deconvolved,Omnipose,0.8,0.94623655,27
7,Deconvolved,Omnipose,0.85,0.94623655,27
8,Deconvolved,Omnipose,0.9,0.94623655,27
9,Deconvolved,Omnipose,0.95,0.38709676,27
10,Deconvolved,Omnipose,1.0,0.0,27
0,Deconvolved,Cellpose-SAM,0.5,0.57894737,27
1,Deconvolved,Cellpose-SAM,0.55,0.57894737,27
2,Deconvolved,Cellpose-SAM,0.6,0.55263156,27
3,Deconvolved,Cellpose-SAM,0.65,0.55263156,27
4,Deconvolved,Cellpose-SAM,0.7,0.55263156,27
5,Deconvolved,Cellpose-SAM,0.75,0.55263156,27
6,Deconvolved,Cellpose-SAM,0.8,0.55263156,27
7,Deconvolved,Cellpose-SAM,0.85,0.5263158,27
8,Deconvolved,Cellpose-SAM,0.9,0.5263158,27
9,Deconvolved,Cellpose-SAM,0.95,0.34210527,27
10,Deconvolved,Cellpose-SAM,1.0,0.0,27
0,Deconvolved,microSAM,0.5,0.86,27
1,Deconvolved,microSAM,0.55,0.82,27
2,Deconvolved,microSAM,0.6,0.82,27
3,Deconvolved,microSAM,0.65,0.78,27
4,Deconvolved,microSAM,0.7,0.78,27
5,Deconvolved,microSAM,0.75,0.78,27
6,Deconvolved,microSAM,0.8,0.78,27
7,Deconvolved,microSAM,0.85,0.78,27
8,Deconvolved,microSAM,0.9,0.74,27
9,Deconvolved,microSAM,0.95,0.4,27
10,Deconvolved,microSAM,1.0,0.0,27
0,Deconvolved,Cellpose3,0.5,0.63265306,27
1,Deconvolved,Cellpose3,0.55,0.59183675,27
2,Deconvolved,Cellpose3,0.6,0.59183675,27
3,Deconvolved,Cellpose3,0.65,0.59183675,27
4,Deconvolved,Cellpose3,0.7,0.5714286,27
5,Deconvolved,Cellpose3,0.75,0.36734694,27
6,Deconvolved,Cellpose3,0.8,0.18367347,27
7,Deconvolved,Cellpose3,0.85,0.020408163,27
8,Deconvolved,Cellpose3,0.9,0.0,27
9,Deconvolved,Cellpose3,0.95,0.0,27
10,Deconvolved,Cellpose3,1.0,0.0,27
0,Deconvolved,Morphometrics,0.5,0.75,27
1,Deconvolved,Morphometrics,0.55,0.66071427,27
2,Deconvolved,Morphometrics,0.6,0.66071427,27
3,Deconvolved,Morphometrics,0.65,0.64285713,27
4,Deconvolved,Morphometrics,0.7,0.64285713,27
5,Deconvolved,Morphometrics,0.75,0.64285713,27
6,Deconvolved,Morphometrics,0.8,0.64285713,27
7,Deconvolved,Morphometrics,0.85,0.64285713,27
8,Deconvolved,Morphometrics,0.9,0.64285713,27
9,Deconvolved,Morphometrics,0.95,0.5714286,27
10,Deconvolved,Morphometrics,1.0,0.0,27
0,Deconvolved,Omnipose,0.5,0.95238096,28
1,Deconvolved,Omnipose,0.55,0.95238096,28
2,Deconvolved,Omnipose,0.6,0.95238096,28
3,Deconvolved,Omnipose,0.65,0.95238096,28
4,Deconvolved,Omnipose,0.7,0.95238096,28
5,Deconvolved,Omnipose,0.75,0.95238096,28
6,Deconvolved,Omnipose,0.8,0.95238096,28
7,Deconvolved,Omnipose,0.85,0.95238096,28
8,Deconvolved,Omnipose,0.9,0.95238096,28
9,Deconvolved,Omnipose,0.95,0.0952381,28
10,Deconvolved,Omnipose,1.0,0.0,28
0,Deconvolved,Cellpose-SAM,0.5,0.68292683,28
1,Deconvolved,Cellpose-SAM,0.55,0.6585366,28
2,Deconvolved,Cellpose-SAM,0.6,0.6585366,28
3,Deconvolved,Cellpose-SAM,0.65,0.58536583,28
4,Deconvolved,Cellpose-SAM,0.7,0.58536583,28
5,Deconvolved,Cellpose-SAM,0.75,0.5365854,28
6,Deconvolved,Cellpose-SAM,0.8,0.5121951,28
7,Deconvolved,Cellpose-SAM,0.85,0.4878049,28
8,Deconvolved,Cellpose-SAM,0.9,0.46341464,28
9,Deconvolved,Cellpose-SAM,0.95,0.36585367,28
10,Deconvolved,Cellpose-SAM,1.0,0.0,28
0,Deconvolved,microSAM,0.5,0.77894735,28
1,Deconvolved,microSAM,0.55,0.75789475,28
2,Deconvolved,microSAM,0.6,0.7368421,28
3,Deconvolved,microSAM,0.65,0.7368421,28
4,Deconvolved,microSAM,0.7,0.7368421,28
5,Deconvolved,microSAM,0.75,0.7368421,28
6,Deconvolved,microSAM,0.8,0.7368421,28
7,Deconvolved,microSAM,0.85,0.7368421,28
8,Deconvolved,microSAM,0.9,0.7368421,28
9,Deconvolved,microSAM,0.95,0.4,28
10,Deconvolved,microSAM,1.0,0.0,28
0,Deconvolved,Cellpose3,0.5,0.5777778,28
1,Deconvolved,Cellpose3,0.55,0.5555556,28
2,Deconvolved,Cellpose3,0.6,0.5555556,28
3,Deconvolved,Cellpose3,0.65,0.5555556,28
4,Deconvolved,Cellpose3,0.7,0.5555556,28
5,Deconvolved,Cellpose3,0.75,0.42222223,28
6,Deconvolved,Cellpose3,0.8,0.2,28
7,Deconvolved,Cellpose3,0.85,0.022222223,28
8,Deconvolved,Cellpose3,0.9,0.0,28
9,Deconvolved,Cellpose3,0.95,0.0,28
10,Deconvolved,Cellpose3,1.0,0.0,28
0,Deconvolved,Morphometrics,0.5,0.7755102,28
1,Deconvolved,Morphometrics,0.55,0.7346939,28
2,Deconvolved,Morphometrics,0.6,0.71428573,28
3,Deconvolved,Morphometrics,0.65,0.71428573,28
4,Deconvolved,Morphometrics,0.7,0.71428573,28
5,Deconvolved,Morphometrics,0.75,0.71428573,28
6,Deconvolved,Morphometrics,0.8,0.71428573,28
7,Deconvolved,Morphometrics,0.85,0.6938776,28
8,Deconvolved,Morphometrics,0.9,0.6938776,28
9,Deconvolved,Morphometrics,0.95,0.6530612,28
10,Deconvolved,Morphometrics,1.0,0.0,28
0,Deconvolved,Omnipose,0.5,0.91803277,29
1,Deconvolved,Omnipose,0.55,0.91803277,29
2,Deconvolved,Omnipose,0.6,0.91803277,29
3,Deconvolved,Omnipose,0.65,0.91803277,29
4,Deconvolved,Omnipose,0.7,0.91803277,29
5,Deconvolved,Omnipose,0.75,0.91803277,29
6,Deconvolved,Omnipose,0.8,0.91803277,29
7,Deconvolved,Omnipose,0.85,0.91803277,29
8,Deconvolved,Omnipose,0.9,0.91803277,29
9,Deconvolved,Omnipose,0.95,0.6557377,29
10,Deconvolved,Omnipose,1.0,0.0,29
0,Deconvolved,Cellpose-SAM,0.5,0.0,29
1,Deconvolved,Cellpose-SAM,0.55,0.0,29
2,Deconvolved,Cellpose-SAM,0.6,0.0,29
3,Deconvolved,Cellpose-SAM,0.65,0.0,29
4,Deconvolved,Cellpose-SAM,0.7,0.0,29
5,Deconvolved,Cellpose-SAM,0.75,0.0,29
6,Deconvolved,Cellpose-SAM,0.8,0.0,29
7,Deconvolved,Cellpose-SAM,0.85,0.0,29
8,Deconvolved,Cellpose-SAM,0.9,0.0,29
9,Deconvolved,Cellpose-SAM,0.95,0.0,29
10,Deconvolved,Cellpose-SAM,1.0,0.0,29
0,Deconvolved,microSAM,0.5,0.75757575,29
1,Deconvolved,microSAM,0.55,0.6969697,29
2,Deconvolved,microSAM,0.6,0.6969697,29
3,Deconvolved,microSAM,0.65,0.6969697,29
4,Deconvolved,microSAM,0.7,0.6969697,29
5,Deconvolved,microSAM,0.75,0.6969697,29
6,Deconvolved,microSAM,0.8,0.6969697,29
7,Deconvolved,microSAM,0.85,0.6969697,29
8,Deconvolved,microSAM,0.9,0.57575756,29
9,Deconvolved,microSAM,0.95,0.121212125,29
10,Deconvolved,microSAM,1.0,0.0,29
0,Deconvolved,Cellpose3,0.5,0.5915493,29
1,Deconvolved,Cellpose3,0.55,0.5915493,29
2,Deconvolved,Cellpose3,0.6,0.5915493,29
3,Deconvolved,Cellpose3,0.65,0.5915493,29
4,Deconvolved,Cellpose3,0.7,0.5915493,29
5,Deconvolved,Cellpose3,0.75,0.5070422,29
6,Deconvolved,Cellpose3,0.8,0.30985916,29
7,Deconvolved,Cellpose3,0.85,0.056338027,29
8,Deconvolved,Cellpose3,0.9,0.0,29
9,Deconvolved,Cellpose3,0.95,0.0,29
10,Deconvolved,Cellpose3,1.0,0.0,29
0,Deconvolved,Morphometrics,0.5,0.75757575,29
1,Deconvolved,Morphometrics,0.55,0.72727275,29
2,Deconvolved,Morphometrics,0.6,0.72727275,29
3,Deconvolved,Morphometrics,0.65,0.72727275,29
4,Deconvolved,Morphometrics,0.7,0.72727275,29
5,Deconvolved,Morphometrics,0.75,0.6969697,29
6,Deconvolved,Morphometrics,0.8,0.6969697,29
7,Deconvolved,Morphometrics,0.85,0.6969697,29
8,Deconvolved,Morphometrics,0.9,0.6666667,29
9,Deconvolved,Morphometrics,0.95,0.57575756,29
10,Deconvolved,Morphometrics,1.0,0.0,29
0,Deconvolved,Omnipose,0.5,0.96666664,30
1,Deconvolved,Omnipose,0.55,0.96666664,30
2,Deconvolved,Omnipose,0.6,0.96666664,30
3,Deconvolved,Omnipose,0.65,0.96666664,30
4,Deconvolved,Omnipose,0.7,0.96666664,30
5,Deconvolved,Omnipose,0.75,0.96666664,30
6,Deconvolved,Omnipose,0.8,0.96666664,30
7,Deconvolved,Omnipose,0.85,0.96666664,30
8,Deconvolved,Omnipose,0.9,0.95,30
9,Deconvolved,Omnipose,0.95,0.48333332,30
10,Deconvolved,Omnipose,1.0,0.0,30
0,Deconvolved,Cellpose-SAM,0.5,0.17073171,30
1,Deconvolved,Cellpose-SAM,0.55,0.14634146,30
2,Deconvolved,Cellpose-SAM,0.6,0.14634146,30
3,Deconvolved,Cellpose-SAM,0.65,0.12195122,30
4,Deconvolved,Cellpose-SAM,0.7,0.12195122,30
5,Deconvolved,Cellpose-SAM,0.75,0.12195122,30
6,Deconvolved,Cellpose-SAM,0.8,0.12195122,30
7,Deconvolved,Cellpose-SAM,0.85,0.12195122,30
8,Deconvolved,Cellpose-SAM,0.9,0.09756097,30
9,Deconvolved,Cellpose-SAM,0.95,0.0,30
10,Deconvolved,Cellpose-SAM,1.0,0.0,30
0,Deconvolved,microSAM,0.5,0.928,30
1,Deconvolved,microSAM,0.55,0.912,30
2,Deconvolved,microSAM,0.6,0.912,30
3,Deconvolved,microSAM,0.65,0.912,30
4,Deconvolved,microSAM,0.7,0.896,30
5,Deconvolved,microSAM,0.75,0.896,30
6,Deconvolved,microSAM,0.8,0.896,30
7,Deconvolved,microSAM,0.85,0.88,30
8,Deconvolved,microSAM,0.9,0.608,30
9,Deconvolved,microSAM,0.95,0.176,30
10,Deconvolved,microSAM,1.0,0.0,30
0,Deconvolved,Cellpose3,0.5,0.4915254,30
1,Deconvolved,Cellpose3,0.55,0.4915254,30
2,Deconvolved,Cellpose3,0.6,0.4915254,30
3,Deconvolved,Cellpose3,0.65,0.4915254,30
4,Deconvolved,Cellpose3,0.7,0.45762712,30
5,Deconvolved,Cellpose3,0.75,0.3559322,30
6,Deconvolved,Cellpose3,0.8,0.15254237,30
7,Deconvolved,Cellpose3,0.85,0.016949153,30
8,Deconvolved,Cellpose3,0.9,0.0,30
9,Deconvolved,Cellpose3,0.95,0.0,30
10,Deconvolved,Cellpose3,1.0,0.0,30
0,Deconvolved,Morphometrics,0.5,0.90625,30
1,Deconvolved,Morphometrics,0.55,0.875,30
2,Deconvolved,Morphometrics,0.6,0.84375,30
3,Deconvolved,Morphometrics,0.65,0.828125,30
4,Deconvolved,Morphometrics,0.7,0.828125,30
5,Deconvolved,Morphometrics,0.75,0.8125,30
6,Deconvolved,Morphometrics,0.8,0.796875,30
7,Deconvolved,Morphometrics,0.85,0.796875,30
8,Deconvolved,Morphometrics,0.9,0.75,30
9,Deconvolved,Morphometrics,0.95,0.546875,30
10,Deconvolved,Morphometrics,1.0,0.0,30
0,Deconvolved,Omnipose,0.5,0.921466,31
1,Deconvolved,Omnipose,0.55,0.921466,31
2,Deconvolved,Omnipose,0.6,0.921466,31
3,Deconvolved,Omnipose,0.65,0.921466,31
4,Deconvolved,Omnipose,0.7,0.921466,31
5,Deconvolved,Omnipose,0.75,0.921466,31
6,Deconvolved,Omnipose,0.8,0.921466,31
7,Deconvolved,Omnipose,0.85,0.921466,31
8,Deconvolved,Omnipose,0.9,0.91099477,31
9,Deconvolved,Omnipose,0.95,0.5235602,31
10,Deconvolved,Omnipose,1.0,0.0,31
0,Deconvolved,Cellpose-SAM,0.5,0.18018018,31
1,Deconvolved,Cellpose-SAM,0.55,0.16216215,31
2,Deconvolved,Cellpose-SAM,0.6,0.16216215,31
3,Deconvolved,Cellpose-SAM,0.65,0.16216215,31
4,Deconvolved,Cellpose-SAM,0.7,0.14414415,31
5,Deconvolved,Cellpose-SAM,0.75,0.12612613,31
6,Deconvolved,Cellpose-SAM,0.8,0.12612613,31
7,Deconvolved,Cellpose-SAM,0.85,0.10810811,31
8,Deconvolved,Cellpose-SAM,0.9,0.10810811,31
9,Deconvolved,Cellpose-SAM,0.95,0.036036037,31
10,Deconvolved,Cellpose-SAM,1.0,0.0,31
0,Deconvolved,microSAM,0.5,0.75238097,31
1,Deconvolved,microSAM,0.55,0.6952381,31
2,Deconvolved,microSAM,0.6,0.6952381,31
3,Deconvolved,microSAM,0.65,0.6952381,31
4,Deconvolved,microSAM,0.7,0.6857143,31
5,Deconvolved,microSAM,0.75,0.6857143,31
6,Deconvolved,microSAM,0.8,0.6761905,31
7,Deconvolved,microSAM,0.85,0.63809526,31
8,Deconvolved,microSAM,0.9,0.4,31
9,Deconvolved,microSAM,0.95,0.01904762,31
10,Deconvolved,microSAM,1.0,0.0,31
0,Deconvolved,Cellpose3,0.5,0.35051546,31
1,Deconvolved,Cellpose3,0.55,0.35051546,31
2,Deconvolved,Cellpose3,0.6,0.35051546,31
3,Deconvolved,Cellpose3,0.65,0.3298969,31
4,Deconvolved,Cellpose3,0.7,0.2783505,31
5,Deconvolved,Cellpose3,0.75,0.14432989,31
6,Deconvolved,Cellpose3,0.8,0.041237112,31
7,Deconvolved,Cellpose3,0.85,0.010309278,31
8,Deconvolved,Cellpose3,0.9,0.0,31
9,Deconvolved,Cellpose3,0.95,0.0,31
10,Deconvolved,Cellpose3,1.0,0.0,31
0,Deconvolved,Morphometrics,0.5,0.8217822,31
1,Deconvolved,Morphometrics,0.55,0.7821782,31
2,Deconvolved,Morphometrics,0.6,0.7821782,31
3,Deconvolved,Morphometrics,0.65,0.77227724,31
4,Deconvolved,Morphometrics,0.7,0.77227724,31
5,Deconvolved,Morphometrics,0.75,0.77227724,31
6,Deconvolved,Morphometrics,0.8,0.76237625,31
7,Deconvolved,Morphometrics,0.85,0.76237625,31
8,Deconvolved,Morphometrics,0.9,0.7227723,31
9,Deconvolved,Morphometrics,0.95,0.4950495,31
10,Deconvolved,Morphometrics,1.0,0.0,31
0,Deconvolved,Omnipose,0.5,0.8791209,32
1,Deconvolved,Omnipose,0.55,0.85714287,32
2,Deconvolved,Omnipose,0.6,0.85714287,32
3,Deconvolved,Omnipose,0.65,0.85714287,32
4,Deconvolved,Omnipose,0.7,0.85714287,32
5,Deconvolved,Omnipose,0.75,0.85714287,32
6,Deconvolved,Omnipose,0.8,0.85714287,32
7,Deconvolved,Omnipose,0.85,0.85714287,32
8,Deconvolved,Omnipose,0.9,0.83516484,32
9,Deconvolved,Omnipose,0.95,0.37362638,32
10,Deconvolved,Omnipose,1.0,0.0,32
0,Deconvolved,Cellpose-SAM,0.5,0.22535211,32
1,Deconvolved,Cellpose-SAM,0.55,0.16901408,32
2,Deconvolved,Cellpose-SAM,0.6,0.14084508,32
3,Deconvolved,Cellpose-SAM,0.65,0.14084508,32
4,Deconvolved,Cellpose-SAM,0.7,0.112676054,32
5,Deconvolved,Cellpose-SAM,0.75,0.112676054,32
6,Deconvolved,Cellpose-SAM,0.8,0.112676054,32
7,Deconvolved,Cellpose-SAM,0.85,0.112676054,32
8,Deconvolved,Cellpose-SAM,0.9,0.112676054,32
9,Deconvolved,Cellpose-SAM,0.95,0.112676054,32
10,Deconvolved,Cellpose-SAM,1.0,0.0,32
0,Deconvolved,microSAM,0.5,0.8695652,32
1,Deconvolved,microSAM,0.55,0.84782606,32
2,Deconvolved,microSAM,0.6,0.84782606,32
3,Deconvolved,microSAM,0.65,0.84782606,32
4,Deconvolved,microSAM,0.7,0.84782606,32
5,Deconvolved,microSAM,0.75,0.84782606,32
6,Deconvolved,microSAM,0.8,0.84782606,32
7,Deconvolved,microSAM,0.85,0.8043478,32
8,Deconvolved,microSAM,0.9,0.5217391,32
9,Deconvolved,microSAM,0.95,0.02173913,32
10,Deconvolved,microSAM,1.0,0.0,32
0,Deconvolved,Cellpose3,0.5,0.70454544,32
1,Deconvolved,Cellpose3,0.55,0.70454544,32
2,Deconvolved,Cellpose3,0.6,0.70454544,32
3,Deconvolved,Cellpose3,0.65,0.70454544,32
4,Deconvolved,Cellpose3,0.7,0.6136364,32
5,Deconvolved,Cellpose3,0.75,0.45454547,32
6,Deconvolved,Cellpose3,0.8,0.09090909,32
7,Deconvolved,Cellpose3,0.85,0.022727273,32
8,Deconvolved,Cellpose3,0.9,0.0,32
9,Deconvolved,Cellpose3,0.95,0.0,32
10,Deconvolved,Cellpose3,1.0,0.0,32
0,Deconvolved,Morphometrics,0.5,0.8842105,32
1,Deconvolved,Morphometrics,0.55,0.8210526,32
2,Deconvolved,Morphometrics,0.6,0.8210526,32
3,Deconvolved,Morphometrics,0.65,0.8,32
4,Deconvolved,Morphometrics,0.7,0.8,32
5,Deconvolved,Morphometrics,0.75,0.8,32
6,Deconvolved,Morphometrics,0.8,0.8,32
7,Deconvolved,Morphometrics,0.85,0.8,32
8,Deconvolved,Morphometrics,0.9,0.8,32
9,Deconvolved,Morphometrics,0.95,0.67368424,32
10,Deconvolved,Morphometrics,1.0,0.0,32
0,Deconvolved,Omnipose,0.5,0.943662,33
1,Deconvolved,Omnipose,0.55,0.91549295,33
2,Deconvolved,Omnipose,0.6,0.90140843,33
3,Deconvolved,Omnipose,0.65,0.90140843,33
4,Deconvolved,Omnipose,0.7,0.90140843,33
5,Deconvolved,Omnipose,0.75,0.90140843,33
6,Deconvolved,Omnipose,0.8,0.90140843,33
7,Deconvolved,Omnipose,0.85,0.90140843,33
8,Deconvolved,Omnipose,0.9,0.8873239,33
9,Deconvolved,Omnipose,0.95,0.07042254,33
10,Deconvolved,Omnipose,1.0,0.0,33
0,Deconvolved,Cellpose-SAM,0.5,0.50793654,33
1,Deconvolved,Cellpose-SAM,0.55,0.46031746,33
2,Deconvolved,Cellpose-SAM,0.6,0.44444445,33
3,Deconvolved,Cellpose-SAM,0.65,0.42857143,33
4,Deconvolved,Cellpose-SAM,0.7,0.41269842,33
5,Deconvolved,Cellpose-SAM,0.75,0.3809524,33
6,Deconvolved,Cellpose-SAM,0.8,0.3809524,33
7,Deconvolved,Cellpose-SAM,0.85,0.36507937,33
8,Deconvolved,Cellpose-SAM,0.9,0.36507937,33
9,Deconvolved,Cellpose-SAM,0.95,0.2857143,33
10,Deconvolved,Cellpose-SAM,1.0,0.0,33
0,Deconvolved,microSAM,0.5,0.88590604,33
1,Deconvolved,microSAM,0.55,0.80536914,33
2,Deconvolved,microSAM,0.6,0.7919463,33
3,Deconvolved,microSAM,0.65,0.7785235,33
4,Deconvolved,microSAM,0.7,0.7785235,33
5,Deconvolved,microSAM,0.75,0.76510066,33
6,Deconvolved,microSAM,0.8,0.76510066,33
7,Deconvolved,microSAM,0.85,0.7516779,33
8,Deconvolved,microSAM,0.9,0.5771812,33
9,Deconvolved,microSAM,0.95,0.13422818,33
10,Deconvolved,microSAM,1.0,0.0,33
0,Deconvolved,Cellpose3,0.5,0.4935065,33
1,Deconvolved,Cellpose3,0.55,0.4935065,33
2,Deconvolved,Cellpose3,0.6,0.4935065,33
3,Deconvolved,Cellpose3,0.65,0.4935065,33
4,Deconvolved,Cellpose3,0.7,0.46753246,33
5,Deconvolved,Cellpose3,0.75,0.25974026,33
6,Deconvolved,Cellpose3,0.8,0.051948052,33
7,Deconvolved,Cellpose3,0.85,0.012987013,33
8,Deconvolved,Cellpose3,0.9,0.0,33
9,Deconvolved,Cellpose3,0.95,0.0,33
10,Deconvolved,Cellpose3,1.0,0.0,33
0,Deconvolved,Morphometrics,0.5,0.8322148,33
1,Deconvolved,Morphometrics,0.55,0.80536914,33
2,Deconvolved,Morphometrics,0.6,0.7785235,33
3,Deconvolved,Morphometrics,0.65,0.738255,33
4,Deconvolved,Morphometrics,0.7,0.738255,33
5,Deconvolved,Morphometrics,0.75,0.6979866,33
6,Deconvolved,Morphometrics,0.8,0.68456376,33
7,Deconvolved,Morphometrics,0.85,0.6442953,33
8,Deconvolved,Morphometrics,0.9,0.6308725,33
9,Deconvolved,Morphometrics,0.95,0.5637584,33
10,Deconvolved,Morphometrics,1.0,0.0,33
0,Deconvolved,Omnipose,0.5,0.6031746,34
1,Deconvolved,Omnipose,0.55,0.53968257,34
2,Deconvolved,Omnipose,0.6,0.53968257,34
3,Deconvolved,Omnipose,0.65,0.53968257,34
4,Deconvolved,Omnipose,0.7,0.53968257,34
5,Deconvolved,Omnipose,0.75,0.53968257,34
6,Deconvolved,Omnipose,0.8,0.53968257,34
7,Deconvolved,Omnipose,0.85,0.53968257,34
8,Deconvolved,Omnipose,0.9,0.53968257,34
9,Deconvolved,Omnipose,0.95,0.12698413,34
10,Deconvolved,Omnipose,1.0,0.0,34
0,Deconvolved,Cellpose-SAM,0.5,0.4878049,34
1,Deconvolved,Cellpose-SAM,0.55,0.4390244,34
2,Deconvolved,Cellpose-SAM,0.6,0.4390244,34
3,Deconvolved,Cellpose-SAM,0.65,0.4390244,34
4,Deconvolved,Cellpose-SAM,0.7,0.4390244,34
5,Deconvolved,Cellpose-SAM,0.75,0.3902439,34
6,Deconvolved,Cellpose-SAM,0.8,0.3902439,34
7,Deconvolved,Cellpose-SAM,0.85,0.3902439,34
8,Deconvolved,Cellpose-SAM,0.9,0.3902439,34
9,Deconvolved,Cellpose-SAM,0.95,0.29268292,34
10,Deconvolved,Cellpose-SAM,1.0,0.0,34
0,Deconvolved,microSAM,0.5,0.5625,34
1,Deconvolved,microSAM,0.55,0.4375,34
2,Deconvolved,microSAM,0.6,0.40625,34
3,Deconvolved,microSAM,0.65,0.40625,34
4,Deconvolved,microSAM,0.7,0.40625,34
5,Deconvolved,microSAM,0.75,0.40625,34
6,Deconvolved,microSAM,0.8,0.40625,34
7,Deconvolved,microSAM,0.85,0.375,34
8,Deconvolved,microSAM,0.9,0.28125,34
9,Deconvolved,microSAM,0.95,0.03125,34
10,Deconvolved,microSAM,1.0,0.0,34
0,Deconvolved,Cellpose3,0.5,0.11111111,34
1,Deconvolved,Cellpose3,0.55,0.11111111,34
2,Deconvolved,Cellpose3,0.6,0.11111111,34
3,Deconvolved,Cellpose3,0.65,0.11111111,34
4,Deconvolved,Cellpose3,0.7,0.11111111,34
5,Deconvolved,Cellpose3,0.75,0.037037037,34
6,Deconvolved,Cellpose3,0.8,0.0,34
7,Deconvolved,Cellpose3,0.85,0.0,34
8,Deconvolved,Cellpose3,0.9,0.0,34
9,Deconvolved,Cellpose3,0.95,0.0,34
10,Deconvolved,Cellpose3,1.0,0.0,34
0,Deconvolved,Morphometrics,0.5,0.52459013,34
1,Deconvolved,Morphometrics,0.55,0.4918033,34
2,Deconvolved,Morphometrics,0.6,0.4918033,34
3,Deconvolved,Morphometrics,0.65,0.4262295,34
4,Deconvolved,Morphometrics,0.7,0.4262295,34
5,Deconvolved,Morphometrics,0.75,0.39344263,34
6,Deconvolved,Morphometrics,0.8,0.39344263,34
7,Deconvolved,Morphometrics,0.85,0.39344263,34
8,Deconvolved,Morphometrics,0.9,0.36065573,34
9,Deconvolved,Morphometrics,0.95,0.32786885,34
10,Deconvolved,Morphometrics,1.0,0.0,34
0,Deconvolved,Omnipose,0.5,0.84375,35
1,Deconvolved,Omnipose,0.55,0.78125,35
2,Deconvolved,Omnipose,0.6,0.78125,35
3,Deconvolved,Omnipose,0.65,0.78125,35
4,Deconvolved,Omnipose,0.7,0.78125,35
5,Deconvolved,Omnipose,0.75,0.78125,35
6,Deconvolved,Omnipose,0.8,0.78125,35
7,Deconvolved,Omnipose,0.85,0.78125,35
8,Deconvolved,Omnipose,0.9,0.78125,35
9,Deconvolved,Omnipose,0.95,0.0,35
10,Deconvolved,Omnipose,1.0,0.0,35
0,Deconvolved,Cellpose-SAM,0.5,0.51724136,35
1,Deconvolved,Cellpose-SAM,0.55,0.41379312,35
2,Deconvolved,Cellpose-SAM,0.6,0.41379312,35
3,Deconvolved,Cellpose-SAM,0.65,0.41379312,35
4,Deconvolved,Cellpose-SAM,0.7,0.41379312,35
5,Deconvolved,Cellpose-SAM,0.75,0.41379312,35
6,Deconvolved,Cellpose-SAM,0.8,0.41379312,35
7,Deconvolved,Cellpose-SAM,0.85,0.41379312,35
8,Deconvolved,Cellpose-SAM,0.9,0.41379312,35
9,Deconvolved,Cellpose-SAM,0.95,0.37931034,35
10,Deconvolved,Cellpose-SAM,1.0,0.0,35
0,Deconvolved,microSAM,0.5,0.8484849,35
1,Deconvolved,microSAM,0.55,0.75757575,35
2,Deconvolved,microSAM,0.6,0.75757575,35
3,Deconvolved,microSAM,0.65,0.75757575,35
4,Deconvolved,microSAM,0.7,0.75757575,35
5,Deconvolved,microSAM,0.75,0.75757575,35
6,Deconvolved,microSAM,0.8,0.75757575,35
7,Deconvolved,microSAM,0.85,0.75757575,35
8,Deconvolved,microSAM,0.9,0.6666667,35
9,Deconvolved,microSAM,0.95,0.27272728,35
10,Deconvolved,microSAM,1.0,0.0,35
0,Deconvolved,Cellpose3,0.5,0.54285717,35
1,Deconvolved,Cellpose3,0.55,0.54285717,35
2,Deconvolved,Cellpose3,0.6,0.54285717,35
3,Deconvolved,Cellpose3,0.65,0.54285717,35
4,Deconvolved,Cellpose3,0.7,0.4857143,35
5,Deconvolved,Cellpose3,0.75,0.4,35
6,Deconvolved,Cellpose3,0.8,0.31428573,35
7,Deconvolved,Cellpose3,0.85,0.114285715,35
8,Deconvolved,Cellpose3,0.9,0.0,35
9,Deconvolved,Cellpose3,0.95,0.0,35
10,Deconvolved,Cellpose3,1.0,0.0,35
0,Deconvolved,Morphometrics,0.5,0.7692308,35
1,Deconvolved,Morphometrics,0.55,0.7076923,35
2,Deconvolved,Morphometrics,0.6,0.6769231,35
3,Deconvolved,Morphometrics,0.65,0.6769231,35
4,Deconvolved,Morphometrics,0.7,0.6769231,35
5,Deconvolved,Morphometrics,0.75,0.6769231,35
6,Deconvolved,Morphometrics,0.8,0.6769231,35
7,Deconvolved,Morphometrics,0.85,0.6769231,35
8,Deconvolved,Morphometrics,0.9,0.64615387,35
9,Deconvolved,Morphometrics,0.95,0.61538464,35
10,Deconvolved,Morphometrics,1.0,0.0,35
0,Deconvolved,Omnipose,0.5,0.9305556,36
1,Deconvolved,Omnipose,0.55,0.9166667,36
2,Deconvolved,Omnipose,0.6,0.9166667,36
3,Deconvolved,Omnipose,0.65,0.9166667,36
4,Deconvolved,Omnipose,0.7,0.9166667,36
5,Deconvolved,Omnipose,0.75,0.9166667,36
6,Deconvolved,Omnipose,0.8,0.9166667,36
7,Deconvolved,Omnipose,0.85,0.9166667,36
8,Deconvolved,Omnipose,0.9,0.8472222,36
9,Deconvolved,Omnipose,0.95,0.013888889,36
10,Deconvolved,Omnipose,1.0,0.0,36
0,Deconvolved,Cellpose-SAM,0.5,0.85314685,36
1,Deconvolved,Cellpose-SAM,0.55,0.8111888,36
2,Deconvolved,Cellpose-SAM,0.6,0.8111888,36
3,Deconvolved,Cellpose-SAM,0.65,0.7832168,36
4,Deconvolved,Cellpose-SAM,0.7,0.7832168,36
5,Deconvolved,Cellpose-SAM,0.75,0.7832168,36
6,Deconvolved,Cellpose-SAM,0.8,0.7832168,36
7,Deconvolved,Cellpose-SAM,0.85,0.7692308,36
8,Deconvolved,Cellpose-SAM,0.9,0.75524473,36
9,Deconvolved,Cellpose-SAM,0.95,0.57342654,36
10,Deconvolved,Cellpose-SAM,1.0,0.0,36
0,Deconvolved,microSAM,0.5,0.8235294,36
1,Deconvolved,microSAM,0.55,0.79738563,36
2,Deconvolved,microSAM,0.6,0.78431374,36
3,Deconvolved,microSAM,0.65,0.78431374,36
4,Deconvolved,microSAM,0.7,0.78431374,36
5,Deconvolved,microSAM,0.75,0.78431374,36
6,Deconvolved,microSAM,0.8,0.78431374,36
7,Deconvolved,microSAM,0.85,0.78431374,36
8,Deconvolved,microSAM,0.9,0.75816995,36
9,Deconvolved,microSAM,0.95,0.37908497,36
10,Deconvolved,microSAM,1.0,0.0,36
0,Deconvolved,Cellpose3,0.5,0.6666667,36
1,Deconvolved,Cellpose3,0.55,0.6666667,36
2,Deconvolved,Cellpose3,0.6,0.6666667,36
3,Deconvolved,Cellpose3,0.65,0.6666667,36
4,Deconvolved,Cellpose3,0.7,0.6524823,36
5,Deconvolved,Cellpose3,0.75,0.6241135,36
6,Deconvolved,Cellpose3,0.8,0.39716312,36
7,Deconvolved,Cellpose3,0.85,0.14184397,36
8,Deconvolved,Cellpose3,0.9,0.0,36
9,Deconvolved,Cellpose3,0.95,0.0,36
10,Deconvolved,Cellpose3,1.0,0.0,36
0,Deconvolved,Morphometrics,0.5,0.8648649,36
1,Deconvolved,Morphometrics,0.55,0.8378378,36
2,Deconvolved,Morphometrics,0.6,0.8378378,36
3,Deconvolved,Morphometrics,0.65,0.8378378,36
4,Deconvolved,Morphometrics,0.7,0.8378378,36
5,Deconvolved,Morphometrics,0.75,0.8378378,36
6,Deconvolved,Morphometrics,0.8,0.8378378,36
7,Deconvolved,Morphometrics,0.85,0.8243243,36
8,Deconvolved,Morphometrics,0.9,0.7972973,36
9,Deconvolved,Morphometrics,0.95,0.6486486,36
10,Deconvolved,Morphometrics,1.0,0.0,36
0,Deconvolved,Omnipose,0.5,0.93793106,37
1,Deconvolved,Omnipose,0.55,0.93793106,37
2,Deconvolved,Omnipose,0.6,0.93793106,37
3,Deconvolved,Omnipose,0.65,0.93793106,37
4,Deconvolved,Omnipose,0.7,0.93793106,37
5,Deconvolved,Omnipose,0.75,0.93793106,37
6,Deconvolved,Omnipose,0.8,0.93793106,37
7,Deconvolved,Omnipose,0.85,0.93793106,37
8,Deconvolved,Omnipose,0.9,0.8551724,37
9,Deconvolved,Omnipose,0.95,0.027586207,37
10,Deconvolved,Omnipose,1.0,0.0,37
0,Deconvolved,Cellpose-SAM,0.5,0.7887324,37
1,Deconvolved,Cellpose-SAM,0.55,0.7887324,37
2,Deconvolved,Cellpose-SAM,0.6,0.7887324,37
3,Deconvolved,Cellpose-SAM,0.65,0.7605634,37
4,Deconvolved,Cellpose-SAM,0.7,0.73239434,37
5,Deconvolved,Cellpose-SAM,0.75,0.73239434,37
6,Deconvolved,Cellpose-SAM,0.8,0.7183099,37
7,Deconvolved,Cellpose-SAM,0.85,0.7183099,37
8,Deconvolved,Cellpose-SAM,0.9,0.7183099,37
9,Deconvolved,Cellpose-SAM,0.95,0.5070422,37
10,Deconvolved,Cellpose-SAM,1.0,0.0,37
0,Deconvolved,microSAM,0.5,0.7798742,37
1,Deconvolved,microSAM,0.55,0.7295597,37
2,Deconvolved,microSAM,0.6,0.7295597,37
3,Deconvolved,microSAM,0.65,0.7295597,37
4,Deconvolved,microSAM,0.7,0.7295597,37
5,Deconvolved,microSAM,0.75,0.7295597,37
6,Deconvolved,microSAM,0.8,0.7295597,37
7,Deconvolved,microSAM,0.85,0.7295597,37
8,Deconvolved,microSAM,0.9,0.7044025,37
9,Deconvolved,microSAM,0.95,0.44025156,37
10,Deconvolved,microSAM,1.0,0.0,37
0,Deconvolved,Cellpose3,0.5,0.4691358,37
1,Deconvolved,Cellpose3,0.55,0.45679012,37
2,Deconvolved,Cellpose3,0.6,0.45679012,37
3,Deconvolved,Cellpose3,0.65,0.44444445,37
4,Deconvolved,Cellpose3,0.7,0.44444445,37
5,Deconvolved,Cellpose3,0.75,0.39506173,37
6,Deconvolved,Cellpose3,0.8,0.19753087,37
7,Deconvolved,Cellpose3,0.85,0.037037037,37
8,Deconvolved,Cellpose3,0.9,0.0,37
9,Deconvolved,Cellpose3,0.95,0.0,37
10,Deconvolved,Cellpose3,1.0,0.0,37
0,Deconvolved,Morphometrics,0.5,0.9066667,37
1,Deconvolved,Morphometrics,0.55,0.8666667,37
2,Deconvolved,Morphometrics,0.6,0.8666667,37
3,Deconvolved,Morphometrics,0.65,0.85333335,37
4,Deconvolved,Morphometrics,0.7,0.85333335,37
5,Deconvolved,Morphometrics,0.75,0.85333335,37
6,Deconvolved,Morphometrics,0.8,0.85333335,37
7,Deconvolved,Morphometrics,0.85,0.84,37
8,Deconvolved,Morphometrics,0.9,0.81333333,37
9,Deconvolved,Morphometrics,0.95,0.72,37
10,Deconvolved,Morphometrics,1.0,0.0,37
0,Deconvolved,Omnipose,0.5,0.8976378,38
1,Deconvolved,Omnipose,0.55,0.88188976,38
2,Deconvolved,Omnipose,0.6,0.86614174,38
3,Deconvolved,Omnipose,0.65,0.86614174,38
4,Deconvolved,Omnipose,0.7,0.86614174,38
5,Deconvolved,Omnipose,0.75,0.86614174,38
6,Deconvolved,Omnipose,0.8,0.86614174,38
7,Deconvolved,Omnipose,0.85,0.86614174,38
8,Deconvolved,Omnipose,0.9,0.8346457,38
9,Deconvolved,Omnipose,0.95,0.0,38
10,Deconvolved,Omnipose,1.0,0.0,38
0,Deconvolved,Cellpose-SAM,0.5,0.87603307,38
1,Deconvolved,Cellpose-SAM,0.55,0.87603307,38
2,Deconvolved,Cellpose-SAM,0.6,0.8595041,38
3,Deconvolved,Cellpose-SAM,0.65,0.8429752,38
4,Deconvolved,Cellpose-SAM,0.7,0.8429752,38
5,Deconvolved,Cellpose-SAM,0.75,0.8429752,38
6,Deconvolved,Cellpose-SAM,0.8,0.8429752,38
7,Deconvolved,Cellpose-SAM,0.85,0.8264463,38
8,Deconvolved,Cellpose-SAM,0.9,0.80991733,38
9,Deconvolved,Cellpose-SAM,0.95,0.72727275,38
10,Deconvolved,Cellpose-SAM,1.0,0.0,38
0,Deconvolved,microSAM,0.5,0.8636364,38
1,Deconvolved,microSAM,0.55,0.8030303,38
2,Deconvolved,microSAM,0.6,0.7878788,38
3,Deconvolved,microSAM,0.65,0.7878788,38
4,Deconvolved,microSAM,0.7,0.7878788,38
5,Deconvolved,microSAM,0.75,0.7878788,38
6,Deconvolved,microSAM,0.8,0.7878788,38
7,Deconvolved,microSAM,0.85,0.7878788,38
8,Deconvolved,microSAM,0.9,0.74242425,38
9,Deconvolved,microSAM,0.95,0.43939394,38
10,Deconvolved,microSAM,1.0,0.0,38
0,Deconvolved,Cellpose3,0.5,0.6617647,38
1,Deconvolved,Cellpose3,0.55,0.6617647,38
2,Deconvolved,Cellpose3,0.6,0.6617647,38
3,Deconvolved,Cellpose3,0.65,0.6617647,38
4,Deconvolved,Cellpose3,0.7,0.6617647,38
5,Deconvolved,Cellpose3,0.75,0.63235295,38
6,Deconvolved,Cellpose3,0.8,0.3382353,38
7,Deconvolved,Cellpose3,0.85,0.04411765,38
8,Deconvolved,Cellpose3,0.9,0.0,38
9,Deconvolved,Cellpose3,0.95,0.0,38
10,Deconvolved,Cellpose3,1.0,0.0,38
0,Deconvolved,Morphometrics,0.5,0.875,38
1,Deconvolved,Morphometrics,0.55,0.828125,38
2,Deconvolved,Morphometrics,0.6,0.796875,38
3,Deconvolved,Morphometrics,0.65,0.796875,38
4,Deconvolved,Morphometrics,0.7,0.796875,38
5,Deconvolved,Morphometrics,0.75,0.796875,38
6,Deconvolved,Morphometrics,0.8,0.796875,38
7,Deconvolved,Morphometrics,0.85,0.796875,38
8,Deconvolved,Morphometrics,0.9,0.796875,38
9,Deconvolved,Morphometrics,0.95,0.75,38
10,Deconvolved,Morphometrics,1.0,0.0,38
0,Deconvolved,Omnipose,0.5,0.93333334,39
1,Deconvolved,Omnipose,0.55,0.93333334,39
2,Deconvolved,Omnipose,0.6,0.93333334,39
3,Deconvolved,Omnipose,0.65,0.93333334,39
4,Deconvolved,Omnipose,0.7,0.93333334,39
5,Deconvolved,Omnipose,0.75,0.93333334,39
6,Deconvolved,Omnipose,0.8,0.93333334,39
7,Deconvolved,Omnipose,0.85,0.93333334,39
8,Deconvolved,Omnipose,0.9,0.84444445,39
9,Deconvolved,Omnipose,0.95,0.0,39
10,Deconvolved,Omnipose,1.0,0.0,39
0,Deconvolved,Cellpose-SAM,0.5,0.9047619,39
1,Deconvolved,Cellpose-SAM,0.55,0.9047619,39
2,Deconvolved,Cellpose-SAM,0.6,0.9047619,39
3,Deconvolved,Cellpose-SAM,0.65,0.9047619,39
4,Deconvolved,Cellpose-SAM,0.7,0.9047619,39
5,Deconvolved,Cellpose-SAM,0.75,0.9047619,39
6,Deconvolved,Cellpose-SAM,0.8,0.9047619,39
7,Deconvolved,Cellpose-SAM,0.85,0.9047619,39
8,Deconvolved,Cellpose-SAM,0.9,0.9047619,39
9,Deconvolved,Cellpose-SAM,0.95,0.61904764,39
10,Deconvolved,Cellpose-SAM,1.0,0.0,39
0,Deconvolved,microSAM,0.5,0.74509805,39
1,Deconvolved,microSAM,0.55,0.74509805,39
2,Deconvolved,microSAM,0.6,0.74509805,39
3,Deconvolved,microSAM,0.65,0.7058824,39
4,Deconvolved,microSAM,0.7,0.7058824,39
5,Deconvolved,microSAM,0.75,0.7058824,39
6,Deconvolved,microSAM,0.8,0.7058824,39
7,Deconvolved,microSAM,0.85,0.7058824,39
8,Deconvolved,microSAM,0.9,0.7058824,39
9,Deconvolved,microSAM,0.95,0.39215687,39
10,Deconvolved,microSAM,1.0,0.0,39
0,Deconvolved,Cellpose3,0.5,0.68085104,39
1,Deconvolved,Cellpose3,0.55,0.63829786,39
2,Deconvolved,Cellpose3,0.6,0.63829786,39
3,Deconvolved,Cellpose3,0.65,0.63829786,39
4,Deconvolved,Cellpose3,0.7,0.63829786,39
5,Deconvolved,Cellpose3,0.75,0.5531915,39
6,Deconvolved,Cellpose3,0.8,0.42553192,39
7,Deconvolved,Cellpose3,0.85,0.17021276,39
8,Deconvolved,Cellpose3,0.9,0.0,39
9,Deconvolved,Cellpose3,0.95,0.0,39
10,Deconvolved,Cellpose3,1.0,0.0,39
0,Deconvolved,Morphometrics,0.5,0.9130435,39
1,Deconvolved,Morphometrics,0.55,0.8695652,39
2,Deconvolved,Morphometrics,0.6,0.82608694,39
3,Deconvolved,Morphometrics,0.65,0.7826087,39
4,Deconvolved,Morphometrics,0.7,0.7826087,39
5,Deconvolved,Morphometrics,0.75,0.7826087,39
6,Deconvolved,Morphometrics,0.8,0.7826087,39
7,Deconvolved,Morphometrics,0.85,0.7826087,39
8,Deconvolved,Morphometrics,0.9,0.73913044,39
9,Deconvolved,Morphometrics,0.95,0.65217394,39
10,Deconvolved,Morphometrics,1.0,0.0,39
0,Deconvolved,Omnipose,0.5,0.96703297,40
1,Deconvolved,Omnipose,0.55,0.96703297,40
2,Deconvolved,Omnipose,0.6,0.94505495,40
3,Deconvolved,Omnipose,0.65,0.94505495,40
4,Deconvolved,Omnipose,0.7,0.94505495,40
5,Deconvolved,Omnipose,0.75,0.94505495,40
6,Deconvolved,Omnipose,0.8,0.94505495,40
7,Deconvolved,Omnipose,0.85,0.94505495,40
8,Deconvolved,Omnipose,0.9,0.94505495,40
9,Deconvolved,Omnipose,0.95,0.0,40
10,Deconvolved,Omnipose,1.0,0.0,40
0,Deconvolved,Cellpose-SAM,0.5,0.98876405,40
1,Deconvolved,Cellpose-SAM,0.55,0.98876405,40
2,Deconvolved,Cellpose-SAM,0.6,0.96629214,40
3,Deconvolved,Cellpose-SAM,0.65,0.96629214,40
4,Deconvolved,Cellpose-SAM,0.7,0.96629214,40
5,Deconvolved,Cellpose-SAM,0.75,0.96629214,40
6,Deconvolved,Cellpose-SAM,0.8,0.94382024,40
7,Deconvolved,Cellpose-SAM,0.85,0.92134833,40
8,Deconvolved,Cellpose-SAM,0.9,0.92134833,40
9,Deconvolved,Cellpose-SAM,0.95,0.83146065,40
10,Deconvolved,Cellpose-SAM,1.0,0.0,40
0,Deconvolved,microSAM,0.5,0.94623655,40
1,Deconvolved,microSAM,0.55,0.9032258,40
2,Deconvolved,microSAM,0.6,0.8817204,40
3,Deconvolved,microSAM,0.65,0.8817204,40
4,Deconvolved,microSAM,0.7,0.8817204,40
5,Deconvolved,microSAM,0.75,0.8817204,40
6,Deconvolved,microSAM,0.8,0.8817204,40
7,Deconvolved,microSAM,0.85,0.8817204,40
8,Deconvolved,microSAM,0.9,0.8817204,40
9,Deconvolved,microSAM,0.95,0.40860215,40
10,Deconvolved,microSAM,1.0,0.0,40
0,Deconvolved,Cellpose3,0.5,0.72,40
1,Deconvolved,Cellpose3,0.55,0.68,40
2,Deconvolved,Cellpose3,0.6,0.66,40
3,Deconvolved,Cellpose3,0.65,0.66,40
4,Deconvolved,Cellpose3,0.7,0.66,40
5,Deconvolved,Cellpose3,0.75,0.62,40
6,Deconvolved,Cellpose3,0.8,0.44,40
7,Deconvolved,Cellpose3,0.85,0.16,40
8,Deconvolved,Cellpose3,0.9,0.0,40
9,Deconvolved,Cellpose3,0.95,0.0,40
10,Deconvolved,Cellpose3,1.0,0.0,40
0,Deconvolved,Morphometrics,0.5,0.95652175,40
1,Deconvolved,Morphometrics,0.55,0.9347826,40
2,Deconvolved,Morphometrics,0.6,0.9130435,40
3,Deconvolved,Morphometrics,0.65,0.8695652,40
4,Deconvolved,Morphometrics,0.7,0.8695652,40
5,Deconvolved,Morphometrics,0.75,0.8695652,40
6,Deconvolved,Morphometrics,0.8,0.8695652,40
7,Deconvolved,Morphometrics,0.85,0.8695652,40
8,Deconvolved,Morphometrics,0.9,0.8695652,40
9,Deconvolved,Morphometrics,0.95,0.82608694,40
10,Deconvolved,Morphometrics,1.0,0.0,40
0,Deconvolved,Omnipose,0.5,0.8787879,41
1,Deconvolved,Omnipose,0.55,0.8787879,41
2,Deconvolved,Omnipose,0.6,0.8787879,41
3,Deconvolved,Omnipose,0.65,0.8787879,41
4,Deconvolved,Omnipose,0.7,0.8787879,41
5,Deconvolved,Omnipose,0.75,0.8787879,41
6,Deconvolved,Omnipose,0.8,0.8787879,41
7,Deconvolved,Omnipose,0.85,0.8787879,41
8,Deconvolved,Omnipose,0.9,0.8484849,41
9,Deconvolved,Omnipose,0.95,0.0,41
10,Deconvolved,Omnipose,1.0,0.0,41
0,Deconvolved,Cellpose-SAM,0.5,0.7719298,41
1,Deconvolved,Cellpose-SAM,0.55,0.7719298,41
2,Deconvolved,Cellpose-SAM,0.6,0.7719298,41
3,Deconvolved,Cellpose-SAM,0.65,0.7719298,41
4,Deconvolved,Cellpose-SAM,0.7,0.7368421,41
5,Deconvolved,Cellpose-SAM,0.75,0.7368421,41
6,Deconvolved,Cellpose-SAM,0.8,0.7017544,41
7,Deconvolved,Cellpose-SAM,0.85,0.7017544,41
8,Deconvolved,Cellpose-SAM,0.9,0.7017544,41
9,Deconvolved,Cellpose-SAM,0.95,0.5964912,41
10,Deconvolved,Cellpose-SAM,1.0,0.0,41
0,Deconvolved,microSAM,0.5,0.6136364,41
1,Deconvolved,microSAM,0.55,0.54545456,41
2,Deconvolved,microSAM,0.6,0.54545456,41
3,Deconvolved,microSAM,0.65,0.54545456,41
4,Deconvolved,microSAM,0.7,0.54545456,41
5,Deconvolved,microSAM,0.75,0.54545456,41
6,Deconvolved,microSAM,0.8,0.54545456,41
7,Deconvolved,microSAM,0.85,0.54545456,41
8,Deconvolved,microSAM,0.9,0.45454547,41
9,Deconvolved,microSAM,0.95,0.22727273,41
10,Deconvolved,microSAM,1.0,0.0,41
0,Deconvolved,Cellpose3,0.5,0.5070422,41
1,Deconvolved,Cellpose3,0.55,0.5070422,41
2,Deconvolved,Cellpose3,0.6,0.4225352,41
3,Deconvolved,Cellpose3,0.65,0.4225352,41
4,Deconvolved,Cellpose3,0.7,0.4225352,41
5,Deconvolved,Cellpose3,0.75,0.4225352,41
6,Deconvolved,Cellpose3,0.8,0.1971831,41
7,Deconvolved,Cellpose3,0.85,0.0,41
8,Deconvolved,Cellpose3,0.9,0.0,41
9,Deconvolved,Cellpose3,0.95,0.0,41
10,Deconvolved,Cellpose3,1.0,0.0,41
0,Deconvolved,Morphometrics,0.5,0.90625,41
1,Deconvolved,Morphometrics,0.55,0.875,41
2,Deconvolved,Morphometrics,0.6,0.875,41
3,Deconvolved,Morphometrics,0.65,0.875,41
4,Deconvolved,Morphometrics,0.7,0.875,41
5,Deconvolved,Morphometrics,0.75,0.875,41
6,Deconvolved,Morphometrics,0.8,0.875,41
7,Deconvolved,Morphometrics,0.85,0.875,41
8,Deconvolved,Morphometrics,0.9,0.875,41
9,Deconvolved,Morphometrics,0.95,0.78125,41
10,Deconvolved,Morphometrics,1.0,0.0,41
0,Deconvolved,Omnipose,0.5,0.96153843,42
1,Deconvolved,Omnipose,0.55,0.96153843,42
2,Deconvolved,Omnipose,0.6,0.96153843,42
3,Deconvolved,Omnipose,0.65,0.96153843,42
4,Deconvolved,Omnipose,0.7,0.96153843,42
5,Deconvolved,Omnipose,0.75,0.96153843,42
6,Deconvolved,Omnipose,0.8,0.96153843,42
7,Deconvolved,Omnipose,0.85,0.96153843,42
8,Deconvolved,Omnipose,0.9,0.9230769,42
9,Deconvolved,Omnipose,0.95,0.0,42
10,Deconvolved,Omnipose,1.0,0.0,42
0,Deconvolved,Cellpose-SAM,0.5,0.98039216,42
1,Deconvolved,Cellpose-SAM,0.55,0.98039216,42
2,Deconvolved,Cellpose-SAM,0.6,0.98039216,42
3,Deconvolved,Cellpose-SAM,0.65,0.98039216,42
4,Deconvolved,Cellpose-SAM,0.7,0.9411765,42
5,Deconvolved,Cellpose-SAM,0.75,0.9411765,42
6,Deconvolved,Cellpose-SAM,0.8,0.9019608,42
7,Deconvolved,Cellpose-SAM,0.85,0.8235294,42
8,Deconvolved,Cellpose-SAM,0.9,0.8235294,42
9,Deconvolved,Cellpose-SAM,0.95,0.78431374,42
10,Deconvolved,Cellpose-SAM,1.0,0.0,42
0,Deconvolved,microSAM,0.5,0.877193,42
1,Deconvolved,microSAM,0.55,0.84210527,42
2,Deconvolved,microSAM,0.6,0.84210527,42
3,Deconvolved,microSAM,0.65,0.84210527,42
4,Deconvolved,microSAM,0.7,0.84210527,42
5,Deconvolved,microSAM,0.75,0.84210527,42
6,Deconvolved,microSAM,0.8,0.84210527,42
7,Deconvolved,microSAM,0.85,0.84210527,42
8,Deconvolved,microSAM,0.9,0.7017544,42
9,Deconvolved,microSAM,0.95,0.28070176,42
10,Deconvolved,microSAM,1.0,0.0,42
0,Deconvolved,Cellpose3,0.5,0.55172414,42
1,Deconvolved,Cellpose3,0.55,0.55172414,42
2,Deconvolved,Cellpose3,0.6,0.55172414,42
3,Deconvolved,Cellpose3,0.65,0.55172414,42
4,Deconvolved,Cellpose3,0.7,0.55172414,42
5,Deconvolved,Cellpose3,0.75,0.51724136,42
6,Deconvolved,Cellpose3,0.8,0.41379312,42
7,Deconvolved,Cellpose3,0.85,0.1724138,42
8,Deconvolved,Cellpose3,0.9,0.0,42
9,Deconvolved,Cellpose3,0.95,0.0,42
10,Deconvolved,Cellpose3,1.0,0.0,42
0,Deconvolved,Morphometrics,0.5,0.9259259,42
1,Deconvolved,Morphometrics,0.55,0.9259259,42
2,Deconvolved,Morphometrics,0.6,0.9259259,42
3,Deconvolved,Morphometrics,0.65,0.9259259,42
4,Deconvolved,Morphometrics,0.7,0.9259259,42
5,Deconvolved,Morphometrics,0.75,0.9259259,42
6,Deconvolved,Morphometrics,0.8,0.9259259,42
7,Deconvolved,Morphometrics,0.85,0.9259259,42
8,Deconvolved,Morphometrics,0.9,0.9259259,42
9,Deconvolved,Morphometrics,0.95,0.7407407,42
10,Deconvolved,Morphometrics,1.0,0.0,42
0,Deconvolved,Omnipose,0.5,0.9166667,43
1,Deconvolved,Omnipose,0.55,0.9166667,43
2,Deconvolved,Omnipose,0.6,0.9166667,43
3,Deconvolved,Omnipose,0.65,0.9166667,43
4,Deconvolved,Omnipose,0.7,0.9166667,43
5,Deconvolved,Omnipose,0.75,0.9166667,43
6,Deconvolved,Omnipose,0.8,0.9166667,43
7,Deconvolved,Omnipose,0.85,0.9166667,43
8,Deconvolved,Omnipose,0.9,0.8888889,43
9,Deconvolved,Omnipose,0.95,0.0,43
10,Deconvolved,Omnipose,1.0,0.0,43
0,Deconvolved,Cellpose-SAM,0.5,0.86153847,43
1,Deconvolved,Cellpose-SAM,0.55,0.86153847,43
2,Deconvolved,Cellpose-SAM,0.6,0.86153847,43
3,Deconvolved,Cellpose-SAM,0.65,0.86153847,43
4,Deconvolved,Cellpose-SAM,0.7,0.86153847,43
5,Deconvolved,Cellpose-SAM,0.75,0.86153847,43
6,Deconvolved,Cellpose-SAM,0.8,0.86153847,43
7,Deconvolved,Cellpose-SAM,0.85,0.86153847,43
8,Deconvolved,Cellpose-SAM,0.9,0.86153847,43
9,Deconvolved,Cellpose-SAM,0.95,0.73846155,43
10,Deconvolved,Cellpose-SAM,1.0,0.0,43
0,Deconvolved,microSAM,0.5,0.85714287,43
1,Deconvolved,microSAM,0.55,0.85714287,43
2,Deconvolved,microSAM,0.6,0.85714287,43
3,Deconvolved,microSAM,0.65,0.85714287,43
4,Deconvolved,microSAM,0.7,0.83116883,43
5,Deconvolved,microSAM,0.75,0.83116883,43
6,Deconvolved,microSAM,0.8,0.83116883,43
7,Deconvolved,microSAM,0.85,0.83116883,43
8,Deconvolved,microSAM,0.9,0.7532467,43
9,Deconvolved,microSAM,0.95,0.5194805,43
10,Deconvolved,microSAM,1.0,0.0,43
0,Deconvolved,Cellpose3,0.5,0.6666667,43
1,Deconvolved,Cellpose3,0.55,0.61538464,43
2,Deconvolved,Cellpose3,0.6,0.61538464,43
3,Deconvolved,Cellpose3,0.65,0.61538464,43
4,Deconvolved,Cellpose3,0.7,0.61538464,43
5,Deconvolved,Cellpose3,0.75,0.5641026,43
6,Deconvolved,Cellpose3,0.8,0.4871795,43
7,Deconvolved,Cellpose3,0.85,0.12820514,43
8,Deconvolved,Cellpose3,0.9,0.0,43
9,Deconvolved,Cellpose3,0.95,0.0,43
10,Deconvolved,Cellpose3,1.0,0.0,43
0,Deconvolved,Morphometrics,0.5,0.94285715,43
1,Deconvolved,Morphometrics,0.55,0.94285715,43
2,Deconvolved,Morphometrics,0.6,0.94285715,43
3,Deconvolved,Morphometrics,0.65,0.94285715,43
4,Deconvolved,Morphometrics,0.7,0.94285715,43
5,Deconvolved,Morphometrics,0.75,0.94285715,43
6,Deconvolved,Morphometrics,0.8,0.94285715,43
7,Deconvolved,Morphometrics,0.85,0.94285715,43
8,Deconvolved,Morphometrics,0.9,0.94285715,43
9,Deconvolved,Morphometrics,0.95,0.82857144,43
10,Deconvolved,Morphometrics,1.0,0.0,43
0,Deconvolved,Omnipose,0.5,0.8367347,44
1,Deconvolved,Omnipose,0.55,0.8367347,44
2,Deconvolved,Omnipose,0.6,0.8367347,44
3,Deconvolved,Omnipose,0.65,0.8367347,44
4,Deconvolved,Omnipose,0.7,0.8367347,44
5,Deconvolved,Omnipose,0.75,0.8367347,44
6,Deconvolved,Omnipose,0.8,0.8367347,44
7,Deconvolved,Omnipose,0.85,0.79591835,44
8,Deconvolved,Omnipose,0.9,0.75510204,44
9,Deconvolved,Omnipose,0.95,0.040816326,44
10,Deconvolved,Omnipose,1.0,0.0,44
0,Deconvolved,Cellpose-SAM,0.5,0.83516484,44
1,Deconvolved,Cellpose-SAM,0.55,0.7912088,44
2,Deconvolved,Cellpose-SAM,0.6,0.7692308,44
3,Deconvolved,Cellpose-SAM,0.65,0.7692308,44
4,Deconvolved,Cellpose-SAM,0.7,0.7692308,44
5,Deconvolved,Cellpose-SAM,0.75,0.74725276,44
6,Deconvolved,Cellpose-SAM,0.8,0.74725276,44
7,Deconvolved,Cellpose-SAM,0.85,0.74725276,44
8,Deconvolved,Cellpose-SAM,0.9,0.72527474,44
9,Deconvolved,Cellpose-SAM,0.95,0.5714286,44
10,Deconvolved,Cellpose-SAM,1.0,0.0,44
0,Deconvolved,microSAM,0.5,0.84,44
1,Deconvolved,microSAM,0.55,0.84,44
2,Deconvolved,microSAM,0.6,0.84,44
3,Deconvolved,microSAM,0.65,0.84,44
4,Deconvolved,microSAM,0.7,0.84,44
5,Deconvolved,microSAM,0.75,0.84,44
6,Deconvolved,microSAM,0.8,0.84,44
7,Deconvolved,microSAM,0.85,0.8,44
8,Deconvolved,microSAM,0.9,0.68,44
9,Deconvolved,microSAM,0.95,0.24,44
10,Deconvolved,microSAM,1.0,0.0,44
0,Deconvolved,Cellpose3,0.5,0.8043478,44
1,Deconvolved,Cellpose3,0.55,0.8043478,44
2,Deconvolved,Cellpose3,0.6,0.7826087,44
3,Deconvolved,Cellpose3,0.65,0.7826087,44
4,Deconvolved,Cellpose3,0.7,0.76086956,44
5,Deconvolved,Cellpose3,0.75,0.73913044,44
6,Deconvolved,Cellpose3,0.8,0.5652174,44
7,Deconvolved,Cellpose3,0.85,0.10869565,44
8,Deconvolved,Cellpose3,0.9,0.0,44
9,Deconvolved,Cellpose3,0.95,0.0,44
10,Deconvolved,Cellpose3,1.0,0.0,44
0,Deconvolved,Morphometrics,0.5,0.9148936,44
1,Deconvolved,Morphometrics,0.55,0.89361703,44
2,Deconvolved,Morphometrics,0.6,0.89361703,44
3,Deconvolved,Morphometrics,0.65,0.89361703,44
4,Deconvolved,Morphometrics,0.7,0.89361703,44
5,Deconvolved,Morphometrics,0.75,0.89361703,44
6,Deconvolved,Morphometrics,0.8,0.89361703,44
7,Deconvolved,Morphometrics,0.85,0.89361703,44
8,Deconvolved,Morphometrics,0.9,0.82978725,44
9,Deconvolved,Morphometrics,0.95,0.61702126,44
10,Deconvolved,Morphometrics,1.0,0.0,44
0,Deconvolved,Omnipose,0.5,0.939759,45
1,Deconvolved,Omnipose,0.55,0.91566265,45
2,Deconvolved,Omnipose,0.6,0.8915663,45
3,Deconvolved,Omnipose,0.65,0.8915663,45
4,Deconvolved,Omnipose,0.7,0.8915663,45
5,Deconvolved,Omnipose,0.75,0.8915663,45
6,Deconvolved,Omnipose,0.8,0.8915663,45
7,Deconvolved,Omnipose,0.85,0.8915663,45
8,Deconvolved,Omnipose,0.9,0.7710843,45
9,Deconvolved,Omnipose,0.95,0.024096385,45
10,Deconvolved,Omnipose,1.0,0.0,45
0,Deconvolved,Cellpose-SAM,0.5,0.71428573,45
1,Deconvolved,Cellpose-SAM,0.55,0.71428573,45
2,Deconvolved,Cellpose-SAM,0.6,0.71428573,45
3,Deconvolved,Cellpose-SAM,0.65,0.71428573,45
4,Deconvolved,Cellpose-SAM,0.7,0.71428573,45
5,Deconvolved,Cellpose-SAM,0.75,0.6904762,45
6,Deconvolved,Cellpose-SAM,0.8,0.6666667,45
7,Deconvolved,Cellpose-SAM,0.85,0.6666667,45
8,Deconvolved,Cellpose-SAM,0.9,0.6666667,45
9,Deconvolved,Cellpose-SAM,0.95,0.42857143,45
10,Deconvolved,Cellpose-SAM,1.0,0.0,45
0,Deconvolved,microSAM,0.5,0.89411765,45
1,Deconvolved,microSAM,0.55,0.87058824,45
2,Deconvolved,microSAM,0.6,0.84705883,45
3,Deconvolved,microSAM,0.65,0.84705883,45
4,Deconvolved,microSAM,0.7,0.84705883,45
5,Deconvolved,microSAM,0.75,0.84705883,45
6,Deconvolved,microSAM,0.8,0.8235294,45
7,Deconvolved,microSAM,0.85,0.8235294,45
8,Deconvolved,microSAM,0.9,0.7764706,45
9,Deconvolved,microSAM,0.95,0.21176471,45
10,Deconvolved,microSAM,1.0,0.0,45
0,Deconvolved,Cellpose3,0.5,0.7209302,45
1,Deconvolved,Cellpose3,0.55,0.6976744,45
2,Deconvolved,Cellpose3,0.6,0.6744186,45
3,Deconvolved,Cellpose3,0.65,0.60465115,45
4,Deconvolved,Cellpose3,0.7,0.60465115,45
5,Deconvolved,Cellpose3,0.75,0.5116279,45
6,Deconvolved,Cellpose3,0.8,0.30232558,45
7,Deconvolved,Cellpose3,0.85,0.023255814,45
8,Deconvolved,Cellpose3,0.9,0.0,45
9,Deconvolved,Cellpose3,0.95,0.0,45
10,Deconvolved,Cellpose3,1.0,0.0,45
0,Deconvolved,Morphometrics,0.5,0.89411765,45
1,Deconvolved,Morphometrics,0.55,0.87058824,45
2,Deconvolved,Morphometrics,0.6,0.84705883,45
3,Deconvolved,Morphometrics,0.65,0.84705883,45
4,Deconvolved,Morphometrics,0.7,0.84705883,45
5,Deconvolved,Morphometrics,0.75,0.84705883,45
6,Deconvolved,Morphometrics,0.8,0.84705883,45
7,Deconvolved,Morphometrics,0.85,0.8235294,45
8,Deconvolved,Morphometrics,0.9,0.7529412,45
9,Deconvolved,Morphometrics,0.95,0.47058824,45
10,Deconvolved,Morphometrics,1.0,0.0,45
0,Deconvolved,Omnipose,0.5,0.8819876,46
1,Deconvolved,Omnipose,0.55,0.8447205,46
2,Deconvolved,Omnipose,0.6,0.8447205,46
3,Deconvolved,Omnipose,0.65,0.8447205,46
4,Deconvolved,Omnipose,0.7,0.8447205,46
5,Deconvolved,Omnipose,0.75,0.8447205,46
6,Deconvolved,Omnipose,0.8,0.8447205,46
7,Deconvolved,Omnipose,0.85,0.8447205,46
8,Deconvolved,Omnipose,0.9,0.8447205,46
9,Deconvolved,Omnipose,0.95,0.0124223605,46
10,Deconvolved,Omnipose,1.0,0.0,46
0,Deconvolved,Cellpose-SAM,0.5,0.8108108,46
1,Deconvolved,Cellpose-SAM,0.55,0.7567568,46
2,Deconvolved,Cellpose-SAM,0.6,0.7432432,46
3,Deconvolved,Cellpose-SAM,0.65,0.7297297,46
4,Deconvolved,Cellpose-SAM,0.7,0.7297297,46
5,Deconvolved,Cellpose-SAM,0.75,0.7297297,46
6,Deconvolved,Cellpose-SAM,0.8,0.7297297,46
7,Deconvolved,Cellpose-SAM,0.85,0.7297297,46
8,Deconvolved,Cellpose-SAM,0.9,0.6891892,46
9,Deconvolved,Cellpose-SAM,0.95,0.6351351,46
10,Deconvolved,Cellpose-SAM,1.0,0.0,46
0,Deconvolved,microSAM,0.5,0.8045977,46
1,Deconvolved,microSAM,0.55,0.7356322,46
2,Deconvolved,microSAM,0.6,0.7241379,46
3,Deconvolved,microSAM,0.65,0.7241379,46
4,Deconvolved,microSAM,0.7,0.7241379,46
5,Deconvolved,microSAM,0.75,0.7241379,46
6,Deconvolved,microSAM,0.8,0.7241379,46
7,Deconvolved,microSAM,0.85,0.7241379,46
8,Deconvolved,microSAM,0.9,0.6896552,46
9,Deconvolved,microSAM,0.95,0.43678162,46
10,Deconvolved,microSAM,1.0,0.0,46
0,Deconvolved,Cellpose3,0.5,0.3756906,46
1,Deconvolved,Cellpose3,0.55,0.3646409,46
2,Deconvolved,Cellpose3,0.6,0.3646409,46
3,Deconvolved,Cellpose3,0.65,0.35359117,46
4,Deconvolved,Cellpose3,0.7,0.34254143,46
5,Deconvolved,Cellpose3,0.75,0.2872928,46
6,Deconvolved,Cellpose3,0.8,0.09944751,46
7,Deconvolved,Cellpose3,0.85,0.011049724,46
8,Deconvolved,Cellpose3,0.9,0.0,46
9,Deconvolved,Cellpose3,0.95,0.0,46
10,Deconvolved,Cellpose3,1.0,0.0,46
0,Deconvolved,Morphometrics,0.5,0.9358974,46
1,Deconvolved,Morphometrics,0.55,0.8717949,46
2,Deconvolved,Morphometrics,0.6,0.8717949,46
3,Deconvolved,Morphometrics,0.65,0.8717949,46
4,Deconvolved,Morphometrics,0.7,0.85897434,46
5,Deconvolved,Morphometrics,0.75,0.85897434,46
6,Deconvolved,Morphometrics,0.8,0.85897434,46
7,Deconvolved,Morphometrics,0.85,0.85897434,46
8,Deconvolved,Morphometrics,0.9,0.85897434,46
9,Deconvolved,Morphometrics,0.95,0.7948718,46
10,Deconvolved,Morphometrics,1.0,0.0,46
0,Deconvolved,Omnipose,0.5,0.77031803,47
1,Deconvolved,Omnipose,0.55,0.7349823,47
2,Deconvolved,Omnipose,0.6,0.7349823,47
3,Deconvolved,Omnipose,0.65,0.72791517,47
4,Deconvolved,Omnipose,0.7,0.7208481,47
5,Deconvolved,Omnipose,0.75,0.7208481,47
6,Deconvolved,Omnipose,0.8,0.71378094,47
7,Deconvolved,Omnipose,0.85,0.71378094,47
8,Deconvolved,Omnipose,0.9,0.6784452,47
9,Deconvolved,Omnipose,0.95,0.07067138,47
10,Deconvolved,Omnipose,1.0,0.0,47
0,Deconvolved,Cellpose-SAM,0.5,0.37962964,47
1,Deconvolved,Cellpose-SAM,0.55,0.35185185,47
2,Deconvolved,Cellpose-SAM,0.6,0.35185185,47
3,Deconvolved,Cellpose-SAM,0.65,0.32407406,47
4,Deconvolved,Cellpose-SAM,0.7,0.30555555,47
5,Deconvolved,Cellpose-SAM,0.75,0.30555555,47
6,Deconvolved,Cellpose-SAM,0.8,0.30555555,47
7,Deconvolved,Cellpose-SAM,0.85,0.30555555,47
8,Deconvolved,Cellpose-SAM,0.9,0.28703704,47
9,Deconvolved,Cellpose-SAM,0.95,0.16666667,47
10,Deconvolved,Cellpose-SAM,1.0,0.0,47
0,Deconvolved,microSAM,0.5,0.74834436,47
1,Deconvolved,microSAM,0.55,0.7086093,47
2,Deconvolved,microSAM,0.6,0.7086093,47
3,Deconvolved,microSAM,0.65,0.7086093,47
4,Deconvolved,microSAM,0.7,0.70198673,47
5,Deconvolved,microSAM,0.75,0.69536424,47
6,Deconvolved,microSAM,0.8,0.68874174,47
7,Deconvolved,microSAM,0.85,0.6821192,47
8,Deconvolved,microSAM,0.9,0.57615894,47
9,Deconvolved,microSAM,0.95,0.11258278,47
10,Deconvolved,microSAM,1.0,0.0,47
0,Deconvolved,Cellpose3,0.5,0.2580645,47
1,Deconvolved,Cellpose3,0.55,0.2580645,47
2,Deconvolved,Cellpose3,0.6,0.25,47
3,Deconvolved,Cellpose3,0.65,0.25,47
4,Deconvolved,Cellpose3,0.7,0.25,47
5,Deconvolved,Cellpose3,0.75,0.19354838,47
6,Deconvolved,Cellpose3,0.8,0.12903225,47
7,Deconvolved,Cellpose3,0.85,0.05645161,47
8,Deconvolved,Cellpose3,0.9,0.0,47
9,Deconvolved,Cellpose3,0.95,0.0,47
10,Deconvolved,Cellpose3,1.0,0.0,47
0,Deconvolved,Morphometrics,0.5,0.837037,47
1,Deconvolved,Morphometrics,0.55,0.8,47
2,Deconvolved,Morphometrics,0.6,0.8,47
3,Deconvolved,Morphometrics,0.65,0.8,47
4,Deconvolved,Morphometrics,0.7,0.78518516,47
5,Deconvolved,Morphometrics,0.75,0.7777778,47
6,Deconvolved,Morphometrics,0.8,0.76296294,47
7,Deconvolved,Morphometrics,0.85,0.75555557,47
8,Deconvolved,Morphometrics,0.9,0.7259259,47
9,Deconvolved,Morphometrics,0.95,0.4814815,47
10,Deconvolved,Morphometrics,1.0,0.0,47
0,Deconvolved,Omnipose,0.5,1.0,48
1,Deconvolved,Omnipose,0.55,1.0,48
2,Deconvolved,Omnipose,0.6,1.0,48
3,Deconvolved,Omnipose,0.65,1.0,48
4,Deconvolved,Omnipose,0.7,1.0,48
5,Deconvolved,Omnipose,0.75,1.0,48
6,Deconvolved,Omnipose,0.8,1.0,48
7,Deconvolved,Omnipose,0.85,1.0,48
8,Deconvolved,Omnipose,0.9,0.95238096,48
9,Deconvolved,Omnipose,0.95,0.0,48
10,Deconvolved,Omnipose,1.0,0.0,48
0,Deconvolved,Cellpose-SAM,0.5,0.8780488,48
1,Deconvolved,Cellpose-SAM,0.55,0.8780488,48
2,Deconvolved,Cellpose-SAM,0.6,0.8780488,48
3,Deconvolved,Cellpose-SAM,0.65,0.8780488,48
4,Deconvolved,Cellpose-SAM,0.7,0.8780488,48
5,Deconvolved,Cellpose-SAM,0.75,0.8292683,48
6,Deconvolved,Cellpose-SAM,0.8,0.7804878,48
7,Deconvolved,Cellpose-SAM,0.85,0.7804878,48
8,Deconvolved,Cellpose-SAM,0.9,0.7804878,48
9,Deconvolved,Cellpose-SAM,0.95,0.73170733,48
10,Deconvolved,Cellpose-SAM,1.0,0.0,48
0,Deconvolved,microSAM,0.5,0.7,48
1,Deconvolved,microSAM,0.55,0.7,48
2,Deconvolved,microSAM,0.6,0.7,48
3,Deconvolved,microSAM,0.65,0.6666667,48
4,Deconvolved,microSAM,0.7,0.6666667,48
5,Deconvolved,microSAM,0.75,0.6666667,48
6,Deconvolved,microSAM,0.8,0.6666667,48
7,Deconvolved,microSAM,0.85,0.6666667,48
8,Deconvolved,microSAM,0.9,0.6,48
9,Deconvolved,microSAM,0.95,0.2,48
10,Deconvolved,microSAM,1.0,0.0,48
0,Deconvolved,Cellpose3,0.5,0.7906977,48
1,Deconvolved,Cellpose3,0.55,0.7906977,48
2,Deconvolved,Cellpose3,0.6,0.7906977,48
3,Deconvolved,Cellpose3,0.65,0.7906977,48
4,Deconvolved,Cellpose3,0.7,0.7906977,48
5,Deconvolved,Cellpose3,0.75,0.7906977,48
6,Deconvolved,Cellpose3,0.8,0.74418604,48
7,Deconvolved,Cellpose3,0.85,0.55813956,48
8,Deconvolved,Cellpose3,0.9,0.0,48
9,Deconvolved,Cellpose3,0.95,0.0,48
10,Deconvolved,Cellpose3,1.0,0.0,48
0,Deconvolved,Morphometrics,0.5,0.95238096,48
1,Deconvolved,Morphometrics,0.55,0.9047619,48
2,Deconvolved,Morphometrics,0.6,0.9047619,48
3,Deconvolved,Morphometrics,0.65,0.9047619,48
4,Deconvolved,Morphometrics,0.7,0.9047619,48
5,Deconvolved,Morphometrics,0.75,0.9047619,48
6,Deconvolved,Morphometrics,0.8,0.9047619,48
7,Deconvolved,Morphometrics,0.85,0.9047619,48
8,Deconvolved,Morphometrics,0.9,0.9047619,48
9,Deconvolved,Morphometrics,0.95,0.9047619,48
10,Deconvolved,Morphometrics,1.0,0.0,48
0,Deconvolved,Omnipose,0.5,0.877551,49
1,Deconvolved,Omnipose,0.55,0.8367347,49
2,Deconvolved,Omnipose,0.6,0.81632656,49
3,Deconvolved,Omnipose,0.65,0.81632656,49
4,Deconvolved,Omnipose,0.7,0.81632656,49
5,Deconvolved,Omnipose,0.75,0.81632656,49
6,Deconvolved,Omnipose,0.8,0.81632656,49
7,Deconvolved,Omnipose,0.85,0.7755102,49
8,Deconvolved,Omnipose,0.9,0.7346939,49
9,Deconvolved,Omnipose,0.95,0.24489796,49
10,Deconvolved,Omnipose,1.0,0.0,49
0,Deconvolved,Cellpose-SAM,0.5,0.56,49
1,Deconvolved,Cellpose-SAM,0.55,0.50666666,49
2,Deconvolved,Cellpose-SAM,0.6,0.48,49
3,Deconvolved,Cellpose-SAM,0.65,0.48,49
4,Deconvolved,Cellpose-SAM,0.7,0.48,49
5,Deconvolved,Cellpose-SAM,0.75,0.42666668,49
6,Deconvolved,Cellpose-SAM,0.8,0.42666668,49
7,Deconvolved,Cellpose-SAM,0.85,0.42666668,49
8,Deconvolved,Cellpose-SAM,0.9,0.32,49
9,Deconvolved,Cellpose-SAM,0.95,0.053333335,49
10,Deconvolved,Cellpose-SAM,1.0,0.0,49
0,Deconvolved,microSAM,0.5,0.7522936,49
1,Deconvolved,microSAM,0.55,0.6972477,49
2,Deconvolved,microSAM,0.6,0.6972477,49
3,Deconvolved,microSAM,0.65,0.6972477,49
4,Deconvolved,microSAM,0.7,0.6788991,49
5,Deconvolved,microSAM,0.75,0.6788991,49
6,Deconvolved,microSAM,0.8,0.6788991,49
7,Deconvolved,microSAM,0.85,0.6788991,49
8,Deconvolved,microSAM,0.9,0.56880736,49
9,Deconvolved,microSAM,0.95,0.12844037,49
10,Deconvolved,microSAM,1.0,0.0,49
0,Deconvolved,Cellpose3,0.5,0.60465115,49
1,Deconvolved,Cellpose3,0.55,0.55813956,49
2,Deconvolved,Cellpose3,0.6,0.55813956,49
3,Deconvolved,Cellpose3,0.65,0.53488374,49
4,Deconvolved,Cellpose3,0.7,0.4883721,49
5,Deconvolved,Cellpose3,0.75,0.44186047,49
6,Deconvolved,Cellpose3,0.8,0.37209302,49
7,Deconvolved,Cellpose3,0.85,0.069767445,49
8,Deconvolved,Cellpose3,0.9,0.0,49
9,Deconvolved,Cellpose3,0.95,0.0,49
10,Deconvolved,Cellpose3,1.0,0.0,49
0,Deconvolved,Morphometrics,0.5,0.7920792,49
1,Deconvolved,Morphometrics,0.55,0.6930693,49
2,Deconvolved,Morphometrics,0.6,0.6732673,49
3,Deconvolved,Morphometrics,0.65,0.6732673,49
4,Deconvolved,Morphometrics,0.7,0.65346533,49
5,Deconvolved,Morphometrics,0.75,0.63366336,49
6,Deconvolved,Morphometrics,0.8,0.6138614,49
7,Deconvolved,Morphometrics,0.85,0.5940594,49
8,Deconvolved,Morphometrics,0.9,0.5346535,49
9,Deconvolved,Morphometrics,0.95,0.41584158,49
10,Deconvolved,Morphometrics,1.0,0.0,49
0,Deconvolved,Omnipose,0.5,0.8915663,50
1,Deconvolved,Omnipose,0.55,0.8674699,50
2,Deconvolved,Omnipose,0.6,0.8433735,50
3,Deconvolved,Omnipose,0.65,0.8433735,50
4,Deconvolved,Omnipose,0.7,0.8433735,50
5,Deconvolved,Omnipose,0.75,0.8433735,50
6,Deconvolved,Omnipose,0.8,0.8433735,50
7,Deconvolved,Omnipose,0.85,0.8433735,50
8,Deconvolved,Omnipose,0.9,0.8192771,50
9,Deconvolved,Omnipose,0.95,0.04819277,50
10,Deconvolved,Omnipose,1.0,0.0,50
0,Deconvolved,Cellpose-SAM,0.5,0.8,50
1,Deconvolved,Cellpose-SAM,0.55,0.75,50
2,Deconvolved,Cellpose-SAM,0.6,0.75,50
3,Deconvolved,Cellpose-SAM,0.65,0.75,50
4,Deconvolved,Cellpose-SAM,0.7,0.725,50
5,Deconvolved,Cellpose-SAM,0.75,0.725,50
6,Deconvolved,Cellpose-SAM,0.8,0.725,50
7,Deconvolved,Cellpose-SAM,0.85,0.725,50
8,Deconvolved,Cellpose-SAM,0.9,0.7,50
9,Deconvolved,Cellpose-SAM,0.95,0.625,50
10,Deconvolved,Cellpose-SAM,1.0,0.0,50
0,Deconvolved,microSAM,0.5,0.4375,50
1,Deconvolved,microSAM,0.55,0.4125,50
2,Deconvolved,microSAM,0.6,0.4125,50
3,Deconvolved,microSAM,0.65,0.4125,50
4,Deconvolved,microSAM,0.7,0.4125,50
5,Deconvolved,microSAM,0.75,0.4125,50
6,Deconvolved,microSAM,0.8,0.4125,50
7,Deconvolved,microSAM,0.85,0.4125,50
8,Deconvolved,microSAM,0.9,0.375,50
9,Deconvolved,microSAM,0.95,0.175,50
10,Deconvolved,microSAM,1.0,0.0,50
0,Deconvolved,Cellpose3,0.5,0.65882355,50
1,Deconvolved,Cellpose3,0.55,0.65882355,50
2,Deconvolved,Cellpose3,0.6,0.65882355,50
3,Deconvolved,Cellpose3,0.65,0.65882355,50
4,Deconvolved,Cellpose3,0.7,0.63529414,50
5,Deconvolved,Cellpose3,0.75,0.5647059,50
6,Deconvolved,Cellpose3,0.8,0.4,50
7,Deconvolved,Cellpose3,0.85,0.21176471,50
8,Deconvolved,Cellpose3,0.9,0.07058824,50
9,Deconvolved,Cellpose3,0.95,0.0,50
10,Deconvolved,Cellpose3,1.0,0.0,50
0,Deconvolved,Morphometrics,0.5,0.8235294,50
1,Deconvolved,Morphometrics,0.55,0.8,50
2,Deconvolved,Morphometrics,0.6,0.7764706,50
3,Deconvolved,Morphometrics,0.65,0.7764706,50
4,Deconvolved,Morphometrics,0.7,0.7529412,50
5,Deconvolved,Morphometrics,0.75,0.7294118,50
6,Deconvolved,Morphometrics,0.8,0.7058824,50
7,Deconvolved,Morphometrics,0.85,0.7058824,50
8,Deconvolved,Morphometrics,0.9,0.7058824,50
9,Deconvolved,Morphometrics,0.95,0.6117647,50
10,Deconvolved,Morphometrics,1.0,0.0,50
0,Deconvolved,Omnipose,0.5,0.9811321,51
1,Deconvolved,Omnipose,0.55,0.9622642,51
2,Deconvolved,Omnipose,0.6,0.9622642,51
3,Deconvolved,Omnipose,0.65,0.9622642,51
4,Deconvolved,Omnipose,0.7,0.9622642,51
5,Deconvolved,Omnipose,0.75,0.9622642,51
6,Deconvolved,Omnipose,0.8,0.9622642,51
7,Deconvolved,Omnipose,0.85,0.9622642,51
8,Deconvolved,Omnipose,0.9,0.9433962,51
9,Deconvolved,Omnipose,0.95,0.33962265,51
10,Deconvolved,Omnipose,1.0,0.0,51
0,Deconvolved,Cellpose-SAM,0.5,0.33734939,51
1,Deconvolved,Cellpose-SAM,0.55,0.33734939,51
2,Deconvolved,Cellpose-SAM,0.6,0.28915662,51
3,Deconvolved,Cellpose-SAM,0.65,0.28915662,51
4,Deconvolved,Cellpose-SAM,0.7,0.24096386,51
5,Deconvolved,Cellpose-SAM,0.75,0.21686748,51
6,Deconvolved,Cellpose-SAM,0.8,0.21686748,51
7,Deconvolved,Cellpose-SAM,0.85,0.21686748,51
8,Deconvolved,Cellpose-SAM,0.9,0.19277108,51
9,Deconvolved,Cellpose-SAM,0.95,0.09638554,51
10,Deconvolved,Cellpose-SAM,1.0,0.0,51
0,Deconvolved,microSAM,0.5,0.8521739,51
1,Deconvolved,microSAM,0.55,0.8347826,51
2,Deconvolved,microSAM,0.6,0.8347826,51
3,Deconvolved,microSAM,0.65,0.8347826,51
4,Deconvolved,microSAM,0.7,0.8347826,51
5,Deconvolved,microSAM,0.75,0.8347826,51
6,Deconvolved,microSAM,0.8,0.8347826,51
7,Deconvolved,microSAM,0.85,0.8,51
8,Deconvolved,microSAM,0.9,0.66086954,51
9,Deconvolved,microSAM,0.95,0.052173913,51
10,Deconvolved,microSAM,1.0,0.0,51
0,Deconvolved,Cellpose3,0.5,0.5765766,51
1,Deconvolved,Cellpose3,0.55,0.5765766,51
2,Deconvolved,Cellpose3,0.6,0.5765766,51
3,Deconvolved,Cellpose3,0.65,0.5765766,51
4,Deconvolved,Cellpose3,0.7,0.5225225,51
5,Deconvolved,Cellpose3,0.75,0.45045045,51
6,Deconvolved,Cellpose3,0.8,0.27027026,51
7,Deconvolved,Cellpose3,0.85,0.12612613,51
8,Deconvolved,Cellpose3,0.9,0.018018018,51
9,Deconvolved,Cellpose3,0.95,0.0,51
10,Deconvolved,Cellpose3,1.0,0.0,51
0,Deconvolved,Morphometrics,0.5,0.9622642,51
1,Deconvolved,Morphometrics,0.55,0.9433962,51
2,Deconvolved,Morphometrics,0.6,0.9433962,51
3,Deconvolved,Morphometrics,0.65,0.9433962,51
4,Deconvolved,Morphometrics,0.7,0.9433962,51
5,Deconvolved,Morphometrics,0.75,0.9245283,51
6,Deconvolved,Morphometrics,0.8,0.8867925,51
7,Deconvolved,Morphometrics,0.85,0.8867925,51
8,Deconvolved,Morphometrics,0.9,0.8113208,51
9,Deconvolved,Morphometrics,0.95,0.6037736,51
10,Deconvolved,Morphometrics,1.0,0.0,51
0,Deconvolved,Omnipose,0.5,0.82666665,52
1,Deconvolved,Omnipose,0.55,0.82666665,52
2,Deconvolved,Omnipose,0.6,0.82666665,52
3,Deconvolved,Omnipose,0.65,0.8,52
4,Deconvolved,Omnipose,0.7,0.8,52
5,Deconvolved,Omnipose,0.75,0.8,52
6,Deconvolved,Omnipose,0.8,0.8,52
7,Deconvolved,Omnipose,0.85,0.7733333,52
8,Deconvolved,Omnipose,0.9,0.72,52
9,Deconvolved,Omnipose,0.95,0.21333334,52
10,Deconvolved,Omnipose,1.0,0.0,52
0,Deconvolved,Cellpose-SAM,0.5,0.46153846,52
1,Deconvolved,Cellpose-SAM,0.55,0.43076923,52
2,Deconvolved,Cellpose-SAM,0.6,0.4,52
3,Deconvolved,Cellpose-SAM,0.65,0.36923078,52
4,Deconvolved,Cellpose-SAM,0.7,0.36923078,52
5,Deconvolved,Cellpose-SAM,0.75,0.33846155,52
6,Deconvolved,Cellpose-SAM,0.8,0.33846155,52
7,Deconvolved,Cellpose-SAM,0.85,0.33846155,52
8,Deconvolved,Cellpose-SAM,0.9,0.24615385,52
9,Deconvolved,Cellpose-SAM,0.95,0.06153846,52
10,Deconvolved,Cellpose-SAM,1.0,0.0,52
0,Deconvolved,microSAM,0.5,0.41290322,52
1,Deconvolved,microSAM,0.55,0.38709676,52
2,Deconvolved,microSAM,0.6,0.38709676,52
3,Deconvolved,microSAM,0.65,0.38709676,52
4,Deconvolved,microSAM,0.7,0.38709676,52
5,Deconvolved,microSAM,0.75,0.37419355,52
6,Deconvolved,microSAM,0.8,0.37419355,52
7,Deconvolved,microSAM,0.85,0.36129034,52
8,Deconvolved,microSAM,0.9,0.28387097,52
9,Deconvolved,microSAM,0.95,0.06451613,52
10,Deconvolved,microSAM,1.0,0.0,52
0,Deconvolved,Cellpose3,0.5,0.375,52
1,Deconvolved,Cellpose3,0.55,0.375,52
2,Deconvolved,Cellpose3,0.6,0.34375,52
3,Deconvolved,Cellpose3,0.65,0.28125,52
4,Deconvolved,Cellpose3,0.7,0.25,52
5,Deconvolved,Cellpose3,0.75,0.1875,52
6,Deconvolved,Cellpose3,0.8,0.0625,52
7,Deconvolved,Cellpose3,0.85,0.03125,52
8,Deconvolved,Cellpose3,0.9,0.0,52
9,Deconvolved,Cellpose3,0.95,0.0,52
10,Deconvolved,Cellpose3,1.0,0.0,52
0,Deconvolved,Morphometrics,0.5,0.8684211,52
1,Deconvolved,Morphometrics,0.55,0.84210527,52
2,Deconvolved,Morphometrics,0.6,0.84210527,52
3,Deconvolved,Morphometrics,0.65,0.81578946,52
4,Deconvolved,Morphometrics,0.7,0.81578946,52
5,Deconvolved,Morphometrics,0.75,0.81578946,52
6,Deconvolved,Morphometrics,0.8,0.81578946,52
7,Deconvolved,Morphometrics,0.85,0.7368421,52
8,Deconvolved,Morphometrics,0.9,0.65789473,52
9,Deconvolved,Morphometrics,0.95,0.31578946,52
10,Deconvolved,Morphometrics,1.0,0.0,52
0,Deconvolved,Omnipose,0.5,0.7741935,53
1,Deconvolved,Omnipose,0.55,0.7741935,53
2,Deconvolved,Omnipose,0.6,0.7741935,53
3,Deconvolved,Omnipose,0.65,0.7741935,53
4,Deconvolved,Omnipose,0.7,0.7741935,53
5,Deconvolved,Omnipose,0.75,0.7741935,53
6,Deconvolved,Omnipose,0.8,0.7741935,53
7,Deconvolved,Omnipose,0.85,0.7741935,53
8,Deconvolved,Omnipose,0.9,0.7096774,53
9,Deconvolved,Omnipose,0.95,0.0,53
10,Deconvolved,Omnipose,1.0,0.0,53
0,Deconvolved,Cellpose-SAM,0.5,0.75,53
1,Deconvolved,Cellpose-SAM,0.55,0.75,53
2,Deconvolved,Cellpose-SAM,0.6,0.75,53
3,Deconvolved,Cellpose-SAM,0.65,0.75,53
4,Deconvolved,Cellpose-SAM,0.7,0.75,53
5,Deconvolved,Cellpose-SAM,0.75,0.75,53
6,Deconvolved,Cellpose-SAM,0.8,0.75,53
7,Deconvolved,Cellpose-SAM,0.85,0.75,53
8,Deconvolved,Cellpose-SAM,0.9,0.75,53
9,Deconvolved,Cellpose-SAM,0.95,0.5625,53
10,Deconvolved,Cellpose-SAM,1.0,0.0,53
0,Deconvolved,microSAM,0.5,0.7741935,53
1,Deconvolved,microSAM,0.55,0.7741935,53
2,Deconvolved,microSAM,0.6,0.7741935,53
3,Deconvolved,microSAM,0.65,0.7741935,53
4,Deconvolved,microSAM,0.7,0.7741935,53
5,Deconvolved,microSAM,0.75,0.7741935,53
6,Deconvolved,microSAM,0.8,0.7741935,53
7,Deconvolved,microSAM,0.85,0.7741935,53
8,Deconvolved,microSAM,0.9,0.7096774,53
9,Deconvolved,microSAM,0.95,0.38709676,53
10,Deconvolved,microSAM,1.0,0.0,53
0,Deconvolved,Cellpose3,0.5,0.3846154,53
1,Deconvolved,Cellpose3,0.55,0.3846154,53
2,Deconvolved,Cellpose3,0.6,0.3846154,53
3,Deconvolved,Cellpose3,0.65,0.3846154,53
4,Deconvolved,Cellpose3,0.7,0.3846154,53
5,Deconvolved,Cellpose3,0.75,0.3846154,53
6,Deconvolved,Cellpose3,0.8,0.30769232,53
7,Deconvolved,Cellpose3,0.85,0.30769232,53
8,Deconvolved,Cellpose3,0.9,0.15384616,53
9,Deconvolved,Cellpose3,0.95,0.0,53
10,Deconvolved,Cellpose3,1.0,0.0,53
0,Deconvolved,Morphometrics,0.5,0.8,53
1,Deconvolved,Morphometrics,0.55,0.8,53
2,Deconvolved,Morphometrics,0.6,0.8,53
3,Deconvolved,Morphometrics,0.65,0.8,53
4,Deconvolved,Morphometrics,0.7,0.8,53
5,Deconvolved,Morphometrics,0.75,0.8,53
6,Deconvolved,Morphometrics,0.8,0.8,53
7,Deconvolved,Morphometrics,0.85,0.8,53
8,Deconvolved,Morphometrics,0.9,0.73333335,53
9,Deconvolved,Morphometrics,0.95,0.53333336,53
10,Deconvolved,Morphometrics,1.0,0.0,53
0,Deconvolved,Omnipose,0.5,0.8923077,54
1,Deconvolved,Omnipose,0.55,0.8769231,54
2,Deconvolved,Omnipose,0.6,0.8769231,54
3,Deconvolved,Omnipose,0.65,0.86153847,54
4,Deconvolved,Omnipose,0.7,0.86153847,54
5,Deconvolved,Omnipose,0.75,0.86153847,54
6,Deconvolved,Omnipose,0.8,0.86153847,54
7,Deconvolved,Omnipose,0.85,0.86153847,54
8,Deconvolved,Omnipose,0.9,0.7692308,54
9,Deconvolved,Omnipose,0.95,0.015384615,54
10,Deconvolved,Omnipose,1.0,0.0,54
0,Deconvolved,Cellpose-SAM,0.5,0.8717949,54
1,Deconvolved,Cellpose-SAM,0.55,0.85470086,54
2,Deconvolved,Cellpose-SAM,0.6,0.83760685,54
3,Deconvolved,Cellpose-SAM,0.65,0.7863248,54
4,Deconvolved,Cellpose-SAM,0.7,0.7863248,54
5,Deconvolved,Cellpose-SAM,0.75,0.7863248,54
6,Deconvolved,Cellpose-SAM,0.8,0.7863248,54
7,Deconvolved,Cellpose-SAM,0.85,0.75213677,54
8,Deconvolved,Cellpose-SAM,0.9,0.75213677,54
9,Deconvolved,Cellpose-SAM,0.95,0.5641026,54
10,Deconvolved,Cellpose-SAM,1.0,0.0,54
0,Deconvolved,microSAM,0.5,0.8382353,54
1,Deconvolved,microSAM,0.55,0.7941176,54
2,Deconvolved,microSAM,0.6,0.7794118,54
3,Deconvolved,microSAM,0.65,0.7794118,54
4,Deconvolved,microSAM,0.7,0.7647059,54
5,Deconvolved,microSAM,0.75,0.7647059,54
6,Deconvolved,microSAM,0.8,0.7647059,54
7,Deconvolved,microSAM,0.85,0.75,54
8,Deconvolved,microSAM,0.9,0.6617647,54
9,Deconvolved,microSAM,0.95,0.32352942,54
10,Deconvolved,microSAM,1.0,0.0,54
0,Deconvolved,Cellpose3,0.5,0.5862069,54
1,Deconvolved,Cellpose3,0.55,0.5862069,54
2,Deconvolved,Cellpose3,0.6,0.5689655,54
3,Deconvolved,Cellpose3,0.65,0.55172414,54
4,Deconvolved,Cellpose3,0.7,0.5344828,54
5,Deconvolved,Cellpose3,0.75,0.46551725,54
6,Deconvolved,Cellpose3,0.8,0.20689656,54
7,Deconvolved,Cellpose3,0.85,0.01724138,54
8,Deconvolved,Cellpose3,0.9,0.01724138,54
9,Deconvolved,Cellpose3,0.95,0.0,54
10,Deconvolved,Cellpose3,1.0,0.0,54
0,Deconvolved,Morphometrics,0.5,0.928,54
1,Deconvolved,Morphometrics,0.55,0.896,54
2,Deconvolved,Morphometrics,0.6,0.896,54
3,Deconvolved,Morphometrics,0.65,0.88,54
4,Deconvolved,Morphometrics,0.7,0.88,54
5,Deconvolved,Morphometrics,0.75,0.88,54
6,Deconvolved,Morphometrics,0.8,0.88,54
7,Deconvolved,Morphometrics,0.85,0.864,54
8,Deconvolved,Morphometrics,0.9,0.848,54
9,Deconvolved,Morphometrics,0.95,0.72,54
10,Deconvolved,Morphometrics,1.0,0.0,54
0,Deconvolved,Omnipose,0.5,0.8448276,55
1,Deconvolved,Omnipose,0.55,0.8448276,55
2,Deconvolved,Omnipose,0.6,0.8362069,55
3,Deconvolved,Omnipose,0.65,0.8362069,55
4,Deconvolved,Omnipose,0.7,0.82758623,55
5,Deconvolved,Omnipose,0.75,0.8189655,55
6,Deconvolved,Omnipose,0.8,0.8189655,55
7,Deconvolved,Omnipose,0.85,0.80172414,55
8,Deconvolved,Omnipose,0.9,0.6896552,55
9,Deconvolved,Omnipose,0.95,0.01724138,55
10,Deconvolved,Omnipose,1.0,0.0,55
0,Deconvolved,Cellpose-SAM,0.5,0.7368421,55
1,Deconvolved,Cellpose-SAM,0.55,0.71770334,55
2,Deconvolved,Cellpose-SAM,0.6,0.67942584,55
3,Deconvolved,Cellpose-SAM,0.65,0.6698565,55
4,Deconvolved,Cellpose-SAM,0.7,0.6602871,55
5,Deconvolved,Cellpose-SAM,0.75,0.6507177,55
6,Deconvolved,Cellpose-SAM,0.8,0.6507177,55
7,Deconvolved,Cellpose-SAM,0.85,0.6507177,55
8,Deconvolved,Cellpose-SAM,0.9,0.5645933,55
9,Deconvolved,Cellpose-SAM,0.95,0.28708133,55
10,Deconvolved,Cellpose-SAM,1.0,0.0,55
0,Deconvolved,microSAM,0.5,0.8015564,55
1,Deconvolved,microSAM,0.55,0.7626459,55
2,Deconvolved,microSAM,0.6,0.7626459,55
3,Deconvolved,microSAM,0.65,0.7626459,55
4,Deconvolved,microSAM,0.7,0.7626459,55
5,Deconvolved,microSAM,0.75,0.7626459,55
6,Deconvolved,microSAM,0.8,0.7626459,55
7,Deconvolved,microSAM,0.85,0.7626459,55
8,Deconvolved,microSAM,0.9,0.7003891,55
9,Deconvolved,microSAM,0.95,0.22568093,55
10,Deconvolved,microSAM,1.0,0.0,55
0,Deconvolved,Cellpose3,0.5,0.430622,55
1,Deconvolved,Cellpose3,0.55,0.430622,55
2,Deconvolved,Cellpose3,0.6,0.41148326,55
3,Deconvolved,Cellpose3,0.65,0.38277513,55
4,Deconvolved,Cellpose3,0.7,0.31578946,55
5,Deconvolved,Cellpose3,0.75,0.27751195,55
6,Deconvolved,Cellpose3,0.8,0.12440191,55
7,Deconvolved,Cellpose3,0.85,0.03827751,55
8,Deconvolved,Cellpose3,0.9,0.0,55
9,Deconvolved,Cellpose3,0.95,0.0,55
10,Deconvolved,Cellpose3,1.0,0.0,55
0,Deconvolved,Morphometrics,0.5,0.93636364,55
1,Deconvolved,Morphometrics,0.55,0.91818184,55
2,Deconvolved,Morphometrics,0.6,0.91818184,55
3,Deconvolved,Morphometrics,0.65,0.91818184,55
4,Deconvolved,Morphometrics,0.7,0.91818184,55
5,Deconvolved,Morphometrics,0.75,0.90909094,55
6,Deconvolved,Morphometrics,0.8,0.9,55
7,Deconvolved,Morphometrics,0.85,0.8818182,55
8,Deconvolved,Morphometrics,0.9,0.77272725,55
9,Deconvolved,Morphometrics,0.95,0.47272727,55
10,Deconvolved,Morphometrics,1.0,0.0,55
