,Method,Width_mu,Width_sigma,Length_mu,Length_sigma,SurfaceArea_mu,SurfaceArea_sigma,Volume_mu,Volume_sigma
0,Automatic,0.6721737532968971,0.0008441163991831985,5.128550400297433,0.03365099634077519,11.5023048274204,0.018752064422997858,1.8899535456040466,0.0034703395213195967
1,Automatic,0.750424441150698,0.0006520144857676755,5.627253199710611,0.04107282634814775,13.256167644505219,0.023031993148002843,2.4067848771442106,0.004618350385347971
2,Automatic,0.7815823371786533,0.0006756919160868083,5.452374181545947,0.03973602295533563,12.81861385782131,0.021542406896459223,2.4007987401290567,0.004582714759333741
3,Automatic,0.7982157376880956,0.0007258453815787476,5.890558382890745,0.04624009600569278,14.30153216793148,0.027895754564930472,2.758205294856403,0.0062843526826362114
4,Automatic,0.8041166662750612,0.000755552897619868,5.316911447140874,0.036094623478912534,12.910545813825767,0.02333385509967195,2.4949812393087036,0.004926332110469059
5,Automatic,0.7599550351884651,0.0006700582954379492,3.9503462038987953,0.01871070662636478,8.811282396410649,0.0117639065819283,1.5789707927773196,0.0028791148491553635
6,Automatic,0.8304762643198748,0.0008257109585404919,4.6955530137996195,0.02708406222008585,11.899272059476786,0.019324303117803265,2.3520099343920133,0.004710696384110358
7,Automatic,0.7593185608988402,0.0006985985348055197,4.080118107881795,0.019362256451470033,9.062988250647686,0.013062681191143151,1.6211580371914456,0.0027587941401707077
8,Automatic,0.7942967945198913,0.0007771805641854165,5.743053552196198,0.03960111980035691,13.024627309125682,0.025168418481454947,2.5420240970091506,0.005273134702943507
9,Automatic,0.7837570201374113,0.0006901247733095966,3.8799891843935903,0.018410678230640992,7.804601846458423,0.009830875320926438,1.4111622913887831,0.0023572546693844242
10,Automatic,0.7941710412827444,0.0006819111221220433,5.326729953242446,0.035267310327181445,11.33172433706423,0.016411525940710932,2.1350183156699485,0.004046317725492881
11,Automatic,0.7676690400631145,0.0006792435107033936,4.700460530953475,0.027579326391896877,9.105723690987128,0.013177160074272248,1.6604785898165206,0.0027213393222625623
12,Automatic,0.8295029440550383,0.0008125313343669029,4.829258344749627,0.028015308121337255,10.310881724549054,0.015949348527414194,2.047764036331227,0.003712769118240771
13,Automatic,0.9054264476722133,0.0010267696250133634,4.8723368234841855,0.030399106601051773,11.618128743021314,0.02039501333568644,2.4609227831746847,0.0051663309194048355
14,Automatic,0.8241343919129902,0.0007563633370123182,6.1926048044876145,0.05079294885405045,13.55617266627338,0.024422361889962028,2.6753540299295704,0.005587121122742402
15,Automatic,0.8293955818096069,0.0007594214893115938,5.611467231914132,0.040276328216895835,12.684987438967422,0.022338646161697326,2.5065155076903434,0.005156006035727653
16,Automatic,0.8740725429611463,0.0008941472324426417,4.770934833822528,0.02940057430835443,10.984375702276429,0.017108197985191424,2.2485163786084685,0.0042227216687523396
17,Automatic,0.8467819753298933,0.0008340278480134686,6.958409465040714,0.06059138183330184,15.453747512858364,0.032996269779703505,3.224528501251455,0.007572952204076998
18,Automatic,0.9354409884105319,0.0011269305531777028,6.253325008164214,0.05213114379872009,15.106128499924191,0.029740005183411647,3.3381734523078475,0.008104498725480176
19,Automatic,0.8590372248464362,0.0009281010581460385,7.445992973505469,0.06673155078244217,17.84093697674162,0.037139381242497306,3.702491233036584,0.008376323682994645
20,Automatic,0.8668070903681215,0.000877831863047727,4.822046361934564,0.02583414404862107,11.54585258457761,0.019527586022694395,2.34766538121899,0.004679887550141626
21,Automatic,0.8884820175057492,0.0010546453368441215,4.58117111936351,0.026168906149736767,11.860341958680019,0.019487648151069983,2.489217152932419,0.005012118926530316
22,Automatic,0.8642149374219948,0.0009073003399331224,5.3961600544895685,0.03697741647560263,12.805267798389677,0.02324116193198327,2.6101044407197604,0.0058290499668582005
23,Automatic,0.7937812719630333,0.0007239841396958008,5.681226480354785,0.04200919345798833,13.220845281357368,0.0243412824045541,2.5229396700936393,0.0051346794270236435
24,Automatic,0.7768383650350973,0.0006803998716483722,4.37672305583665,0.024046127954718433,9.189004508108148,0.01280011319456912,1.681878754360337,0.002780987961247671
25,Automatic,0.8285696776124095,0.0007657198655370233,4.2349797472965784,0.02234323090552341,8.566613813280101,0.011515245330777989,1.7034518302889645,0.002748268080397298
26,Automatic,0.9180677844121246,0.0011275757970610227,4.04882752508674,0.01937813481197449,9.527605509260376,0.01446029504685887,2.007212604444217,0.0038138505287162875
27,Automatic,0.8532246356727367,0.0009181951138477518,3.9218363723234844,0.019257312635159243,8.97165294390151,0.011599146737739508,1.790153239864922,0.0031148121087041327
28,Automatic,0.8539467472941733,0.0008569922734752519,4.501491365446856,0.024694603828185,10.401524834668297,0.017799305224120474,2.114305156877174,0.004074294848085391
29,Automatic,0.8485535884067242,0.0007948469280784395,4.465224217867012,0.023863356375120576,9.926021702690628,0.015089619143396881,1.9700421049151513,0.0037130635096238175
30,Automatic,0.7962555362014768,0.0007524264036036517,4.413647781773981,0.023680107927530617,9.304921248922554,0.013597619118986224,1.7411796748688193,0.0031620040672034055
31,Automatic,0.7827625115748301,0.0006837234094352611,4.948271853241749,0.03113446902013411,9.887278080990098,0.013143167672761543,1.8261829764059314,0.003154243905784351
32,Automatic,0.7305154701367597,0.0007176397720664722,4.320004246664248,0.021235319143989923,8.256563346344526,0.011503642679345573,1.4182613058059497,0.002115389438182714
33,Automatic,0.7932456745687781,0.0007403349748157214,3.523394149994567,0.01526242572301685,7.23812844736153,0.009393792485536434,1.3103385534197312,0.0023795964142648545
34,Automatic,0.743867773663718,0.0007243480076108267,4.040963143348435,0.019088961490844866,7.975023399911559,0.010335646940086598,1.4239248633806079,0.0024771393941994805
35,Automatic,0.7849686667218947,0.0007140240892835488,4.025480381536925,0.01940263217891403,8.21119229859981,0.010387936759876221,1.560476800133838,0.0025108539641638607
36,Automatic,0.7336780278293529,0.0007320187605477372,3.292795049936427,0.013326708390885698,6.243908234471179,0.008081015017769961,1.0928240626371812,0.0022191581382474184
37,Automatic,0.7820258036476069,0.0007024360078140467,3.575884057081629,0.01530325586744061,7.303347134322538,0.010028135688400193,1.3280106313352653,0.002389737646461653
38,Automatic,0.8181470654269615,0.0007652716824372107,3.696335124573001,0.016130546162993573,9.19692468010645,0.013134478166708173,1.7532164251132158,0.0031455824612651724
39,Automatic,0.8066086552938349,0.0007751197785369648,4.6750825537111504,0.027425380211967634,10.10021689657171,0.014448546558926209,1.9136111008111876,0.0033946649477638396
40,Automatic,0.8042160801077658,0.0007213058896991999,3.4853552859826,0.01529795750696373,8.287663502920397,0.011540194017524295,1.5493563011205926,0.0026242834337804064
41,Automatic,0.8079327769722394,0.0007254569359413569,3.78116814877102,0.017148271205367223,7.629183792704115,0.010807111073742402,1.4147589299658396,0.0024334138993828726
42,Automatic,0.7339444970576635,0.0006693148701172553,3.9033887378984415,0.0204466164700921,7.304320207777386,0.0111107092990062,1.2830701067532713,0.0021976410888345245
43,Automatic,0.5976517787480133,0.0012100501550880156,3.06914817182766,0.013088771714424137,4.726574466596609,0.01063591795372992,0.7068831772606285,0.0029932084547742367
44,Automatic,0.9979077287876882,0.0015227028507162359,4.585241958282996,0.026892079753483056,13.644907408127692,0.02863070071021168,3.1721068746314476,0.00747787218621286
45,Automatic,0.9547592191275142,0.0012660534253149253,3.1740677832186233,0.012771543135150585,9.036498105909471,0.012604976697221751,1.9940423945619457,0.003891609413970675
46,Automatic,0.9531388569214546,0.0012713252688461945,3.7711720230272374,0.017600640329426646,10.010212604400465,0.014774789333748579,2.2283832988124344,0.004151141912026281
47,Automatic,0.983175015720623,0.001433574722294776,3.3101415133990084,0.0141373037992902,10.261898829863053,0.016241961337932532,2.276564031591297,0.004265362028224589
48,Automatic,0.9876765478177497,0.001467737434081818,4.899214727598057,0.0313614871178176,12.201868805719187,0.021603099364894858,2.7728357706958424,0.006149271201967535
49,Automatic,0.9795735487721688,0.0014973054029969691,3.590365858961509,0.015204060613651996,10.009139132684735,0.014908342798188846,2.209120820421865,0.0042827383540283235
50,Automatic,0.9592979552690293,0.0013608685948617505,3.908735807059084,0.018760878698627796,10.075343145177849,0.016397786414758017,2.326864390544101,0.0043089455748359035
51,Automatic,1.0486239702165,0.001831960825154959,5.40972673588024,0.03433367742943437,16.916056187507195,0.036620922486778645,4.248983797401116,0.011225730007376544
52,Automatic,0.9337839215796998,0.0011666724415191822,6.567189676516374,0.05615259562568925,16.98645375893479,0.037591068169926516,3.8030824330412574,0.010279073019340052
53,Automatic,1.003508228032903,0.0015245452298425833,4.353165010173494,0.024353385807397068,11.925250138024287,0.02088974739687202,2.7931368129571763,0.0063296361238893714
54,Automatic,0.9843252935826416,0.001514261035670875,4.308733066547952,0.023157545611732507,13.12407520119076,0.02332302705080704,2.993492521776787,0.006599378891326829
55,Automatic,0.942521530683897,0.0012559510561337807,3.194812356377564,0.013372091994778859,9.435754076159032,0.01403981833654906,2.0124391761929172,0.003567375521253942
56,Automatic,0.9935110136732567,0.0015299494558739272,5.298595370026491,0.0354294442680871,15.630331219039435,0.03364078946970901,3.639107473394044,0.009200062730599414
57,Automatic,0.9434839263184597,0.0011164792238907285,3.801014744482424,0.01777992058380962,11.516586102884128,0.01968609501948718,2.509522550438064,0.0051292612097438095
58,Automatic,0.9961289447770973,0.001467035267000018,4.90866003078082,0.03300758086161384,12.510182881720356,0.021165705106133515,2.865902092794441,0.006515841076434638
59,Automatic,0.9809587886903693,0.0014262354816261635,4.673191954268457,0.026420626626732488,11.27945235482243,0.019108304659813932,2.674091507722878,0.005908660442577238
60,Automatic,0.9639130100157133,0.0014043764668639123,3.5303896495520166,0.016434600590558405,9.547532286913123,0.013331421122616463,2.083410561786695,0.004025894504742233
61,Automatic,1.107769096775004,0.0021977207402666668,3.889792890126638,0.01911287835236861,13.571651054560462,0.025597451558662034,3.408448300115576,0.007994300864292456
62,Automatic,0.9527212776655117,0.001303514691179856,2.840635903425052,0.013494956764539245,7.584232682941391,0.009803720669283604,1.6644836084680479,0.002653296735530852
63,Automatic,0.9622641859972644,0.0013074493892399103,4.141031364632596,0.02206236607113992,12.299337921517255,0.021897302336680864,2.7509379272854257,0.006368860376514887
64,Automatic,0.9665343950207925,0.0014089888128556004,2.9080108688079584,0.013353308278097461,7.90260496807034,0.009981888253426772,1.703848340577002,0.002998079730683575
65,Automatic,0.9691128111730152,0.001341172331841058,4.307927337972843,0.022713050419801345,11.668924653855724,0.01909330176251394,2.5995609447374948,0.005283707987865686
66,Automatic,0.9815445062962158,0.0015264222734227098,4.6227574622335394,0.028217691447182718,13.865231352854403,0.02817000873495792,3.210775841196387,0.0071372377487589145
67,Automatic,0.9537834768740814,0.0012984073423382347,7.312133349332479,0.06287505555662044,22.19650861514886,0.0566485681670775,5.155188796396888,0.014225948359284599
68,Automatic,1.0121026092774368,0.0015423530890820813,4.120623605254335,0.021804527978333384,12.134017850740747,0.02000575251844106,2.839131401851512,0.006324597018516537
69,Automatic,1.0264825401707853,0.0016337273363429005,4.311122441553546,0.022831395422862843,11.051294147538702,0.01869121348438425,2.5664429130063366,0.00569075654125485
70,Automatic,0.9893153901258058,0.0015163782311735626,2.749740286760719,0.014743316466859793,8.41585443699326,0.011049577026584018,1.835358816877874,0.003226726217593371
71,Automatic,0.9493147304314498,0.001412144400148077,4.880880666142355,0.032440663126156837,11.304100565993238,0.018445300020823303,2.4935481311027052,0.00525623660204241
72,Automatic,0.9696786040580021,0.0012692107288182941,5.285485396044083,0.03395582757147814,12.697119315137439,0.0212828096867997,2.8578155468187707,0.006342410644539026
73,Automatic,0.9699925764054633,0.0013676784280910723,4.823246715898106,0.028608641160110856,14.224474016995346,0.02715311968069257,3.245031615852091,0.007744025940847602
74,Automatic,1.0360521090901906,0.0017638624233223786,5.540618977992419,0.038680950547086874,14.818151398523637,0.031058394290838752,3.566130893812996,0.00886860510239467
75,Automatic,0.9713139218776919,0.0013589713605515743,3.5069639217422144,0.014678504764935407,10.587406117569978,0.017621891633608507,2.349195685939955,0.0044400300789850175
76,Automatic,0.95082997928821,0.0012234162778155195,5.12337659311619,0.03356340041881926,13.921365833506652,0.026662760612643634,3.205907708565979,0.007397339712997422
77,Automatic,1.0044431051070948,0.0015066344836760907,4.4761777257227875,0.026790383070247434,13.48174762296748,0.02571443630826741,3.1238100249469527,0.006656173195085472
78,Automatic,0.9965561522351558,0.0015202202664127422,4.480948254612961,0.025833638067752084,11.001706150997114,0.016665982008807294,2.6138091717804666,0.005765703185613502
79,Automatic,0.9986259993322478,0.001451165787112409,2.836599113019122,0.01443402205636828,8.565970963740714,0.011040714745960368,1.8807416663218373,0.0032801737893756603
80,Automatic,0.9502308116831814,0.0013013381165370033,2.4391612316393974,0.015956655304730016,7.019926183721995,0.009539981763452816,1.5204612994224345,0.002431068974899128
81,Automatic,1.0635585132303549,0.0018659359031361006,3.7475593062515045,0.016346190288579542,11.92561317074052,0.020098779376113495,2.872394057622436,0.006601192403626546
82,Automatic,0.9717287237214685,0.0013900584843035374,4.903389229742005,0.029170316427163865,12.196205757831846,0.022591854628912833,2.7507435459772704,0.006281054626509912
83,Automatic,1.045755677830695,0.0018327057181231614,4.634562605945029,0.026370047966287672,12.6161913302946,0.02298908640495322,3.013998721083527,0.006727816601814613
84,Automatic,0.9695105489565067,0.0014648601668653667,3.2264805626254573,0.01373984597686162,9.781541189434371,0.015032279990750725,2.149914261971573,0.004215932830691436
85,Automatic,0.9668396682164355,0.0012681848720580344,4.218665019401891,0.023245453223568413,13.117456799168144,0.021479138442849762,2.94874044501042,0.006657837386564836
86,Automatic,0.9849208229537402,0.0014774995389268655,5.572888079285425,0.03852929841469672,14.006619438336784,0.027820262014996756,3.2256437621161758,0.008187387255005599
87,Automatic,0.9658026674948982,0.00127075383968544,4.110216071378483,0.02041047544774851,10.33203269991453,0.016290012608271273,2.292919184514295,0.00449006806739246
88,Automatic,1.0023194937540207,0.0015715882764021783,3.814449939978735,0.017527561119370854,11.4795751797199,0.018807740827125073,2.6304498729373877,0.005482972589938118
89,Automatic,1.0885657622760787,0.0019909369572864884,4.050249602467809,0.019773486276556014,13.046672796975534,0.02433448031551106,3.291468243608026,0.0073990750832525504
90,Automatic,1.0106932845895953,0.0015337486046192678,4.7237430018721245,0.028139185961381107,11.936229263946617,0.019522478357356536,2.760515692211024,0.006313953482703514
91,Automatic,1.0042800535960767,0.0015196926571401875,2.6929829307405306,0.014380678060022687,7.6933250405610085,0.010265673090809238,1.7152143426915976,0.0027675296162055565
92,Automatic,0.9256439621347894,0.001211659879427749,3.5525804684276627,0.01584874044346844,8.023922452449122,0.010519310387061394,1.6984688187844676,0.002791590312007179
93,Automatic,0.9953856183054012,0.0014935523188112513,4.782391809971854,0.02757942501959313,14.913426673376195,0.029094074651836603,3.490978948259062,0.00839582601460176
94,Automatic,0.8730402834358568,0.000930880295307128,3.8507774384616185,0.01685865145861673,10.466063938978705,0.016231453263940265,2.2858180456039716,0.004910609864990475
95,Automatic,0.9901338627159965,0.0015704862066956843,3.841393291794856,0.01691127391468925,10.13205523827413,0.014569532223567555,2.261612605817365,0.004736968811669464
96,Automatic,1.0761099611098306,0.001859013301728096,5.805128639601594,0.04347105581042665,16.886056276743663,0.0338833491804545,4.229550519741611,0.011724179971385643
97,Automatic,1.01572855170619,0.0016502731435649946,4.829614761000356,0.028822179006537187,13.27824867021517,0.02532801780282302,3.1422099371320638,0.006905169973206266
98,Automatic,0.9512068103567667,0.0012065278937160224,4.007301684083827,0.018839037008272285,11.86328353952328,0.018980486043025456,2.630155653301171,0.006218180943490599
99,Automatic,1.0281510822479247,0.001644462508744315,3.417308936170751,0.014241488792345965,10.787984230205508,0.017506965849933886,2.493509453127466,0.0049589020562123215
100,Automatic,0.9882195852036634,0.0014716848072222509,4.952458163130888,0.02859582295743136,15.956410492625587,0.03399236870850649,3.7012594327232775,0.00969461420791591
101,Automatic,0.9928822952136521,0.0015038082152285539,4.004594672383624,0.02010139282868137,12.404977959779819,0.02319762082583938,2.831638982068968,0.0063783416331943486
102,Automatic,1.0365030075837809,0.0016569153699085937,4.5049611208061195,0.024016050802653184,12.17716282462074,0.020888499624117783,2.8706088217650962,0.0062335863076400135
103,Automatic,0.9595288490699765,0.0012716439255432267,3.7657755180404346,0.017626586685419998,11.69681409351387,0.02058418950500383,2.597044491487315,0.005119392815316957
104,Automatic,0.9376457641256257,0.0013294151302127692,4.4063939564418355,0.025839205275052807,11.159256715632052,0.01922423598150631,2.4732298916662767,0.005497344599964621
105,Automatic,0.9269848692356897,0.0011615905393530278,2.9862739537839196,0.013135936021931095,7.326570389256966,0.0094026000167031,1.4927301036795213,0.002507312607576404
106,Automatic,0.9676272019666147,0.00125218916413352,3.964418720501241,0.01884532862960815,9.587153589110589,0.013535300965961235,2.1259534125907713,0.004061852164388869
107,Automatic,0.9944262863988844,0.001379624709871114,2.5399962296181675,0.013916146996453932,7.7586291905573725,0.009793250137819485,1.6727730781912764,0.0029278509431357896
108,Automatic,1.0034408075682362,0.001717877103616972,5.217094977650386,0.03663369762757428,14.246968780047744,0.026561931144216133,3.3272862915390307,0.007225453923458649
109,Automatic,0.9791593023787077,0.001409929754119176,4.898991229477702,0.03105513485970614,15.240854956598675,0.03100496986735157,3.4987396516993385,0.008406502595317014
110,Automatic,0.9354013218543947,0.0011398042425438098,4.77823384847122,0.03001799001753828,10.939924472108792,0.01598687933363164,2.3674773574501278,0.004938438341721779
111,Automatic,0.895401764580372,0.001036929934250303,4.862271961640521,0.03060063368558432,10.964244317507116,0.01879077530145709,2.2973023170564564,0.00439978507384525
112,Automatic,0.9683744704837561,0.001265789606811267,5.076582701944016,0.03336198319085564,15.72595842686018,0.033152931664168404,3.5889657844993073,0.008411088142305474
113,Automatic,1.0065032124840851,0.0015758457720342971,4.896893084985144,0.031618518686950134,13.3790301277233,0.0266458011873204,3.12757170306142,0.0073164407843915235
114,Automatic,0.9176433993648634,0.0011310738801334449,4.428846305821336,0.024919402547151637,12.325527972396962,0.023256621507203125,2.660918643233517,0.005206212023961186
115,Automatic,0.952415270484584,0.001269542605370988,3.9819269526064445,0.019325722737527414,10.054138172660464,0.014990441147128686,2.1861798318064265,0.00414665036298834
116,Automatic,0.9877996871505623,0.0014864364266312497,4.354961180608371,0.024198502983640423,12.17957511989156,0.02101132954627333,2.760268417043658,0.005936399133849149
117,Automatic,0.8711742713582412,0.0009514979630614195,5.24111312183872,0.03246703723678138,11.290547844483129,0.017443591671812367,2.3185606125954337,0.004768537833760316
118,Automatic,1.038277226529592,0.0015828162191192851,4.233894828320057,0.023106112480626734,12.191468662130184,0.02030380196545102,2.8888752671248663,0.00646305461738989
119,Automatic,0.9832168688461147,0.0013762727641470276,4.582183013507021,0.025496099109244615,13.891311025142606,0.026626438522216845,3.171606795125805,0.006968376004902255
120,Automatic,0.9930338427910663,0.0015579044600325185,2.905124183763116,0.013354801772741075,8.54869274718445,0.01187891584345722,1.8795568172185522,0.003170182181567303
121,Automatic,0.9572303810525394,0.0014106794736029385,4.886528493679788,0.03186662648958652,14.276064661336205,0.02601878556787594,3.276721246618439,0.008193462671509678
122,Automatic,0.9844155208675213,0.001438521758856258,4.874133984123206,0.030340934465424182,14.153377628602714,0.02896499027123181,3.2501123294904675,0.007706247768296954
123,Automatic,1.0035999296117262,0.0015615426852195694,4.6890252203976,0.02802475203710921,12.578408038449878,0.022768138079382553,2.916264662558654,0.006856081079530008
124,Automatic,0.9132505683426314,0.0011240438386214023,5.082715289860013,0.02983831356713463,14.078663506168207,0.027026330883079732,3.0464934093212093,0.00645121828022903
125,Automatic,1.0586433895282954,0.0019003472143356817,5.11854668414199,0.03152585030967341,15.265705508201252,0.029530321873330694,3.7458630201962375,0.009273304524661722
126,Automatic,0.9885102045844129,0.0014090875236846595,5.857587360103244,0.04193332389120689,18.882232986424274,0.045435206404260936,4.42547977132401,0.012433121117719348
127,Automatic,0.8750033833531838,0.0009323545798561037,4.81343191747348,0.026439123798549614,10.938991664385856,0.01685626630136455,2.2525365716427523,0.004334107525740855
128,Automatic,0.9868359679506647,0.0016338064096021914,4.7154649177588706,0.028258600097686888,12.648441505668428,0.021646740712674466,2.891209440656992,0.006610093419535101
129,Automatic,0.9837576245205254,0.0014322940657154038,4.5988324292275005,0.025079158853956975,13.146809921200559,0.023624538200851516,3.000217568136219,0.006939634764590564
130,Automatic,1.006688890641031,0.0014537913327555638,5.327824442994867,0.03318186345857479,14.876138331900817,0.029215640000705357,3.5645284801313375,0.009025695363326373
131,Automatic,0.9174691116611241,0.0011377288945903198,2.8381613456249286,0.012364332089306587,7.113364351315459,0.009129044894965303,1.523802420845476,0.0026800855663353935
132,Automatic,0.9857724575470993,0.0014025114783998453,6.432070230536203,0.04898231162148732,17.327177277980407,0.040738524318871976,4.052753553630786,0.011143772140686117
133,Automatic,0.9619410103996259,0.001238448369959993,4.963692999867898,0.03230105269843969,14.125412851874362,0.028294973563959276,3.23779896726025,0.007161875604129874
134,Automatic,0.9466169433159036,0.0012332896538868002,3.5572486198813458,0.014926383185969517,9.184496440494666,0.012314434895363524,2.0766065996116514,0.0037672150553722666
135,Automatic,0.8832352065991934,0.0010224687281982364,4.698173893266059,0.028295113092497184,10.294612496464152,0.015450694089243577,2.180401872097215,0.004061065738088975
136,Automatic,0.8477768545899853,0.0008146255169121464,4.287400025505638,0.023288055224167905,9.611050225676646,0.01489702577224757,1.980703272222184,0.0034086349208521144
137,Automatic,0.842603439582027,0.0007807569027685351,4.36556702776268,0.022601598976914376,11.109289089290964,0.01704301503575525,2.208048795720179,0.00443270898736028
138,Automatic,1.0139174904047001,0.0015226974780366874,3.299131013383476,0.014730573770222506,10.270928082216013,0.015688609721908952,2.333858784337936,0.0050420423555980485
139,Automatic,0.9215005882883447,0.0011502359805754018,2.703335400359925,0.014145235464911074,6.214498868474729,0.009122166398127766,1.299051160681213,0.0023576346480982473
140,Automatic,0.9852730310512218,0.0015409965766824923,3.422401952926202,0.013843486444425934,10.200080006926756,0.014901418938192744,2.2684448518731823,0.0039359104630420005
141,Automatic,0.9610562682693026,0.001384328161340863,4.373673036015846,0.024524319031498935,11.68156535195556,0.021226081871478994,2.583118183245996,0.00567422475672083
142,Automatic,0.9017718138577525,0.00109778730742658,3.942935099781168,0.020294951689595043,11.012251133089332,0.01799063893795345,2.3080757339430256,0.004424055302662694
143,Automatic,0.9415559951552879,0.0011809773060105946,2.7888269455760892,0.012882381378266316,6.486510351300791,0.00857152670148454,1.397216923829569,0.0024044899178119463
144,Automatic,0.9694249702605521,0.0013982544888740032,4.41220882301187,0.02354925918175581,12.543692969495178,0.02273147988364402,2.8201876638083907,0.006365644180040437
145,Automatic,0.8767118837215194,0.0009412919300418127,5.608416097299827,0.04229036788221646,13.015909858130742,0.024301874356807578,2.787625288115857,0.006472071671268422
146,Automatic,0.9823737917236142,0.0014538092803986333,4.4852885571987615,0.02401169412475286,13.549620413661195,0.026550269562303656,3.156449858415356,0.007353636493034086
147,Automatic,0.9688229941798165,0.0014820126167776457,5.083484371796208,0.03206121746028607,15.04010955001167,0.030149402581209624,3.417618234867606,0.008780003544328776
148,Automatic,1.0278044867968061,0.0016975377445950753,4.832150400460527,0.027223650809396663,13.376582743430024,0.025137554370998648,3.1883558030892534,0.007257620575754322
149,Automatic,0.9013489216839787,0.001083521584971535,2.945405603737331,0.01275703359469793,6.790665909714141,0.00902304868650267,1.476761427829856,0.0025335259565152746
150,Automatic,0.9181491130217008,0.0011143772194895894,4.875430583356069,0.029700812731513867,14.054724362467317,0.02962025444631968,3.0385799871833714,0.007542658296746336
151,Automatic,1.0542396668189804,0.00172412374498082,4.004879184903772,0.018917679788484677,12.540128743886195,0.02316055180770187,3.0098665145382912,0.007293689178103569
152,Automatic,0.9326059683321771,0.0011964473586808916,4.3214297855642645,0.02158339180211326,10.275867429748175,0.016557565126733655,2.235716170926065,0.004259725912924803
153,Automatic,0.9466164110284542,0.0012740723507602839,4.383665287816853,0.023687191290685822,11.657527811708082,0.01968384929818012,2.5465203943484496,0.0054779301596406755
154,Automatic,0.8906167582541916,0.0009943294269886965,4.078319468871157,0.02010184400570049,10.189873151225513,0.015781034668973626,2.1039190666619647,0.003967548659369092
155,Automatic,0.9957589345037585,0.0015285224642560696,4.97118867356945,0.029288905962798976,13.16636739887244,0.024528587286585943,3.02683419198463,0.007205333798406805
156,Automatic,1.0131199684825676,0.0015327349775428928,2.9967680537791415,0.013207509387584533,9.029384921881901,0.013099496064411905,2.0162377425465117,0.0039281596777657486
157,Automatic,1.0096375158799464,0.0015636870324521937,2.9722091133776214,0.013397169885335129,8.743746678229984,0.01174919939971688,1.9876271625512316,0.0035185131976274617
158,Automatic,0.9036387273152555,0.001010216928342014,5.943072232954544,0.04235125837741866,14.192777755025327,0.029883655853607523,3.1178592064134634,0.0076667482341732825
159,Automatic,0.9559246088391963,0.0013453017052194476,3.254316361271083,0.013288048057697475,9.570293439619949,0.013704956798810224,2.0673710272500836,0.0037281981596927172
160,Automatic,0.8758036497115138,0.0009548542258371461,3.7475535265239106,0.017574508619520743,9.755284629738446,0.014513731064775628,2.100753870146354,0.00380489186255723
161,Automatic,0.8327199379914441,0.0008002483844216748,3.844776763811244,0.01721725923398427,9.598822902662851,0.013342568261968774,1.8619367077629856,0.003120098439784904
162,Automatic,0.8344922118715158,0.0007894903839178012,2.617964067257969,0.015030627198595766,5.755430711062816,0.009606385796459848,1.0763041395728015,0.0022144832087648792
163,Automatic,0.9855358284392876,0.001524085775525153,3.08354027436521,0.012645181395226517,8.09344086122661,0.010622436331508582,1.754192626609366,0.0026725314007927017
164,Automatic,0.938858663628961,0.0011222171794301368,4.163756426499734,0.021538791509741015,11.966459038779936,0.019753722531441916,2.610354069678022,0.0053211237027273265
165,Automatic,0.9982702920462588,0.00150444875413893,5.219670187883885,0.03508973159538409,15.383525881230714,0.03210707729147615,3.5979915846907593,0.00870631537727383
166,Automatic,0.9454879754956986,0.001246370521280594,5.44217121640126,0.03589286617172339,14.56470173087749,0.028250421504747634,3.2409676948476975,0.007544843530465238
167,Automatic,0.923411579607767,0.0012375331431765473,5.5038253821569505,0.03719475156225685,13.314979682674833,0.026205497118707313,2.894263481633228,0.005915478066487677
168,Automatic,0.9836717874979147,0.0015520146505829755,3.9573800027989487,0.018485807492256433,10.975572770509292,0.017895949423132367,2.4706200299563945,0.005475168294005779
169,Automatic,1.0635098729774686,0.001820279401507583,5.2367579503207695,0.03677608189224884,17.221022465354025,0.038906387403698776,4.319026024383068,0.011909960715688407
170,Automatic,0.9909962857587465,0.001414972430765595,3.723363701802959,0.01706273744061456,11.453338371225938,0.020189133775554303,2.6136511510782894,0.0052141589919312776
171,Automatic,0.9994224611891922,0.0015649885254059796,3.5885719869876627,0.014717053504256644,10.9665983307645,0.015643912393918227,2.4934367958418013,0.005313711972549536
172,Automatic,0.919315505064002,0.0011045349927631637,4.704861486674921,0.02854163952083354,12.545044638202171,0.023015258737785944,2.6912903309044216,0.006165619604316988
173,Automatic,1.0165989605457475,0.0017480312488782125,3.771409587782562,0.018794484609653953,10.195481135998342,0.015038218747527438,2.3255833403620274,0.004867757630984421
174,Automatic,0.9428044851747568,0.0012332186020652595,4.534559606530116,0.02406989989360349,12.235277729804496,0.019432467138158143,2.735824330097048,0.0060536602279934685
175,Automatic,0.9663590137915313,0.0012566548838114006,4.874130678555303,0.0299714214294111,13.140111411422572,0.025336062330125576,2.9518129724213322,0.006681376941128827
176,Automatic,1.053229290756176,0.001762045277178643,4.032883090271318,0.02090054519075083,10.767111138488238,0.017511834657202102,2.5877438416618923,0.005458485513261274
177,Automatic,1.0160221977507753,0.001538205561740936,4.550315966666462,0.025541135518671834,12.567002730419684,0.02103261170151437,2.9722440204977665,0.006921406793410212
178,Automatic,0.969356617424654,0.0012588994218357716,3.467228894736084,0.015107016357550181,10.474176849300132,0.016620675542649125,2.3163191202108866,0.0045465330091837754
179,Automatic,0.9397944019147721,0.001172544933436733,3.5925642417081898,0.015376589811975032,10.539285935885683,0.016552183716211127,2.2892987390991335,0.004765250343427795
180,Automatic,0.9430176992609047,0.001172411656481658,3.8462439758459097,0.016188569512193402,11.559632811099219,0.01775914309210753,2.5216224793898077,0.005307630812597389
181,Automatic,0.8239282087437086,0.0007243737425089468,2.5862987740364916,0.014508976433891149,6.7024048246166545,0.009341174209516306,1.2519431986884837,0.0022597008570686724
182,Automatic,0.9929340745523835,0.0015544219508015246,5.940306427202139,0.04473829885028838,18.478379156749796,0.04080554755114943,4.377976195077774,0.012590005974252054
183,Automatic,0.8955502780380421,0.001053729024330598,5.382272324239461,0.04134250087070374,13.325524672520086,0.024012416292203343,2.834886802547597,0.006653883123884896
184,Automatic,0.9639332272399825,0.0013654494382530846,4.637169584588651,0.027415159884620333,11.43947045281712,0.019182704954280698,2.5294703666722422,0.005367133264269388
185,Automatic,0.9929013399459902,0.0014462075188978185,4.544899774161075,0.026871617586437333,14.780406354409466,0.031022152342622768,3.416325328914114,0.008236157292451949
186,Automatic,1.0233153355005702,0.0016964731348615458,4.206035056308198,0.022391567937343045,13.307379654819638,0.02359811649010917,3.1574900858932606,0.0070723903908700494
187,Automatic,1.082041484294755,0.00202997704678657,4.086320322291515,0.02034217037523699,11.768092375995524,0.021709537664535625,2.864948296847822,0.007193374140431272
188,Automatic,0.9334507197177976,0.0012086820677607221,4.804362500790337,0.029292168431854802,13.073739768516877,0.024473965259037056,2.8550565162959627,0.0062385141513868
189,Automatic,1.1235236603461571,0.0023327612358599956,3.627053035638084,0.015848555835238663,10.821107145556558,0.0169126165554706,2.6684372356406865,0.006191411612244919
190,Automatic,0.9874063046078231,0.0014540656984580204,3.2684995431667203,0.013728114989884653,10.013909057987332,0.015457644035717116,2.2259181274657305,0.004267456048635327
191,Automatic,0.9168526382583089,0.001139837706707025,2.7229910627066203,0.014032696585275731,7.247359227144743,0.00970855173350769,1.4672221876329423,0.002514309153949448
192,Automatic,0.9748344859656074,0.0014345546632110555,5.1311860378634195,0.03336947817410943,14.539878207362452,0.02874237245229613,3.3274959073025823,0.00775197933487911
193,Automatic,0.9350986602104385,0.001199498723019449,5.078658706347089,0.03137678522265135,14.40684093413594,0.02921857430770192,3.174945001792629,0.007605435694029435
194,Automatic,0.9841758958882214,0.0014830830149853416,3.4947613217641074,0.015066629104350821,10.890637009032245,0.017999381160351557,2.4388167981193685,0.004753267659937255
195,Automatic,0.9177143444312788,0.001216034827238107,4.746960722630984,0.02897508931981147,13.434092641085968,0.025533535339844954,2.9097187368943764,0.006406410226116425
196,Automatic,0.9638103692774732,0.0012414469729309853,4.573070768747714,0.026506693366173287,14.293299934398851,0.027584727119150526,3.2216788106761185,0.007204099782040026
197,Automatic,1.0920213597562984,0.002095551832380548,3.938204995947539,0.018834040448078796,10.718056331668722,0.015897935473069027,2.680353114932464,0.006181506479699799
198,Automatic,0.8580194984349737,0.0009361369712784868,3.463751275945166,0.014496857537767121,9.141829476580419,0.012873824833641887,1.8042422408328573,0.0032615742382125505
199,Automatic,0.988291795618627,0.0015023566131010476,5.633354119887683,0.041288336137473486,16.108333446163556,0.033266753546612654,3.739989486222755,0.00986579486525038
200,Automatic,1.0294733851055007,0.0017045376245308152,3.4983948984888786,0.014589197609010321,11.168338960135108,0.01752251761663408,2.600579852706441,0.005174918025738294
201,Automatic,1.051650711026859,0.0018542859399653011,5.9548017564235085,0.042679864703166974,20.029344227148723,0.045645510969692195,4.98074290983953,0.013388541117527025
202,Automatic,0.851066977118354,0.0009282399264219783,5.072827027190617,0.030990923302207755,13.707908515120828,0.026150142057090143,2.96144577270755,0.007167154634107421
203,Automatic,0.9719478068411119,0.0013916263103377743,5.416457228176923,0.0368926781312969,14.747452185379862,0.029874255903198872,3.3622764702695696,0.007733971017752485
204,Automatic,1.1529892094496688,0.002359816213036828,5.033640791031634,0.03114597926762588,15.68678464371758,0.03144464498430063,4.120185935499994,0.010605536437359597
205,Automatic,1.1406659446228464,0.0022945759893852734,4.765143432521716,0.026908076091131473,14.407803556931682,0.02850476846124381,3.7320341502206236,0.009761944314222618
206,Automatic,0.9721848127644862,0.0014270026831640623,4.170757620952798,0.01989090733560444,11.1179193012937,0.018945088509616567,2.4682018371295764,0.005240209973583813
207,Automatic,0.9870013843347836,0.0014419686573061076,4.041405801617131,0.020804614443946896,10.410531768121313,0.015924231431001877,2.3488503832312753,0.004984590296746312
208,Automatic,1.0069711298086574,0.0016786751732861763,4.259410306866772,0.02179242795256792,11.346963375155884,0.01864225995533212,2.691849078767363,0.006208301542985348
209,Automatic,0.9800344579806708,0.001394371397192811,3.4339117064717484,0.01416364842417343,9.353724145877312,0.012195810646397251,2.080257290217211,0.003651180134745553
210,Automatic,1.0448402876800804,0.0016775206747010319,4.143549796081405,0.020993588802259863,11.249533860382114,0.018073608160131774,2.6412725953464817,0.005686746115231303
211,Automatic,1.0638066563754993,0.0015935955997457647,6.409182460282051,0.05246571593483417,21.55723382567308,0.05342575545033331,5.440907167393443,0.014628230353458319
212,Automatic,1.033482394744274,0.0018963218162191529,4.659387208996416,0.027345340695116474,14.480330019792206,0.02632763259821856,3.4607817543354127,0.00870176712139349
213,Automatic,1.045885570224934,0.0016828073905412475,3.523613916657397,0.015310634900103525,10.373153586995814,0.01552605433112745,2.435922215186995,0.00484306026625575
214,Automatic,1.0361493918911646,0.0017095779769162563,3.7343197699881223,0.016033630615537378,11.000795953909066,0.017037597024053486,2.578392669650351,0.005719691679359829
215,Automatic,1.0376771648811276,0.0017148412407540158,5.63950296503366,0.040444743233272816,17.39027254493699,0.03499972948297812,4.257503468071411,0.010963160685736224
216,Automatic,0.9786938355628048,0.001501823814646913,8.734185658551684,0.0846573938370916,24.63806193306463,0.058551481945956704,5.808206964922416,0.01590554942836909
217,Automatic,1.0016927281237973,0.0015777211891029156,4.009803260323376,0.019612555841166494,12.053454133397809,0.0212802347101235,2.7677778140460925,0.006383648531923315
218,Automatic,1.157557716136678,0.002495270265189347,8.989794508038653,0.08363584869590283,33.222406965544366,0.09035277372433534,9.23104839990303,0.027660868649244243
219,Automatic,1.1445462785711318,0.0021719470587095746,4.390211031299629,0.024502366203384387,14.878053670547747,0.02975322640305826,3.9361023767624213,0.010192596365598139
220,Automatic,1.088354482673989,0.0019353444265516621,6.9097384637178365,0.06009827719089826,22.576158438528598,0.056456864612690866,5.830657514680906,0.01711607245446246
221,Automatic,1.2863846241341477,0.0028856538060380507,9.704117038100998,0.09684131441280686,37.370902970234326,0.11018874026923167,11.425542844540564,0.036065555284722446
222,Automatic,1.308734628676626,0.003359011951212443,8.609945997012321,0.08483280694616674,35.44680811958811,0.09665456967833966,10.97414353794558,0.03499402632288245
223,Automatic,1.035921059352256,0.0015789331488405972,16.588393999407305,0.20690783277316543,52.56663890260051,0.14813538702089046,13.381252580789115,0.0431650025494539
224,Automatic,1.167277085376734,0.0023373283365833537,7.300524423746856,0.06652014864031197,23.903082054568863,0.05428189242198527,6.593871835311423,0.01959170817838871
225,Automatic,1.0136595309950784,0.0015545150883413507,4.179994709006116,0.02082544002302637,12.680220214478112,0.021682377327727074,3.1911613215628045,0.007317882159212357
226,Automatic,1.0819490312682383,0.0020841255192864294,5.248415138077779,0.033982424161061515,16.895895358020702,0.0350577956954128,4.2459021931092575,0.011220075347752342
227,Automatic,1.1903805407032624,0.0026825732784221223,6.748526794807691,0.05468482678728826,24.755136419994244,0.06870511647104546,6.958539524596948,0.020940604930238374
228,Automatic,1.1121479340959963,0.0020090240083611485,7.669214957702694,0.06416486774760646,23.81825015334665,0.05892790476152762,6.387614924935622,0.01866830455430421
229,Automatic,1.1487827649784008,0.0025192556884416004,5.502133652384834,0.03678557559043716,17.48285754612852,0.038319075164069856,4.728265177132914,0.013426620037592844
230,Automatic,1.1300673942449913,0.0022854054735904506,7.424616967829214,0.06165483664637355,25.17102649711292,0.06159553723186553,6.794817561348772,0.020824528592390548
231,Automatic,1.0592769231558772,0.0017947729490418822,6.144034763817628,0.0479650729048112,18.346712643298503,0.04168154919285075,4.707536701726388,0.012882011397916537
232,Automatic,1.2784461486537693,0.0027940760152379393,6.641785535703499,0.05504927221372024,25.32653499489265,0.0613790995971782,7.6872651965103,0.025045890599076713
233,Automatic,1.2861511746726793,0.0034450018947807916,10.371642369588368,0.10830692797379002,27.63184262310639,0.07309818520585976,8.347313947715989,0.024912270247011918
234,Automatic,1.2985529619981449,0.0031755738471839125,7.032138008095691,0.059313899489359605,26.756277824406446,0.06865274532156389,8.09750167913306,0.024735304983134306
235,Automatic,1.30489121436063,0.0030854990085948946,6.633243074368749,0.061855961209469096,26.329864467087802,0.07600322539556588,8.10407255231154,0.024244712528865814
236,Automatic,1.2871527027246747,0.0032638716598144372,7.562750716189767,0.0663583077607611,27.277126122003175,0.06956412873775505,8.398929537177791,0.025763910583925274
237,Automatic,1.281719042622221,0.0031996035606308565,6.050467297383594,0.04603548112822446,20.730145902915453,0.05002066030202949,6.363823754826939,0.01906776996522259
238,Automatic,1.1099680717895466,0.0021685477584703116,6.70099864093726,0.055825895294480544,19.965216452244164,0.044207704457871505,5.272271905883803,0.014042641696666374
239,Automatic,1.3115485144237065,0.003241472021378163,9.618565599004004,0.09914062764009972,39.34479315281405,0.11757973222358638,12.337036107608988,0.043195957385722634
240,Automatic,1.1130048253449545,0.0020566227717622896,5.092691039773231,0.03294941028923395,14.87988677102965,0.029943555024394664,3.7842002274327107,0.009174498148301095
241,Automatic,1.0867108530533247,0.0019412494124229271,14.13026027076551,0.1694922714568807,41.63044635838713,0.1191120091398099,11.002039214602606,0.036118512543157955
242,Automatic,1.0393573284832394,0.0016184905742912426,5.515969697522058,0.03791904812261136,15.06641202720223,0.02899935879579274,3.6250152716733606,0.009268862136346652
243,Automatic,1.0953048959915432,0.002038891478677004,5.6600439939067,0.040645844327202835,16.00387319278334,0.034335723949075206,4.043563295528134,0.010099707702293828
244,Automatic,1.1875072445132433,0.0025731990400761516,6.111472707766993,0.04954229718190788,21.48264535210833,0.047925945736867245,6.03015629986573,0.017690051804149266
245,Automatic,1.2365150168632608,0.0029585227072317435,11.529585343989973,0.13206386176186238,38.23404406449033,0.11015289365909327,11.318400838599745,0.0381490978850893
246,Automatic,1.190678598600098,0.002560026154874342,14.082165792293889,0.1570501226539143,28.23844618104372,0.07267846546094542,7.987845436043769,0.024035301906953053
247,Automatic,1.1221265486546101,0.002259008596970599,68.14996573088354,0.9930157432335752,218.57956421389193,0.7843144971818673,61.6043928960582,0.21555622266499483
248,Automatic,1.3367374008150212,0.003591928577475634,4.526460038292697,0.023935287479993773,19.138644107705918,0.04717211957814212,5.747745984771796,0.016306481265803672
249,Automatic,1.109576814005367,0.0020981274374773638,9.11674985292308,0.08934478039529352,19.218336170444317,0.043420427344443256,4.996210561744319,0.01434816844916473
250,Automatic,1.1338388745183376,0.0022800592550940297,4.153191554000274,0.020725648217710346,12.755842409241636,0.023510028455088143,3.367144603678136,0.008186730322915793
251,Automatic,1.1654812913013897,0.002413152374576682,8.034215297928055,0.07905534563602483,24.546414741855056,0.05620301939497255,6.778194676040319,0.01979318073295544
252,Automatic,1.3295016122936536,0.0034234458114922725,5.704358273993938,0.03929680077422229,23.53371913045707,0.05603402917810731,7.1758318581557505,0.022819946325774904
253,Automatic,1.3340501151771818,0.003375652250575195,6.948115578197879,0.0560284782095463,25.81767412973938,0.06207221774491979,7.965133028171455,0.02360687485854844
254,Automatic,1.3368349513069608,0.0036375257466988147,5.601049987461753,0.03896333008441328,19.749575679481467,0.046128310434138745,5.954523461299751,0.017343309077802127
255,Automatic,1.3035401186206363,0.00347193194780691,6.4125160975100535,0.04775976151050494,25.33342379016485,0.06427172406621846,7.662388883835003,0.025199220551716556
256,Automatic,1.1400236502381242,0.002113875385368273,8.494802604403457,0.07339817514840523,26.428128517489604,0.06636682028553925,7.150408911829609,0.021712119583667904
257,Automatic,1.2679241452916017,0.0029151594725020827,7.600820076214373,0.06803915024496937,27.279820485673064,0.06961160112720485,8.112013933464272,0.02487011309095371
258,Automatic,1.1646929240892352,0.002486943700997083,13.495691193863493,0.1490451665740912,25.99968748024813,0.06959439366316975,7.1520109716096885,0.022503845178279736
259,Automatic,1.0339689004717665,0.0017125246906714133,11.593434159222427,0.12292797543038184,20.819446452317695,0.05198505989396925,5.141576038752028,0.014508617663380791
260,Automatic,1.0283828682113345,0.0014996051343854518,4.206683563577149,0.020617933043508077,11.292935571755555,0.018002310083412385,2.644342286917573,0.005404897351932444
261,Automatic,1.0342564440475988,0.0016245172829272645,13.940356122222552,0.15114706371959888,40.93615351130811,0.11423954143530889,10.369400910374788,0.0314855590315692
262,Automatic,0.9719899725163381,0.0013954933115349552,20.644769553205347,0.24780001300514154,28.272953434273667,0.0778870834538548,6.72700298253453,0.019647042498162157
263,Automatic,1.0820953036523122,0.001803793417183723,5.024411262312948,0.03278199725323911,13.19390403812245,0.024554033407105175,3.3350999165122395,0.008401521825018387
264,Automatic,1.040329498211542,0.0017383393930121937,7.119161441133444,0.058637119305535494,20.874397923056076,0.044889357580214714,5.170409396379291,0.014958952971737762
265,Automatic,1.1116802275073325,0.002116516465937957,10.798373906178615,0.12047271241930298,36.93256108536349,0.09853399518492655,9.918621072227092,0.029928575613613086
266,Automatic,1.0654316738612575,0.0019145292760692689,9.108804399214968,0.08904935855598563,29.098715824898136,0.07225236233009358,7.43741451803408,0.02102051342552326
267,Automatic,1.2373712329538062,0.002872720845433257,6.665481184984828,0.05497876529607674,26.056176487446887,0.07016235349742939,7.563731904337763,0.0236438809023363
268,Automatic,1.2282014721219878,0.0031127029466253594,6.972608800857182,0.05663089702679067,25.673855378664072,0.06966952150804363,7.387733920959119,0.02143427859216761
269,Automatic,1.19701204808582,0.0024515278277561967,10.70276826745558,0.11543633819971455,28.791590510729858,0.07869483423556557,8.167402674760405,0.024455802267511952
270,Automatic,1.2235966114302985,0.002701062893029155,7.465526020179906,0.07042539965733757,23.785620491795093,0.060742216663099716,6.87753670504842,0.020579203417381075
271,Automatic,1.286258665045142,0.0029983717422379205,5.32978162522102,0.03813078391194622,18.260894702243554,0.042122690318461165,5.299290470904694,0.015019513177990978
272,Automatic,1.3736771285944176,0.0035833092255163723,3.3365494586485607,0.013739326699198256,12.25873402380039,0.02090941446376344,3.5160156881150635,0.0090197456724792
273,Automatic,1.1676640206601272,0.002478302686902853,4.228128137927295,0.02221555662954659,13.479146295968498,0.02648696622581574,3.8036637875269452,0.008728862993217328
274,Automatic,1.2934503068187089,0.003229893178542691,5.020036772803269,0.030772868718642467,17.632038309729847,0.0378573685410277,5.1297404805901,0.013938042275900597
275,Automatic,1.2785172747340516,0.003118554313681426,9.857195528843206,0.10870170702021585,34.04387704674372,0.08631574641243704,10.343017339547885,0.03493241257552393
276,Automatic,1.1979469916362726,0.002608445983817476,4.418218719648419,0.02586746641624068,14.60924020450976,0.02866648373902115,3.915779539699932,0.009922881618275835
277,Automatic,1.087709183500308,0.002168199125457165,19.133188881943855,0.23690645103651242,60.69047422112356,0.18514833060595953,16.301644260869885,0.05207827908326474
278,Automatic,1.0629654914803213,0.0018831291156083767,7.759263347046093,0.0696253499719376,21.50759201513288,0.04604304110283724,5.543567224620215,0.01500647886447656
279,Automatic,1.102454923562023,0.0021960282413985206,7.456929375753363,0.06213926550034058,22.224802963703265,0.05442106251176929,5.789535226182147,0.01696543827156225
280,Automatic,1.0766074757468613,0.0019246911601501443,5.885043855101633,0.045261456917628874,20.0372627788245,0.045018511602168305,5.109727062561769,0.014549318393576843
281,Automatic,0.9308532362108792,0.0012187911805637153,6.786121342799776,0.05307326719135136,19.509887795584792,0.04691210568119895,4.372061924848084,0.010684273774636538
282,Automatic,1.2632570933471408,0.002789118294256563,7.557981831763647,0.0682546755955603,23.81335955652477,0.05771415634217384,7.230005852305088,0.0211405531610047
283,Automatic,1.3145767306501865,0.0032321430712055075,6.620705173388882,0.05488483205468966,22.6618255317191,0.05812610115528842,6.961639828454158,0.02066406466838817
284,Automatic,1.2176921015923532,0.0027932339152461107,11.763050876939495,0.13119056665216489,39.761510326391345,0.10859118348721106,11.626292986555294,0.037644776503315776
285,Automatic,1.2972015567236816,0.002971984448130216,5.30122518179612,0.035197566531827075,20.533044175734016,0.046610286458450625,6.494629623932358,0.018814853672623696
286,Automatic,1.2179977151155095,0.0027117851881488944,11.128435700627083,0.11487601346509824,39.35187463047256,0.11815102832206507,11.493688391793958,0.03913688289680071
287,Automatic,1.3036756512694618,0.003184763508185434,7.602466994014943,0.06940675484181826,30.22530254705088,0.08385194154626446,9.454571973254456,0.028552098587578102
288,Automatic,1.1163615897633463,0.0021657035376525754,5.573008006809052,0.0386412594411187,15.406155582713728,0.030854798399239197,4.199601455999777,0.01028130130932981
289,Automatic,1.1515839842695892,0.0021866992265911207,5.733775829857695,0.03759211296535425,19.40321328203483,0.044191036258210456,5.214231308505685,0.015363161244021897
290,Automatic,1.2460155278842229,0.002720834588578283,10.037855359958453,0.10565863359747629,34.93752160381223,0.08940132218668634,10.391654476799667,0.031148550805653173
291,Automatic,0.7506399869739673,0.000737863703475232,2.724014893097946,0.013853050661395444,5.78434867248634,0.00986125104230582,0.9829098872832477,0.0024332231920607215
292,Automatic,0.8235934749824809,0.0007654942194212023,2.683263523768517,0.014026273878249338,6.887937869186249,0.009287078180957746,1.2815897468793596,0.0022667799334454082
293,Automatic,0.7724212490560535,0.0006964752891981631,2.1210148698466984,0.01711935774329706,4.058100975167132,0.011195354676023258,0.6783401878312478,0.00293148630518282
294,Automatic,0.7474020360006584,0.0006748656895836058,2.786834889555597,0.013419426735925898,6.0751564354509995,0.008942395512276111,1.0337930012428687,0.002486832801555098
295,Automatic,0.7707810946423259,0.0006851608922757314,2.131966828422245,0.018410134439017987,4.092185248991703,0.011357336118303566,0.7156500879762623,0.0030100148022598064
296,Automatic,0.7830209878076245,0.0007446127000329195,2.0768843344580947,0.01925230119670748,4.336446309524834,0.011438840215770586,0.7230567505266418,0.002652612736327993
297,Automatic,0.7803608765603169,0.0007295097130482446,2.144563546710513,0.018429235833910058,4.067470412985388,0.01162633463739442,0.6879757600403694,0.00279280461027024
298,Automatic,0.797529131863563,0.0006947573481060099,3.6635254951769514,0.016215916179077725,8.184991404470706,0.011053097315726922,1.507532797309149,0.0024431687652989665
299,Automatic,0.7603642472993115,0.000700948865900957,1.9854672830706044,0.02088249526197748,3.9122605899289185,0.013071850632418619,0.6318395765824931,0.002970965628336874
300,Automatic,0.8203570446702063,0.0007889289850609554,3.2029928618405465,0.013399260318819746,7.414666391617237,0.009459531366937366,1.3943134865979478,0.0023671736528965235
301,Automatic,0.753926823835865,0.0006587902258470056,2.2444518194388654,0.01761603009478297,4.26357683439959,0.011476979827698625,0.7210533164594165,0.0027112856269739176
302,Automatic,0.7882689552086529,0.0006973077165282177,4.189459841240306,0.021254753452074164,8.6264966550295,0.01151779971799034,1.5950466885647503,0.0025392780348245905
303,Automatic,0.791255845096207,0.0007123543639940018,2.1863285767769782,0.018896186623346443,4.496186174297101,0.011273138996366661,0.7679095338075521,0.0026802079516987185
304,Automatic,0.7077859415961142,0.0008015868095458264,3.2434410900116224,0.013424342382188073,5.90930531518381,0.009148128261892475,1.0040850081126897,0.002356262193407123
305,Automatic,0.7638689765372407,0.0007415396554737357,2.4861788780200884,0.014953600830628628,4.9146414604341215,0.010184431021335701,0.8321329701020663,0.002668448862735417
306,Automatic,0.7340572394974251,0.0006862330238766942,2.509575160665835,0.016057394655454787,4.759929076440828,0.009937888252944616,0.8188365414305735,0.002601572302419112
307,Automatic,0.7728429623111925,0.0006799040075631904,3.235793791353117,0.013938205772594373,6.716639419201834,0.00957396520593362,1.2181774125176719,0.002170718760744584
308,Automatic,0.7275993479605943,0.0007004128836360244,3.2309401671726325,0.01357919925725683,6.354674556524273,0.00975966346957334,1.0784716948587187,0.002182875995103048
309,Automatic,0.7876191423948223,0.0006649522184035179,2.521514551074545,0.015552278970135617,5.2565623327302635,0.00966225823524931,0.9134076634197524,0.00235637991602639
310,Automatic,0.7814881345579209,0.0006520094050428679,2.594514642145883,0.015788898111407934,5.945683015335177,0.00925997235222924,1.0434306893649992,0.0021340794246057916
311,Automatic,0.7854116058377615,0.0007246757453883136,4.113488614720942,0.020579526521776643,9.39736796990471,0.012846150603545612,1.7321902194509224,0.0028648083377140242
312,Automatic,0.7848733461325612,0.0006888222494707374,2.4038870072797116,0.01639061952027587,5.280280239912439,0.009940108219866522,0.9187874434774139,0.0024690292432070216
313,Automatic,0.7410260382693172,0.0007428078974250255,3.241729343989512,0.012508748507802767,6.140864808517887,0.008684848849563154,1.0571592172135014,0.0023974155330016623
314,Automatic,0.7562652642133246,0.000685223087490426,3.324315466150423,0.013725627638518275,4.512933109799166,0.011162157857534948,0.7931423208076449,0.0025091196085847214
315,Automatic,0.7579905258378608,0.0007174792184305987,2.6731092748204346,0.01439676293190728,5.973421036609147,0.008369740897581475,1.0224891971536965,0.0024633541686304794
316,Automatic,0.7158774893370429,0.0007248027212819165,3.410010653832828,0.015563776844122518,6.349141634334046,0.00906884860325807,1.072024037518324,0.002398673452264798
317,Automatic,0.7460945129197908,0.0006636873119989481,4.851747440479561,0.03068229139608198,6.58034571735527,0.008185095531077116,1.1307693607763976,0.002141779298835984
318,Automatic,0.7689626311852856,0.0007156428655272589,2.325412858959607,0.016741149286128035,4.7298182883653705,0.010767135561449637,0.7960713278683547,0.0025515333772744933
319,Automatic,0.5615964929545506,0.001429410731985289,2.2309594483949344,0.017534384842949554,3.319071174207484,0.014314658955142707,0.45006593321727917,0.0034407068134017613
320,Automatic,0.7625179143756584,0.0006993548076425017,2.7940039313900416,0.01352107597483735,5.416340793180146,0.009077599100905089,0.9300862974259608,0.0023084266611616963
321,Automatic,0.7207465531259946,0.0007278245964595174,1.8504462152391534,0.022202409314587977,3.5111868194386044,0.012830459476850548,0.5359465221095419,0.0030508256217817546
322,Automatic,0.7732244264141281,0.0007298751810498006,1.9382344143411887,0.02124885002797531,4.471822535910787,0.012658384379581304,0.7453608238777331,0.0027985879710549573
323,Automatic,0.733676565531059,0.0007591341240770391,2.5795724076696915,0.01430142409012647,4.9352165379281905,0.009668844218693655,0.8098488077138191,0.0025234069662994456
324,Automatic,0.6840980515587756,0.0007626256087653271,3.4290353183778253,0.015224065191293283,4.29111656011061,0.011284084269545414,0.6712833532815102,0.002871902562975615
325,Automatic,0.7744113080463624,0.0006823931294581711,3.190261078789676,0.01352549892729456,6.191361809469492,0.009896069530724388,1.0916055791703256,0.002111146594144235
326,Automatic,0.7537046527572716,0.0006820572279649344,2.667098546293935,0.014155511587547872,5.098430120603586,0.010549362763813895,0.8574182021184652,0.00235127321964819
327,Automatic,0.7558526319797477,0.0006877466453032388,3.43277267300565,0.013746328640493428,6.851908721920131,0.007796268813606565,1.1916041444608267,0.002038370990066468
328,Automatic,0.7521607764707164,0.0006863455574843457,2.205052238403062,0.016871076926509805,4.472527870415772,0.009648490582730262,0.7307268564298022,0.002617282827365484
329,Automatic,0.7768056250279793,0.000646537188488094,2.177214781213951,0.017891950562075237,4.559150897943249,0.010600228389707466,0.7642711919762281,0.0026312710723395303
330,Automatic,0.7635946421589379,0.0007278422049948435,3.620058469224231,0.01601076965338978,7.3817475174945875,0.009502390543515198,1.3231877127366622,0.002195937760969522
331,Automatic,0.7812250943709118,0.0006908298033572543,1.937191945909297,0.019883945561491933,4.136887904475898,0.011582859313359829,0.6833724284236068,0.0029860225679150957
332,Automatic,0.7514744840762371,0.0007394258130229908,2.4255717564707893,0.016185381361665606,5.451780665591034,0.009712320276542999,0.9164885438092567,0.0025685350879144954
333,Automatic,0.7436568954509498,0.0006901988744295848,2.809308355916837,0.012936728257505213,5.389311184949504,0.009879869924933738,0.9002055869720498,0.0025167856012153337
334,Automatic,0.7279938307211009,0.0007195741267060835,2.8620237949803635,0.013237365978968947,5.434407948707298,0.009272702713828252,0.8964918667266288,0.002561260365844802
335,Automatic,0.8188613852561081,0.0007921107586628007,2.8201728673122073,0.014557243711151115,6.087377738878675,0.009081695269361667,1.1060796217887177,0.002313646146737953
336,Automatic,0.7346920723104022,0.0006396642165465723,2.8522305156836794,0.014379670059132725,5.772013171833658,0.009866867150674292,0.9794428844176514,0.002376299282332605
337,Automatic,0.7552506571949942,0.000756299633087306,3.7850051250128947,0.018471160669489724,7.388362522356208,0.009464036810140125,1.2995629406590508,0.0021157912121404555
338,Automatic,0.7519546503094248,0.0007586528005281366,3.117159656569136,0.012608943020533359,6.177289261550558,0.008743568234934353,1.0558454365380907,0.002082877156349691
339,Automatic,0.7635010929685186,0.0006846929933784734,1.9393891150978784,0.020293512760948578,4.054252955826634,0.013176417936466189,0.6655687726381472,0.0029607388731498828
340,Automatic,0.7721511755570264,0.0006572241075619139,2.8169001244894294,0.01416990372626986,5.586567240705615,0.008984973477977123,0.9710473720182925,0.0026144655398155636
341,Automatic,0.721591379875638,0.000718587806147863,3.8904968169082657,0.016990491540303465,7.576324312593399,0.009550771730578134,1.296639367881197,0.0024137708079669043
342,Automatic,0.7672410561359354,0.0006448171481653467,3.0258646430787923,0.013982514708517479,6.419910687156791,0.009387067091405576,1.1188527433796747,0.0022173681842421783
343,Automatic,0.7652311636297074,0.00071768978160042,2.1456856961445157,0.01741913608410438,4.329234110542663,0.011456855634824483,0.7228649652667419,0.002702125106168631
344,Automatic,0.780968967389103,0.000716699937736406,3.5184345812628175,0.016001716100825316,7.336496399064534,0.009766548202710713,1.3188978166162144,0.0021822861119668202
345,Automatic,0.7981486355145743,0.0006790852249561191,2.019915141749205,0.0194477485455747,4.4479028562020835,0.011682605245058965,0.7566694688391284,0.0024927494695721627
346,Automatic,0.7475725487363666,0.0007023463483238335,1.773229957276959,0.02268500701039167,3.4636174156647774,0.013395453196345717,0.5420402814028281,0.0031375782285161424
347,Automatic,0.7500964947278688,0.0007139215846148279,3.1128247649167915,0.013086485002261965,6.429192360087882,0.009081488824041533,1.1099115242990405,0.0022994466670781524
348,Automatic,0.7359483766419826,0.0006875808917240724,3.447381172936151,0.014346256454366981,7.092205220237137,0.009388832343337594,1.2143432003680679,0.002178477875918095
349,Automatic,0.7521960648366303,0.0006918142817722031,1.9094758625039938,0.021179757054270876,4.269548663831667,0.010879994789317069,0.6922709663142287,0.002852266194490018
350,Automatic,0.775243840950681,0.0006787419751771922,3.5267861090909256,0.01586369445573868,8.117827429473444,0.009918001810144343,1.4645384472041134,0.0025414489825785294
351,Automatic,0.7479298977851531,0.0007368186770686326,2.5658991680545693,0.014037435528274593,5.741594523922241,0.008520733389952935,0.9698338980928718,0.0021987806951421626
352,Automatic,0.6883847257712341,0.0008557854904955709,2.304095041065196,0.015911812088604742,4.292470865503974,0.011383032385626176,0.6914346002068494,0.0027572125805440874
353,Automatic,0.7614008251816149,0.0007283460994963992,2.1756400951518837,0.016908534837718245,4.924105894727863,0.009934099385128218,0.8243720321343743,0.002512661118021055
354,Automatic,0.7350392123502213,0.0006824728075610751,2.6110484907386837,0.015181731054034241,5.874835221297097,0.009137183947241476,0.9789438291228719,0.002344779281968808
355,Automatic,0.7688154688306622,0.0006798545431727656,3.401472998723044,0.014831711629110497,8.059081522572185,0.010886657854885882,1.4400399296587787,0.002431813808269747
356,Automatic,0.7667393310901962,0.000642197922290943,3.7607089082045233,0.016820533523129354,8.96957244045789,0.012588699454641219,1.635110694429202,0.0028471165870269303
357,Automatic,0.7413521990582831,0.0007464758660534859,2.4171969187279116,0.015910854187490338,5.264779783301427,0.009123584190565373,0.8750598892468363,0.0025683039311858
358,Automatic,0.7337236897422019,0.0006942143188389865,1.68717911842294,0.024314130508438062,3.250581880455049,0.013034009029451676,0.4936142257421507,0.003381764028847291
359,Automatic,0.7051004179671005,0.0007525980482959631,2.770655880416723,0.013370063834948046,5.3704892327499545,0.00979560330299679,0.8861395674276731,0.0025019590177353156
360,Automatic,0.7003547273147439,0.0008258168999319669,2.5320588976195513,0.015635647997957386,5.0566285974108105,0.010101501247662233,0.8118444675884351,0.0025124890531392336
361,Automatic,0.7415066646861651,0.0007781405491260473,1.952717609584811,0.022100994541164803,4.054083288008142,0.012870222203613668,0.6509876663197133,0.0029027420948963575
362,Automatic,0.7715734963596838,0.0006957866702506384,2.498923714340143,0.015027301532072296,5.82809836199261,0.009194533905950096,1.009779851442348,0.002394418230114675
363,Automatic,0.7324732269351357,0.0007320152455986605,1.8000627562366458,0.023169685787769623,3.9018747688613233,0.012382372802614804,0.6098154083899613,0.0031189161164133987
364,Automatic,0.6534034254976215,0.0009794260377535456,3.27709356428383,0.013531474615386962,6.434884353814922,0.009209796976097381,0.9994747157729472,0.0025607266563328745
365,Automatic,0.7091511420893674,0.000794327227564393,1.9409669389395836,0.020868954722258415,3.779137017328598,0.012850825693856233,0.5931297427653449,0.003187261465999916
366,Automatic,0.7513114106258545,0.0007203976567405827,3.5074932018200844,0.014140912068001195,7.265469248032924,0.010248925141790747,1.27388257185462,0.002243203389580864
367,Automatic,0.7728876913904928,0.0007561167067240804,3.103654346999495,0.013904755681753707,6.568282830844759,0.00931315482365677,1.1570422942779197,0.002351232714965727
368,Automatic,0.7531235124929606,0.000649167539682606,3.567182695344057,0.015117792102312408,6.735620229627418,0.009109018246300116,1.1867833945443262,0.0021845060322292238
369,Automatic,0.7523615259308826,0.0006768376510309936,3.153878867226016,0.013865066444490882,6.002368953842964,0.009377961846828122,1.0262743169808628,0.0023934157697566493
370,Automatic,0.7866313161420619,0.0006777486467007263,3.624938685301439,0.01537905592325668,7.078645227107448,0.009295645961224555,1.2767396520345369,0.0021389632100044485
371,Automatic,0.7639281735486405,0.0006775489626786363,3.2181863594261375,0.013337539224772006,7.60659278945024,0.00975328965338731,1.3470862550333962,0.002360229828338759
372,Automatic,0.707810985434429,0.0007644545661822881,3.314388305077915,0.014287406663591013,5.9251730719612485,0.008807800851022967,0.9763519391518589,0.002455163378308179
373,Automatic,0.7638452222701309,0.000663997339079234,2.5340622283282372,0.015236580416034233,5.826375783628821,0.008807920078184343,1.009708193067217,0.002137544359238052
374,Automatic,0.7207804191580196,0.0007715623219502561,1.9045387901524142,0.020621064309842587,3.2589102808110546,0.013819386500258695,0.5115100998478704,0.0032852006755488697
375,Automatic,0.7613200225573948,0.0007011879597866534,3.0038885735271315,0.01348260520262545,5.712714324004853,0.009626152811869841,0.9778502383917766,0.0024579164922365884
376,Automatic,0.7309610340599833,0.000714845292155802,2.4093119002961187,0.01656603695180161,5.301651174707556,0.010264074103717326,0.8714476416721569,0.00256310194258606
377,Automatic,0.7623421834155495,0.0007253751337647696,3.0923023522440722,0.013105441598348047,5.905935732396233,0.00939611360094528,1.0213142490494254,0.0021867336223739763
378,Automatic,0.7429544730937583,0.000750390624002533,2.6909696400197385,0.013821938326006191,5.948266710348785,0.010245611445598796,1.0083274174942176,0.0022052853668825855
379,Automatic,0.7234842588254776,0.0008117615314802348,2.6436709873370363,0.012750234449230074,5.332755013300258,0.009825600398533507,0.8731179758917824,0.002579717596911509
380,Automatic,0.74839464964199,0.0007724404982922677,2.571135962935422,0.014331974045811048,5.816585027935011,0.009041018111176854,0.9844818241337946,0.0024086800650933247
381,Automatic,0.746929874821912,0.000733928362029222,4.317195131604087,0.024076700202666737,5.972107981012997,0.009216210612609327,1.0164916186865038,0.0023083946869643795
382,Automatic,0.7579064273011973,0.0007096191763349594,2.861814327926333,0.015487911168433165,6.605355968540771,0.008557989917228793,1.1510591149624316,0.0023436425639705325
383,Automatic,0.7530353632214157,0.0007199430845401347,4.025495137703717,0.01958234436692718,5.870426783828483,0.009340663960349962,1.001954256633206,0.0023133687296345035
384,Automatic,0.7412131066703876,0.0006957824157804396,4.263904140686647,0.021649857334623726,6.671688573359051,0.008479317736648945,1.135047141683779,0.0021758667344065038
385,Automatic,0.7267267871946299,0.0007224896944914873,4.312143063907536,0.021826678235435527,6.299820125575887,0.009152760647640621,1.0536531809723393,0.002243484000345886
386,Automatic,0.7376328551651078,0.0007716836110450026,2.771008499842586,0.014909240308255637,4.3709214119735424,0.01223145703066326,0.7005902485471965,0.0027879118940083623
387,Automatic,0.6877477210535551,0.0008227797049008121,2.2302773007300067,0.016520914141331253,4.500897543337586,0.011485147796409573,0.6993291358141148,0.002690716646001354
388,Automatic,0.848487337205461,0.0008670095728295855,2.4978882443773336,0.014446824009586566,6.428756222386646,0.00863174388202053,1.2132374382599855,0.0022389135961662283
389,Automatic,0.8283354117147568,0.0008188300341455035,2.5500667642052566,0.014239840782829671,5.025451003462573,0.010916245387144348,0.9100746650961121,0.002409834605763132
390,Automatic,0.8077663636804296,0.0007183485672145098,1.9058304995674809,0.020344478419841758,4.3886326849038415,0.01084531163055049,0.7518770150113371,0.0026240660988530473
391,Automatic,0.7747491305189668,0.0006816513627264872,2.777125773357611,0.012629762110836565,5.390286394560682,0.009613362894280376,0.929838737452203,0.002222569408517929
392,Automatic,0.7509944297936908,0.0006755682757514186,2.7113464610485005,0.013506809560634159,4.938852087138639,0.010322421933845879,0.8283032265317831,0.002696547616706831
393,Automatic,0.7727797866427627,0.0006733201849095904,2.6665932716165237,0.014166910794848626,5.2399187770904065,0.009835254102948535,0.8975097120511226,0.0026817370541866318
394,Automatic,0.7826587215782819,0.0007222387122637015,2.8016141314166223,0.013647282217216469,4.556934874561166,0.010272218242411977,0.768771503029627,0.0027916101367709417
395,Automatic,0.8547979274858747,0.0009054788165708027,2.232133383048607,0.01657443623515441,5.265143460236039,0.009705044393465668,0.9694544725111482,0.0024993350934452378
396,Automatic,0.768181913589559,0.0006566652475045707,2.196893280807928,0.018480883696422194,4.27135444436977,0.011409027214494992,0.7054078216391056,0.0026706374356841186
397,Automatic,0.7613467942842781,0.0006967748961515426,2.5799080268018595,0.015303244105759525,5.656756583513367,0.00967786048184932,0.9655190213499313,0.0023874706647253508
398,Automatic,0.7089073103355995,0.0007704269869967773,2.377784512592729,0.015089324616908427,4.44513566097975,0.010793915863609276,0.7019991169839209,0.0026800708830822034
399,Automatic,0.6830617301952848,0.00088594514647403,3.6194554682055484,0.015283817505174362,4.832752709889437,0.01035661331042564,0.7592489001083316,0.002504005242181371
400,Automatic,0.7641557449353197,0.0006847422731674426,2.386504483835958,0.015361835132034108,4.992458984384869,0.010615751693861857,0.8398537182655567,0.002649287009359442
401,Automatic,0.6399412020022668,0.0010880436147535733,4.708186692580034,0.027820548012132972,8.647718900115269,0.011947122405297737,1.338309089299955,0.0021151221012237474
402,Automatic,0.6481329345987186,0.0009689662923518331,3.4860903373063143,0.015335324883887691,6.860634609046554,0.009146295597843006,1.0774725317079734,0.002243357032950009
403,Automatic,0.7852674005667006,0.0006970634496711682,2.046260022364149,0.020185150580486134,4.444457850543667,0.011350388081407025,0.7467012458601126,0.0026995284233168257
404,Automatic,0.7779400701146127,0.000682606241941996,2.7091477871391536,0.015132506307778043,5.094968434757548,0.010440621476766793,0.8802326307082019,0.002645510371288515
405,Automatic,0.757235487914345,0.0007387691129530975,2.3012769425670863,0.01742733431026462,4.605702049427611,0.010341119405455101,0.7744436915468429,0.0026617231448931617
406,Automatic,0.7381514854856741,0.0007015918694479002,2.908264956451561,0.01281196241863256,5.613491904478198,0.008798864366139416,0.9365712901800144,0.00243927375811835
407,Automatic,0.8001463731438794,0.0006914995806529393,2.299567205939181,0.01587648267321817,4.946060129268292,0.009442877922851126,0.8590220725629605,0.002644032527564673
408,Automatic,0.8070091343422148,0.0007782835392931264,4.093884367758672,0.018647604655409575,6.15926393018817,0.008430796411168529,1.1133408129365647,0.0022629660885412862
409,Automatic,0.7963753774093888,0.0006912083521604034,2.3708571698098857,0.016657772934917183,4.6813572341643255,0.010721694268093412,0.8053299930542231,0.00253525660632227
410,Automatic,0.7667964463536394,0.0007171345507606073,4.023699688978895,0.020359169055168387,5.843206179837416,0.009368093656516177,1.0180619288958597,0.0023042258161792015
411,Automatic,0.7535810276110878,0.000698423172298687,3.006589343792431,0.01339634331922163,6.825302687158115,0.009012013855534982,1.1822309409984957,0.0022798113406586923
412,Automatic,0.7580230302294222,0.0006869714817236215,2.4288331692525005,0.015159220246127711,5.172487933305135,0.009832288685488381,0.8687645720740166,0.002694760385974518
413,Automatic,0.7471586746926429,0.0007126114580263416,2.3309023444612578,0.01646214205743136,4.698842221558824,0.01122978588648951,0.7983400666911152,0.002409794563705789
414,Automatic,0.8373779082086553,0.0007892194664126328,3.9996142095683673,0.018627421179566714,10.50891038489232,0.016820177480729594,2.068219175194981,0.003696404287616553
415,Automatic,0.7832844649351651,0.0006607098660587866,3.190183983188746,0.012826540673343195,7.186247820110118,0.009513219282061565,1.3095956125834527,0.002406365940819442
416,Automatic,0.75851659598376,0.0006863942835981162,3.4421057010957887,0.014075936412987043,6.739360383514936,0.008768353982612002,1.2607219562251955,0.00210714096549141
417,Automatic,0.8060373512486613,0.0006910258919767786,2.442807807039897,0.015423783166189328,5.3543381511328505,0.009425844121383958,0.9571841103317321,0.0023876328240243464
418,Automatic,0.7985889632453347,0.0006826485192001705,2.3636521777769084,0.016808522514861608,5.420056234074757,0.01053394198959276,0.9531654561341462,0.0022526424344792213
419,Automatic,0.7879079126182742,0.0006857921739812973,4.800104879317353,0.02928167869752251,6.073384560732714,0.008931775311921547,1.0960317150902148,0.002258163667449852
420,Automatic,0.7302301869164327,0.0007107281682735976,3.142185934308832,0.01407670614801092,5.8433146812845695,0.008697255811736219,1.046869869790628,0.0023217500200450126
421,Automatic,0.9867990391885672,0.0014198770910293272,1.7986518120784045,0.019353837737479184,4.934168652733649,0.010466352535220802,0.9664659971997159,0.0022899618107037963
422,Automatic,0.9448499418466422,0.0012825071395439693,1.8190704087058134,0.022081369210915896,4.235736475773976,0.011416911839053297,0.8221264676462197,0.002638692060117982
423,Automatic,0.8603176038274628,0.0008771037385554793,3.8530888902460902,0.017422395389757612,8.177483896306526,0.010715405163925674,1.5974231774104437,0.0028272823323659177
424,Automatic,0.8144905240916818,0.0007704546919883264,3.5434742119093054,0.014175583020892083,9.139583876407553,0.013121046517328483,1.7426525850976733,0.0032284214000664955
425,Automatic,0.7937813024951801,0.0007277164163681226,5.78653141445958,0.04382290620089021,12.721419081472217,0.02380519220970612,2.4206517043259637,0.004948161302892064
426,Automatic,0.941718853596517,0.0011749005801625191,2.135763692123194,0.018070562010629558,4.871326953731974,0.01064265094286346,0.9555740072571058,0.00231403239863651
427,Automatic,0.8434750497649918,0.000854319567060145,2.504527229842729,0.015164133731570164,6.1961107357104455,0.008761324356548304,1.1747540394282532,0.002399379515216623
428,Automatic,0.8351129023010023,0.0008235058298765456,2.530066461489888,0.01434622014701216,5.558587788818506,0.009370369264937044,1.01154459788099,0.0025066735985784044
429,Automatic,0.8609868067597406,0.0008644838069102203,2.9297133402895987,0.012451239555864383,6.4216281795276595,0.009052181782020824,1.2172667737211156,0.0021196774967862883
430,Automatic,0.7537303161853122,0.0006851175264448923,2.8419004968119643,0.013412230049954715,5.668074173718756,0.00894493356874401,0.9614047482951381,0.002329504388046734
431,Automatic,0.8090734825885645,0.0007943927290157723,2.750480354224357,0.013810238403257673,6.904519670823498,0.008736519657264123,1.2654340614773056,0.0022483446063757476
432,Automatic,0.8248326096478554,0.0007540050566207413,2.9197281351118143,0.014105637175886244,7.275851822797259,0.009959851288559812,1.4003815421307138,0.002334519311923601
433,Automatic,0.7266960396202804,0.0006662987116492232,4.739019297197019,0.02755446580610915,6.424332754389072,0.008804140692878234,1.0787955393250552,0.0022695848548760778
434,Automatic,0.8016624468701425,0.0007461359841114379,2.3593469046778153,0.016365016473295278,5.521107890287497,0.009331415374373667,0.9763399250754495,0.0023744970054218376
435,Automatic,0.986983722422216,0.0013167881638548446,2.379939947435458,0.015606334671909,6.015135509910868,0.009744437613903107,1.2400766697589058,0.0021434192292055826
436,Automatic,0.7971833473517902,0.0007221675503460117,2.380280579182057,0.01543475892089057,5.527037865749564,0.009698689310708235,0.9715164844170674,0.0022986200661127268
437,Automatic,0.892867283368167,0.000994843211631608,2.8664858447154384,0.01475346406823539,6.308619781238861,0.008645731359919362,1.225584828559128,0.002209811454096663
438,Automatic,0.8541878537472185,0.0008367005662830521,1.8093659322573772,0.0203783240728464,4.437759126754324,0.012196979328661473,0.7878385459124162,0.0026861612876233933
439,Automatic,0.8684795841240512,0.0009392138514799077,2.0614674353459415,0.020465628686043996,5.163378947423116,0.009899446697143606,0.9534906327188539,0.0024184207055574945
440,Automatic,0.8670393972627074,0.0008505558075350752,3.2608497159231646,0.015668518216017155,8.227388143035428,0.01052046664833592,1.6688438068666642,0.0027108079123045565
441,Automatic,0.7922796025898241,0.0007174792381077824,2.778157928470698,0.015185800926937791,5.515663376996361,0.009659900067088844,0.9854961691448586,0.0022333320322446364
442,Automatic,0.9509253044997564,0.0013553893795228648,2.4610059863795177,0.015566195405887977,4.931603448024167,0.009908448563323353,0.9637976453381121,0.0022287752417728545
443,Automatic,0.9791753787959683,0.001421954250829937,2.3079181712568033,0.01636037767858576,6.707836645702562,0.009117922229788375,1.4061107933407329,0.0025145129178632502
444,Automatic,0.9624158674564895,0.0012142973550446834,3.5949888077253687,0.014756391555388501,6.527616521844108,0.008754199563414038,1.3638897139445576,0.0024369494625588375
445,Automatic,0.7482659944712052,0.000644456305779179,2.749598285587782,0.01277878898888939,5.369627177437284,0.009856844287427759,0.9460904222027735,0.002704922128215078
446,Automatic,0.8420145241551031,0.0008367156663511663,2.779565445396321,0.013526329135045614,4.825045351473138,0.009955925071808001,0.8620259495899314,0.002628031864342207
447,Automatic,0.8168260335285413,0.0007761229501560688,2.396111057396953,0.015157008328701167,4.735195848637688,0.010682814737437197,0.8416445803375837,0.0027275106012759147
448,Automatic,0.8446094791379857,0.0007912784536933505,2.2650119285989727,0.01873197297865635,5.099864096658324,0.009887206189547524,0.9261547074415236,0.0023837105565314783
449,Automatic,0.7475374924495898,0.000707504182200669,2.835940181340682,0.013900957308341844,5.343856414986114,0.009728217023972514,0.9284562796882974,0.002481873168931656
450,Automatic,0.7898543793106723,0.0007213468263480731,2.948490418738108,0.012653709281958404,6.527334475661135,0.008709908519612748,1.1665369015741107,0.0022241431943358205
451,Automatic,0.7834030206036061,0.0006944678813548163,2.9090127916352646,0.012018272384336046,6.827136812031393,0.00914367373373692,1.2166064931564033,0.0023943553217781067
452,Automatic,0.8500477034578421,0.000850658988463796,2.805127180812201,0.01302383592842562,6.746852436384641,0.008982501671565642,1.2867642836056643,0.0022430596033757642
453,Automatic,0.7875650392700627,0.0007128136853017282,3.1349393982874463,0.013830945604139213,6.539907259351667,0.009244458788117135,1.1671409590174315,0.002232862958070033
454,Automatic,0.7314324286539309,0.0007343092565789815,3.067729391133563,0.014083217378288637,5.630552951497964,0.00804290398981607,0.9555188393230281,0.0022479517722382857
455,Automatic,0.7579415658217175,0.000712907782447832,2.845120832273134,0.014071601617973115,5.859501792827015,0.009538364653303174,1.0152491836305482,0.00243282278089427
456,Automatic,0.8081168848251263,0.0007408904416377989,2.639745439673922,0.014249812967897178,6.355742210163982,0.009741424637845563,1.1625962038716031,0.0023113274033439227
457,Automatic,0.7884222814659232,0.0006823233042444314,3.0170969212174614,0.012754526124328437,6.8178939934238585,0.008842709690387909,1.223617669233014,0.0024643431595421316
458,Automatic,0.804841954787996,0.0007142115450564023,3.4606739238115134,0.014465076361223584,7.469637400808088,0.009904333080526734,1.3911117434827012,0.002227823210974882
459,Automatic,0.7958926729119489,0.0006847319372956478,2.910773443116885,0.01477174644922378,5.8838748663197435,0.010067567548271575,1.048325696843452,0.002195807493745466
460,Automatic,0.8144400523122404,0.0007167985616014362,2.5629754208874314,0.015102505380114803,5.13506443838125,0.010219224392050552,0.9171741181341196,0.002689598569891037
461,Automatic,0.8246435689633519,0.0007419846801279631,3.236433682310421,0.013770444580431465,6.733528224334705,0.008558665118086773,1.2517572529758654,0.0023178060847113234
462,Automatic,0.7956650669185519,0.0007361937148032117,3.236511810664795,0.013593971163280571,6.966229070021948,0.009445734900133155,1.2716283463489944,0.0021854116705989995
463,Automatic,0.7921791043042997,0.000717132031300978,3.029071820065517,0.012487149837658999,7.188139005353574,0.00843467104089308,1.3175089493790475,0.0021494628401758148
464,Automatic,0.820460942894196,0.0008059762823312121,3.0712126546128533,0.012901068076021375,7.028331117751071,0.009242994999262205,1.3060903855254182,0.002251036001348319
465,Automatic,0.7711014591663917,0.0007199887162116989,3.0084934999633757,0.01301037464875583,5.898443688153955,0.009236150220571986,1.0251147552181579,0.0023430897194027956
466,Automatic,0.7267849424694052,0.0007168757748089461,2.1068228608961985,0.019246691881020427,4.066266430242009,0.011449631523457019,0.643145898759833,0.0028807697581359638
467,Automatic,0.6312583119219585,0.0009871872080433092,6.504765408829411,0.050170127220781596,7.369468365217832,0.00920731152822274,1.1265732281189105,0.002296321947256367
468,Automatic,0.766309870248943,0.0006953145252031827,2.1689168043676754,0.019273659303952344,4.252263934463144,0.010813634630159717,0.7136455584948361,0.002694198499844724
469,Automatic,0.7735158033883932,0.000648739404471396,3.0408522343958113,0.012964973810110952,6.514170693839989,0.008815741255319134,1.1447720524571428,0.0022919838871523837
470,Automatic,0.7786798879747211,0.0007019613257291763,2.00812623234426,0.01961617649729356,4.415180181039206,0.012248765216117778,0.7404087826630256,0.002728551971489089
471,Automatic,0.7678934114287322,0.0007487521994171148,2.197150030044883,0.017962941393232772,5.0528498813984495,0.009887058996160547,0.8548013600915542,0.0025310826548932464
472,Automatic,0.7701299326170309,0.0007234248732036938,2.6421010267945717,0.015246399052957478,6.209687001993572,0.008927433484976625,1.088545411532945,0.0021966995938433147
473,Automatic,0.749597901730979,0.0006860184592989706,2.1383282110673756,0.0183070989647676,4.695487702311608,0.011231705412943875,0.7711480993256463,0.002606610848201618
474,Automatic,0.730529639551929,0.0006986032072895854,2.188429178370267,0.016860455351338406,4.291556246727535,0.011077479625399756,0.7168898073798387,0.0029188287407772833
475,Automatic,0.7619569786671527,0.0007073712758326475,3.6103064628115997,0.017132315313396835,5.148892721832493,0.010603083662353453,0.8838951798725327,0.0023425969806072015
476,Automatic,0.7283857428873791,0.0007034259888069292,3.347503363378515,0.014758881609049089,7.587979392767564,0.009386777723623093,1.288702503925567,0.002189273864324997
477,Automatic,0.6962203929144689,0.0007835348058936835,4.421463427126846,0.023608111755586445,5.739802791206027,0.009677680159021438,0.9181514730929354,0.002264079826881996
478,Automatic,0.805246497315419,0.0007411353752182294,2.1337864752333937,0.019471175628473072,4.39560391966652,0.011377560886202683,0.761548380714804,0.0027586310601758553
479,Automatic,0.7265900795844171,0.000742656246075798,2.228673422705649,0.017444730983808915,4.249485945069074,0.011941257578773921,0.7313149911419852,0.0024962794000144713
480,Automatic,0.7599985012759193,0.0006391934591012209,2.648595614295749,0.015238755554142598,5.787508624797784,0.009329661746093147,0.9955355863822015,0.002194640138851068
481,Automatic,0.8137205365278624,0.0007585711642032397,2.932402847367499,0.013233328663113393,7.011987695732617,0.008234902919513723,1.2910613339212582,0.002217099704337986
482,Automatic,0.7434192294415495,0.0006737432801686692,2.186094838206914,0.01881843330285007,4.089679771297665,0.01167018054087536,0.6906668293497421,0.0028232938410682894
483,Automatic,0.7640193111847496,0.0006973305201807857,4.7344270529974795,0.026824662524617966,6.240645084671663,0.00863828642241807,1.1001325038940808,0.0023171963743461323
484,Automatic,0.7798884652584928,0.0007216575721585374,2.4803365499417898,0.014647607085375701,5.145924628209578,0.009792349349661401,0.8881329063214923,0.002318662455790473
485,Automatic,0.8055733143893035,0.0007418796262938096,1.6117720954378805,0.02370409535610383,3.365289186540839,0.014417554133237259,0.5528394107602523,0.003156714728061376
486,Automatic,0.7676576825823718,0.000623305496164127,3.4014232162325517,0.014681784188543257,6.371499008888464,0.008390835700798797,1.1402002996882967,0.002348946295341616
487,Automatic,0.8199304033710353,0.0006793481908551971,3.3801148855192333,0.012948360235711637,5.501958085350783,0.009545198143319512,0.9937714613797005,0.0023618661282039767
488,Automatic,0.837757927154491,0.0007501056503011162,2.341957302127611,0.016610404745424943,5.847944620694996,0.008430974188054656,1.0926392187756215,0.002272925132012207
489,Automatic,0.8229256633169758,0.0007345860776409766,3.0422198983463344,0.013839107544117005,7.432881405581682,0.009296412146605523,1.4096830018866122,0.00243354071793295
490,Automatic,0.7964768182137965,0.0007243761819506685,3.666719931483039,0.017435002461847694,8.515882418816433,0.011794798861230615,1.5776081786758396,0.00270067961038359
491,Automatic,0.8450401070895376,0.0008264738365102781,2.5751112357860886,0.01507913030752582,6.306449468068289,0.009268702147950628,1.2268822373507529,0.0022631791844506264
492,Automatic,0.796265352711151,0.000687391532552356,3.360158146344675,0.013746529583021699,7.35763640263541,0.010059877548258007,1.3961757889772108,0.002434271039481715
493,Automatic,0.8098156677430388,0.0007881335959602541,4.274569647432305,0.021537770566706225,9.500666317524525,0.014344094259692866,1.8114739870049914,0.00334951947372815
494,Automatic,0.7762695270409463,0.0007008448546081166,1.9192233993957175,0.021414852794262446,3.877676852769246,0.012628633079406234,0.6642099464506698,0.0030513812001161707
495,Automatic,0.8237791487764944,0.0007447908614182493,2.780069528374202,0.014919114133510087,6.753942924016846,0.008819903223786845,1.2592172257763823,0.0022801379024071588
496,Automatic,0.8244516624547827,0.0008066246939718049,2.9013514773084497,0.012373410002019105,7.26465441339162,0.008841045637893744,1.373662008400697,0.002311051937258432
497,Automatic,0.8234887327687601,0.0008226886687169252,2.977740072620946,0.013660700013280541,7.156290382281392,0.008237190463688131,1.33352048842995,0.0021876151648155917
498,Automatic,0.7834405231643176,0.0007531633341977913,3.9077436940052683,0.0195982387965599,7.735511772176197,0.010610298838385615,1.4159081983314612,0.002396712658699125
499,Automatic,0.757427538327027,0.0007121163161232611,3.3979384317750463,0.013751867663365702,6.237689844425164,0.009160239480804471,1.1206934545851241,0.0023380940046573667
500,Automatic,0.7646286260391606,0.0006924074782966789,1.8940416482373867,0.019747732919201004,3.4718552955536865,0.013328116010775817,0.5801204107469815,0.0031533967200723287
501,Automatic,0.824792535360705,0.0007136124553360092,1.9655050068445037,0.020417888979269237,4.4794330791490165,0.011331191603737545,0.7774147352902155,0.002835425860381714
502,Automatic,0.7693874115954161,0.00069918212201711,3.097940185196147,0.013984798885254782,6.991034452400903,0.009015673209051193,1.2615983900514034,0.002202149849996182
503,Automatic,0.8019650637100869,0.0007349313485933793,3.0473673571217006,0.013425559528367634,6.8925117939066585,0.008666204556424695,1.2739702480206494,0.0021341395591678333
504,Automatic,0.7924992772722043,0.0006979356849494685,2.956756989989415,0.013608769331567981,6.1372903459894435,0.008377747828261636,1.1478425378282306,0.0021750863702430833
505,Automatic,0.8298329640019444,0.0007723616773270955,2.6234081543944803,0.014905305109220073,6.121726023008693,0.009727416660998632,1.150366394233415,0.002137806647453184
506,Automatic,0.8397003121044582,0.0007644065577752634,2.2848394472907203,0.01780124166173234,5.576788071052811,0.008891523351170733,1.0214875919915107,0.0024037756174367848
507,Automatic,0.8633554400543653,0.0008776657423141208,2.390379467880303,0.016467387962083524,5.827539527704958,0.009153047334255347,1.1050866570044504,0.0022953435320328132
508,Automatic,0.91714700099785,0.001218359303246555,4.461110172943829,0.024329637217647127,11.2820174275788,0.01849604565433108,2.4002087724074066,0.0045965885458621415
509,Automatic,0.8206436546225557,0.0008018414005086043,2.4901124899228018,0.0160243859883999,5.792905352699079,0.008490497737356847,1.0621634967203417,0.002203909343071748
510,Automatic,0.829343282556534,0.0007848975714414389,1.8825709212083677,0.021409120742333584,4.5135658917529,0.010593210292355739,0.791054253884404,0.0028346349038895122
511,Automatic,0.8292878980671174,0.0007512507353367098,2.2079654368114316,0.01728875229680558,5.255858420030477,0.010203847936694316,0.9526397116699572,0.0023069293032585408
512,Automatic,0.8344442600113983,0.0007582701514297697,1.8316780459267066,0.02095186082422114,4.382226982218765,0.010625860453500346,0.7664618727169809,0.0027689960130041877
513,Automatic,0.8153813792378073,0.0007346743300573951,3.5824461319243106,0.014756985072155416,8.503550947643813,0.010899512957142685,1.6088840520523586,0.0026657467757737704
514,Automatic,0.8535361011573617,0.0009082359428685841,2.45798116066529,0.01564396786844541,5.632350892116158,0.009205655309478613,1.0515224728228454,0.002453995392621304
515,Automatic,0.8828347793709415,0.0009746090000051431,3.235783310833993,0.013737671625842583,7.6788835206962895,0.010227178117837797,1.5231788055151563,0.002461549320138512
516,Automatic,0.7929258482237185,0.0006793674933856223,3.003581286904394,0.01266654441935118,6.153995705477962,0.008766233974098819,1.1218681566402355,0.002004763234756593
517,Automatic,0.8319341522926528,0.0007111164839261235,2.4109997806211942,0.017331376256134207,5.307161310795074,0.009583867765903684,0.9739683356605943,0.0024224369245320508
518,Automatic,0.8271539115323139,0.0007882353218855662,4.789566669900555,0.027980311386938694,11.2016285262237,0.017938913211719334,2.192336344328697,0.00460975293263156
519,Automatic,0.8823436259008438,0.0009868652230395729,2.7258811495468835,0.013460152847753206,6.2556975207783685,0.009328903907056993,1.2540549133093728,0.002343659325168432
520,Automatic,0.8091505198760214,0.0007124917743044987,2.6663883729254176,0.013569563524156171,5.7016118196869465,0.009631835236952425,1.0477375623657865,0.0023189895818091846
521,Automatic,0.815077327145711,0.0007596108654089878,2.2690180404521025,0.017410130973420843,4.878707427649687,0.010432338860554523,0.8612834581831124,0.0027584510778642097
522,Automatic,0.7959016061917116,0.0006926604448872594,4.680776960733614,0.027768336328111834,10.472138846571443,0.015101931794672957,1.9670475941645504,0.0034650302413120155
523,Automatic,0.7209630134798211,0.0007813105862813424,2.651574499756326,0.01477516073294562,4.920620457085176,0.010363893493699882,0.8062001896352803,0.0026619844426876912
524,Automatic,0.7510173362960036,0.0006647407529025831,4.259330587087353,0.02267714680416972,8.734755739734847,0.01125657650141478,1.6533428723205952,0.0028143871732501866
525,Automatic,0.80396492803068,0.0007065981400354283,2.0648254294613326,0.020583604466398172,4.098560561116676,0.011470427899999126,0.6999186023430607,0.002659102318200404
526,Automatic,0.72679299174963,0.0007189801763758327,2.6190768448136805,0.014438189905418496,5.222954409177869,0.010256435280827104,0.8932915249002508,0.0024707047784501618
527,Automatic,0.7195611196131808,0.0007142246010770551,2.341064863527261,0.014798181809664756,4.122001745300702,0.012471487541198667,0.674313886302171,0.0031524949403064543
528,Automatic,0.7855488819962668,0.0006829651826249615,2.3011341517295474,0.017164484354101752,4.606329347383859,0.010913745142202027,0.7778215705568657,0.0026358025663287825
529,Automatic,0.7798856731036128,0.0007277303255066502,2.367313396953688,0.016712081316719366,4.371292223904953,0.01125317099663511,0.7658618289663314,0.0027022409255769526
530,Automatic,0.8322771724194901,0.0007147383189924993,2.252677789130963,0.018328447454680104,4.763022253383386,0.010835437887403532,0.8427825072002314,0.0027585400400731044
531,Automatic,0.7851942898088913,0.0007305299695844698,2.9728432773306923,0.012713078390978655,6.620856908844396,0.00811765990949483,1.1878043501318925,0.0023164461707175384
532,Automatic,0.7425964014468975,0.000727021531180223,2.5936434542713642,0.015127991689308173,5.615609210560103,0.009052622434163408,0.9511751677948725,0.0023608542997272395
533,Automatic,0.755974286937489,0.0007052563898745721,2.5554179368016303,0.015008346015709108,5.739521910911161,0.009038272199691394,0.9820625634668497,0.002376768494156688
534,Automatic,0.738475151862074,0.0007300997111291899,2.321509041780726,0.015870668737277438,4.805157252460908,0.010189462202171559,0.7892979027777633,0.002784789178321431
535,Automatic,0.7902088383010696,0.0006957472758966946,2.137052563336866,0.018739919860900123,4.49579505950396,0.011439702040745158,0.7605625359936358,0.002752252407267011
536,Automatic,0.816609741298824,0.00072581962788462,2.788802894036595,0.013846411814222529,4.919755373460781,0.010500254425209675,0.8665550173894476,0.002510241280595261
537,Automatic,0.7827430487188547,0.0007148302756987721,3.199685453463967,0.013518847274468407,4.877327107145317,0.00985683242042248,0.8331563569205659,0.002612818257462781
538,Automatic,0.7491866651877389,0.0007067740998148112,2.2440487168349836,0.01615500012435021,4.069433267754885,0.011946709739433677,0.7029668595265225,0.0027177561438397543
539,Automatic,0.7958491884579446,0.0007586604628351069,1.938486609868162,0.021294026549247596,4.5156443825918515,0.01166566012965309,0.7699161705282199,0.0023588288896502136
540,Automatic,0.7893901059041214,0.0006861551919999621,2.5833163199292426,0.015452786339502245,5.416009770732078,0.009754529843625275,0.9467850272738333,0.002405137946477519
541,Automatic,0.7303837294608635,0.0007711978806138849,2.2128436838396848,0.017289500845627144,4.819469584606532,0.010921014762501452,0.7838605323116941,0.0025969707597936695
542,Automatic,0.693722345757936,0.0008895810343316825,2.12829138663919,0.017321348197029365,3.786848835885608,0.012725096800649658,0.6345799109973079,0.0032486042435229717
543,Automatic,0.7163047349477484,0.0007315427178990251,2.4950516973672974,0.01526380950436562,4.726739068741678,0.011246647096084432,0.7603874986036344,0.002799002221052681
544,Automatic,0.8282121046745995,0.0007724630658668189,2.1612733546719456,0.018885535046272613,4.937794210280853,0.010166116934997034,0.8912958535884133,0.0025105091456770557
545,Automatic,0.7375427050477223,0.0007676614442453949,4.907714169808653,0.02995092332925682,6.447935178800673,0.008958843017757276,1.1052684992863293,0.0023425353223792407
546,Automatic,0.7642830616059532,0.000649387908213543,2.617840035217646,0.0145233073126211,5.022728414782636,0.010445003031169074,0.8871470769940759,0.002278695350857139
547,Automatic,0.7518603786301011,0.0006968285537756466,2.1298093650751104,0.01834828125469715,4.150809644202619,0.012536237696713614,0.7145879574482527,0.0028059567461567463
548,Automatic,0.7266093467913884,0.0006823868988915501,2.371053355821181,0.015335093162500096,4.977352222262445,0.010415215685873797,0.8101211494851225,0.002575148387445783
549,Automatic,0.8210248995003042,0.0008310698833363466,2.0965467165371945,0.020125963565423684,4.675303794467041,0.011301560777781517,0.8189225739499489,0.002695207141263832
550,Automatic,0.7912653181883227,0.0006924799766804109,2.3920910382652814,0.015724613122529825,4.834754591416869,0.01074330914349692,0.8385236842901411,0.002504369340047451
551,Automatic,0.821239341626681,0.0007641553545783939,2.5099942262331822,0.015222157144685573,5.7620026813784895,0.0097265765281494,1.0426148008691902,0.002099654508283918
552,Automatic,0.8169341740368004,0.0007484822551216537,1.8976805602958298,0.020612027352776605,4.141362864593199,0.012881551992968768,0.7132034704671553,0.002828036860068138
553,Automatic,0.7777619513580775,0.00073899326982908,3.5251810544071347,0.014580935469019299,7.2711593936815095,0.010356730065807469,1.309077321668385,0.002184229144179455
554,Automatic,0.7756365476131217,0.0006697616541119406,2.8025479022508097,0.014125810907405282,5.764346522025433,0.009453409241928456,1.0072147939865748,0.002254342080194714
555,Automatic,0.7632168717404317,0.0006576874373994811,2.5251305252687515,0.015385301050842714,4.946294263406796,0.009873747293779798,0.8364572751769797,0.0024971610729134864
556,Automatic,0.7807814167552098,0.0006725439212414339,2.7151767745854305,0.014821763139835522,5.334202916492885,0.009831874653183659,0.9291710254351253,0.002414793302966664
557,Automatic,0.7937610664471658,0.0007082569726684166,2.957773831952746,0.011891118296637712,5.786452843243667,0.009655332742277794,1.0436887247316398,0.002380663048147745
558,Automatic,0.8111130936715729,0.0007096560240558434,2.515086565850372,0.015229632654726056,5.3821374029326945,0.010043219740006888,0.9541013475949642,0.0022724005549407235
559,Automatic,0.8338065197754582,0.0008057306889412434,2.2025477774077533,0.018641364551020372,4.89382691584155,0.010978416623670686,0.869509460552641,0.002548538376307406
560,Automatic,0.799785246195691,0.0007611958080398893,2.6343940527843177,0.01442965176469681,5.918203288071474,0.009469471353512907,1.0548974930414865,0.0022726685739666817
561,Automatic,0.8217048009846605,0.0007620064150933013,3.5545052569408555,0.015211415777767391,8.01415445163001,0.010403721371694468,1.514385094112875,0.0025210690138363196
562,Automatic,0.7996308680706109,0.0007783908835989023,2.9485050074607653,0.013823378014287279,6.939881992198456,0.009021329538023731,1.2748709504559244,0.002257574809956072
563,Automatic,0.7944768869428591,0.0007234247575842322,2.691512811677482,0.014575930793144506,5.814687680050943,0.010262099278242719,1.0695033437738986,0.0023868463645803292
564,Automatic,0.7919439583217979,0.0006921033478652753,3.242715097833263,0.014482762259241349,6.315828459681106,0.009459734964489493,1.1399058798075126,0.002291874815865094
565,Automatic,0.8397466543130085,0.0007793446144937296,3.46648875273949,0.01422585623214738,7.51624347662155,0.00984854504808636,1.4308811012782519,0.0025040227643742443
566,Automatic,0.7961128551264062,0.000689783137953653,3.6643461285529235,0.015209897947262982,7.987150592672454,0.010512712064979238,1.4684897242776813,0.002465045309327841
567,Automatic,0.8185439981572092,0.0007401163421203565,2.3422739280250897,0.017036729281882965,5.546790961528123,0.008876457374693466,1.0094810208305751,0.0024841939002753877
568,Automatic,0.8291332168412693,0.0008013925532876212,3.2561394569520385,0.012837766062069381,8.207710512171294,0.01049257608545801,1.561141501584524,0.0027754759470267685
569,Automatic,0.7987741096687423,0.0007297341789398983,3.21662181375957,0.014794578022454404,6.580130811910961,0.009700210653544549,1.1979853586403493,0.0021313521214172157
570,Automatic,0.8451256208976164,0.000817867922810405,2.8970403491783463,0.012229283817798083,6.590974946117851,0.009720185274966264,1.2379165286794556,0.0022288896401312834
571,Automatic,0.767874360777369,0.0006752252827188158,2.7568584368264837,0.013780460772061822,5.917223017002477,0.00842970329258644,1.0238279977027658,0.002214565296668466
572,Automatic,0.8190154140771633,0.000701209753725157,3.1122861855195008,0.012879935089914188,6.926236459098325,0.009088733962512075,1.2832011648386297,0.002436092387364488
573,Automatic,0.8158492217114903,0.0007034170279798259,3.6959387566628736,0.017397846224142623,6.448373982542949,0.008926781048291577,1.189816237247639,0.0022897227306420387
574,Automatic,0.6438879311434502,0.0009780227642502133,1.8786746797811584,0.021486252621854215,3.222564332941145,0.013512560337552064,0.5053912465473908,0.0032727285511752447
575,Automatic,0.8325735328643339,0.0007833485180983946,2.3361012170473483,0.015867995679799074,5.502474617606377,0.009077281658113416,1.0082958912853117,0.0021957936570958484
576,Automatic,0.8417495171951346,0.0007801843787362555,2.867715150550526,0.012472009361572046,7.148636562310805,0.009494220582789217,1.3613760188335025,0.002221970348101404
577,Automatic,0.8103992447594631,0.000769566744961347,2.296993712756959,0.016751064584962626,5.254331837285879,0.009933840875024602,0.9284858246252041,0.0024259502339472644
578,Automatic,0.7908551615478148,0.0007004925795400127,3.376660649124073,0.013727949560073728,6.8620537842257585,0.009166397686908166,1.2468477395744868,0.002342286358614123
579,Automatic,0.8069742975557785,0.0007014449786552523,2.6990119227839866,0.014273208728126385,6.0673313957399975,0.00874998716377032,1.093732563214102,0.0022684617788353606
580,Automatic,0.7752124516496061,0.0007404924869813963,3.427406175143109,0.01517666720871492,7.437614934835275,0.010167240573372946,1.341224432188956,0.0022347298617879457
581,Automatic,0.8256429460005913,0.0008323800272577836,2.9031676973606255,0.013153371867665195,6.636209304627184,0.008891972367581847,1.2294752306610457,0.00217254745609113
582,Automatic,0.8126520293788109,0.000759804415508412,3.0159175295872904,0.013691044992352755,6.31491987912829,0.00931018222683897,1.1536892987061855,0.002094198709949391
583,Automatic,0.7257726453910477,0.0007476694272252377,3.091359566290222,0.01328308628268088,6.14406613945587,0.009178845643076094,1.0253328572473437,0.0023081062143136964
584,Automatic,0.7423626464327664,0.0006858945234804268,3.156892133318269,0.013126737876985617,5.89241090369508,0.00833109609368883,0.9947632662180902,0.0023907393846464343
585,Automatic,0.7286764770840556,0.0007151430452456268,6.690641780801603,0.05656328911227388,8.641629280105102,0.012334453039098402,1.5202402682423866,0.002734207232444737
586,Automatic,0.8009672695593747,0.0007842319815866894,2.0435668771800515,0.018438387678931176,4.822472798143473,0.01073942456568498,0.8343221736442481,0.0025696949596350546
587,Automatic,0.7366105186182066,0.0006716289973174865,2.0494433216915313,0.018280896658405744,4.165947919371267,0.011985894894315103,0.6849045125241191,0.0027968079806270025
588,Automatic,0.8092461169801015,0.0006857103200082917,3.3957249914325214,0.014339328694478414,8.38285757331219,0.011110574726527312,1.5679664875469648,0.0025221345366386
589,Automatic,0.7761986371328997,0.0006915495009475889,2.2683415258542112,0.016495777665917723,5.119091559770661,0.009885942680582861,0.902884462040777,0.002482398931849421
590,Automatic,0.7746841098931201,0.0006531187350219379,2.0375653049043843,0.01941696844532803,4.662036800657506,0.01042559583600549,0.7841166253645216,0.0024182085058487234
591,Automatic,0.8229209632145692,0.0007882750640533336,2.8958000182222823,0.013550182430885073,7.2188178637180735,0.009283083886217602,1.3494699994464927,0.002340683934184355
592,Automatic,0.8506777239242947,0.0008062774867395514,4.338144587875321,0.02109549188363884,8.758286114786289,0.01143207957987394,1.712812015417202,0.0030391178679392617
593,Automatic,0.7976321880084792,0.000677163630733459,4.034123022418398,0.0198490379771737,9.001994982746888,0.01237765781992972,1.7343407546702734,0.00287563067008786
594,Automatic,0.833374092547463,0.000846880498055485,4.121799056736858,0.020075067792869737,6.802795717145651,0.009096386364663287,1.271948730056703,0.0022232848727993075
595,Automatic,0.7353353658863063,0.000781322274595408,7.641325937266385,0.06876191553165978,15.94875407298797,0.03197297702999795,2.884738837609204,0.0064653836080402595
596,Automatic,0.8379547758193606,0.0007782622056360046,7.277930833173005,0.06671790095824365,17.52495243844879,0.03623203761323766,3.5721123295191504,0.008951147839350464
597,Automatic,0.7963143222759637,0.0006824805118429671,7.787476685842872,0.06885436126647407,16.122469547796047,0.03176117907911207,3.1439808235237288,0.007873155276011895
598,Automatic,0.8217247429136596,0.0008190280385329589,7.998007918339454,0.06843223223272862,18.07657038168962,0.0375364062888219,3.609068234887204,0.009192631868241619
599,Automatic,0.558574251649236,0.0014146720619573156,2.4916389152150678,0.01614624980084945,3.7990280637881577,0.012898448846664612,0.4891573889067329,0.0031704839603264433
600,Automatic,0.7822074536143542,0.0007355037661780747,5.669087227508011,0.03880319015040118,13.167350050512036,0.02311829191585646,2.5166553304868478,0.005226891417399139
601,Automatic,0.6553349651388218,0.0009727933674227527,2.9919263209107343,0.012507385880125305,5.103460124533543,0.010259337710730366,0.7922472165224643,0.00255140616910303
602,Automatic,0.7322203969242821,0.000695560511172687,2.8836265354073563,0.012598130609464695,6.574685968286845,0.008763264489628405,1.1081256372451103,0.0020742526830345325
603,Automatic,0.7291853513666924,0.000759512796266145,3.638504335276727,0.015447018648897325,7.687152916534743,0.010726656157346252,1.3639406821555968,0.002359399317625922
604,Automatic,0.6937858762323403,0.0008293593509349941,6.496327360053236,0.051572454103790404,14.171317026426088,0.02559200186503222,2.4388008177243186,0.004637438464218469
605,Automatic,0.7983122952100401,0.0007175688843368182,5.886955449966345,0.04150259572857329,14.33000517233985,0.02926205729375133,2.7673603487798237,0.006371091987425084
606,Automatic,0.7612553504992172,0.0007416787907137351,8.556776954910948,0.08327143286858887,18.871200387205207,0.045401336483044515,3.535374614750167,0.008961637596196871
607,Automatic,0.8188359476705519,0.0007349281903405895,7.918485171956458,0.0725523120086957,18.693984496298345,0.03891289786826282,3.763878080806354,0.009095998016761395
608,Automatic,0.4298859511842236,0.0020732634639389178,3.2063342321778023,0.013475575316263984,3.811584360488484,0.012459491530902523,0.4079137698462536,0.00337585225036875
609,Automatic,0.6909960639723759,0.000882161108271091,7.533074379364705,0.06917767989814574,14.884425712522297,0.030995978285314443,2.531407036364672,0.00495491013262597
610,Automatic,0.6985159009652152,0.0007795717152683687,4.610431088791152,0.02804664111540396,8.221876584034012,0.010809437743766468,1.4598959393318078,0.0022805479070839357
611,Automatic,0.806139064284555,0.0007038267833802521,3.8380295076717177,0.016777002498190783,8.036352972904584,0.01049879540905798,1.5054523495076377,0.002503125577062291
612,Automatic,0.7755961396616003,0.0007035500485219054,4.336263359752836,0.023794257709096347,8.531828759662629,0.011784399754864184,1.5587703508948338,0.002586522906180216
613,Automatic,0.7898168720180432,0.0006783327802407127,4.6126530488122555,0.02573582359868915,9.27178253514432,0.011672578388807892,1.7265989520237077,0.0031693503396377732
614,Automatic,0.7226501608775008,0.0007046493035961598,5.292203729003515,0.03646993246981016,11.756456137839946,0.020586625400581645,2.051241851523824,0.003860611588348268
615,Automatic,0.8520915286173534,0.0008027178649256269,4.784813314654648,0.02902332117275859,12.27783438675228,0.02215136917783831,2.487175100411441,0.005415565218984927
616,Automatic,0.7652554144189782,0.0007374567727237045,3.8870721646035102,0.018441502902270163,7.596991757179297,0.010072248043518632,1.3525180063126012,0.0021855464035430254
617,Automatic,0.7959141364326834,0.000710807493037649,4.305383421435136,0.022575820063713715,10.145148255703717,0.01633506488069654,1.9093716877730635,0.00347696136632615
618,Automatic,0.8132409787921226,0.000703600652782875,4.737129499740264,0.029283280932468826,10.469430132460184,0.015125243955318736,2.012811219270735,0.003599065010904508
619,Automatic,0.7731980819990024,0.0007368778575715597,4.577194999127688,0.026340021278049967,9.981141363370378,0.015178810017834611,1.853355380267811,0.003333079289746658
620,Automatic,0.4569413202027072,0.0019597590187884484,2.4940358648356358,0.014919444460206053,2.8887977440262627,0.014530108430083101,0.301345158121362,0.004013545083944701
621,Automatic,0.7646624686882493,0.0006861244394219716,4.829674057682569,0.030612260784318376,9.84132253785163,0.01465219043765479,1.8138578809146355,0.0033004613940102625
622,Automatic,0.9470573864324577,0.0012851795761082672,6.526857313404866,0.05169582123312373,16.516390745317896,0.034659591332484765,3.714229434436408,0.008922941419148315
623,Automatic,0.9829612529590631,0.001347851820570757,5.835277826358157,0.040630086219800673,14.303708639733573,0.029393366627160883,3.3327152660926576,0.008133437704326197
624,Automatic,0.9694773874531075,0.0012923063048215732,5.919146227097537,0.04438823767769302,14.544804435511242,0.030139419128312642,3.311628695661665,0.008165254726721796
625,Automatic,0.9865658653327357,0.0014824603476195897,5.389154086493201,0.03834520377172393,16.79014554239468,0.038753026370016326,3.9113502289283324,0.010647290442729374
626,Automatic,0.9779158048454595,0.0014548156537526266,6.535094849414958,0.051384344381206565,16.273122587538598,0.03303570964377124,3.7498790293442505,0.009086453110848845
627,Automatic,0.9423352256706099,0.0011976270254058122,4.6607449124678695,0.02897385862672661,13.84788134942044,0.02655272830019831,3.059620312996239,0.00714223855479033
628,Automatic,0.9095901793372168,0.0010739854982128167,2.5612283196067724,0.015337323183633868,7.022472121029044,0.009091424713336151,1.4188125796648086,0.002421891593126542
629,Automatic,0.9735752144521181,0.0013088746411962133,2.6831030436001173,0.013775114918080185,7.747240915582123,0.010239480089754775,1.6587650079465825,0.003077384286565402
630,Automatic,0.9881673351965088,0.0015115690232848512,5.148999423617501,0.03137427100826494,15.831981525324103,0.03545703889752368,3.724892095853217,0.009886274335721205
631,Automatic,1.114173032691846,0.002186663565129942,4.462881791012996,0.02560407267362906,12.92343355240025,0.023622876651431136,3.2570682086471403,0.007958842086688529
632,Automatic,0.9857690671009416,0.0014996744230453187,4.470484919911185,0.02345880020286373,14.095006100119825,0.02775396335373316,3.242539535687035,0.0076359956292470004
633,Automatic,1.1091817236552979,0.002002643612479998,5.2631739084428455,0.03366474102588849,15.282438447351497,0.029930949108726655,3.9178711986861545,0.010280433826428646
634,Automatic,1.2008906120730671,0.002565574653700558,4.2826582508846025,0.023583565156539234,13.053877893510563,0.023455385086575138,3.484447185831544,0.007850529579660617
635,Automatic,0.916869853146374,0.0011086500714298736,4.927322143653559,0.02955859318478527,14.274623662215003,0.02868006682710407,3.0913842301315584,0.006908870918310088
636,Automatic,1.0706005773764566,0.0018603813917743464,4.552349572996907,0.025645017365787358,12.471743563375352,0.02154706856731095,3.0280087440120895,0.0071633328092650115
637,Automatic,1.1284058634807477,0.002229905672932697,4.022962556536095,0.02011580654205665,11.698655098319891,0.01959775448620379,2.9386368352411,0.00683246126031978
638,Automatic,1.0020509368832518,0.0016123051790974678,4.867890533877218,0.03176249089460139,12.41457290780504,0.020807346340801298,2.8676735687457997,0.006447719200494881
639,Automatic,0.9644554806601441,0.0012607878192427144,5.3022089337941,0.03220625483640562,14.439102829926085,0.028501422124899325,3.2606935883033232,0.007177376918344685
640,Automatic,1.1524185187071738,0.002439555543656111,3.751887017358542,0.017624368439248028,10.907017871253682,0.01876361253838166,2.7579952032726753,0.005936069694081126
641,Automatic,1.128038792988652,0.002106518623631474,4.767773665373253,0.027157274401760162,13.806573330010673,0.024452449838126625,3.5169083452047607,0.008369984504125332
642,Automatic,0.9616260790588603,0.001293373362293386,5.3612848112963025,0.034669823036895524,14.182564231352986,0.029300475990175125,3.193191065429617,0.007416223472838793
643,Automatic,1.0513893772211549,0.00173873750242942,5.3646619773792645,0.037550059489485955,14.972490063047113,0.03296617315139689,3.6525664723533935,0.009013307574191665
644,Automatic,0.9569764837220871,0.001273095065741094,5.8185758906064615,0.042239882595809915,14.092579412662873,0.02639587692770041,3.177113268148711,0.007753057495592892
645,Automatic,1.1416156457533697,0.0024082033110882466,4.857322788785576,0.030450299867233382,14.364790092200293,0.02791425149915845,3.7129904569899677,0.009870835582977296
646,Automatic,1.0603283771045726,0.0018441394615762625,4.304317271889752,0.022245680193450582,12.824875014263894,0.021611108760748607,3.0958359096969286,0.007799177021107913
647,Automatic,1.0215263335521876,0.0017348540058331782,5.108916271939299,0.03283396669462285,14.256312419660873,0.02974410422200646,3.4130385909531005,0.0081828900070067
648,Automatic,1.08111157363985,0.0019278508863746434,4.550629074347072,0.026859855321887775,14.66109058812062,0.027895003332865806,3.6389151708494136,0.008439604822320238
649,Automatic,0.9954205810098912,0.0014060155164843902,5.473837018681044,0.03597512481339398,15.191948319906057,0.030442634738120665,3.554252100685101,0.008341144842205942
650,Automatic,1.0857550127554663,0.0018925544315703043,4.895526344144642,0.02792487526497362,13.55627845322227,0.025298306415309592,3.3655035869982646,0.008143903236618791
651,Automatic,1.0423530618908234,0.001779598359320886,3.046093915424494,0.01362184249321102,8.21254614175297,0.011618085452667983,1.8526428467488163,0.003286916951844277
652,Automatic,1.0468868180794884,0.0017654928119953226,4.202448323366056,0.02147500650688622,12.033280909249385,0.021024472609662212,2.8614838521868142,0.006080768132052466
653,Automatic,0.8856703866690091,0.0009586573299643981,6.344406889734996,0.05239709713581203,15.890184866027447,0.031756840906638543,3.509099715946738,0.008415374558153638
654,Automatic,1.043868339440514,0.001624426100715973,5.698467401956775,0.04051196161569747,14.806326270511995,0.028716183417609772,3.613624482450503,0.009271258571915483
655,Automatic,1.0492798296435093,0.0019034865734439313,4.612744913212644,0.027382777635936047,12.14449550866827,0.021442174910572417,2.981820621334431,0.006739391378930104
656,Automatic,1.0862825726818037,0.0020044208828602114,5.301790031978382,0.03545839897796373,14.796579883553907,0.027819512878159848,3.732314462088958,0.009312867631038436
657,Automatic,1.0200580888251207,0.001632176266755792,3.838633567062927,0.01643679157024949,10.408115815010747,0.017088593383962992,2.5013435494330967,0.004927877132995722
658,Automatic,1.0706739937867922,0.00190394743423264,4.854710454891145,0.029295192899790032,13.474299765967036,0.026643956869014766,3.307789722964235,0.007870451074674134
659,Automatic,1.0088344532900957,0.0015391892886598836,4.096281108068957,0.0206701124342145,10.736946645044572,0.018979301395175726,2.6575983082769983,0.006146017569624316
660,Automatic,1.056466731222545,0.0017849224713735868,3.0274051323514155,0.013711551688063995,8.394307306412676,0.011206669237359482,1.9515725398017658,0.0034548165651744145
661,Automatic,1.0952075881857068,0.002108119711138374,3.314752718758672,0.013689372967598413,9.691483310325951,0.014961081847991213,2.3386591405097708,0.004590396951962945
662,Automatic,1.1021278601487687,0.002106190244062563,3.3020262959185276,0.012839644862858617,10.84775283701337,0.017061754251709412,2.6441891477815305,0.005419357075914873
663,Automatic,1.0941951979798745,0.00209172395482495,4.391446476489567,0.023554464625178843,14.68983446696345,0.028594475035990337,3.681798545676732,0.009530382623419681
664,Automatic,1.0644698999041025,0.001746532741712351,4.379257270692935,0.024304083814570873,13.660380960800234,0.02708741839822529,3.3235775489814214,0.007742145791983748
665,Automatic,1.0205300631035734,0.0015893061991084734,2.485133745800869,0.015629191106955348,6.950068347624765,0.008996908450082046,1.538762189646828,0.0025706190334528894
666,Automatic,1.0700494651521184,0.0016939460005125407,3.692525423363606,0.016381349773974683,11.445850269529805,0.020689958325421254,2.8258944506375907,0.006272969990691795
667,Automatic,1.1035677394279437,0.0021564151694780562,2.577150181070488,0.01423209180586593,8.232394188848824,0.009873438740639184,1.92295712342579,0.003467597129081354
668,Automatic,1.0992895950424535,0.0019847412178359857,4.177781649446461,0.023403370291005383,13.792676202255851,0.024604217137784077,3.452271902273149,0.008686241876345546
669,Automatic,1.0918651242361288,0.002035293451753533,5.367422116871159,0.035001344317977925,18.010722166536688,0.042376101006606576,4.596335088337913,0.012967868001385257
670,Automatic,1.011462814059174,0.0015831369716867022,5.367319570276412,0.03969175399158331,13.922370133695054,0.026016830199474608,3.265892095009137,0.007405335205853436
671,Automatic,1.0346647972237033,0.001739014299884982,5.196054594714215,0.035438671320191746,16.223901931073915,0.03482875052270795,3.9294667919076556,0.010053033759860464
672,Automatic,1.0005266931477466,0.0015808145672305215,4.934411599324989,0.030043018889742496,14.84933418691824,0.030806084776370462,3.463871082157877,0.00928417631262734
673,Automatic,1.1102369140618544,0.0021262236643766297,7.707033664162459,0.06964581628754324,25.8141665575061,0.06955393138990983,6.819331191256967,0.021106168979982555
674,Automatic,1.0580141649243537,0.0018829528017785281,7.422293701818284,0.06421927475681571,21.341003195211385,0.055155242317783106,5.340036747870336,0.015844088400148303
675,Automatic,1.03325235721557,0.0017645844862665078,5.468950435581991,0.04137727311463689,15.98398468135052,0.03230005239118309,4.017300785906044,0.01049091223241484
676,Automatic,1.0414127847412027,0.0018107127058059887,4.248263330043486,0.020637035559121598,11.874760642216737,0.019990133866512872,2.8040915122762033,0.00598442106674423
677,Automatic,1.052133911518944,0.0016767609247839974,3.75648410992475,0.01654761231338418,10.238991744062657,0.015771838195749236,2.3921401010118983,0.005213342909416251
678,Automatic,1.0483929252060116,0.0017348275974691863,3.408537349644711,0.01526562442579206,9.586329907373127,0.01461504590020794,2.2103306448742597,0.004134561072788438
679,Automatic,1.0858360387713006,0.0019460763466237199,3.9126746922275535,0.018392367542670422,11.462750517332504,0.01884017128883052,2.7775938653996914,0.006439160120621468
680,Automatic,1.0580811054846382,0.0018030094236818354,3.2800776288259645,0.013436759902208044,10.14718583084034,0.015965267162752896,2.378519524476861,0.005203450302529009
681,Automatic,1.0221760753458686,0.0016361029091863867,3.438628485918884,0.013728744077696585,10.128202151577424,0.014526139725453616,2.316030097194409,0.004470238380391739
682,Automatic,1.0541759198433587,0.0019852479914822963,4.461860713897222,0.024173493411358656,13.413113737031761,0.025626822329213924,3.2464567817682664,0.007109893404938181
683,Automatic,1.0124167660783348,0.0015714532113015552,4.169702035173335,0.021617884385268345,10.597313589627422,0.015405218856404756,2.4767652665252817,0.00483975342880099
684,Automatic,0.9748602885609974,0.0014235780091884766,2.8258830798036105,0.013052393701554582,7.228733698548773,0.009648933137711679,1.610717019361257,0.0023539426049548015
685,Automatic,1.035873251583761,0.0016480543231126071,4.617875859490455,0.02491851624401342,14.794003095153617,0.02834323210626163,3.548939758595677,0.008169126258167382
686,Automatic,1.031008813173906,0.001777635108402693,2.9619086423620655,0.013739954548226449,8.016184092343622,0.010019665970139547,1.8216564691682198,0.003078278450684859
687,Automatic,1.0034153608351797,0.001585586223062627,3.6807328399317365,0.015513008739906258,10.996466893602479,0.01738932448371956,2.499095014740007,0.004763749142625946
688,Automatic,0.9597295082343085,0.001279488060421587,2.952624825660504,0.013609188267419296,8.221532340794168,0.0113466413216819,1.852086494693415,0.0032569253649268617
689,Automatic,1.003780754674887,0.001546428390247776,6.678152825452725,0.049360952290740764,21.560636865614413,0.047921437728746415,5.196726896360363,0.01354310668307486
690,Automatic,0.9956454595128325,0.001557194611753842,3.605532279911058,0.014986627483662932,10.95988365506706,0.01908289033456949,2.4724488828355344,0.005429214703132017
691,Automatic,0.7208891442888808,0.0007524090959659921,5.518124606238051,0.03668951423694017,11.607190979911937,0.02135551554403613,2.0385147992120065,0.0037685227446255486
692,Automatic,0.7429015728770019,0.0007630924668594501,4.61727854566689,0.027143836036795578,10.382081513769997,0.015997518095209044,1.843011359507975,0.0030094530069938417
693,Automatic,0.7810059696925858,0.0006506692137973575,5.71617513855029,0.042156177774771444,14.354747142870215,0.029512785016112295,2.7326041045024274,0.006148156712408322
694,Automatic,0.7553799434316953,0.0006433495229241462,6.0159408106062635,0.04579961481996472,13.661072355844176,0.026888600629235253,2.5097404629388063,0.005541590341083725
695,Automatic,0.7646496225937626,0.0007299667882990313,5.132436896170779,0.03201914645641451,11.642166101603474,0.018770836721082134,2.128782311075458,0.003988308879637684
696,Automatic,0.8115843495726688,0.0007065604697643148,5.247751507529534,0.034521916333758625,12.059011282359865,0.020229975679113197,2.340849096918377,0.00451388236283201
697,Automatic,0.8118004457189096,0.000679218613188364,4.48614958900592,0.024131468669397176,11.684647248165568,0.019451358039388703,2.2747705718109072,0.00442584178164988
698,Automatic,0.8098847056711559,0.0007145552747282679,7.906577898640246,0.07109687579788204,19.696637893276883,0.04783427654701081,3.8947776228795066,0.009852328884553493
699,Automatic,0.7146138538302313,0.0008115037273774405,6.700216598025316,0.05077379952858306,12.550896582578641,0.022648941027501656,2.2136848069501864,0.0042638965731362525
700,Automatic,0.8208398195748577,0.0007523318617180284,5.612322720074877,0.036882172601432284,12.123010751485788,0.022751288372020506,2.3692741486206583,0.004743814549354305
701,Automatic,0.77078750221803,0.0007494211172286374,4.972944104117286,0.030107449194804396,11.644465223385032,0.019259988031738336,2.154551669441905,0.004400158631107304
702,Automatic,0.7587006476831315,0.0006991976654170124,4.974121454212458,0.02922068263634555,12.32360661351755,0.02224228889541257,2.2578917315235456,0.00460232728214067
703,Automatic,0.8157073242876653,0.0007500563032059733,5.457172334989853,0.03870394571398621,11.739315474065693,0.02126291151617591,2.2777809078940754,0.004603014821877255
704,Automatic,0.7840638726544004,0.0007724902992081314,4.435046526592327,0.023660875679758803,11.375097404366047,0.01852980698890874,2.142758644188778,0.0038728912103728297
705,Automatic,0.7400432618214803,0.0006853524969512264,3.7896968331112064,0.017953292076591854,6.975607587806331,0.009484877844094637,1.29098750276151,0.0023732025624378724
706,Automatic,0.7858488614704755,0.0007055434007936126,5.488413412769654,0.038904995069998324,12.939067519994042,0.02143228153223303,2.450559027293005,0.005198937235541235
707,Automatic,0.8167858473542032,0.0007787269307563155,3.632374645935972,0.015391880822637817,8.954963155370322,0.011268555394463448,1.7459970717821316,0.0029630307137006816
708,Automatic,0.7722911584753592,0.0007498951636382657,4.551669718859793,0.02601041356352089,6.7408964878007,0.009075826945519228,1.189961665923843,0.0022847086863071455
709,Automatic,0.8119792835537626,0.0008296332382521113,5.071601226960592,0.034291027845069454,12.757276716764048,0.022721571974482133,2.470885895963296,0.005171966365424268
710,Automatic,0.8172130124363811,0.0007164864450075133,5.034565412813319,0.02942046776538016,11.325246759887907,0.018347621491010352,2.192321630179339,0.004109955787695012
711,Automatic,0.8428014161707942,0.0008224934439583677,3.898971698383214,0.018850304270749713,8.03381146496612,0.010306075804690751,1.592621005495401,0.00245945076245459
712,Automatic,0.7937181133181923,0.0006550794609795187,4.790324478757466,0.030876681087111887,9.56992912862324,0.013725949753345436,1.7849542901979683,0.003073876994037126
713,Automatic,0.8180634672306593,0.0007089560309824156,5.298333471515676,0.03399130157235392,11.810097938215568,0.020485024671031006,2.304426887028686,0.004417809162842959
714,Automatic,0.864264426964114,0.0009452556083935493,8.665834928614652,0.08365269488393234,11.011324822201637,0.017021477059314918,2.237030059487134,0.0045413011780737695
715,Automatic,0.8365852555579784,0.0008273296008950054,4.183327510775226,0.02075916374416978,10.574134084526468,0.01565227616977782,2.077272209555549,0.003941386209118521
716,Automatic,0.836204534726058,0.0008629129382056088,5.7995447996845675,0.03946616295590424,11.985934659711551,0.02016926152710432,2.379218331820452,0.004522243568277402
717,Automatic,0.8163705585858556,0.0007757467557794735,5.230491649422707,0.03159364631815124,10.40450503212688,0.0163508687872702,2.0969980833558495,0.0038332870714878477
718,Automatic,0.884956534770814,0.0009427837029397971,4.092023229343518,0.020835190148752243,9.313761517856156,0.013786852671695677,1.8992047445725402,0.0032398287514193566
719,Automatic,0.8247034736882006,0.0007980185530802072,6.301416688600697,0.0465923034283027,13.688493262146663,0.024446606462459285,2.7098378232258327,0.005854973003236068
720,Automatic,0.8394299162114922,0.0008625226390566524,7.977353253788603,0.07297091277499851,20.795673440122783,0.05112903768162151,4.281182554459942,0.0117445231314771
721,Automatic,0.8360045261948562,0.0007744269381072539,4.088254586215721,0.0193598716619042,8.791443486080015,0.011760878035221313,1.6996399003135756,0.002959011685628756
722,Automatic,0.8610883062908372,0.0009783321651619032,5.26465035660073,0.03586765942387185,11.556873893079354,0.019143785930656243,2.336414978391611,0.004344694400707717
723,Automatic,0.8342110841275869,0.0008227649182475531,4.972519552220718,0.030704951046791763,10.756295122041916,0.017460166648539277,2.131213882664621,0.004127837676204918
724,Automatic,0.5442747458202913,0.0014877919663500601,2.90657155275069,0.011976089699061346,4.141114863400037,0.011484933697208308,0.5254969276108943,0.0032804246407235446
725,Automatic,0.8423578385906392,0.0008087514043541076,5.952682674651987,0.04713764220150915,15.046222926624214,0.029831508140205666,3.0444379705562046,0.0068305760706966825
726,Automatic,0.9021179195576483,0.0010862566104755844,6.256732003451823,0.047827506226112156,14.079511445462579,0.026670586803303597,3.0146875898012344,0.006474591026264723
727,Automatic,0.8447127099932448,0.0008588996657738157,4.885751341600418,0.028089794874513574,10.233811387946655,0.014334357414608536,2.068669484165449,0.003540247775501909
728,Automatic,0.8275650749345361,0.0008039263824915806,4.563615018753197,0.0220823639260419,9.648087066249952,0.013129947737605344,1.8617682613521946,0.0034828853687793957
729,Automatic,0.8929091396364977,0.001012771567030074,6.945576673586947,0.05832010583628015,20.26044820088251,0.04777512314479914,4.372908035892278,0.010913919058123013
730,Automatic,0.8990891664477461,0.0010812704182614065,4.042463708135236,0.01931237349455683,9.32530842080111,0.012817384333972594,1.913746900219563,0.0032493591298481477
731,Automatic,0.5300426982723238,0.0014141897691529897,1.8753870046784213,0.02150166961206471,2.896510341743886,0.015826176228337797,0.37071262423211476,0.0037764687066637924
732,Automatic,0.8310669643150393,0.0008037105415777151,5.2496486900958,0.03609983872359891,10.584101227251216,0.016289418898382643,2.143207945273005,0.003858005098252777
733,Automatic,0.3298482421177404,0.002649148453121804,1.9550521674196188,0.0195478946263975,1.7591903382783998,0.017462615445629628,0.1452266068200236,0.004400571762422229
734,Automatic,0.7556830697537218,0.0006594253133580072,3.590520977773447,0.015531398244320621,7.908698510351343,0.00984562192420787,1.3910207660094103,0.002331321458521014
735,Automatic,0.8622698556092806,0.0008205202766648893,5.499665833823741,0.0365814891473755,12.125051265983151,0.019942593730883175,2.4610373150339355,0.004800701549770257
736,Automatic,0.9017807942303009,0.0010728397401245985,3.5800418143292077,0.014255251979158605,8.020640838484763,0.01015178768182466,1.6386024849285752,0.002667261846971683
737,Automatic,0.8328560252035083,0.0007515079252652185,6.914208508666763,0.05563482527832688,16.927010867459956,0.03666653004202131,3.4027261345259077,0.008478700078209105
738,Automatic,0.7536956764721876,0.0007044265542540501,3.5978637718802116,0.015376905979441097,7.933091499027879,0.010650863389795557,1.412943725222654,0.002346970750451639
739,Automatic,0.8182946542153231,0.0006789409633507408,6.124564343964848,0.04973870555287126,14.237701779387054,0.027609439337665447,2.788321328090359,0.005468171346143519
740,Automatic,0.816957709220571,0.0007290164969962886,4.969815517122449,0.033375738736510736,10.971005527358743,0.017048463527724617,2.113871789465654,0.00390587313836287
741,Automatic,0.8048635927483515,0.0007417299417237017,8.865980486978927,0.09035901906479302,20.736711434149946,0.04855813121674768,4.087906858008914,0.01106904712727701
742,Automatic,0.7434197334702193,0.0007078564441536585,5.028132335716608,0.03175322000783079,10.112647004432475,0.015504384614064354,1.825353335159159,0.0029559514402947057
743,Automatic,0.7855776403705457,0.0007306488693810789,6.234482136293276,0.049729476429780525,13.14265243737762,0.023636266579551833,2.473655723214026,0.005067647564496874
744,Automatic,0.7170613793106704,0.000808001711916519,5.209812165047864,0.035820583105832,10.638435058157436,0.016653562368849746,1.8605437786293333,0.0031266151608607315
745,Automatic,0.7169381694293504,0.0007636540015776331,7.458354219272105,0.06011006520326309,13.975281700290182,0.02658565269461922,2.4410846028719213,0.005126546322728161
746,Automatic,0.7401486159426274,0.0007222122879744137,3.899017740775031,0.018537607782505138,7.964902132652376,0.010120854740861964,1.3980528597259518,0.00216907619342432
747,Automatic,0.7920189084809658,0.000720844356202979,4.481029719805294,0.025545008969950406,8.938963245630173,0.01240247774946048,1.6787090676188832,0.0028752797834540053
748,Automatic,0.7339382602707277,0.0007444209746876982,4.863941365696454,0.028745439713150814,9.49465863641242,0.014249510091022792,1.7330187335890737,0.0030616389663265515
749,Automatic,0.7073655816819069,0.0007792985739772099,3.5097219393582493,0.014208394587641143,6.698191676955824,0.009448532788944641,1.1286162068698764,0.002220776067216078
750,Automatic,0.7095390508460011,0.0007220723615131433,5.362204990163451,0.03631296662657996,10.009321183736871,0.015189302495560329,1.7341132993286879,0.002892161701129919
751,Automatic,0.7508719369527479,0.0007264750091502054,5.006336841093053,0.02929443842117965,10.524275118094518,0.016817853879667215,1.8834345655511524,0.0035398526559136732
752,Automatic,0.7055111929037939,0.0007855569687410736,2.018978578228586,0.019544546834535496,3.6560564268049474,0.01323200647932115,0.556699732957462,0.0031272425645287524
753,Automatic,0.6717402756266788,0.0008438159061661892,4.46699836169182,0.02486327766782316,8.213947521610702,0.009958662068736175,1.3155368372008842,0.002214307266714521
754,Automatic,0.6777572015712355,0.0008389826754466483,5.837261091958799,0.04308987847630464,10.553994234033448,0.015959262310971497,1.8435435347870146,0.003165616288976102
755,Automatic,0.7063896828916463,0.0007380682297897954,6.696533899754326,0.05832064547227017,12.603069641363696,0.02521546888612552,2.22572980627239,0.004515716545614995
756,Automatic,0.7831396370136845,0.0007184188780933631,5.385392284284818,0.03484937528181559,12.61599378560094,0.022932039285409427,2.3633111631695365,0.005028039397649499
757,Automatic,0.7210776262086686,0.0007738013935661433,5.098199190801504,0.0311975933213768,9.68175857394392,0.013327898859091802,1.6692493619451403,0.002703794788345019
758,Automatic,0.6974679850225118,0.0008040129784917229,4.196502893283885,0.020685371107202206,7.51969130724703,0.010550931492132574,1.2546190169482325,0.0022691923236583663
759,Automatic,0.7365287638328301,0.0006696026480491981,4.451787760341011,0.026533898641279894,9.275403532556886,0.012802161713135772,1.6870597952275599,0.0029459785223121294
760,Automatic,0.7387198154856021,0.000754963250959803,5.083127364023942,0.03295948009031958,11.808660862743057,0.019330781404158056,2.165285282333649,0.003937819197728633
761,Automatic,0.7999628214192458,0.0008083970362088687,4.018573537358004,0.019765625041897016,8.520285018867227,0.011944916627047752,1.6006849299821009,0.0026702171036201198
762,Automatic,0.7629489043454744,0.0006863570226235188,4.881488194114453,0.029492158606231472,11.467875259255573,0.018270586268727306,2.1181651956734355,0.003799703537493526
763,Automatic,0.6799511609609449,0.0008856842754917281,3.900505686236179,0.019310456624826916,7.055792433046661,0.009167857554759394,1.1268924019295496,0.0022673772947932117
764,Automatic,0.6902356974686428,0.0008203211704522352,5.012704923013163,0.03279340650080038,11.178944339157919,0.017430036193252584,1.9124556388812557,0.00366487697931747
765,Automatic,0.7305768181354273,0.0007385453011620165,6.961247181316572,0.06039637355958966,8.48427528410919,0.011683734077067897,1.4627883255028769,0.002602692310697212
766,Automatic,0.6937276306041249,0.0008835202017683199,5.705763118025229,0.03941044573977413,9.658893071158582,0.014640305149754734,1.711076438147325,0.002988813015680757
767,Automatic,0.5980182817738569,0.0012543656460137804,1.1533032200313136,0.029423092041339603,1.6758736178115623,0.01917491358605897,0.20288552362891607,0.004562349191763593
768,Automatic,0.596714864172027,0.001182917001146472,1.294487398341495,0.02884997973287695,1.9736782644869464,0.017167246568001403,0.2354507003138584,0.0042458729337074026
769,Automatic,0.7769239519353005,0.0006925536406977496,4.806590577434074,0.026777182207862658,9.93859353701725,0.014894199802900188,1.8607316733131796,0.003442061249882012
770,Automatic,0.9142220644888909,0.0011289697640386401,3.535718963632002,0.014199434541849422,9.01492256269731,0.012247760636636545,1.9158061015627719,0.0032182249434253153
771,Automatic,0.9571194967637492,0.0013127358995346724,4.719116869286906,0.027780516013749014,14.22127002402554,0.027859093303617192,3.183286459982753,0.007470095506371048
772,Automatic,0.8041435990125959,0.0007523805916463943,7.071801777805931,0.06255988516815353,15.594702633029687,0.03139707477849676,3.0422233969538843,0.007448468110754753
773,Automatic,0.7528411605484868,0.0006786179779979031,5.023314833825847,0.03196341318454362,11.050377575242559,0.018093640812466064,2.140081986342834,0.004441741051609643
774,Automatic,0.8405319320996852,0.0008313835980651194,7.3824957034873036,0.06790374596096684,18.804951853980644,0.043026111922049,3.8394240366579706,0.010153570092265887
775,Automatic,0.8181628456167502,0.0007419095223084804,3.304026079612996,0.012625563883845732,7.004965257769169,0.00916591607063803,1.3137646760283246,0.0021970503451451237
776,Automatic,0.8890486158671943,0.0009633722134088572,5.03941013543204,0.030440242395395268,11.441445823674279,0.019482532653441874,2.3842465131860227,0.004754886483745993
777,Automatic,0.9906129986662465,0.001402915753154471,3.9256643867638075,0.019013086841198085,9.63390422405866,0.015250531802039452,2.1541186024597097,0.004675425541930402
778,Automatic,0.8615138181926736,0.0009610931213023937,5.085065136373729,0.034769949830959525,11.510512479509607,0.018637033376260156,2.4528407025638836,0.004728021693254268
779,Automatic,0.7994182648786418,0.0007269854341585492,4.022966794494029,0.019148943880628905,8.32497572783832,0.011659078306053578,1.5418087351152403,0.002562102506486968
780,Automatic,0.9149104226467247,0.001027254641562934,6.191104126865028,0.04542449413634325,17.07476711271395,0.036975115968926525,3.741819742936681,0.008885003322983158
781,Automatic,0.8559782919753969,0.0008751390224373614,4.336951129643093,0.02194112344515341,10.472968681488128,0.01577607937160678,2.168749527632406,0.004263930482471643
782,Automatic,0.8520167581940257,0.0008742895636584952,4.2805649551427924,0.0220643547376599,11.60643814624082,0.018711618374968635,2.330693093403344,0.004574358645528509
783,Automatic,0.7122610444424593,0.0007557090069738246,8.031958918214226,0.07230037663258133,19.298869107431962,0.04239699749047662,3.4180173254500383,0.00821248866648835
784,Automatic,0.9714444707080611,0.0014478097190969608,4.115834761382452,0.021058925329591378,12.51754161377349,0.022549829211598663,2.813767932061263,0.006694965014160618
785,Automatic,0.6938583933313063,0.0008488179697739483,3.8941397139694307,0.018433340018331933,7.527216591216979,0.010381195236940173,1.2350671202398773,0.0022134993750097414
786,Automatic,0.8410794497058828,0.0008023125364934417,4.595600048897447,0.024532038727461448,9.78991167577415,0.014331902746825395,1.9154096037811,0.0031905655505894124
787,Automatic,0.858685615697709,0.0008788576906970949,40.338506445566,0.5540092879930609,98.96082815440711,0.3009068871335178,21.35904047762957,0.06944513772129302
788,Automatic,0.9239612542445247,0.0011107806990821114,3.7563280269981436,0.017156417549179712,11.04539588943073,0.018099107134353327,2.371526504706895,0.004912397451765247
789,Automatic,0.9475271952748406,0.0011596391125835135,4.4514836223446705,0.022358651882647382,13.08510257216782,0.025878652943519154,2.9034448359925613,0.006851399252475637
790,Automatic,0.9378984169885105,0.0012795630875308054,5.611780195683528,0.03929703741388978,14.071051964238695,0.026455094916583547,3.0974337955629694,0.0077820029830070695
791,Automatic,0.8858984942467142,0.0009549329747325124,3.6012383138823836,0.014723517776396472,9.934817888630286,0.015341477262442527,2.0368148431592665,0.003704576780434198
792,Automatic,0.8143906761728631,0.0007623162760790166,7.442006391592193,0.0677947748933251,11.146165750630429,0.018332175882294327,2.163470924044119,0.003943882408222245
793,Automatic,0.871203888771526,0.000980416061886197,6.347125268540134,0.0508434907894476,14.797497262698089,0.02969097080093239,3.071332655305583,0.007119452187413344
794,Automatic,0.8670039398323102,0.0009206939889934725,6.081097952390557,0.04853506264064651,17.125420825010217,0.03473776391788601,3.582589556117465,0.00818559145964256
795,Automatic,0.855130428582554,0.0008591881035825178,6.428035382560821,0.047060228330117304,14.87485939156318,0.029740204098447565,3.036266433630625,0.007375399774872838
796,Automatic,0.9052586696712606,0.0009711990471678389,3.972132300190997,0.019669786988547305,11.03692822370802,0.018203633940006597,2.3862301293767074,0.005021113237312826
797,Automatic,0.9439790299468965,0.0011795447094963903,5.687074299054205,0.0401576845424314,13.762613253233702,0.026605802424427682,3.043617672366293,0.007344239594912029
798,Automatic,0.7430007431190526,0.0007439862600307151,4.903650432024629,0.028592214211894923,11.329414195395216,0.01854710479515417,2.0360651557194194,0.0036195576994877483
799,Automatic,0.8657916184547563,0.0009440592492520071,4.04289964544879,0.020951900407909348,10.520888234369137,0.01577425665043155,2.1295032949853137,0.0042096176774278505
800,Automatic,0.9064696515535804,0.0009680276063166425,4.840378580725845,0.029783193247049554,11.357936393476088,0.018411877905988625,2.3908608041304644,0.00509427225990349
801,Automatic,0.5636064977979957,0.0013569280820864963,5.735401133869951,0.040158291215535546,10.064863291801865,0.015540024444110246,1.5539997434393467,0.002448064058387695
802,Automatic,0.8961926984962916,0.0010216982351106347,4.662611699338257,0.028770585793956818,10.310431988884394,0.016663081085083884,2.181799654500293,0.003935657957262157
803,Automatic,0.8877869807512436,0.001001887777521911,3.9618321359332054,0.01869705586213095,9.02321748922969,0.013332506983353337,1.841432572090269,0.0031403580867810834
804,Automatic,0.875631572289132,0.0009859702183200364,6.141561464366874,0.04722744025098215,17.876879077828068,0.03881411311276625,3.7592617879605235,0.00967718643740256
805,Automatic,0.7832402990886032,0.0006652645140374516,5.339679806022929,0.03441337025093107,13.527757207180876,0.02606644672940704,2.558555578287452,0.005515835260796307
806,Automatic,0.8653498568743,0.0008651973184990761,4.61665426209625,0.025938834573112655,12.916865781977084,0.023706622791511443,2.635357366468713,0.005599921546889622
807,Automatic,0.8800282535612468,0.000977981758011035,4.213297142586509,0.02002427557066971,9.560046668457213,0.01394867386100301,1.9607197793726359,0.003499425563371472
808,Automatic,0.7921574086824348,0.0007195145745548842,3.8948818461734955,0.018592777176339777,8.19253668788997,0.010467586134801933,1.5084793099281726,0.0025135247964619425
809,Automatic,0.8373710791315975,0.000789714226583531,4.424884791100139,0.025330519621083625,9.61434004632757,0.012352059872886895,1.8988624389610187,0.0036589662592105645
810,Automatic,0.9985988108131344,0.0013254080360876207,6.542580848414255,0.05325499378092394,17.041796173653506,0.03642297960806189,4.0257420416745155,0.011171928901059102
811,Automatic,0.9506980181857865,0.0012242654607823966,4.63749350352901,0.025842724106025894,11.582855948920985,0.020742677883763477,2.5359582178596836,0.005105397162996416
812,Automatic,0.7995862025008592,0.0006962680066778426,4.2216368522874745,0.021859271427853433,10.750137350194873,0.01676940369644376,2.0397868828132832,0.0036961589036346304
813,Automatic,0.7496701565777592,0.0007021618878071593,6.1031318184057675,0.04652228897659142,12.441886666377084,0.022198734438182054,2.2686235990327073,0.00460923435959266
814,Automatic,0.795993625985343,0.0007175694947853634,7.450331655845296,0.06476749814978712,9.064121423163837,0.012992614413121608,1.7072281767359827,0.002978218470566526
815,Automatic,0.7825048442971173,0.0006829218505016005,5.4251107232574745,0.03865803979415991,11.17410063166653,0.019240293334652898,2.09904234263292,0.0037483204314484957
816,Automatic,0.8032806431902072,0.000673155441528842,5.616755558967308,0.04021174747275475,11.986832098642983,0.02269378536349141,2.336009738856312,0.004795357898825355
817,Automatic,0.8512904289192232,0.000836983700901067,3.9846695067911795,0.01936350124096931,9.161414735417218,0.012702341262374284,1.821971233626507,0.0031641757997102845
818,Automatic,0.9890510212765018,0.0015520153601164424,3.2489259238342116,0.014343368043587924,10.351893772061135,0.01637999281256449,2.3089206353924228,0.004498456036203777
819,Automatic,0.7966856302947065,0.0007337479208058123,5.967054120926392,0.047533955383115944,14.900423757114602,0.02967377301937408,2.868475188884512,0.006004826905113177
820,Automatic,0.8969900901647698,0.001014211235622835,8.437027921260677,0.07416543390853027,21.623943137800126,0.052163180221070055,4.6851366897133415,0.013585100188239895
821,Automatic,0.8190115632612524,0.0007383838004872832,4.77234549615552,0.02922694766505054,10.691078124079134,0.01695063439763708,2.0765057671550267,0.0038995959514348073
822,Automatic,0.8525040995158192,0.0008983468385843418,3.9596523930518033,0.020147502282918596,9.247991342937606,0.014361893505191556,1.8181765028537848,0.0031660333555381184
823,Automatic,0.786764813392978,0.0007189587821114226,3.3016060113117156,0.012966330115936965,7.630335887461925,0.009267015319542956,1.388984174732464,0.002356221140343509
824,Automatic,0.7816654376258199,0.000701326336475827,6.061700509867392,0.04666793916511426,13.388261068248125,0.025487474888237653,2.532587603603405,0.00493171116918657
825,Automatic,0.800169986061207,0.0006996918268417451,5.127363920095129,0.032296433651914896,11.12549706032381,0.018090463484823457,2.1357752424701246,0.004313978398660951
826,Automatic,0.8592858669759365,0.0009260417906888951,3.6484721453786424,0.015260793581355826,9.577396455269081,0.013625292271382287,1.9205075055215453,0.003459759531547772
827,Automatic,0.8658875786999958,0.0008952753714885222,4.016076216297406,0.01947618534552216,10.015805133734393,0.015759737267689013,2.0129401767080966,0.003627095067627349
828,Automatic,0.7878155740432501,0.000746642275093309,3.226639793498394,0.01374411783341014,7.079208373547053,0.008748561097462085,1.2771762781786915,0.0022923597971796507
829,Automatic,0.721773954528491,0.0006828224186185886,6.12903586270984,0.04388787497263187,13.27293016554571,0.02445526350146413,2.356865887410616,0.004872148280449968
830,Automatic,0.8327794549417222,0.0007906288759988122,5.356640030061681,0.036854387051979305,11.798288403179942,0.020430813258875476,2.33389431982892,0.004863958439059298
831,Automatic,0.7701343624558826,0.0006813072906042145,3.391023113152637,0.013162335699328294,6.982156731315026,0.00962874660542526,1.2695756553994701,0.0023011785336664076
832,Automatic,0.9910786649102113,0.0014482336380355725,3.7410795517072133,0.015171149606064372,10.265172227010135,0.015204023181939705,2.296166710001109,0.004510232799914957
833,Automatic,0.7394677134420274,0.0007421276510684076,7.355269119350485,0.0640494695577912,16.17580737875624,0.03174433138714235,2.928406586357757,0.00613514487602144
834,Automatic,0.8441823008338805,0.0008619474556639539,4.151070906377009,0.01943363297663221,11.129419351681694,0.01898074284237734,2.205596122876317,0.00443873807915107
835,Automatic,0.9662565063337979,0.00144329705738453,4.279440283081409,0.022846017764766597,11.656204994617127,0.02079760171495717,2.594181224975602,0.0052874132974235055
836,Automatic,0.8474987557429764,0.0008362044749803476,4.400056003139918,0.02330529400365545,10.84146955363236,0.018276756358708023,2.1538526476541984,0.004296533462368599
837,Automatic,0.7949943222098572,0.0007484323583600709,4.627013082360539,0.02648208876134264,10.536437615506403,0.016375309868709432,1.9881661835846183,0.0038029446262704113
838,Automatic,0.7584121298786656,0.0007152113799890378,4.429611206762514,0.024288948318678106,10.118884951522931,0.01598084304551912,1.827488323979151,0.0031010449838073575
839,Automatic,0.8234555814872773,0.0007519575501529118,3.8332185884806798,0.018905969439940738,10.16038880181905,0.015523590450415752,1.9632636303357922,0.003593884639513329
840,Automatic,0.8482405587157017,0.0008520740242898917,3.7778009351400725,0.015643004168870555,9.661293675887398,0.014051076459333879,1.8992491469822033,0.003327877420594214
841,Automatic,0.7445400243243419,0.000696490586664773,4.338876505314062,0.02326010518916755,9.53262636249503,0.014281025038260817,1.6827636442529095,0.0028015456283031538
842,Automatic,0.8415119153725256,0.0007789010627222953,6.153301289563133,0.05008837097686746,16.585351191690556,0.03535143183707489,3.387649355808374,0.008216447404318287
843,Automatic,0.7622262062793995,0.0007568274494241915,4.489682719246803,0.02485433537690593,10.672381108697111,0.017667558788194197,1.9633498593167937,0.003926410363343717
844,Automatic,0.7803467990951052,0.0006781069451313056,13.02679139893093,0.14891011967637915,18.049634223000343,0.04175880554701043,3.60347702936913,0.008418018994857746
845,Automatic,0.8807717946017856,0.0009499528475592549,11.79777548804264,0.12646936427963837,18.6911261892603,0.039689811348605844,3.982097319135053,0.009703216583748868
846,Automatic,0.7483058208062594,0.00067741887315417,5.371556705443892,0.037506994347778745,13.164016218773476,0.02414636313857443,2.378339239678165,0.0047514004196479494
847,Automatic,0.8680078333342169,0.0009546028558056873,13.162165646032282,0.14434082682827343,20.1341567276244,0.047757583324854615,4.270225021959946,0.010751608242056234
848,Automatic,0.9029496738819014,0.001093844942019954,5.237622444587447,0.03205998589598798,15.015417406327346,0.03076286269371317,3.2465537136339098,0.00755899056672092
849,Automatic,0.8553579104724582,0.000869234067697074,5.177572075967543,0.03597271557345001,14.371732353479873,0.028220185391507602,2.935850500258527,0.0068265462915439385
850,Automatic,0.8269286270746721,0.0007656592830582421,10.115948493590764,0.10006704991070423,15.292275609313128,0.032488194035957374,3.051140095262047,0.006994072295666678
851,Automatic,0.8918052667689718,0.001011585201062413,3.6498441520702483,0.01631044873050886,10.520515371140545,0.017419491993821628,2.170676266769009,0.004063914424342551
852,Automatic,0.8266608375772575,0.0007984651710607818,7.352125999770242,0.05825521094746998,14.097363180996501,0.027233269947377674,2.7921410444809123,0.006369632095395548
853,Automatic,0.920675183812444,0.0011191462756770453,3.3322848277090875,0.01449478585481307,8.598292523954843,0.011358457394877595,1.7825431034089625,0.003162480389335129
854,Automatic,0.7687208192863834,0.0006700974568116998,4.526881488930124,0.023370357547768266,10.01157182398059,0.015721979174772843,1.8201223643418116,0.0035721332627226734
855,Automatic,0.9405876211466864,0.001194369221605841,3.333636570563305,0.013457680347793287,9.32891066562496,0.01232120351355024,1.987405339393297,0.0036445888498832786
856,Automatic,0.7875516489363299,0.0006826535873762848,4.410368668710029,0.02234018141562924,9.869907089543325,0.01509126901303229,1.8366421099628025,0.0030445863315343795
857,Automatic,0.6831251866425384,0.0008438025272832735,3.5412746690163184,0.014579562555878169,6.970519284526933,0.007869300984051296,1.1193871852709594,0.002224691314570062
858,Automatic,0.7010310184801256,0.0007560640322971807,7.7539058373213114,0.07226305880724782,16.36870973708849,0.03403427934093146,2.8286278596641514,0.006451547916545092
859,Automatic,0.7031128384528087,0.0008451048946696106,4.039365622597777,0.01943731837428182,8.234645492044441,0.011521621199890893,1.3782947210458183,0.00242394629585528
860,Automatic,0.7287098823186118,0.0007278812486676931,5.692782487463725,0.0414627069625041,11.2676051139362,0.018622981635796555,1.9741384489024953,0.0037755322580983438
861,Automatic,0.7391462588772736,0.0006882686755649981,4.755126868990954,0.027750940909149528,10.36517013061611,0.01621192706085134,1.832834977357758,0.003368516991690926
862,Automatic,0.7799350460010059,0.0007469309177386122,4.297555661668312,0.022955404313742395,8.578009428128272,0.011618372040376336,1.574580881379316,0.002611121138652952
863,Automatic,0.8062072162212236,0.0007333080508715923,5.294919592813266,0.0330121706260862,10.841180314220102,0.01731470016601887,2.072658228121148,0.003899308521805942
864,Automatic,0.6858929881368943,0.0008726904768422816,4.333558545045694,0.023869615220216273,7.336123983204454,0.009966304390369654,1.217511723720609,0.0022130921926319254
865,Automatic,0.7937615213590846,0.0007538450747019813,4.566952043162413,0.02496094090897314,9.069100027054082,0.013120477563472087,1.6890807108773491,0.0029113592583909654
866,Automatic,0.8344470748549625,0.0008171075803439601,4.0829700961096504,0.020744651651392575,9.08588970140988,0.011997672185417496,1.7670071167654595,0.0030405765911630635
867,Automatic,0.8364246733494467,0.0007388625776821285,4.318927666911026,0.025522909180672976,9.943564849062799,0.01511168669624937,1.9398671599510418,0.0032605048138750225
868,Automatic,0.9243527204657181,0.0012561569844375784,4.360891938739012,0.02330025389685124,10.319739681437532,0.015945969534564893,2.1989174861253344,0.004283202590604311
869,Automatic,0.7716275310006123,0.0006704313888088049,6.760786244501975,0.05357849945171895,14.761696040167498,0.029456262767003357,2.768053650041682,0.006073038494830858
870,Automatic,0.6501207616725954,0.0009321953813016221,3.0162891302870465,0.0131726097353902,5.145868102228011,0.010203962530271837,0.7891238722938241,0.0025723543702872924
871,Automatic,0.6969067796358256,0.0007690404134338952,2.2718132930982637,0.01681995907746016,4.1887104740741234,0.01201552280913402,0.6586222244553102,0.002891383368926166
872,Automatic,0.7272952055262842,0.0006802282315443409,4.934808921824375,0.02979368585009059,9.94679928939432,0.015098158494691722,1.7438219039257208,0.003153677083264804
873,Automatic,0.7349176858504426,0.0007796292324859721,4.593664196792562,0.026258570185007015,9.279863752404555,0.014160470278724429,1.6417568781726766,0.0029300151783454103
874,Automatic,0.804016198644451,0.0007707592872857902,5.596171497584941,0.03774986014793951,12.742866280506265,0.023276685505702943,2.4871250451618305,0.005544215699260463
875,Automatic,0.8221093006035006,0.0007457361082972063,5.406169236890743,0.03485177997850505,12.169995202989817,0.021666297962186574,2.375588960116174,0.004765496128651516
876,Automatic,0.7627108709970138,0.0006689713246953831,5.221640079612863,0.03701466403863666,11.019226083103181,0.017547265728981593,2.024604014167126,0.0035918500215023096
877,Automatic,0.6971160372224972,0.0008185014789063767,6.990834938322535,0.06019137650995325,14.136467049309285,0.028082424131243188,2.4130114604748596,0.004967357276910625
878,Automatic,0.6821964212859188,0.0008545417553843842,5.839151188718011,0.041740514237708054,11.008917131381613,0.018620644015370807,1.8719996518296742,0.0033521299285496522
879,Automatic,0.8363704774653781,0.0007752359038000732,5.943659517522144,0.04700299199825773,13.659551508085409,0.02615271899788003,2.774531697409648,0.005808689367682903
880,Automatic,0.7285063577746399,0.0007698365265469865,5.51555271637743,0.04059424654878042,11.388526724374888,0.017707542475059103,2.005002399549057,0.0038081118928090223
881,Automatic,0.8947877423369559,0.001001021338512909,4.756391894665294,0.029721260817475392,11.008043059983207,0.017547663184019468,2.297205802013169,0.004324941338296962
882,Automatic,0.7141746477144539,0.0007698303311049712,3.5905688214232745,0.016063897288164822,7.570491381378566,0.009012488821769212,1.2730611346975313,0.002293575719345799
883,Automatic,0.8629703617833936,0.0009109115503798743,6.517906667473235,0.05520623603078435,14.683784612049676,0.030143740650897394,3.039071975288011,0.007426764780652887
884,Automatic,0.8765255012496617,0.0009833366650955039,4.1528936279684645,0.020285625989517463,9.296921849706235,0.013950778794886046,1.8845207678339324,0.00345463135988167
885,Automatic,0.8276902239857249,0.0007653750764182263,4.926635573029109,0.030236285781610125,10.469546183472808,0.01698025754088787,2.0528405815704667,0.0038372986815865978
886,Automatic,0.742440438252751,0.0006984340304896401,3.6279551187494934,0.015732994746130213,7.649388367543178,0.009548675381990853,1.3216225335477676,0.00215871644177402
887,Automatic,0.9273737326990117,0.0011497789614306488,5.014072973217318,0.03090073017894172,12.54008509829983,0.022295036587897728,2.709566737412572,0.005750543400368595
888,Automatic,0.922501798279452,0.0011983970445972303,5.371387254942746,0.037484649756412594,12.676840747979114,0.0220597730339141,2.7466036169069104,0.006195659298803784
889,Automatic,0.8970152786923369,0.000971576081895928,5.475907435233592,0.034527280564955916,12.440501757326409,0.02251006767826601,2.6219408893193825,0.0055129665499820775
890,Automatic,0.8859275341326746,0.0009294816991571336,7.269582055165909,0.05866015297951462,15.994496616108941,0.033010076296125485,3.3950377148186,0.008055587151442252
891,Automatic,0.7750926136191197,0.0007121978042551922,5.370664787896716,0.03400709757619179,13.147263588510391,0.02451122686639693,2.4484119759498113,0.005251018126804313
892,Automatic,0.758052556713345,0.0006778881971418197,4.449230958298447,0.02472670598223991,10.432706592498453,0.015846340550112727,1.8946959488324697,0.003253292932044941
893,Automatic,0.8158162697404907,0.0007471858836391172,5.675822685257115,0.03940857285887903,14.642978937199873,0.027937717307867278,2.868754045194996,0.0065996950075657545
894,Automatic,0.8589038787748445,0.0008615031094627231,5.597601471831684,0.037582617340425326,13.72111291256629,0.0243788925729827,2.8062069474127913,0.005666794489800947
895,Automatic,0.6724782925396309,0.0008929545082892379,2.982543289398387,0.012663058084945016,6.326932399137864,0.009532993869614335,0.9952128130748872,0.002231425033445864
896,Automatic,0.7084953248449519,0.0007492839397602098,4.960517380546362,0.033600770543846026,10.895285972336573,0.017676526726284968,1.8733547475297108,0.003335076255064176
897,Automatic,0.8345214498811673,0.0007891651548485311,7.18974894577145,0.06352610261708666,15.928154787168902,0.03363230002444339,3.205906731237253,0.007504432548081623
898,Automatic,0.7042091541212687,0.000826569775302425,3.003815913461006,0.012221850548817182,6.418401200876615,0.00947656193104705,1.0489397561956586,0.002354124091284233
899,Automatic,0.8137227996079762,0.0007790934436775911,4.335933667697852,0.023789348522792558,11.039999283799498,0.01775970983551086,2.1569741471703163,0.0041822654343371376
900,Automatic,0.8161986931420407,0.0007769677472624814,4.393533642591976,0.022536079709400962,11.792027349907302,0.020137096940602155,2.289797858662369,0.005002518386144114
901,Automatic,0.8940859828989588,0.0010517808550857565,5.856104839662816,0.044801272760523744,14.04061913441601,0.02660283656888891,2.985478730731931,0.006670593894094459
902,Automatic,0.8891771572235163,0.0009853946478516399,5.780164172396185,0.04399630425838708,13.984094696062536,0.028190589166075405,2.944476274469378,0.00652754359484995
903,Automatic,0.8944671468695082,0.00103233001063806,4.60303061061109,0.026786398134101375,11.087728499059173,0.018872267892488213,2.318233891192714,0.004531719364165242
904,Automatic,0.7865123702077838,0.0006787806244335358,6.795462625744519,0.05251943185850758,14.171852283316369,0.02894377020770899,2.6914166219978832,0.005792135135006849
905,Automatic,0.8481779465747915,0.0008391839953318012,5.28705856081118,0.03571026284321196,14.248404712183543,0.026424831142759432,2.8931617507354677,0.005831780011674754
906,Automatic,0.7542109018432198,0.0006955156180125037,6.662629346206442,0.056393895966510205,13.411050506245218,0.0237771382184818,2.4497688765626195,0.0047910028600559006
907,Automatic,0.7932919005537379,0.0007390640993883341,3.8315570273309976,0.017960007456898696,7.975125425175814,0.010569618198425734,1.4678377235336286,0.0023603787865354446
908,Automatic,0.9851626651154544,0.001574125597650449,4.997234510463211,0.03125355420624711,14.434060940298343,0.028024673929518216,3.3212939543992204,0.007421260548553981
909,Automatic,0.7658204327250091,0.0006848598743728812,4.171580971172629,0.019807625488416587,8.565881358603068,0.011551262800993764,1.5364636430606387,0.0026994141777116516
910,Automatic,0.788682895970856,0.0006718293966359589,7.072457858825828,0.057258894097641753,15.29726122424043,0.032728114651008625,2.913299455914681,0.006245695589157828
911,Automatic,0.9171777566097151,0.0011706970224528563,11.910055342785663,0.1330306547747847,31.354408583197046,0.08649638592440849,7.05126193752816,0.02137286994435181
912,Automatic,0.7437456587744915,0.0006818937015435315,10.576932557854903,0.11118517164945396,21.543604850531157,0.055405683881189084,3.953866843466192,0.011164823203718277
913,Automatic,1.009704002694377,0.0015129771446627885,4.006702395247935,0.018859161231141456,10.821179885797298,0.01686585094566942,2.472437444741672,0.0049456059809953315
914,Automatic,0.8789338880904424,0.0009882536931817615,6.783228165105116,0.05621028065867931,19.10516218874625,0.04575108578213273,4.085048272292759,0.010884471049492507
915,Automatic,0.8834999909430975,0.0009972804101127158,5.985157769163229,0.045565689222829754,17.27074445021195,0.03990111157667868,3.658913513379973,0.009030670162428693
916,Automatic,0.9389502693644932,0.001170556899564035,4.429509006237753,0.024584265087233954,13.447169128936096,0.024689906611580808,2.975038615742886,0.006175063018576436
917,Automatic,0.8842792858523135,0.0009790272197655943,7.30483619309173,0.06591731290718783,18.00314388425555,0.03871932775669495,3.831869245913653,0.008968915377057823
918,Automatic,0.7137770805116811,0.0007546361240591236,3.713083158344978,0.016476590798219212,7.002811458542515,0.009301749075026485,1.1717867637841477,0.0022595825570395733
919,Automatic,0.8979692983910027,0.0011141664394753027,4.078001688318907,0.02104605667033674,12.031083190414176,0.01952997217929767,2.5302149669446323,0.004912276690995275
920,Automatic,1.0053482284938942,0.001474674756889745,4.021220441898031,0.020834232576821793,10.146502233193509,0.015037643836186491,2.3006374176850724,0.0048070552550219785
921,Automatic,0.9614755917277661,0.0013860452279400607,4.403282663191027,0.024614970095093516,13.239939727057422,0.02296141702586166,2.9754099284557594,0.006343339447554867
922,Automatic,0.912792221960691,0.0011090997529838325,3.416469509520816,0.013090111931746855,8.469436406074633,0.011421946680556629,1.909058281414034,0.003291614192752419
923,Automatic,0.8478395784135178,0.0007754517189050345,3.4465788711724246,0.014881146459223732,7.8464873383083695,0.010195602888043689,1.5110761431099695,0.0025493812266981007
924,Automatic,0.8827675612890098,0.0009495115170212548,8.164998385624417,0.07696134753445784,23.37538489523186,0.052075608646660804,5.035561960577717,0.01396302711938696
925,Automatic,0.8985992122487938,0.0010300272300976534,5.240383842359053,0.033435797718044225,15.22791601939547,0.028875626732842618,3.2533951503488243,0.007863110895695927
926,Automatic,0.9012061616497615,0.001057524254815964,4.227478905551208,0.021749478984128573,10.562263540723373,0.01721518129423691,2.201095947846656,0.003914914758440799
927,Automatic,0.8636116001947682,0.0009112683631115167,4.911466886196537,0.030611556096619634,13.377920177783912,0.022818473232828845,2.755069433185586,0.005823235201426357
928,Automatic,0.9860623474680363,0.0014568506350081118,4.301729870295524,0.022479239762784813,11.988177084169108,0.018838071100749438,2.717252848572943,0.006137815050057298
929,Automatic,0.9144018407737335,0.0010689364394911168,4.4676605307845785,0.02252383557595954,12.936612538728793,0.024105102943626645,2.7764368666035235,0.006298558329638788
930,Automatic,0.9709539321689621,0.0014336138425935967,6.103112764013862,0.04483261326327728,19.11576523600072,0.04558644434550938,4.432245604750955,0.011269995417939539
931,Automatic,0.9447038470552969,0.0012623935273407753,3.859367493723472,0.017594722534993886,11.12336354992736,0.018926522131373927,2.4650474317439057,0.005001131565447205
932,Automatic,0.7656480358419442,0.0007139414709450627,6.087424490018548,0.04472807596658144,13.491819350512035,0.025870516903430743,2.5092281863876296,0.005218806158747802
933,Automatic,0.8171388903954419,0.0007364184729337894,5.477404217186515,0.036377452124327046,12.958403094653876,0.02285738446145371,2.53245056226045,0.005439111655842463
934,Automatic,0.932800258798489,0.001228365798477827,8.686090770225702,0.07623126886565833,23.470944009182606,0.0542082621673437,5.35524644881804,0.014952925839633797
935,Automatic,0.8833916338576269,0.000826735251283819,5.5984070167392455,0.04004431971219227,15.999391276634903,0.032367441972911644,3.3772228767763406,0.007585273465684698
936,Automatic,0.8097199968209406,0.0007062720853245187,3.1482580346595253,0.014186916562386161,7.732891379172484,0.010325350127111053,1.4424823955994661,0.002442047381425222
937,Automatic,0.8873365141810279,0.0010313245083704938,4.948164983446697,0.030902126111610886,12.21146091070498,0.021592529180455497,2.5535682234424417,0.005105779717561816
938,Automatic,0.9015865138359695,0.0010466642736051122,3.6645140745130464,0.01648609163643502,10.010915990669757,0.015055966357846746,2.1018829378893913,0.004005939986971363
939,Automatic,0.8425388550936136,0.0007774266194504936,3.0260205104602518,0.012681599964975492,7.5692645313442535,0.010113920542952282,1.5202936143913826,0.002710649725222185
940,Automatic,0.9897102080939727,0.0013509406574377819,4.946649934886711,0.03156965610179603,14.239390052218708,0.02820623910342202,3.305074782292256,0.007537481970806495
941,Automatic,1.014874590924526,0.0015191562232622193,4.390682098905986,0.026475879944948145,12.915066174873571,0.023564196931271524,3.0128741688104292,0.006809390747166446
942,Automatic,0.8813700740085125,0.000995622914135839,4.471034457215783,0.025360991191126222,11.03894437709887,0.01816395391173066,2.2875408126839334,0.00427072579335738
943,Automatic,0.8910589608466455,0.001023660955126349,3.9701349997206563,0.01853794786815304,10.093785638307898,0.015729665610705157,2.10148166759044,0.0039457012671744625
944,Automatic,0.9934820800068602,0.0014732119236299664,4.325108029419309,0.022857356825158524,12.58820072181524,0.023175607867374822,2.8854235063441145,0.006199201589474141
945,Automatic,0.9280893923213684,0.0010424640973545108,3.36575360708327,0.013484134394696687,9.392679909446205,0.013056069303005654,1.9835933803375931,0.003943515662912293
946,Automatic,0.8575491412921976,0.0008831928364950629,7.405448981553897,0.06305966823713516,19.47262132866577,0.04318472463725529,4.042904434677788,0.01011797096057467
947,Automatic,0.8609889041333165,0.0008490886672421024,9.064316071603313,0.08631696268475594,14.072710276174869,0.027149626272226095,2.884272084249408,0.006884242409882716
948,Automatic,0.8600863347964239,0.0008789188065610636,3.881110256207682,0.017507339706980027,9.58610153706857,0.013959438442987705,1.9041041362036397,0.0032049826946085242
949,Automatic,0.9060164790719504,0.001046250320884042,3.375454735791169,0.01494487244090129,8.462365980584721,0.011599305880429761,1.7387707179733,0.0030260585830846043
950,Automatic,0.9607992780064664,0.0012726736663449267,5.183294006229959,0.035376197145249255,14.817408070887232,0.02817161687872128,3.3415974643373185,0.007563677528786605
951,Automatic,0.9499539666498894,0.0013121609791465,4.923266410421307,0.032567264396206504,13.548341410710089,0.025702434559633454,3.015844732500714,0.007184024486488063
