,Unnamed: 0,Day,Strain,Stage,Length_mu,Length_sigma,Width_mu,Width_sigma,SurfaceArea_mu,SurfaceArea_sigma,Volume_mu,Volume_sigma,SV
0,0,Day1,1060,Exponential,4.30693659501997,0.021012568133073,1.0496528771295142,0.0017258164808573,12.339408356130953,0.0199225978628294,2.989026845623424,0.007210605980556,4.128236042509451
1,1,Day1,1060,Exponential,4.064991211088085,0.0179072365496965,1.2191199576042142,0.0025506538425233,13.735258611892924,0.024879725994109,3.7161926039524857,0.0091732679997293,3.6960567106463516
2,2,Day1,1060,Exponential,4.35862109223646,0.0225253836682678,0.9090962343331292,0.0009987063595604,12.282470393747667,0.0222954982399179,2.616554595390049,0.0053859458209139,4.694138779059843
3,3,Day1,1060,Exponential,6.144086616674155,0.0480459628844569,1.1049417257846796,0.0020197862996681,18.965629435954217,0.0423307926346674,5.080224265262874,0.0147511836787564,3.7332268115869973
4,4,Day1,1060,Exponential,3.626380524723914,0.0156435946863147,1.0512810381644784,0.0018190956410025,10.317471049071436,0.0153658146983564,2.406563515434102,0.0050200903376206,4.287221585011998
5,5,Day1,1060,Exponential,5.046805400059711,0.0345928021599612,1.1753800097442058,0.0025002255569402,15.819092680622909,0.0345606830273413,4.3708477682349915,0.0108861529241954,3.6192275547978823
6,6,Day1,1060,Exponential,4.604666715570505,0.0255544288073239,1.0613551581238152,0.001770416946624,13.71309614590644,0.023824815847918,3.382397464372473,0.0086324027476518,4.05425331894003
7,7,Day1,1060,Exponential,3.6559773863925566,0.0143123934282289,0.9592645120075955,0.0012801950014438,10.788515652009828,0.0169387954455376,2.36958296006109,0.0050374629293592,4.552917468537033
8,8,Day1,1060,Exponential,5.466510321326415,0.039858532816901,1.3629660583231056,0.003663343376686,23.4516929917929,0.0577541884566961,7.512084024650688,0.0224025454044811,3.12186244387534
9,9,Day1,1060,Exponential,3.4149146151375853,0.0140795067436297,0.7241492242183358,0.0006797075967845,6.671024321201915,0.00923539951738,1.1951953064253025,0.0022186624951326,5.58153490508109
10,10,Day1,1060,Exponential,4.519507400044094,0.0258221148167369,1.2334073308769014,0.0027890749240052,17.333416125037147,0.0363873017432704,4.8736332554843536,0.0130175191647015,3.556569650687536
11,11,Day1,1060,Exponential,3.47598461103139,0.0150844478696918,0.9791721137829462,0.0014507369538263,8.605853484896294,0.0106254057652734,1.8738447101486353,0.0034971376256573,4.592618288104391
12,12,Day1,1060,Exponential,6.789338868022189,0.0547572922260772,1.2698189803445623,0.0031548390171978,25.252430841156073,0.0687285484688226,7.496146766929449,0.0213025859269372,3.3687215080368422
13,13,Day1,1060,Exponential,5.066749446648138,0.0328593008044798,1.0321473030992472,0.0017957848730209,10.759970420839185,0.017070416176654,2.520664421128964,0.0054040211953489,4.268704049077652
14,14,Day1,1060,Exponential,3.8175679054194496,0.0158001659651202,0.9684935583223409,0.0013763328873815,10.730853113346797,0.0164444027687767,2.5527936266947373,0.0050427427909033,4.203572510183954
15,15,Day1,1060,Exponential,4.116761696338082,0.0214642462343916,0.9661615682996756,0.0012872785198539,11.155628038727173,0.0175901103955105,2.489272334454495,0.0052147406803482,4.481481549575749
16,16,Day1,1060,Exponential,3.831425831158046,0.017989749159128,1.064008434734166,0.0018106685685714,9.850715635071314,0.0139725604555599,2.523345174818158,0.0048633710061633,3.90383199784833
17,17,Day1,1060,Exponential,4.774836142584209,0.027897315623796,1.2555150822082664,0.0030642213706718,17.857688650887823,0.0429744537547037,5.115763017708534,0.0139464101265327,3.4907185084751418
18,18,Day1,1060,Exponential,6.611991854941182,0.0543324381628488,1.0740549831804045,0.0019744365199742,21.143348398675357,0.0554793668244603,5.538217974073297,0.0159326655525107,3.8177169077952815
19,19,Day1,1060,Exponential,4.753487681185703,0.0281609939014839,0.9368824494622005,0.0012441415228753,11.701107907634237,0.0188862476377444,2.655417365083601,0.0053340022999967,4.406504251080639
20,20,Day1,1060,Exponential,3.885757166715855,0.017369793134789,1.1092172168783136,0.0020434192936044,11.33698666922412,0.0160176582645132,2.8012588259990245,0.0059842676539881,4.047104310391941
21,21,Day1,1060,Exponential,3.8105682999092902,0.0195687284511631,1.1102218995835047,0.0022855999602096,12.089804104606358,0.0206551237544864,3.0221644398133516,0.0067693966665416,4.000379312699815
22,22,Day1,1060,Exponential,2.6113753128960724,0.0139153467538007,0.7278896158784994,0.0007068729270168,4.45415804767433,0.0107838277595359,0.7337033937162671,0.0027570621818417,6.070788394631322
23,23,Day1,1060,Exponential,2.9874592975486904,0.0131760814803765,1.0959626311958348,0.0020594437899935,8.489398904864597,0.0113914966493444,2.0462424199826676,0.0039788092952189,4.148774759999602
24,24,Day1,1060,Exponential,5.692523462831966,0.0434424069840731,0.9578985157957648,0.0014053046422518,16.009557904013423,0.0324032036513664,3.968469554608848,0.009876653484416,4.0341894233308295
25,25,Day1,1060,Exponential,5.655129374060486,0.0398414263119336,1.0688125430019293,0.0017469639391355,18.112890959679167,0.0416807269693055,4.640149746964478,0.0127218761343773,3.9035143147111513
26,26,Day1,1060,Exponential,4.628753700348607,0.0229543404522632,1.0609953226835378,0.0019692091051629,13.657581971080363,0.0263160220165589,3.3464711099911155,0.0085109652172795,4.081189265404004
27,27,Day1,1060,Exponential,6.221552823107592,0.0457478274790804,1.364185751804342,0.0036816918675469,26.069608163051477,0.0681712389815596,8.245096174744932,0.0236583729756938,3.1618319071769907
28,28,Day1,1060,Exponential,3.791921215717621,0.0187191443261163,1.136855498018034,0.0023163494157807,11.1641997831607,0.0169442839793628,2.9525567169525555,0.0063339953415469,3.7811974005646505
29,29,Day1,1060,Exponential,4.943129127119341,0.0327693013255682,1.2332162623605445,0.0028358754553989,16.904087025476848,0.0361244005433497,4.771662399470277,0.0135058690617141,3.5425991217135233
30,30,Day1,1060,Exponential,5.694607595568102,0.0383201555705646,1.1506400468261946,0.002248289198664,17.362011602896605,0.0397691650441369,4.61076529033152,0.011808306078903,3.765537933432359
31,31,Day1,1060,Exponential,4.743152757279186,0.027045534605642,1.0706979889354655,0.0019554721395176,13.742617970146055,0.0291902918474849,3.4353255077161293,0.0078532338512702,4.000383061016659
32,32,Day1,1060,Exponential,4.77304530038931,0.0267638860902433,1.1938830800885971,0.0024380187226142,15.334582387358344,0.0335238139226471,4.122291405098041,0.0105945306753655,3.71991712385836
33,33,Day1,1060,Exponential,3.552627127037432,0.0143391677108875,0.9611053083895564,0.0012799928690362,9.077016694260116,0.0131528117625143,1.971219945514776,0.0035704509610655,4.604771129124147
34,34,Day1,1060,Exponential,3.3045892147187588,0.0134553147038348,1.1195760090553195,0.0021806664755756,10.748041016199355,0.0167588805148301,2.649022870766889,0.0056416973377513,4.057360596923729
35,35,Day1,1060,Exponential,5.238473612635906,0.0343070407612108,1.0547980443940763,0.0017708903090574,16.104271535286195,0.0315211760933631,3.949203804620588,0.0100982908330779,4.077852734883957
36,36,Day1,1060,Exponential,3.562380970509009,0.0152432241559984,0.9891331333729336,0.0014254237541421,9.041759082867491,0.0129720501880517,2.022404410254534,0.0038688681009042,4.470796759056474
37,37,Day1,1060,Exponential,3.88140044904135,0.0166177156868084,0.9785492168403664,0.0014692004076463,9.975038376528758,0.0141650863825413,2.2015972420100516,0.0041687528852923,4.5308188919339205
38,38,Day1,1060,Exponential,2.8689367011455262,0.0119802341000842,0.9005805937092611,0.0011097957088816,6.378125087579992,0.0089092517778665,1.2832835257048991,0.0023563818948501,4.970160498301831
39,39,Day1,1060,Exponential,2.2681000835609284,0.0169181650352314,0.7252505361474141,0.0006892870280832,4.897389286791682,0.0103324887956593,0.8034965058777496,0.0027198155300244,6.095097179597207
40,40,Day1,1060,Exponential,3.793524628151814,0.0162144887039669,1.0751971473996604,0.0019323697581293,11.746699676628795,0.0196905697943359,2.919488776586306,0.0062604714301754,4.023546783544739
41,41,Day1,1060,Exponential,3.220357564645495,0.0131705029201315,0.8795144888448599,0.0010024178382079,7.771962638747574,0.0100945866658089,1.5462389137978618,0.0026469704700865,5.026365957676056
42,42,Day1,1060,Exponential,2.6326520604937302,0.0131434823442512,0.7965974405242132,0.0007082282601831,5.333274008364244,0.0096482539994495,0.9686509949537616,0.002327418143024,5.5058777992777745
43,43,Day1,1060,Exponential,1.858165384973094,0.0210803350913507,0.8558790026073204,0.0008910366614103,4.06731405644139,0.0120110921420935,0.7077134192398267,0.0028795864546949,5.74712015607984
44,44,Day1,1060,Exponential,2.3622711222434973,0.015308182806785,0.949525785175663,0.0012699519432416,5.670034445085121,0.0094237584174586,1.1420947516509723,0.0022801789557684,4.964591980559159
45,45,Day1,1060,Exponential,4.02991199185015,0.0202541107147002,1.0916563126623722,0.0021417531533549,12.083936650019902,0.0205200847959735,2.989000985356776,0.007047766842822,4.042801159725121
46,46,Day1,1060,Exponential,2.2248029994463825,0.0184054775444347,0.6860342666834793,0.0008509528204916,3.754908589999382,0.0120917095564645,0.6179239482837197,0.0030431057768992,6.076651666323372
47,47,Day1,1060,Exponential,2.4811918835772726,0.015542379688393,0.7921833248403123,0.0007258914166099,5.114130982451721,0.0098976221069854,0.8885287851023852,0.0027945620020688,5.755729097580581
48,48,Day1,1060,Exponential,2.435191464937861,0.017050875754203,0.5311890044845134,0.0014755996129245,3.4778177736253513,0.013671370917844,0.4302801126246559,0.0033512850503157,8.08268305130602
49,49,Day1,1060,Exponential,3.25546790192659,0.0140695518977968,0.9819669726001864,0.0014353363451034,8.198136455480341,0.0109152993433348,1.77251455949631,0.0031766386163545,4.625144776136553
50,50,Day1,1060,Exponential,3.7209006123832062,0.0165782542848305,0.8991248602622868,0.0010787278646908,9.253951338091223,0.012372835921672,1.9277578891896652,0.0035585633052022,4.800370103520173
51,51,Day1,1060,Exponential,2.7808703496526386,0.014080469217453,0.9270686088555864,0.0011559277711298,7.02456718493005,0.0089356367313564,1.4715033067328307,0.0027540563775552,4.773735235788665
52,52,Day1,1060,Exponential,2.021287725523062,0.0190626780139674,0.6647832065010371,0.0009425975568223,3.173183875598064,0.0146839994139825,0.5670466452758296,0.0033872750244046,5.595983861353286
53,53,Day1,1060,Exponential,3.412588305997681,0.0146941306799585,0.8428516320286614,0.0008040433208226,7.388540894817421,0.010188316899969,1.5150855037601387,0.0026690330008205,4.876649454093873
54,54,Day1,1060,Exponential,2.8574454762700108,0.014087920377484,1.126319435551134,0.0020971962290529,8.970713625340059,0.0124102362632783,2.230254791777834,0.0043121253212685,4.022281964559354
55,55,Day1,1060,Exponential,2.4335973974460345,0.0160415612836459,0.7652385688750296,0.0007303107612281,4.373383521423256,0.0114432217091227,0.7582133925581181,0.0028482546971778,5.768011438927505
56,56,Day1,1060,Exponential,4.043652855651594,0.0207042570147808,1.078563275508857,0.0018477903901075,12.72413332732926,0.0239524901057275,3.108809921074185,0.0074647486666076,4.09292740642461
57,57,Day1,1060,Exponential,2.9358607210498575,0.0138963000697213,1.0897437261545533,0.0020069438163027,9.171419446424432,0.0127958943843955,2.201436589793438,0.0042396884160059,4.166106572837963
58,58,Day1,1060,Exponential,4.341420003184367,0.0214513491211099,0.962899008586836,0.0012437094860743,12.763254425035244,0.0259696614222898,2.8756918052746183,0.006362624542943,4.43832485860438
59,59,Day1,1060,Exponential,4.780079909367193,0.028369314812063,0.8129546240886302,0.0007808440283382,8.698816511084614,0.0114318248312534,1.6437867152007388,0.0027488441183095,5.291937470137247
60,60,Day1,1060,Exponential,3.784766742559982,0.0164698625885503,0.8319547019497708,0.0008054365682537,9.638027836234825,0.0135897388052938,1.86573106958554,0.003219209355171,5.165818371870631
61,61,Day1,1060,Exponential,2.60566403438082,0.0143198986430206,0.9641732003708952,0.0013802231920054,6.300444502525126,0.0093965682445629,1.2991863658276266,0.0022429609020469,4.8495309589487
62,62,Day1,1060,Exponential,2.2649100823375727,0.016552582362401,0.6956478804414475,0.0007804698840466,3.751908365719096,0.0135408403273603,0.5795532753322498,0.0029360673223613,6.473793739787218
63,63,Day1,1060,Exponential,8.24199801556976,0.0812586126572605,0.9444163364762826,0.0011747968994729,13.113639345965424,0.0227106035415921,2.907832481041585,0.0062648402016497,4.509764379985232
64,64,Day1,1060,Exponential,4.201027319839682,0.0213967408377991,0.9768349098178916,0.0014805588906297,12.426635104106484,0.0203000299094557,2.8056260606310284,0.0058382380784078,4.4291843729565095
65,65,Day1,1060,Exponential,3.4604115768235193,0.0131009694612644,1.0997187591971194,0.0020583971017849,10.28796767995617,0.0164155887466275,2.4884299762540296,0.0049422588397475,4.134320747672078
66,66,Day1,1060,Exponential,13.15632811575347,0.156906103503637,1.1233382433337,0.0020966967524811,44.10272271394714,0.1264953620684639,12.119827673983435,0.0408055902778696,3.63889024665083
67,67,Day1,1060,Exponential,3.046036260657112,0.0132980278333565,1.114371091039025,0.0024603819757649,9.628097357550072,0.0147196897404713,2.438401594126453,0.0047703468886481,3.9485281590784456
68,68,Day1,1060,Exponential,3.0759682672291517,0.0124776234465795,0.995023792923168,0.0014702949830069,8.24904646000492,0.0104241674763663,2.036780482782399,0.0036107135302067,4.050041980339524
69,69,Day1,1060,Exponential,3.865140213934983,0.0169691589039866,1.1257707689037506,0.0021127294787069,11.201859404117656,0.0195237006783387,2.864291472580146,0.0062668031555035,3.9108657451076554
70,70,Day1,1060,Exponential,3.322870850752087,0.0138116194806552,1.1193079399789063,0.0020092323300415,10.140974162509533,0.0156740528127043,2.5062463545780065,0.0053186611214256,4.046279865499111
71,71,Day1,1060,Exponential,3.768346410663437,0.0168489774195791,1.2059595202534672,0.0024978861846761,12.06740923533048,0.0206427008962663,3.1879815928615245,0.0071922135930381,3.7852819672333187
72,72,Day1,1060,Exponential,3.740832961900676,0.0162467248748127,1.2023843034578765,0.0026054260778752,12.34169427462972,0.0221438552757484,3.26665103770463,0.0073695604821089,3.7780877516999274
73,73,Day1,1060,Exponential,4.647492202531115,0.0269084079671719,1.0550969809768962,0.0017807548601468,13.055035575344696,0.0224352225309922,3.330738613784518,0.00817677940204,3.919561721629979
74,74,Day1,1060,Exponential,3.1831791293050453,0.0132719015511647,0.9316555011758316,0.0012397486081821,7.2927187979008465,0.0094472897876739,1.5453339332268128,0.0025161995159755,4.719186346133561
75,75,Day1,1060,Exponential,3.15196966978403,0.0135012744276226,0.8825636235884537,0.0008881203411672,8.237864287983037,0.0117540778024599,1.6842448513608763,0.0029402006503432,4.891132237291276
76,76,Day1,1060,Exponential,4.23072862490935,0.0211059181039783,1.025873917177886,0.0016278937027851,11.19527116943858,0.0161885536789907,2.8472436059242208,0.0064731412598673,3.9319681484733984
77,77,Day1,1060,Exponential,8.621878722816225,0.0884108325952932,1.2574418581389122,0.0029132389515751,29.440299203546093,0.078975855137313,8.709631988344098,0.0259864091423719,3.3802001327892355
78,78,Day1,1060,Exponential,11.868552268280702,0.1324899960308499,1.122135081456955,0.0022000126750985,19.698456768830074,0.0417576342923244,5.1682601330992295,0.0145455683030852,3.811429042178955
79,79,Day1,1060,Exponential,7.898346030991551,0.0774990850295404,1.1822387604181264,0.0024703297004276,25.58732432742429,0.0631552990564942,7.14814377724725,0.0224186170833717,3.5795760584544327
80,80,Day1,1060,Exponential,3.1736250989893007,0.0136339485668635,1.0673632008924774,0.0018451235044846,9.647329568393692,0.014371590806657,2.3888546575327507,0.0047017243058816,4.038474897571883
81,81,Day1,1060,Exponential,1.2791083594435222,0.0268993885769604,0.789558290115205,0.000721753653053,2.7737837460671035,0.0159131138859897,0.4160460005850244,0.0035708418815064,6.667012162517459
82,82,Day1,1060,Exponential,5.2847810418464976,0.0356723894598858,1.0923998614270305,0.0020873769572124,16.579713953622566,0.0327949815786591,4.289029146650812,0.0109813573248396,3.865609998609877
83,83,Day1,1060,Exponential,3.3175706171524317,0.0142871741525924,1.0326093468800124,0.0015978695376668,9.233155019431596,0.0126114231246458,2.239558738798788,0.0043042956552381,4.122756353505557
84,84,Day1,1060,Exponential,4.889222886374993,0.0275927416232167,1.0674471154856364,0.0020071189678398,13.799428855295837,0.0251624974195159,3.4000866599428607,0.0083305446647554,4.058552100412564
85,85,Day1,1060,Exponential,1.702657491936301,0.0220123386464592,0.8279618318236263,0.0007206159729208,3.766442436028268,0.0120539512702039,0.6558757819755999,0.0030405546985449,5.742615506678958
86,86,Day1,1060,Exponential,4.528349447196051,0.0236717275021126,0.9735309042821056,0.0014019444457025,11.241915247266002,0.0178597922906824,2.548877990093374,0.0050500946923154,4.410534867090352
87,87,Day1,1060,Exponential,11.345529684706428,0.1173236456223807,1.08775843255974,0.0018708592814573,38.116059650854496,0.0993970456934904,10.122877782554037,0.0319203118265473,3.7653383227193014
88,88,Day1,1060,Exponential,13.837426977475314,0.1628606027239296,1.123000152610574,0.0021773031570264,50.168673800486395,0.1493757781056966,13.875886172542677,0.0471551739156721,3.6155293562265705
89,89,Day1,1060,Exponential,4.007247952692797,0.0197143676644487,0.8335437538838691,0.0007950107656608,9.809763211137309,0.0154495939859453,1.924742288320907,0.0032701642187359,5.096663210790199
90,90,Day1,1060,Exponential,3.6017187493682705,0.0151823014639873,0.7977488273112779,0.0006894171752205,7.102154893042028,0.0088248168666486,1.3718194304488176,0.0023283135825543,5.177179106377301
91,91,Day1,1060,Exponential,3.8886790650227767,0.0181413558526573,0.9241614752748736,0.0012060728606235,10.71083740366143,0.0173508766985822,2.281518546809454,0.0047959867372116,4.694608956232154
92,92,Day1,1060,Exponential,3.600297266046296,0.0163533269906775,0.7776829199834284,0.0006952568836813,6.809301889290244,0.0097916554209114,1.27805738407065,0.0022028446342457,5.327853016742033
93,93,Day1,1060,Exponential,3.765149977005188,0.0186614110372914,0.9190344061880308,0.0011104066765814,9.012322343921449,0.0121136943340851,1.8744739539486397,0.0033876499143382,4.807920816897297
94,94,Day1,1060,Exponential,5.37614358647222,0.0381596469821225,1.162786259078539,0.0024375532535877,17.85916562902238,0.0384180346551752,4.834365132263387,0.0131170373412624,3.69421116122045
95,95,Day1,1060,Exponential,4.995277014358619,0.0311545405920246,1.069004643585527,0.0018990195485735,10.85870616041827,0.0163189818017641,2.623159372056449,0.0060209775314909,4.139552585364073
96,96,Day1,1060,Exponential,2.600022064457834,0.0140281255098568,0.915716954830726,0.0010615389281176,6.10656304507277,0.0089941572731448,1.399353326837746,0.0022111215625238,4.363846448182148
97,97,Day1,1060,Exponential,3.626095271937419,0.0153527554861342,1.0988390355245183,0.0019280865476835,10.033305091581726,0.0144289692156552,2.6398338700884723,0.0061394480563443,3.800733525418956
98,98,Day1,1060,Exponential,3.568935807738706,0.0147481570379587,0.9419282535856908,0.0011649304965884,10.557963525195412,0.0164495354962355,2.2983882193291394,0.0045578650954189,4.59363802703318
99,99,Day1,1060,Exponential,4.076639208251288,0.0209193476551055,0.980445171692031,0.0014251423218871,10.90001835661585,0.0170227017574291,2.5843842390812344,0.0053007404791241,4.2176461966394285
100,100,Day1,1060,Exponential,3.7468104214716744,0.0166181629177385,1.0034239432359648,0.00151937291957,11.07613614492498,0.0181558699655267,2.530037050758376,0.0050092347260904,4.377855313069396
101,101,Day1,1060,Exponential,3.3185521488157455,0.012983582936365,0.8600612844491315,0.000856041729526,7.319678957631216,0.0098171759866006,1.573307326943571,0.0025184394382698,4.652415222556036
102,102,Day1,1060,Exponential,9.78665235208073,0.0958017455584978,1.247360594786963,0.0029771879098885,33.79754497759594,0.0950141713265174,10.12985889785078,0.0334432183915874,3.3364280113286333
103,103,Day1,1060,Exponential,9.253463811772018,0.0889194569042565,1.0764863799215592,0.0019006516634619,29.759502837585828,0.0809639878376,7.918180998318736,0.0245256820943411,3.758376178052087
104,104,Day1,1060,Exponential,6.022142244607872,0.0439625539605856,0.8328753033487338,0.0008252520900727,9.267294121575013,0.0135964040955734,1.799321010196488,0.0029954871631359,5.150439565290806
105,105,Day1,1060,Exponential,4.396012018723891,0.0238037925922131,1.254536608325283,0.0029457919982119,14.917588852082286,0.0308659730051381,4.151802233262364,0.0114214384715697,3.5930393631395305
106,106,Day1,1060,Exponential,4.379012410377596,0.0247311282032211,1.2485850742890288,0.0029386412480871,14.01365224406998,0.0270198517612272,3.888571207496152,0.009794604278689,3.6038049700762356
107,107,Day1,1060,Exponential,4.091224229396717,0.0197405300927198,1.2296844499939648,0.0029490077764748,12.963705940478054,0.0229846305140079,3.5285600502489696,0.0082950202698554,3.6739366075301327
108,108,Day1,1060,Exponential,5.465087149061861,0.0367629295939232,1.16730928803698,0.0024065903297877,17.049240640734713,0.0352075320348823,4.630963348437344,0.0125531329781576,3.681575378152744
109,109,Day1,1060,Exponential,4.351018530110074,0.0220484358875038,0.9860748547895252,0.0015245109348385,11.233352472394795,0.0177030080294177,2.532519868957613,0.0051562314203527,4.435642385312637
110,110,Day1,1060,Exponential,3.7108723281916127,0.0169953299585664,1.0339502658016435,0.0018013710453239,11.79769022173786,0.0203524639311415,2.7623686145511748,0.0058947208534902,4.270860217420595
111,111,Day1,1060,Exponential,4.07380877295916,0.0188349085798779,1.006832140497547,0.0014340854172984,12.525142054375658,0.0218019723915856,3.014600084716194,0.0072699452354682,4.154827075696452
112,112,Day1,1060,Exponential,3.55457605134057,0.015098126967209,1.086350241915517,0.0021244315345828,12.302573562386003,0.0224947864300445,3.012369456209998,0.0068131261936429,4.084018823462791
113,113,Day1,1060,Exponential,21.954246979461217,0.2855799875717615,0.8301478734344913,0.0008233503684849,47.15790137503657,0.1359227791822483,9.83396735932982,0.0311109008597556,4.795409589223038
114,114,Day1,1060,Exponential,19.380837519665977,0.2338288190379736,1.0964598601813291,0.0018317689726517,58.961253725027426,0.1763596372025336,15.978955682244107,0.0500859279600489,3.689931613650162
115,115,Day1,1060,Exponential,16.908257601727048,0.193673944815716,1.0127750749669413,0.0015984307160255,37.73104439601427,0.1075918836093091,9.324834949931498,0.0288050738444581,4.046296218496763
116,116,Day1,1060,Exponential,4.6687636884830335,0.0275088563257162,1.0828936682571435,0.0019662611654917,13.379493562350852,0.0249111894321521,3.293072238846824,0.007545551564918,4.06292136701991
117,117,Day1,1060,Exponential,1.4304146598068934,0.0291813871970659,0.7039336028126724,0.0007545003971604,2.7151849484092416,0.0146233112009757,0.3833416741527707,0.0035872377381052,7.082937054548305
118,118,Day1,1060,Exponential,25.69450368827943,0.3077472160444079,0.8275081785117956,0.0008116022031154,64.16481514109313,0.198891730156892,13.341573980119696,0.0415702270839017,4.809388700066816
119,119,Day1,1060,Exponential,7.340970869899192,0.064981011002834,0.8458531950038444,0.0007652023001224,16.084380902357164,0.034980740128539,3.3195697083892055,0.0076420913661009,4.8453210251041785
120,120,Day1,1060,Exponential,4.541432507201466,0.0246675783188178,0.7589467122432205,0.0006344577967098,10.456459811621668,0.0159891453532925,1.982582170610402,0.0035704940260339,5.274162133921697
121,121,Day1,1060,Exponential,12.861261339797895,0.1452766226616772,0.8712124432960634,0.0009203478943052,33.24169362269419,0.0976374986895288,7.127285245052597,0.0203728950698539,4.664004944346644
122,122,Day1,1060,Exponential,5.142644748028673,0.0328440476133846,0.9938447634201528,0.001305220968425,16.088663468978186,0.0330412816547558,3.813252146735613,0.0095828233294461,4.219144931905725
123,123,Day1,1060,Exponential,9.689489678976152,0.0949246161841229,1.1738188258793645,0.0023784407060472,31.63302665532807,0.0826536599352027,8.96403384690179,0.0274816140506487,3.5288830001753384
125,125,Day1,1060,Exponential,1.421340131553214,0.0243489153876635,0.7533525867963319,0.000690466391747,2.549423751124962,0.015439938050799,0.3707569371234195,0.0040452573542559,6.876267160110604
126,126,Day1,1060,Exponential,3.0105446968987333,0.0138267861425233,0.7914016207826863,0.0007033616433505,5.838509377874861,0.009498763324121,1.204005908834609,0.0022685118230302,4.849236482174841
127,127,Day1,1060,Exponential,1.763597749766496,0.0224259609082963,0.8009731877263417,0.0007262509512838,3.5217731506224492,0.0127958012242965,0.5985302182649547,0.0029246658334197,5.884035664617766
128,128,Day1,1060,Exponential,3.040848415452634,0.0144044484559288,1.0627206852886482,0.0020225267335058,9.745667912480435,0.0141027384794775,2.2817504142391676,0.0046469616333445,4.271136690350971
129,129,Day1,1060,Exponential,2.817320899000278,0.0133494431761311,0.9208670457036476,0.001168137337297,6.990701893908527,0.0094212554854806,1.4294779598029268,0.0025943676469308,4.890388023102008
130,130,Day1,1060,Exponential,15.163177354029598,0.1713629441086631,1.1220894719099623,0.002279869504699,48.49229624419562,0.1495237875027778,13.26667549127674,0.0448401389664941,3.6551957780290056
131,131,Day1,1060,Exponential,3.117122627908311,0.0130596430540527,0.908952127425358,0.0009641831823513,7.799835146616633,0.0099676388533756,1.6219574894619933,0.0025506341687649,4.808902327769302
132,132,Day1,1060,Exponential,15.418268052159258,0.1715783532149443,1.0001681313842503,0.0015781559447667,40.84671031554278,0.1124832347431214,9.989925902698072,0.0306726261072922,4.088790118504376
133,133,Day1,1060,Exponential,12.931767951247766,0.1429104099202785,1.0129956340020527,0.0016503641855884,41.334826812603595,0.1142949830127662,10.246496894071187,0.0322948656876117,4.03404473157267
134,134,Day1,1060,Exponential,4.205283209769312,0.0228009705901311,1.1356416367644175,0.0024011754911077,12.365124139797532,0.0222589184719222,3.148986399842679,0.0071623385647926,3.9266997597751723
135,135,Day1,1060,Exponential,2.956897950701321,0.013198667163823,1.0021706839894613,0.0015108667145474,8.260881396349978,0.0116963878044255,1.835264703278638,0.0033318699590886,4.501193414547882
136,136,Day1,1060,Exponential,3.4624868884231605,0.0156213567074486,1.0506997913639915,0.0016457736521696,9.213730113987484,0.0121313399041622,2.321995452935937,0.0043713095085067,3.968022462032654
137,137,Day1,1060,Exponential,4.30238176058305,0.0218965737975342,1.134751673235485,0.0023148866472044,13.694968942874858,0.0276164562822546,3.507557774048296,0.0083673900790422,3.9044172113717237
138,138,Day1,1060,Exponential,4.461101731075993,0.0226915909075681,1.105543945871708,0.0021127395104808,13.959989752854844,0.0256626316645528,3.667317210218213,0.0088456628010152,3.8065945629023443
139,139,Day1,1060,Exponential,4.147882630740065,0.019379878905251,1.1301330395221512,0.0021411133083805,12.551620424574049,0.0229714930095513,3.235635801241002,0.0080612791678251,3.8791820821614027
140,140,Day1,1060,Exponential,3.8499281938737746,0.0188451562573931,1.0748065882890951,0.0018047121831325,12.203399311147631,0.0207945000088558,3.1890396325000254,0.0066871066075305,3.8266690657528333
141,141,Day1,1060,Exponential,3.941892183893528,0.0183174118810447,1.1331879367313782,0.002264258216772,13.534200243404255,0.0258944877100364,3.627751275555569,0.0092111998506546,3.730740950902587
142,142,Day1,1060,Exponential,13.649669710361268,0.148148769173217,0.9869587447227068,0.0014393478141167,40.069323500706496,0.1149831130462299,10.154473116131053,0.032598525632203,3.9459776043971915
144,144,Day1,1060,Exponential,9.5991648693516,0.0962838482970412,1.0682882778937957,0.0017995012033534,30.16857725577979,0.0771686393249847,7.825236923477282,0.0233120105399024,3.85529250434169
145,145,Day1,1060,Exponential,5.000578613780934,0.0300903224696271,1.161786252261301,0.002512702608667,15.180661817390382,0.0312128054289865,4.082704713360431,0.0109849305608446,3.7182855198203497
146,146,Day1,1060,Exponential,5.178369270889895,0.0320020409612806,1.2213164342785514,0.0027105687053327,16.431102643531318,0.0365688098629042,4.530363807138765,0.0128521168045888,3.6268836991942783
148,148,Day1,1060,Exponential,2.918411927371864,0.0132062660736011,1.1145360839672935,0.0021091381255928,8.932787517933347,0.0123644412409782,2.132300357508232,0.0040383677488775,4.189272625912816
150,150,Day1,1060,Exponential,5.8820834008888205,0.0405685424166091,1.2705846327585413,0.0031194558097863,21.09610507637048,0.0518938206501745,6.169975594695068,0.017628844180701,3.4191553520096365
151,151,Day1,1060,Exponential,3.386233675859749,0.0147380257645124,1.1115948355689058,0.0022766784621771,10.26279548100822,0.0159054072495094,2.674309519146138,0.0057697271544681,3.8375496207652726
152,152,Day1,1060,Exponential,3.8867953310036616,0.0188066793442776,1.159252756860426,0.0023496968621942,12.595450573766634,0.0217840189226683,3.349357146248214,0.0077625322774014,3.760557630551714
153,153,Day1,1060,Exponential,3.578815366053273,0.0155600176462925,1.0910390022047565,0.0021244846388536,10.109023883667888,0.0150465899770606,2.640450446404121,0.0062518097572242,3.828522477077648
154,154,Day1,1060,Exponential,4.436218938581382,0.0242339938931918,1.102341194866371,0.0020575592783064,13.713098984547589,0.0272869047304556,3.476797887812486,0.008425066144682,3.9441749066338527
155,155,Day1,1060,Exponential,5.886217433384666,0.0405475763228157,1.1044306789477625,0.0020832961634167,17.409991634877,0.036471496776663,4.836461723942487,0.0136255007535278,3.599737293213825
156,156,Day1,1060,Exponential,4.858527340478553,0.031126232295796,1.1155036919996373,0.002123434007387,16.026551866767267,0.0330286114379186,4.425309962211524,0.0115178278999268,3.6215659476106135
157,157,Day1,1060,Exponential,3.876634594470515,0.0183820086520014,1.272753796317881,0.0030587767562073,13.479675850770994,0.0261508921183142,3.7488997156912975,0.009902956793423,3.595635219141982
158,158,Day1,1060,Exponential,5.668993909143916,0.0398868931875564,1.2598402434030531,0.0027666652271739,17.45830475127129,0.038628414210875,4.990907250480026,0.0136301870745369,3.4980222783326913
159,159,Day1,1060,Exponential,5.52577172569498,0.0401435360042618,1.194716671871959,0.0025948764989686,16.801495319939125,0.0375419192865668,4.67181558450178,0.0127402008876409,3.5963524278818255
160,160,Day1,1060,Exponential,7.0963560881106655,0.0599834846907875,1.1649645030765805,0.0024227698236005,23.66013338736619,0.0557568345481657,6.6449165002113695,0.0193538968633232,3.5606366741573923
161,161,Day1,1060,Exponential,6.28544146645146,0.0521519331902483,1.2086515947385696,0.0024931907765763,19.65516265552449,0.0472826044866935,5.486486895874279,0.0163656973555989,3.5824678029040316
162,162,Day1,1060,Exponential,6.443285949452061,0.0513221256406813,1.233940060052289,0.0028141052624362,21.847277882276593,0.0549686968520832,6.2440146664919345,0.0184322786276565,3.498915209075096
163,163,Day1,1060,Exponential,13.16934099992341,0.146859099495299,1.005477412678006,0.0015495667880636,38.13551231931063,0.0997146372883373,9.490634481236008,0.0291825683265338,4.018225798781797
164,164,Day1,1060,Exponential,25.97326238703572,0.3092751630864366,0.7958154969690329,0.0006998737686813,35.46698586786732,0.0974265567091494,7.1500587489223815,0.0198154345167752,4.960376846303915
165,165,Day1,1060,Exponential,14.835075493212134,0.16519152656365,0.9097685013829424,0.0010317767749786,36.105077331184106,0.0982575077198823,8.097638175002167,0.0238256087086416,4.45871704204349
166,166,Day1,1060,Exponential,5.530650482015335,0.0372440543708538,1.0375484186699369,0.0016892612047735,16.944105483355518,0.0372752574891687,4.200008496749298,0.0112742639836325,4.034302667832656
167,167,Day1,1060,Exponential,4.05955143182859,0.0189773956844759,1.025005548475301,0.0016805933528487,11.585343825742203,0.0200607155470959,2.745106974321491,0.0060571073882941,4.220361513818877
169,169,Day1,1060,Exponential,5.033890074379355,0.0305516849173276,1.0956483925671652,0.0020375069927604,16.833107800882384,0.0354301577405504,4.426572618255514,0.0113546852279537,3.8027406873348015
170,170,Day1,1060,Exponential,4.1167044326457,0.0207953991741238,1.134169237883929,0.0021940449280971,14.523841854893364,0.0291960340958935,3.7408743159739983,0.0091526956884459,3.8824725527063966
171,171,Day1,1060,Exponential,4.068814898276564,0.0206425835602875,1.1533936352327103,0.0023966744718417,13.26768252701823,0.022923946961785,3.416732734481794,0.0079711968577362,3.883149066100571
172,172,Day1,1060,Exponential,4.590256482832049,0.0282863285911315,1.112304098626602,0.0019159583786536,13.817116899889369,0.0261095522106315,3.482327986011549,0.0087621186633014,3.9677815976532043
173,173,Day1,1060,Exponential,12.402156646534312,0.1325891686204169,1.0395157483384314,0.0017048793269234,37.207758970431705,0.102183350403146,9.599926597797978,0.0290979283111182,3.8758378609859774
174,174,Day1,1060,Exponential,10.012152079552534,0.111479083555104,1.0192045583513485,0.001626702695718,27.654537393337183,0.0706264839164519,6.933611071632471,0.0213587996014355,3.98847542898395
176,176,Day1,1060,Exponential,6.301496808233769,0.0491708608399365,1.026148668424947,0.0016278029834658,19.879653630263217,0.0491970714925357,4.966520891976872,0.0140209998376586,4.002732307514834
177,177,Day1,1060,Exponential,18.787314192482174,0.2286370335657649,1.0215424574139813,0.0016869307879839,56.54572178033848,0.1861973351233309,14.553213654505525,0.0476414737466005,3.8854457250981476
178,178,Day1,1060,Exponential,15.113343297401038,0.1821715036206906,1.0195582398437997,0.0015472291154584,24.334730929903877,0.0625583157798225,6.061210566600233,0.0177698658153779,4.014830150267055
179,179,Day1,1060,Exponential,8.101409078452734,0.0696648631702044,0.9500380141276544,0.0013844087862966,22.478242192503913,0.0568202760338515,5.164711146793018,0.014487518802987,4.352274803686084
180,180,Day1,1060,Exponential,7.135639715889612,0.0559901156038092,0.9277146137247024,0.0011483773531718,19.44221942678067,0.0452393611783066,4.33645519428176,0.011857996814873,4.4834360222188
181,181,Day1,1060,Exponential,13.87079978511907,0.1460192096234674,0.8714277414130898,0.0009082943058289,39.86323318576564,0.108004168206868,8.566578128467922,0.0270150348364529,4.653343795849431
184,184,Day1,1060,Exponential,6.484234914356437,0.0518603612623403,0.8508873240555193,0.0008388078523412,8.915790224614208,0.0110991086867669,1.8659028495300527,0.0033499027069762,4.778271401889838
185,185,Day1,1060,Exponential,28.431050767581915,0.3570104614193221,0.6841253099083552,0.0008291022345901,57.76620005138844,0.1607481825421797,9.997180410641707,0.0316357233954992,5.77824923414386
187,187,Day1,1060,Stationary,4.199384836818682,0.0214484246719853,1.1992210769217508,0.0028060926497559,14.580948503885567,0.0303215504430242,3.919666692806139,0.0096805231969834,3.71994601751377
188,188,Day1,1060,Stationary,3.4973168367830647,0.01487509429448,1.1806855540956758,0.0025406944852662,10.609057333620887,0.0158206738052332,2.780193690051435,0.0065289143667124,3.815941807070505
189,189,Day1,1060,Stationary,4.339215434059669,0.0225988098836243,1.035263420214546,0.0016633426189009,11.719778766832194,0.0198916384796026,2.89444131031594,0.0064158345540818,4.049064227027955
190,190,Day1,1060,Stationary,4.28461836766026,0.0215896786301719,1.1230708239480536,0.0020829103052906,12.295841224976026,0.0206353788674584,3.111944737745247,0.0073290788912753,3.951175956255879
192,192,Day1,1060,Stationary,4.646372979093232,0.0288534874567223,1.104693363933838,0.0020075799157909,13.385039737366686,0.0248819795354465,3.5218311048757043,0.0087928897678406,3.8005910388025503
193,193,Day1,1060,Stationary,3.8435097976161625,0.0178153786897711,1.0959231363114668,0.0021161480268841,12.262607362385609,0.0209157922628031,3.014552702538683,0.0069661729493736,4.067803277102684
194,194,Day1,1060,Stationary,4.955372614565,0.0306031983856298,1.0104655259753073,0.0016591661000784,13.440393972181152,0.024268455803751,3.2957426081326404,0.0082475900047062,4.0781079016957715
195,195,Day1,1060,Stationary,3.8284186779889224,0.016680388564013,1.0759246586475597,0.0018304659288335,10.380967709634051,0.0152225983259833,2.4810980862843106,0.0052299345859148,4.184021489122413
196,196,Day1,1060,Stationary,3.903247436547891,0.0187701115431825,1.0727139559716865,0.0018605941258869,10.527253527156176,0.0159100231130291,2.63461402544929,0.0055713812983925,3.9957479256799022
197,197,Day1,1060,Stationary,3.983233567347605,0.0187524379876776,1.104961148358517,0.0020776135643273,12.219085637406469,0.0210908626150601,3.0735362048666133,0.0075643174613538,3.975578884692773
199,199,Day1,1060,Stationary,4.031836912894675,0.0185902158203102,1.1071189663787038,0.0022110815181108,14.247444523335972,0.0296663420236443,3.5864499440447597,0.0088891028178978,3.9725758746455155
200,200,Day1,1060,Stationary,4.193355578031586,0.0209606460365134,1.143334538810595,0.002110074080231,13.386043849572124,0.0245481401023734,3.4278875134831903,0.0080886637283679,3.905041748575384
201,201,Day1,1060,Stationary,4.709630832420145,0.0289095235662148,1.109045011737782,0.0022893670743748,13.531312906084509,0.0249850693762178,3.4137808766889712,0.0080442698100538,3.96373211839201
203,203,Day1,1060,Stationary,4.593530738938422,0.0249776813281487,1.1269453736394022,0.0022915502117227,15.369863618517815,0.0301468298781927,3.958625610341352,0.0096062379320508,3.8826262272355865
204,204,Day1,1060,Stationary,4.296423697834171,0.0237737833523664,1.1128532214907905,0.0021519108528095,14.26522741369553,0.0279470030838394,3.681235428455878,0.0087114958535714,3.875119559978588
205,205,Day1,1060,Stationary,5.263745402281356,0.0366906457273806,1.076878589277683,0.0018674682424021,16.32421297782373,0.0342826872813721,4.107370419164525,0.0097249497441816,3.974370780306739
208,208,Day1,1060,Stationary,5.4394807879527765,0.0351781170497786,1.0490699970533168,0.0018033640966688,15.709563246298094,0.035455162359811,3.83611184503373,0.0105284831604056,4.095178629016215
211,211,Day1,1060,Stationary,3.994456712716536,0.0176670635880872,1.1453959084864995,0.0022737159848794,12.48440022016902,0.0226968032515058,3.4584521240370703,0.0082127294005684,3.60982305737282
215,215,Day1,1060,Stationary,4.137632793476479,0.0204709814951145,1.122733428313105,0.0022332125396096,11.96054655322361,0.0213877612734604,2.9924663635135444,0.0069372272634506,3.996885879505885
216,216,Day1,1060,Stationary,3.650924737729296,0.0154932647259163,1.1344118898074065,0.0023979535474353,10.746927772467885,0.0174523929261809,2.688536896348217,0.0055679397077555,3.997314594069812
217,217,Day1,1060,Stationary,3.097124288341969,0.0135431635896097,1.1804668042975976,0.0025212116733897,10.555878502760798,0.01655992993489,2.7383213080309123,0.0060642425447492,3.8548721334500295
218,218,Day1,1060,Stationary,3.66430118095308,0.016294045794935,1.0717550195951946,0.0018578780204668,11.49805215841882,0.0197571020686798,2.835413489146302,0.0059189463061356,4.055158869220412
219,219,Day1,1060,Stationary,3.740810511913856,0.0167980969756191,1.0777938601220702,0.0019755807486359,10.876943034109734,0.0176434227703222,2.7604713522522757,0.0061400142007116,3.9402484743176953
220,220,Day1,1060,Stationary,4.075826428468425,0.0199989662196465,1.0421356087380145,0.0017624994617306,11.94735719288166,0.020190158189675,2.83288083968724,0.0062957993159792,4.2173878355577745
221,221,Day1,1060,Stationary,3.2019448924169827,0.0135312730463949,1.1140375032104834,0.0022599655820133,9.17668993224,0.0127818589865146,2.2917497814520194,0.0042086837442706,4.004228562171296
222,222,Day1,1060,Stationary,3.571866100948666,0.014568741372935,1.096169881340703,0.001887324028426,10.153697062403506,0.0158252963153703,2.512481471722533,0.0049180787726527,4.041302264984358
223,223,Day1,1060,Stationary,5.62280449027759,0.0405202354837545,1.0423571364476405,0.0017912580212711,16.03132055275772,0.033637047627162,3.889875303829588,0.0109604884882383,4.121294206262823
224,224,Day1,1060,Stationary,5.134968160790698,0.031413843134325,0.9518602620892186,0.0012028865908608,15.075086466317709,0.0280098460737518,3.3922184886822637,0.008229607698371,4.444019899252939
225,225,Day1,1060,Stationary,3.380379783211457,0.0139093072037008,0.9849407890842586,0.0014240043559034,9.917609552892117,0.0144015831760902,2.3373617194672756,0.0046700063669519,4.243078625910117
226,226,Day1,1060,Stationary,3.1155955251751437,0.0130115367200277,0.9984878531040944,0.0015618809704621,8.805804925013224,0.0125545501368129,2.018949215245311,0.0036973984286409,4.3615782202541835
228,228,Day1,1060,Stationary,3.569125283801894,0.0143934411964613,1.0548833892073834,0.0018110983340177,11.325672268232832,0.0165950188482979,2.694219898910496,0.0061057173043265,4.203692606090828
229,229,Day1,1060,Stationary,4.070514867175799,0.0196558330238258,1.132518097623652,0.0022819136967193,11.950978754007382,0.0195289325146674,3.005540736155318,0.0074175652376364,3.97631567931934
230,230,Day1,1060,Stationary,4.002688094966862,0.0181415318040275,0.9710248507542802,0.0013718347068287,11.239164006536784,0.0163873074405249,2.7444655509336897,0.0056257372221864,4.095210450979473
231,231,Day1,1060,Stationary,3.6754512258810066,0.0164466900257096,1.021624478138522,0.0016099668201115,9.084369680884702,0.012912446649172,2.17736898268657,0.0039601196787268,4.17217740912055
235,235,Day1,1060,Stationary,5.350183627913283,0.0353336125274126,1.0976189473125966,0.0019741743247815,16.23430540911915,0.0349279152377291,4.106923226056366,0.0112493970215946,3.952911830959155
237,237,Day1,1060,Stationary,3.714027325839228,0.0165173915171292,1.1040975824279855,0.0019674216670095,10.267521201422715,0.0161856550894376,2.5717625399257793,0.005322652567182,3.9924063913455377
239,239,Day1,1060,Stationary,4.243201970571693,0.0214303253812862,1.0155220863587018,0.0016875718551338,11.45641482110338,0.0181114046964038,2.884130221453169,0.0062117905266203,3.972225226131109
246,246,Day1,1060,Stationary,3.1611944110158476,0.0145445313838495,1.082070303294272,0.0020116875211615,10.062250807060416,0.0152650982154464,2.4483938610228506,0.0051887835095906,4.109735352324716
248,248,Day1,1060,Stationary,3.1904152238933747,0.0132734845715364,1.0139623565782712,0.0014674731402174,8.542251103720915,0.0114740179588663,2.055285110030636,0.0039728135504557,4.156236554252847
250,250,Day1,1060,Stationary,3.4269470927221186,0.0143824952848267,1.038544416888629,0.001798312642981,9.50482845352293,0.0135305715804813,2.2994194054076345,0.0048416242908131,4.133577559261287
251,251,Day1,1060,Stationary,3.74702322809934,0.0173203089128362,1.0932739287068272,0.0019751535390071,12.038873381211186,0.0208601115190764,2.949175347006714,0.0069260171497747,4.082115155828264
255,255,Day1,1060,Stationary,4.947190054252327,0.0312284054711946,1.0903936758063042,0.0022181283636267,15.35472659335031,0.0303468445887076,3.9927061869413576,0.0095599003738599,3.8456940917841274
256,256,Day1,1060,Stationary,3.286878448984353,0.014342382852226,1.1538242468204662,0.0024490214250966,9.846603271734432,0.0147060801306744,2.442349513087491,0.0049782766857778,4.031611044598965
257,257,Day1,1060,Stationary,3.189575195205318,0.0134139813063264,1.1414952653491963,0.0022736446795337,10.333378087739929,0.0153852107537888,2.5568737758555935,0.0056013441321785,4.041411111223949
258,258,Day1,1060,Stationary,4.072613486955082,0.0204520696149482,1.1810794964317666,0.002449800583673,13.207338685632305,0.0266700282501085,3.479054043484013,0.0089194041844748,3.7962441860794267
260,260,Day1,1060,Stationary,3.5580907468516436,0.0140291709668014,1.0706900301499918,0.0019498240464779,10.01713590434407,0.0153293245478234,2.4212097540929345,0.0045860144991329,4.137244155493178
261,261,Day1,1060,Stationary,4.4956966554468,0.0256270081392458,1.164976032554426,0.0025249125634684,13.261723089839483,0.0242275618335765,3.4565775289377494,0.0082192565071585,3.836662993615821
262,262,Day1,1060,Stationary,3.429383103687156,0.0154062725304089,1.1012790550901717,0.0021485059387043,9.698905165919282,0.0133749057120038,2.422046432511485,0.0047948359000095,4.004425776372184
264,264,Day1,1060,Stationary,3.825128956688913,0.0180539004206174,1.1262566456135146,0.0022360475901473,12.77692493943426,0.0222428535305112,3.233378740159435,0.0073758135592572,3.9515707766434565
265,265,Day1,1060,Stationary,3.627903374159261,0.0160752656183947,1.1887444287860112,0.0024786136468217,12.13376371027383,0.0204847046969556,3.177310277183588,0.007425189222608,3.818879068061734
266,266,Day1,1060,Stationary,3.6539295282804,0.0157814846299616,1.0797831788950538,0.0018928702388039,11.059181272591708,0.0172818051232777,2.8504615687674013,0.0063689915297951,3.879786134907943
267,267,Day1,1060,Stationary,3.4964072434544686,0.015120927773944,1.200669659838502,0.0026408415830458,12.638999098810386,0.0237486963926399,3.340140283228024,0.0076231335862202,3.7839725362060634
268,268,Day1,1060,Stationary,3.875270564071731,0.0192220957553685,1.0248182544153328,0.0017665833625227,10.62172971824207,0.0161601215267965,2.631293131661512,0.0052072627437343,4.036695718327305
269,269,Day1,1060,Stationary,4.065838422128702,0.0199690682286151,1.106534826476523,0.0020501623571498,12.9628572073354,0.0240226657787045,3.242736111049635,0.0073362127253055,3.9975060453314155
270,270,Day1,1060,Stationary,4.436772964509401,0.0233332470066694,1.1286353733516012,0.0022447601636898,14.409739787902396,0.0281170458580002,3.704322908477994,0.0093367135041862,3.889979395403995
272,272,Day1,1060,Stationary,4.259282440839455,0.0237571584145736,1.1435131891752344,0.002428834990862,14.13069227652534,0.0271803076454636,3.6782796333635033,0.0091581334075073,3.841657971937253
273,273,Day1,1060,Stationary,5.612218909898096,0.0429028066760227,1.1063723369071397,0.0020594043394336,15.574206868458862,0.0350146570121908,4.038521428946322,0.0093380637408369,3.8564130814881623
275,275,Day1,1060,Stationary,3.3479784952403744,0.0142799961857091,1.0862348311448933,0.0020391239277051,9.734156089008398,0.0128035650154679,2.473689949722932,0.005109069454543,3.9350752466365804
276,276,Day1,1060,Stationary,3.0900358442421294,0.0132833856219982,1.163340359243296,0.0024637721139721,9.927684312940372,0.0146770663659628,2.5106133108919604,0.0056142762450714,3.954286496399282
278,278,Day1,1060,Stationary,5.133475219580212,0.0321649970940167,1.0668071395645071,0.0017543772587811,16.94489992503466,0.0355919088901479,4.2042229995593665,0.0104527061366223,4.030447463612328
279,279,Day1,1060,Stationary,5.103215822094342,0.0325956530710407,1.045172154716182,0.0017125100001579,16.417791299118072,0.0355529104805054,4.0270215946095975,0.010247166940689,4.076906694787592
280,280,Day1,1060,Stationary,4.479462302933187,0.0234388322169885,1.0409894549570002,0.0018229920372388,13.729208605319965,0.0270904222425335,3.386630545403989,0.0079606991448531,4.053943416990653
286,286,Day1,1060,Stationary,4.135729670595205,0.0216619348087757,1.0737587560796236,0.0019163089141295,13.75924788672582,0.0264216105237318,3.3746711836737364,0.0082784908516457,4.077211419379597
287,287,Day1,1060,Stationary,5.026169477366606,0.0298100166779463,1.1378287520206796,0.0022852611765553,14.414582876819647,0.027417886106283,3.7761483605157498,0.0099872511961112,3.8172713306346076
288,288,Day1,1060,Stationary,3.961524376546055,0.0182893138862317,1.028567218730863,0.001593222914988,10.10352140718738,0.0148109779802389,2.429855682722975,0.0049821880569955,4.158074686915169
289,289,Day1,1060,Stationary,5.371473844028027,0.0363231471234424,1.115045139903193,0.0023708431387712,15.06979696294209,0.0302229111875177,3.9295259987207944,0.0086144746800205,3.8350164798115256
290,290,Day1,1060,Stationary,3.101400377560427,0.0136536201978686,1.1334300545234357,0.0022390127699292,9.329142765518949,0.0127450014591461,2.2678668992213193,0.0045047680497611,4.113620058003468
291,291,Day1,1060,Stationary,3.3825215875278003,0.0132652981241324,1.127230992626847,0.0020518542852219,9.85677843731881,0.0148904053086943,2.4080679342205675,0.0048470256824537,4.093231049359581
296,296,Day1,1060,Stationary,3.6149675942213366,0.0154469155438275,1.1775985804933895,0.0023934660448259,13.36013319690299,0.0260065002994309,3.4996806214212346,0.0083948162343716,3.8175292668498946
297,297,Day1,1060,Stationary,4.043968281944992,0.0203544570614545,1.1133473190014156,0.0021022809220249,12.890513029563577,0.0223798692124367,3.3251546300889925,0.0081189144125639,3.876665738464795
298,298,Day1,1060,Stationary,5.0897823898493515,0.0309459970082981,1.0674582865702589,0.0016980742650011,14.946807584329951,0.0299845460770111,3.6866069536426704,0.0091607404346888,4.054353439973111
301,301,Day1,1060,Stationary,4.559068608018639,0.0236882703794475,1.0506950595674192,0.0018594418053586,15.279930400983371,0.0300867907319491,3.7356092339211697,0.009144783183032,4.090344959594297
302,302,Day1,1060,Stationary,4.611027098176707,0.0254913192978819,1.0236143949996086,0.0016871845531417,14.646716738123144,0.0268870123721747,3.5639693753672983,0.0093264111454508,4.109664027798687
304,304,Day1,1060,Stationary,7.595904441776784,0.0688311977321848,1.0718635941286776,0.0019404775439904,13.19920169075436,0.0242691486683659,3.23326749178436,0.0071125901941666,4.082310456618004
308,308,Day1,1060,Stationary,3.14771404835759,0.013177503983744,1.1155781974438284,0.0020603413637404,10.295234962068797,0.0165801174815632,2.735105227261113,0.0062811070698074,3.7641092779374588
310,310,Day1,1060,Stationary,3.1474364652405473,0.0138260680048872,1.1664862156616895,0.0025030750206506,11.221203289010797,0.0187859576444969,2.891338309651602,0.0065530986101076,3.8809720922498756
311,311,Day1,1060,Stationary,5.123424053846231,0.0337746152351382,1.1488789035605282,0.0022062808838527,15.749883645741985,0.0335635695117813,4.132394091234788,0.0109417078075098,3.8113217902302754
312,312,Day1,1060,Stationary,3.271944972291957,0.013212563288529,1.1020928779537498,0.0021500302300293,9.75617933329185,0.0141312959985433,2.6109910833466947,0.0054772223305892,3.7365808698154015
313,313,Day1,1060,Stationary,2.790793427346134,0.0132706088801024,0.8285688258906232,0.0007557412047145,5.963520106992458,0.009728527298044,1.2104395981207317,0.002318902693899,4.9267391088750925
314,314,Day1,1060,Stationary,3.7661343967161094,0.0174840778542144,0.9652860112491416,0.0013599368928018,9.605287001847508,0.0141623946533961,2.09208080990805,0.0039172751803534,4.59126002989802
315,315,Day1,1060,Stationary,3.464415548171623,0.0137045729273168,0.9115885954268604,0.0011373559789936,8.35963451633724,0.0103185142437087,1.8157815064126577,0.0029996814860304,4.603876890922257
316,316,Day1,1060,Stationary,7.608135889953928,0.0635904612606865,0.9760924642092288,0.0013714966155693,14.331008005001468,0.0280940284976325,3.268335687784891,0.0081586112883091,4.38480296211993
317,317,Day1,1060,Stationary,4.190405673744747,0.0210866517852821,0.8852022843319955,0.001015610049131,10.117959338103038,0.0142820280883928,2.094521780825787,0.0038791744550497,4.830677546888019
318,318,Day1,1060,Stationary,4.265801071792299,0.0201580665188231,0.914616025684688,0.0011223303164327,10.502364307667635,0.0159587065060133,2.238284401652469,0.0042549332014407,4.69214917457049
319,319,Day1,1060,Stationary,5.069824890920891,0.0308949822126665,0.9544048434255272,0.0012754448781804,8.043469091503953,0.011154709880707,1.7284694854650264,0.0031677763867306,4.653521024896741
320,320,Day1,1060,Stationary,4.39627475402247,0.0242139457114762,0.9961512638058287,0.0014737789724388,12.156030460001071,0.0217562393429917,2.7867530955913895,0.0060067389606053,4.362076597037523
321,321,Day1,1060,Stationary,2.972395008756559,0.013773524662517,0.951297473344452,0.00134146136558,7.097275554807808,0.0087269323551334,1.6052369742233688,0.0028394060776907,4.421325741167623
322,322,Day1,1060,Stationary,2.591764146580155,0.014582261463976,0.977878553945389,0.0013226982687089,6.16982396224866,0.009000946625801,1.3242117685402313,0.0022248681071616,4.659242659540835
323,323,Day1,1060,Stationary,2.9879443250731175,0.0142496219738953,0.9539179268542746,0.0012910034202944,7.952971855260799,0.0097653933795922,1.7162951660594654,0.0030081370045143,4.633801931354532
324,324,Day1,1060,Stationary,2.5124277953062055,0.015257462396346,0.8843733577801032,0.0009615080155424,5.577691356427092,0.0088003564387519,1.1333779928561143,0.002195603595276,4.921298447282624
325,325,Day1,1060,Stationary,2.7352290231935847,0.014041680821047,0.8973875401761339,0.0010641157699066,6.4113809087869305,0.0082956229858127,1.3232381725554485,0.0023188326968818,4.845220642633985
326,326,Day1,1060,Stationary,2.8607238536112063,0.0137929699168379,0.9576999300195548,0.0013560974405902,7.610729857136163,0.009643950422356,1.6190053153664177,0.002954892240933,4.700867739531591
327,327,Day1,1060,Stationary,3.90722238048655,0.0177956792243082,0.9590606015286371,0.0012933332082518,11.351049553573215,0.0181428390433075,2.5207483651427056,0.0046615251149054,4.5030474721464735
328,328,Day1,1060,Stationary,2.62257012195059,0.0134554521157282,1.0349589977083609,0.0017888338401431,7.161028990447344,0.0091894134131177,1.6045942493127128,0.0027114073673261,4.462828527220878
329,329,Day1,1060,Stationary,2.8094836080368712,0.0131985178068483,1.0450432416397106,0.0016647666375094,8.622893932537128,0.0114655112367314,1.9743892366277405,0.0037293084116788,4.367372842482186
330,330,Day1,1060,Stationary,3.616318907051455,0.0145723301128071,1.0650273287268115,0.0018209281934012,8.024706133535977,0.010879551575148,1.8242280066554328,0.0034200816135808,4.398960055573642
331,331,Day1,1060,Stationary,2.808912208606156,0.0138516039218862,1.0154685987028782,0.0016021532112793,7.1276383588250285,0.0088148367663338,1.5630087601279803,0.0026410822409382,4.560203717758698
332,332,Day1,1060,Stationary,4.143877291026713,0.0202283345419677,1.0262815944284474,0.0017498213779667,8.227961066380123,0.0106695442617893,1.8378145429059,0.0033217102065087,4.477035562777899
333,333,Day1,1060,Stationary,2.760194374795534,0.0134541210258015,1.0477466543885914,0.0017539387025316,8.085001172527164,0.0110466743461583,1.8196000399183072,0.003254344113503,4.443284785204857
334,334,Day1,1060,Stationary,2.937672772100467,0.0130406871440557,1.0506638022189054,0.0018019774011685,9.30849919924611,0.0125492407413626,2.1519698788427157,0.0044444844150536,4.325571324563347
335,335,Day1,1060,Stationary,2.4439342062373957,0.0157296320517473,0.9632667643426924,0.0012554125597036,6.208929328020851,0.0092458546225456,1.3013100930058883,0.002116871872763,4.771291148352567
336,336,Day1,1060,Stationary,2.6633670003446985,0.0148161670544868,0.9779149678145936,0.001371877098489,6.8964695570888095,0.0097617044092984,1.4950024693108406,0.0025223885821497,4.613015495732199
337,337,Day1,1060,Stationary,3.753087050026448,0.0151470370937671,1.0264345608797103,0.0016502663380639,9.841033671548203,0.0130203191622243,2.259789537671793,0.0045913548868345,4.3548452223064915
338,338,Day1,1060,Stationary,3.740680559271365,0.0166813029220349,1.0378561863963345,0.001680342881884,10.913284704706092,0.0188018970897217,2.56687689755702,0.0052347862297052,4.251580866652631
339,339,Day1,1060,Stationary,3.751805576239949,0.0172713255925376,1.0793893834309698,0.0019354424095465,10.567750957046758,0.0157189068768312,2.5567027653286303,0.005816954113524,4.133351401013725
340,340,Day1,1060,Stationary,3.262865425363098,0.0140422682982857,0.99667302432284,0.0014834723452469,8.687733490744959,0.011517486197625,1.965884927415408,0.003616042556909,4.419248232482718
341,341,Day1,1060,Stationary,2.9390328005939392,0.0139437061849375,0.9787167342929616,0.0013685096099807,7.152724018580608,0.0092368714959956,1.5239059923601783,0.0027418804096106,4.693677992238019
342,342,Day1,1060,Stationary,3.4535919181994426,0.014937399993501,0.9970332595726712,0.0015736923972615,10.182831591177903,0.0153999675940665,2.2880395687837813,0.0040827156531449,4.45046131636204
343,343,Day1,1060,Stationary,2.606571946403437,0.0138861781759688,0.908308382090775,0.0011366386718988,6.224786133618034,0.0092242645675328,1.324926740516627,0.0021256529158333,4.698211563901873
344,344,Day1,1060,Stationary,3.392063070924394,0.0135814320733305,1.0212886641178638,0.0017309756512716,8.643915772028862,0.0119446093823585,1.96562682535251,0.003335487163875,4.397536531624555
345,345,Day1,1060,Stationary,2.3522825493789594,0.0147808367733185,0.8741147357710682,0.0009204759338371,5.315956503787031,0.0091321033946499,1.134392867924486,0.0023235042288373,4.686168834535464
346,346,Day1,1060,Stationary,2.251547431374117,0.0168293803121021,0.962231100818723,0.0012570395211506,5.754108771521862,0.008928662508196,1.1571735874457922,0.0021939539256986,4.972554536284223
347,347,Day1,1060,Stationary,2.5405537512332694,0.0143030354993453,0.8918627272773532,0.0011441724068589,5.923677576133047,0.0091202232764772,1.301752001030604,0.0024973956985675,4.55054232407036
348,348,Day1,1060,Stationary,3.7065383083656176,0.0159564499892357,0.9471081025682152,0.0012867094571836,10.373170330643134,0.0167039687442789,2.256106085191178,0.0047443579596964,4.597820288120065
349,349,Day1,1060,Stationary,2.8166896915507813,0.0127916419704632,0.9440063534664676,0.0012881997781908,7.820028292480983,0.0102882197895296,1.6297692742144494,0.0026004529910045,4.798242558751297
350,350,Day1,1060,Stationary,3.2677456004782455,0.0141840646871892,1.01504595335426,0.0015796476105888,8.320088164786746,0.0104546806999892,1.883113408576494,0.003487220377982,4.418261867231974
351,351,Day1,1060,Stationary,3.1897438353562975,0.0137752166288971,0.9405972557864496,0.0012698599343102,8.33007319163747,0.0114929920960517,1.8592455176467877,0.0032097760215217,4.480351364343042
352,352,Day1,1060,Stationary,2.643534418452212,0.0153168836544977,0.9828276545652208,0.0013432917942471,7.700517027293672,0.0104355207674788,1.655606521644312,0.0027047600735502,4.651175823858006
353,353,Day1,1060,Stationary,2.9683887035024616,0.0140883999320592,0.9376337475420196,0.0012271152562508,7.875994903674124,0.0104215560499131,1.694219623671036,0.0029571401885115,4.648744940522183
354,354,Day1,1060,Stationary,3.898417090733196,0.0177544049804838,1.0274194384404989,0.0018094282494098,10.90264878727596,0.0165169732988586,2.525382754692544,0.0049867252643566,4.3172262766969425
355,355,Day1,1060,Stationary,2.3434844463840574,0.0164042198890374,0.9549492829370124,0.0013828772701591,6.382094028023163,0.0088822974096905,1.3043897296728395,0.002355085896833,4.89278156891337
356,356,Day1,1060,Stationary,3.479983160371584,0.0157286103402358,1.0493349240144698,0.0018193747194141,10.05183006862872,0.0150103209635991,2.3496266702794406,0.0047794063990352,4.278054124842419
357,357,Day1,1060,Stationary,2.514978046654442,0.0152194019494143,0.9694092924095736,0.0013978105307226,7.490665744794742,0.0102851427671535,1.5819385801182242,0.0022609396448743,4.735117936269647
358,358,Day1,1060,Stationary,3.1844855701565176,0.0127513835568731,0.9849079652361592,0.0014725065166093,9.821005654854638,0.0141303522025212,2.1828068105959493,0.0040298430150705,4.4992555489476915
359,359,Day1,1060,Stationary,2.804079505352844,0.0142542118746659,0.9313727307461273,0.001282518436512,7.339945121610036,0.010047046839133,1.5541195900760665,0.0024836070363593,4.722895952460635
360,360,Day1,1060,Stationary,3.529192881065069,0.0139923796907591,1.0107333771619,0.0014784519430587,9.981663749231688,0.0142214289674155,2.271546163194116,0.0041350775641976,4.394215671670988
361,361,Day1,1060,Stationary,2.974277470884211,0.0136072822120602,0.9927878022539548,0.0015547374055089,8.612254679695711,0.0114728679545281,1.9079143387785664,0.0031963966631984,4.513962972367626
362,362,Day1,1060,Stationary,2.9486071713195616,0.0135726373876124,0.9703626707243392,0.0013755909016592,8.393508472975636,0.0112411634731361,1.8473844187042427,0.0034770460339712,4.543455270053025
363,363,Day1,1060,Stationary,4.516769979810828,0.0251160711850543,1.0503096601805484,0.0018737171307333,13.42523673556537,0.0225078595578682,3.2329773318614032,0.0080229789744409,4.152592287999656
364,364,Day1,1060,Stationary,1.977646042946865,0.0210732454212966,0.9408205516020332,0.0013256971406259,5.736984931066046,0.0097188796619488,1.135056629596909,0.0021938495211209,5.0543600922391105
365,365,Day1,1060,Stationary,3.4750406400785563,0.0133266069870215,1.000834317621613,0.0014581378472058,8.61722093427253,0.0116661135601076,1.9470074934927408,0.003329066015499,4.4258796964433245
366,366,Day1,1060,Stationary,2.3134897059393396,0.0165820390458141,1.0357227187898537,0.0017693627130716,6.387607325228578,0.0082733633698066,1.3754961483596082,0.0023224520709487,4.643856933257373
367,367,Day1,1060,Stationary,3.332168741082337,0.01455018867523,1.0031504337057702,0.001508196151223,9.488997650795044,0.0127523587573315,2.1526815364104213,0.004277680385494,4.4079895192569305
368,368,Day1,1060,Stationary,2.8451317680184767,0.0125707805987751,1.0487127070528168,0.0018611480283387,8.469046330270055,0.0109493200295368,1.9179740249709056,0.0035892048722035,4.415620972968352
369,369,Day1,1060,Stationary,4.251934522822693,0.0208673939032754,1.0518908031968597,0.0017736885401924,11.666733114533278,0.0186404953493707,2.777377628550364,0.0062275936806393,4.200629037479019
370,370,Day1,1060,Stationary,3.805056499372388,0.0181067356799754,0.9975919558412396,0.0013801710632467,10.499979779492952,0.0162537454654445,2.4993659607324537,0.0053060417709611,4.201057365931267
371,371,Day1,1060,Stationary,4.234230597498852,0.0205946020653762,1.017687582286957,0.0017159924761341,10.659790069007158,0.0174674631895449,2.4676593013585206,0.0051165853052875,4.319798143584337
372,372,Day1,1060,Stationary,4.5985354130579035,0.0269678028279177,1.0605218089395143,0.001865271282114,13.750876273565265,0.0262955102968763,3.3456336352896363,0.007635222697231,4.1100962545693775
373,373,Day1,1060,Stationary,4.313043939724477,0.0228901164162699,0.981189726223861,0.0014334329616349,12.640153483987977,0.024831240859791,2.8682920128334137,0.0060285373714589,4.406857261196891
374,374,Day1,1060,Stationary,3.525799689679788,0.0137065309492076,1.019391817473393,0.0016451774317734,10.084992140335531,0.0149647404784465,2.2989964074592475,0.0045742887495845,4.386693301309259
375,375,Day1,1060,Stationary,3.4132018426243023,0.0144811824552416,1.039063252555688,0.0016802221200788,9.647489010821364,0.0134225998841979,2.2323581173088667,0.0045618164885196,4.321658311011283
376,376,Day1,1060,Stationary,2.3835097948307715,0.0151315028466636,1.0092320448963477,0.0014690353329573,6.1680156587402095,0.0084367199214008,1.3080370657106049,0.0022399502044855,4.71547467608601
377,377,Day1,1060,Stationary,2.848021208094425,0.0140515712539868,0.9870932651322056,0.0016369178997714,7.244628256935217,0.009918189744884,1.5781923776652038,0.0026341875948812,4.59045954058719
378,378,Day1,1060,Stationary,1.8681364424880291,0.0210260726255399,0.8774212290020829,0.0009433795423722,4.2337357434019065,0.0107224271947585,0.8064914311536634,0.0029563872024476,5.249573126084758
379,379,Day1,1060,Stationary,5.4527557154514,0.036165040113515,1.037087885314526,0.0015368915526347,8.899532104046164,0.0128729708380564,2.065396760586684,0.0038403147413177,4.308872887705226
380,380,Day1,1060,Stationary,4.613675238148515,0.0267200062314717,1.0025987868317547,0.0014902724499536,12.500972708326731,0.0218812407915818,2.8894746399055458,0.0066472535163929,4.326382566463839
381,381,Day1,1060,Stationary,3.4183987276219465,0.0141996719838109,1.001616917864688,0.0016220811075631,9.973476200174415,0.0139425608583312,2.363855894738771,0.0047065552583743,4.219155754110206
382,382,Day1,1060,Stationary,4.303388779012676,0.0226216060962904,1.034808261774402,0.0017281463497473,12.761317111895954,0.0222697624389112,3.022365783584208,0.007169913431013,4.222294065532457
383,383,Day1,1060,Stationary,3.464764038379249,0.0143381376734654,1.0332006684525592,0.001775808342995,10.9994314764827,0.0178929927788317,2.5807752611765538,0.0054912593477388,4.262064830654085
384,384,Day1,1060,Stationary,3.2558927915400684,0.0127720737572082,1.0946723675792096,0.0020162855094641,10.85612293598674,0.0169627260797201,2.635277361001129,0.005553651048144,4.119537129808056
385,385,Day1,1060,Stationary,2.917621348188473,0.0138968950161448,0.9510740917142472,0.0013030876517058,7.02889930224907,0.0098722629765953,1.582481711650931,0.0027139270919143,4.4416938600295985
386,386,Day1,1060,Stationary,3.9175320156619473,0.0188002485715427,1.0615779801581402,0.0017848195971081,10.823432120657424,0.0176460525942361,2.598781394451559,0.0051037007430494,4.164810531492041
387,387,Day1,1060,Stationary,2.6442947903015677,0.014484351486092,0.8485959128655932,0.0008638183018778,5.416044006707374,0.0098894154908321,1.1786416784422342,0.0021376300319381,4.595157379692828
388,388,Day1,1060,Stationary,2.561843656087731,0.0141832984874774,0.9066074365924106,0.0010234163376848,6.401806903802219,0.0094131321452095,1.4340021466966624,0.0023422825480537,4.464293807752861
389,389,Day1,1060,Stationary,3.1081528754742234,0.0125703694386617,0.9038510654301302,0.0010605821424216,7.403813294500336,0.0093227177610148,1.5778170925813246,0.0025825909150099,4.692440796409185
390,390,Day1,1060,Stationary,3.1781469949032206,0.0126142672163301,0.916247219524885,0.001040296720032,7.059152548184393,0.0091231655263175,1.4887649575107684,0.0026338104478512,4.741616540993398
391,391,Day1,1060,Stationary,3.0731445163471625,0.0114569897237572,0.9205657504493996,0.001095619836472,7.617423934356988,0.010012631795544,1.5799920082417065,0.0026091589543028,4.821178774716738
392,392,Day1,1060,Stationary,3.1050305829011124,0.0142297050918408,0.9580485379207476,0.001380710538188,7.856756963948492,0.0098029079819149,1.6678426004383713,0.0027762424228174,4.710730474136734
393,393,Day1,1060,Stationary,2.151498582518875,0.0176622721444557,1.0790890003917084,0.0017843410710302,6.80855974271693,0.0091983689353639,1.5154345444576305,0.002662224030269,4.492810176208365
394,394,Day1,1060,Stationary,1.9649963077275832,0.019983940066047,0.9322862933331068,0.0011229133237151,4.760480432477605,0.0102019998345595,0.958154531899014,0.0023777841619493,4.968384821018978
395,395,Day1,1060,Stationary,3.088782748996874,0.0125547846969535,1.0402082455319703,0.0017900337342803,9.879337879835507,0.0146723610159602,2.2829479759350013,0.0049025517600084,4.327447661521651
396,396,Day1,1060,Stationary,3.5619184884545465,0.0158799180756241,1.0340362812647894,0.0016807943442552,10.100733502176238,0.0151150119760111,2.3309932826970865,0.0044793348616005,4.333231492837739
397,397,Day1,1060,Stationary,6.272083303148997,0.0505614025628232,0.9517282762375596,0.001378064658319,10.57368058865493,0.0158019939999114,2.3904238557605364,0.0051077986483222,4.423349676323746
398,398,Day1,1060,Stationary,2.523795327876562,0.015332428015733,1.0027243200158655,0.0014677471126346,6.787331866609633,0.0086498685599369,1.495785590753676,0.002539735742434,4.537636883632316
399,399,Day1,1060,Stationary,2.7772800096007693,0.0126916191416219,1.0384002650238464,0.0017978196548773,6.708858812758086,0.0092290676682743,1.462375447618048,0.0025605854904586,4.587644591329563
400,400,Day1,1060,Stationary,2.213716514046794,0.0173645096358238,0.972744715674117,0.0012285295933493,6.314937232738788,0.0092716601932702,1.2971933180771704,0.0021808039832418,4.868154302628863
401,401,Day1,1060,Stationary,2.721803117990103,0.0141277503585705,1.0379654326053942,0.001729863956976,8.186786130822169,0.0106252072078456,1.8454603436482917,0.0034182758848159,4.436175591092739
402,402,Day1,1060,Stationary,2.8167112717840364,0.0141212421504606,1.0424929444430129,0.0017995295460697,9.314921343885592,0.0127117948181614,2.134118259464065,0.0038073384778621,4.3647634345365764
403,403,Day1,1060,Stationary,3.0335193652872765,0.0141726876464611,1.0287547846542502,0.0017018251459542,9.043098935460373,0.0113155637699073,2.0454142579242616,0.003708305020824,4.421157670347688
404,404,Day1,1060,Stationary,3.479781497686248,0.0142339462745425,1.029472795426049,0.0016449565333528,10.301578901819704,0.0166952905674281,2.404780183023918,0.0050245609534165,4.283792329353724
405,405,Day1,1060,Stationary,3.4080989225913583,0.0148705294118514,1.0135423364465048,0.0016937348589917,8.694652264749209,0.0118617595182673,1.964634007661854,0.0033065067790255,4.425583712203409
406,406,Day1,1060,Stationary,3.038929267404495,0.0124251181955199,0.9783334039530436,0.0014766402945122,8.517696242677179,0.0117409620497528,1.8890811270320824,0.0036398321382837,4.508909713189105
407,407,Day1,1060,Stationary,3.4067411817100117,0.0151744752937384,1.0502134629875717,0.0017827978544379,10.44820576796094,0.0162120731904479,2.451911182812251,0.0052166308575299,4.261249690120193
408,408,Day1,1060,Stationary,3.4210441142798422,0.0140304777400687,1.1164657773901367,0.0022839458570195,12.316836342603452,0.0226453948697182,3.06977444968002,0.0066932594585548,4.0122935885036455
409,409,Day1,1060,Stationary,2.1516484808114273,0.0189515055215447,0.9182479650257012,0.00117696733035,4.777374477432827,0.0103203900608505,0.905341168161993,0.0024475320127465,5.276877541238696
410,410,Day1,1060,Stationary,3.692654288208308,0.0155331250222731,1.0576380163509371,0.0017833501511041,11.070190817183548,0.0183200554879238,2.6330164269756335,0.005576164446902,4.2043759027736565
411,411,Day1,1060,Stationary,2.026835563947319,0.0187461142172182,0.8482587132272438,0.0008078745417173,4.394758975203149,0.0121273557232696,0.8078163914700254,0.0026223203187649,5.4402943807636515
412,412,Day1,1060,Stationary,4.1075196066073,0.0210790052536354,0.8781770915274971,0.00092023202417,10.271575307861138,0.0156887354538444,2.0856200094649617,0.0040852661341871,4.924950499729898
413,413,Day1,1060,Stationary,3.3831468005674568,0.014646256671012,1.053796886085278,0.0017621942350281,9.716804978744232,0.0153278670028153,2.298698514928805,0.0047473795062866,4.227089770858959
414,414,Day1,1060,Stationary,3.0764761988938587,0.0127895229382357,0.9157209204678128,0.0010393093184317,8.84218284635473,0.0111130796520995,1.834479581113507,0.0030966964744842,4.819995238642902
415,415,Day1,1060,Stationary,3.1987564252729843,0.0136184153340829,1.0228975613997164,0.0018670709089544,8.336631721231079,0.0106590856585299,1.9159442825431203,0.0030956782812187,4.351186930219853
416,416,Day1,1060,Stationary,3.3908703998463188,0.0143377047143873,0.979129950432532,0.0014264107794995,8.97180233464984,0.0120118261516716,2.0663081678085344,0.0039540263039534,4.341947863548867
417,417,Day1,1060,Stationary,3.392762794940856,0.0146231939540058,0.9613556423349362,0.0014302664583348,10.119167553217329,0.0140769591913088,2.2102366435317773,0.0041525581814728,4.578318608023676
418,418,Day1,1060,Stationary,3.4048958549262,0.0134491219423699,0.8432466213860341,0.0008646001668465,7.449482204535337,0.0089925893575699,1.6667789809550573,0.0027349158903222,4.469388137032311
419,419,Day1,1060,Stationary,3.4949821341156917,0.0138141510212438,0.8670365785056406,0.0009016687669509,7.319589658514214,0.0094164260218748,1.5845998945823043,0.002593088870325,4.619203676296871
420,420,Day1,1060,Stationary,6.749797847275131,0.0551770463604103,0.8482085250961081,0.0008884478416456,16.268137731944858,0.0308137696260168,3.4235181890276993,0.0078912569524491,4.751877114041305
421,421,Day1,1060,Stationary,3.038214254490745,0.0129785509204804,0.9637651596183268,0.0014118264109535,7.673894759313719,0.0098194668922281,1.630270653212127,0.0025147295029892,4.707129300397957
422,422,Day1,1060,Stationary,2.9402502442148775,0.0136692685352514,1.0035509732683487,0.0016627603022934,7.454282919253716,0.0096801420591096,1.6400657434494843,0.002672767974765,4.545112260911823
424,424,Day1,1060,Stationary,6.970933898684232,0.0582864855328691,0.702875196906304,0.0008154829025027,13.894596575489798,0.0268822967226601,2.4472772698854826,0.0046058993845249,5.677573500341454
425,425,Day1,1060,Stationary,3.5483129459386293,0.0145371516372104,0.648173858694596,0.0009620552933932,6.920580323273657,0.00891308829975,1.1634055540204005,0.0022365720277582,5.9485536229031135
426,426,Day1,1060,Stationary,4.11441002917828,0.0204363089859113,0.9836031543525098,0.0014779164255871,10.889428288420673,0.0174602181244145,2.441657138661402,0.0047554096214806,4.459851514775175
427,427,Day1,1060,Stationary,3.7985907514565143,0.0161808327290326,1.0066047763957535,0.0015417362335959,10.312782113647204,0.0160170118572263,2.3653904430014574,0.0047981674593577,4.359864623686082
428,428,Day1,1060,Stationary,2.243161449090237,0.0168177113094994,0.8169037463105824,0.0007817368467938,4.6322733340700095,0.0113043016495973,0.9369159117944282,0.0021781979119722,4.944171911007518
429,429,Day1,1060,Stationary,2.7543508042137517,0.0144684990644234,0.9798108495544308,0.0013997475989657,7.4314959452796,0.0096864998356687,1.7288236660138585,0.0028010395045865,4.29858527007232
430,430,Day1,1060,Stationary,3.369386004962906,0.012914380200859,1.041569523337153,0.001800734283446,9.69356090382537,0.0140696133719251,2.242045252197898,0.004412401814352,4.323534903821714
431,431,Day1,1060,Stationary,3.039039161658835,0.0143268658104549,1.00914042871732,0.0015616336381525,8.767596797252349,0.0113662478473589,1.9668285464215065,0.0035993231049362,4.457733142629192
432,432,Day1,1060,Stationary,2.8587384836486773,0.0133210747751777,0.9537434682445,0.0013649399548106,7.792728196436313,0.0103241410392772,1.7346319654032205,0.0031118340725536,4.492438944894498
433,433,Day1,1060,Stationary,2.696675684899375,0.0141412852673188,0.9746892626626564,0.0013944295039098,7.552873638119564,0.0101480238949346,1.6284413750348776,0.0025472844560693,4.638099813668637
434,434,Day1,1060,Stationary,2.629908983190865,0.0140886504052701,0.9846494521018682,0.0013978928568952,7.383993515745269,0.0100833954291131,1.5798593350962449,0.0025215154561852,4.673829721236187
435,435,Day1,1060,Stationary,3.0365212067859297,0.013361331726708,1.0438118843136657,0.0018396592924042,8.406446068390341,0.0111761950474444,1.8997486126551104,0.0033769493419063,4.425030771119446
436,436,Day1,1060,Stationary,3.1497269805240897,0.0142311568342679,0.9934645950665228,0.0014576967768742,8.338166779671058,0.0111867059309239,1.8451396580830068,0.0032794882154882,4.518989521006735
437,437,Day1,1060,Stationary,2.985460705676222,0.0127050543468669,1.0591115811860106,0.001923692520056,9.20761516661189,0.0123362334292841,2.141886357212835,0.0041833007815661,4.298834592976936
438,438,Day1,1060,Stationary,4.6006896093314555,0.0253320066873776,1.0186731354012295,0.0016631836926687,8.114482085890344,0.0101062600222457,1.8626992244297151,0.003166947673,4.35630292828123
439,439,Day1,1060,Stationary,2.6611220523345587,0.0136066310711129,0.8791696645724244,0.001017834612936,6.372489512724129,0.0089493902140093,1.3846750942405228,0.0024796778144598,4.6021550753892635
440,440,Day1,1060,Stationary,2.3453977172371903,0.0169810695965537,0.98815799117815,0.0014138045958367,6.597412447751223,0.0092465144450258,1.3843260613197914,0.0021213737259472,4.7657937187582595
441,441,Day1,1060,Stationary,3.014035018254355,0.0119476287189061,0.9380268037335264,0.0012018204009697,5.40959156058311,0.0092027060479863,1.0685834211535938,0.0022516943406798,5.0623951799132
442,442,Day1,1060,Stationary,4.8411007392862695,0.0283636706005759,0.9809724711301798,0.0015078307832057,12.967298786813108,0.0239095751223097,2.942053135591636,0.0066288020645951,4.407567840954521
443,443,Day1,1060,Stationary,4.38855659165681,0.0236873207804381,0.9831428946162104,0.0014931700737997,8.202460113804824,0.0112208722061209,1.7820107890459234,0.0027766819987809,4.602923935267735
444,444,Day1,1060,Stationary,2.8033399245510218,0.0143554991726358,0.9540210502823944,0.0013648831766112,7.592419055288235,0.0099368260356354,1.7543753594131066,0.0031334570132713,4.327705023073361
445,445,Day1,1060,Stationary,2.6941160763123415,0.0131230259747691,1.0264966498023915,0.0016256918148994,8.119974184926367,0.0097998769584514,1.8053139005846663,0.0032102719357399,4.497818458217512
446,446,Day1,1060,Stationary,2.984168167575618,0.0129198939632682,0.9834397161951534,0.001454158871592,8.499467013920624,0.0118227103368177,1.9179216050414696,0.0032515760586104,4.431602934957733
447,447,Day1,1060,Stationary,2.908206881745972,0.0126853877671613,1.0786293295139882,0.0019055181453908,8.360244533641938,0.0112410654031689,1.930575626212775,0.0036258298655101,4.330441356520332
448,448,Day1,1060,Stationary,3.0770720854536004,0.0127651700094478,0.9991814779420743,0.001536595926742,8.572327124115713,0.0125995300806781,1.889896775502165,0.0033028738142429,4.535870548717116
449,449,Day1,1060,Stationary,2.6456060905784464,0.0143050605394285,1.0534735519928526,0.0018396029683675,8.101313566741894,0.0106330457589828,1.8424945595762103,0.0032711778515277,4.396926723412017
450,450,Day1,1060,Stationary,2.3745296286289905,0.0157690708029269,1.0024386489177275,0.0015096103154367,6.9566427217260935,0.0085836285303911,1.4878887589884653,0.0025944331768697,4.675512654894669
451,451,Day1,1060,Stationary,4.2927734349766435,0.0234380994278332,0.98713099905803,0.0014315468166099,12.975954809280507,0.0234863887504628,3.09881585787657,0.0071411991290214,4.187391379290327
452,452,Day1,1060,Stationary,2.4096475619376787,0.0162470288563601,0.9217992448230786,0.0011571548117104,5.4114494704701555,0.0100754193571658,1.165113519052692,0.0023245152551597,4.644568432155857
453,453,Day1,1060,Stationary,2.4899617055842813,0.0153176050470555,1.0015761071571871,0.0015784949632214,6.447678860597168,0.0083542658902205,1.3655663531385958,0.0024318601849523,4.721615208062155
454,454,Day1,1060,Stationary,2.6432649057778477,0.0155785952538408,1.0068988867476747,0.0016267709182587,6.695514149981586,0.0086300659128101,1.4288902844453006,0.0023710529026338,4.6858140354567555
455,455,Day1,1060,Stationary,3.396329574310406,0.0144046951448825,1.0518833401684204,0.0018941508677244,9.451042605911944,0.013757483121029,2.1880405864884382,0.0042167676371834,4.3194091847628
456,456,Day1,1060,Stationary,3.061933161344256,0.0122362205251029,1.042000973640936,0.0017609675084096,8.247768816090153,0.0113172629492365,1.8609647385751424,0.0033255368966273,4.431985542297325
457,457,Day1,1060,Stationary,2.559916010676905,0.014683324924233,0.9720600360513976,0.0013138261716358,7.8039438097379215,0.0097238518401665,1.6587980537690112,0.0028337916733017,4.70457738481566
458,458,Day1,1060,Stationary,2.5924701667431425,0.0144034154036016,1.0341580519898652,0.001596664778966,7.079815019660149,0.0091665738811405,1.5527776110313447,0.0025632016637805,4.559452022854568
459,459,Day1,1060,Stationary,2.411510395905675,0.0159861068579916,0.9717267264687848,0.0015000809448508,7.207662999709361,0.0089724379003732,1.512916475306798,0.0024927357299704,4.764085207180885
460,460,Day1,1060,Stationary,2.6732711104004037,0.014114455171367,1.0863198032974255,0.0020557439603253,7.828963889679285,0.0106796789055528,1.806781077185902,0.0029768434465251,4.333100445059483
461,461,Day1,1060,Stationary,2.513371446801987,0.0149314522849892,0.9332213405000948,0.0013078163660104,6.133065062984811,0.009289702053207,1.2770639841388252,0.0023795303511125,4.802472811979409
462,462,Day1,1060,Stationary,2.2497203163186423,0.0162234305931606,0.964719939815626,0.0013454127405212,5.514928805540973,0.0101262722094786,1.1088722924579433,0.0023525761861847,4.973457126714292
463,463,Day1,1060,Stationary,2.549170205040251,0.0146344516277369,1.051207387047269,0.0017811126823743,6.980080810790836,0.0093782506357059,1.572421665912083,0.002503447721228,4.439064254906485
464,464,Day1,1060,Stationary,2.9005443248461447,0.0130791517906416,0.9612105296756126,0.0012452272428494,7.819491612958354,0.0105871824240913,1.6756291156250431,0.0029032675313629,4.666600466679959
465,465,Day1,1060,Stationary,2.7692143651559884,0.0128803655941442,0.9663802669982222,0.0013645979146637,6.9999828449131805,0.0092557414901228,1.4613301252013688,0.0023892968019939,4.790144762086934
466,466,Day1,1060,Stationary,2.767105431973452,0.0145963273923892,0.9667285896410668,0.0013167661982064,7.341724851440474,0.0096084268358209,1.5520250667794235,0.0025747710068875,4.730416414391516
467,467,Day1,1060,Stationary,3.2322221692515107,0.0129767493848361,0.9313609409388336,0.001122105522183,7.840802900632419,0.0108320315353211,1.6412800796483151,0.0027939539969329,4.777248562178678
468,468,Day1,1060,Stationary,2.736402631895061,0.0140858763317644,1.0784609154936553,0.0019661746941245,8.416364449683508,0.0111232048487048,1.9419986627959185,0.003257226424543,4.333867273402943
469,469,Day1,1060,Stationary,2.7086476530033825,0.0138132369927667,1.0307391614495425,0.0017423993885888,7.837401704599197,0.0099426712493123,1.7661388543941838,0.0031109443727356,4.437590897850193
470,470,Day1,1060,Stationary,2.5224681950828183,0.0136147627139306,0.9154403276676994,0.0011598388083163,6.205877371371764,0.0094892258179851,1.3788590204039008,0.0024751858554769,4.500733780277199
471,471,Day1,1060,Stationary,2.399768491633141,0.0144913972735839,0.8921274294442922,0.0010668162940184,5.8749677008561,0.0093611612243558,1.195442819582935,0.0021659039412372,4.914469855535001
472,472,Day1,1060,Stationary,4.26367598547867,0.0223485096257276,1.0208429832307373,0.0015828021559121,12.04610410286858,0.0200441136459917,2.808595759618139,0.0062829932439968,4.289013134630092
473,473,Day1,1060,Stationary,3.592921118925312,0.0169071342469563,0.9197649259892736,0.001119088493156,8.71076849058473,0.0115152762192453,1.8874565631074225,0.0035482590876176,4.615082890301707
474,474,Day1,1060,Stationary,3.3065622336811074,0.0127053958080152,0.9768352367404854,0.0013915321643604,9.115019550070922,0.0128773717937177,2.004128797499998,0.0039670865317998,4.548120640470429
475,475,Day1,1060,Stationary,3.189324732552023,0.0131124269404593,1.0070827580192694,0.0014774829498217,9.042677324733376,0.0127241784158222,2.012408786010394,0.0037494830707159,4.493459473838071
476,476,Day1,1060,Stationary,2.251376907498027,0.0177527546263808,1.0345547775832404,0.0017154637325631,6.222457363332789,0.0092069944972903,1.319494683059334,0.002212700359572,4.715788129517596
477,477,Day1,1060,Stationary,3.2802282372109657,0.0126203109439273,1.0385768538539866,0.0017405543280697,8.661074538266643,0.0121281257953807,1.9650850056426423,0.003846356557184,4.4074808537019035
478,478,Day1,1060,Stationary,2.7946426129616584,0.0130441892390221,1.0517759587499522,0.0017848490109602,8.18342490613854,0.0110292831420142,1.846942228448494,0.0031527361417171,4.430796361731871
479,479,Day1,1060,Stationary,5.124746122258944,0.0345370303366192,0.8534334732964113,0.0009176570395185,12.219600492720462,0.0241962249964014,2.4820315531129347,0.0052166207196698,4.923225281884424
480,480,Day1,1060,Stationary,2.6818846433078916,0.0141050558549117,1.0502736007271083,0.0017024342884055,7.89861321296268,0.0097153975864392,1.7747594215938007,0.0029579521479488,4.450526148422656
481,481,Day1,1060,Stationary,2.777136785209621,0.0136092998903799,0.9006514363754593,0.001050899267422,6.531304991277204,0.0092538515476308,1.4524617455558957,0.0023793813487894,4.496713948757046
482,482,Day1,1060,Stationary,2.604654568993944,0.0139607901254351,0.9361059508636284,0.0011800562273505,6.4729599692017326,0.0088223658222061,1.3852797821131928,0.0022006026816188,4.672673385391847
483,483,Day1,1060,Stationary,2.658177674400963,0.014872548543714,0.9058990727631188,0.0009335486737325,5.742955792256978,0.0089618210414206,1.2177529239145888,0.0022681333619151,4.716027101618997
484,484,Day1,1060,Stationary,4.788006437627571,0.0291913729651951,1.009189830313516,0.0015374129763236,12.807223035241416,0.0235838673635495,3.0658111710861102,0.0072272232491006,4.177433742830372
485,485,Day1,1060,Stationary,2.3309905655729453,0.0161136601648241,1.018709707555482,0.0015818744865369,6.648016634575725,0.0089397261221421,1.455432583945614,0.0025619951417482,4.567725573762574
486,486,Day1,1060,Stationary,3.1870669318485736,0.013346452997563,0.9884033838956195,0.001417059499549,8.733513972735427,0.0112828793356577,2.037284313359754,0.0036799370618617,4.286841024330422
487,487,Day1,1060,Stationary,2.193035641956159,0.0181880058940329,0.8554968703181599,0.0008803889045079,5.1921915401471015,0.010218633153876,0.9529259438387084,0.002521052069951,5.448683157088992
488,488,Day1,1060,Stationary,4.526845783293123,0.025485249837774,0.9684714457473106,0.0014426581033691,9.384244177861053,0.0139246753360025,2.056721887129057,0.0036581110934888,4.562719070861039
489,489,Day1,1060,Stationary,3.137033516439738,0.0127402105612191,0.9902870395534864,0.001583181246124,8.797150141264137,0.0120302158874603,1.9380640132134688,0.0035669346623646,4.539143228131945
490,490,Day1,1060,Stationary,3.0955974762936296,0.0119936434706951,0.9911265608680294,0.0014188931072792,8.350213438620715,0.0122320424585053,1.8865752498884296,0.003450206752853,4.426122646904511
491,491,Day1,1060,Stationary,2.9894118166966366,0.0126721385504398,0.8005572848265344,0.0007855077825397,5.732235794288047,0.009260665375384,1.0498819343774195,0.0023382681679985,5.459886113467859
492,492,Day1,1060,Stationary,3.1883062609492727,0.0133504406250567,0.9129242283707536,0.0011431649749957,8.72212041644764,0.0116487868110748,1.9914826137301749,0.0035618509309757,4.379712057897683
493,493,Day1,1060,Stationary,2.209919641347758,0.0171464035129563,0.8191365012948453,0.0008009828410807,4.500091624458412,0.0108364092356142,0.7972684642559111,0.0026755874143077,5.6443868360682465
494,494,Day1,1060,Stationary,4.838404996826854,0.0298847028305851,0.713889425534903,0.0007576736504834,6.024363988236121,0.009154932105109,1.0945114105550935,0.0022260546401854,5.5041582300003595
495,495,Day1,1060,Stationary,3.187023078917904,0.013576051991379,0.9344708686848896,0.0011690141554796,9.194183265727364,0.0135759593104467,2.0221081166011827,0.0038223789639914,4.5468307012095925
496,496,Day1,1060,Stationary,2.457073168168178,0.0157112466963175,0.978116422836547,0.0013585270744802,7.054441105779213,0.0088464896387579,1.4945470851090767,0.0026283823000463,4.720119677771382
497,497,Day1,1060,Stationary,3.0680218732465336,0.0134701469191193,0.9523083841658476,0.0012611320880277,8.729981600789964,0.0126324645756322,1.9413171261958704,0.0034012147305917,4.496937405531932
498,498,Day1,1060,Stationary,2.483455690817483,0.0151603088918871,0.9857507725732724,0.0014152544902211,7.0897324490708815,0.008692180997285,1.5036000860692609,0.0027648415127745,4.715171616945694
499,499,Day1,1060,Stationary,2.61411135215152,0.013743589080003,1.0098927046994517,0.0016136132640728,6.8120127056679545,0.009430140472689,1.4658475946975336,0.0024952995331012,4.647149355983056
500,500,Day1,1060,Stationary,2.2355941710919214,0.0179292224166967,0.8988014828340056,0.0010182056043803,5.169674262191138,0.010333259148274,1.0242427265350933,0.0021714175290452,5.047313618403334
501,501,Day1,1060,Stationary,2.7977726964687535,0.0131622066221349,0.942897843581607,0.0012304928086929,6.906511913984519,0.0094228065861123,1.4542399520124345,0.0023712670703167,4.749224434679446
502,502,Day1,1060,Stationary,3.157263469143603,0.0142943778747765,0.95127924134737,0.0011833099615137,7.894662975279089,0.0096822720779842,1.768306651925188,0.0028356245226454,4.464532758887732
503,503,Day1,1060,Stationary,2.5623346500730326,0.0140487108121042,0.9938609197168384,0.0016146282835164,6.597569894215241,0.0092467975732665,1.460778432521458,0.0024769822516975,4.516475426616984
504,504,Day1,1060,Stationary,2.689288290956671,0.0128749818326334,0.9588281129867842,0.0013994273072102,6.770953628464584,0.0093469762085095,1.4858869396477634,0.0025436352482367,4.55684308664135
505,505,Day1,1060,Stationary,2.7418926329999884,0.0153376799421318,0.8583270481704268,0.0008631115077869,5.79796809308505,0.0089393705954672,1.3038041127535558,0.0022697048999271,4.446962573879362
506,506,Day1,1060,Stationary,3.446906909847239,0.0151304387689292,0.9860150455052415,0.0014227114407677,9.111914621076144,0.0127025764417678,2.006069255673415,0.0037982241562263,4.542173504382518
507,507,Day1,1060,Stationary,2.3712114756405915,0.0168949551813993,0.8486245316223772,0.0008194534205734,4.897586676344256,0.0102116161994864,0.991352681726554,0.0021913118449469,4.940307084068758
508,508,Day1,1060,Stationary,4.29674847238294,0.0224572097625126,0.9873435727045164,0.0014484891595649,11.015611055799493,0.0185782572560335,2.5503678089833137,0.0053960942064124,4.31922447303426
509,509,Day1,1060,Stationary,3.1150544566475356,0.0133737828588593,0.954380320023842,0.0013155011478535,8.301414156016053,0.0103809492134659,1.7650197152969362,0.0029364016752045,4.703298260110071
510,510,Day1,1060,Stationary,2.4656683135127877,0.0154621415756969,0.94510044701741,0.0012601391232773,5.8442693211396515,0.0089962423313817,1.216031469429057,0.002182242176416,4.8060181566547895
511,511,Day1,1060,Stationary,2.340338067451868,0.0166486324207923,0.9762549778550784,0.0014061992327947,5.918996206727156,0.0094362763752851,1.2362106659976184,0.0022914541430673,4.788015804693404
512,512,Day1,1060,Stationary,2.972769449526684,0.0133517322296298,0.947621739990008,0.00131403769916,7.511567459720473,0.0101451319732739,1.605473629525786,0.0029321992509006,4.678723662337069
513,513,Day1,1060,Stationary,3.1274893892281765,0.0132071230364602,1.0548778637461222,0.0019259413564386,8.7012274283358,0.011997355562851,2.0040768353655074,0.0036193529985687,4.341763386905699
514,514,Day1,1060,Stationary,3.475297649575931,0.0141542183016721,1.006756074474764,0.0015254893845991,8.484008341926502,0.0109700511523293,1.8828766993911663,0.003467985654804,4.505875687276725
515,515,Day1,1060,Stationary,2.2398603000802413,0.0176951139491368,0.989457277731346,0.0016249653144579,6.524799346833029,0.0081417830439456,1.3661608072838567,0.00231646975741,4.776011222138161
516,516,Day1,1060,Stationary,2.686063944731131,0.0148906836711244,0.8700032349630551,0.000933202576641,6.724367705504589,0.0083429183338151,1.438365692994344,0.0023448230400321,4.675005624964548
517,517,Day1,1060,Stationary,3.983231621623193,0.0197105658357429,1.0361686315078904,0.0015942050878999,10.664051376055555,0.017256037862581,2.4746879984006336,0.0054515586096245,4.309250856248394
518,518,Day1,1060,Stationary,3.7821773640550793,0.0156877809459633,0.9442293816773368,0.0012751397497265,7.174705452368245,0.0092615603337735,1.522233059016355,0.0025546692433023,4.713276597083259
519,519,Day1,1060,Stationary,2.7402535654392977,0.0132047772330739,0.9637123072455154,0.001365210978566,7.65541729676817,0.0101157103017123,1.6273261671220538,0.0027708935644051,4.704291893927367
520,520,Day1,1060,Stationary,2.8549955153024507,0.0130475395977114,0.958768580179443,0.0012895367204938,7.540616329470231,0.0098658283897338,1.5992938604413538,0.0024781918760064,4.714966095967668
521,521,Day1,1060,Stationary,3.546737173235423,0.0154786230196045,0.9890305640542092,0.0014920312452747,10.856471568722846,0.0171110771344873,2.439538606583287,0.0047050761449481,4.450215110113774
522,522,Day1,1060,Stationary,3.07243910480368,0.0128566347906495,0.9067998698445652,0.0010745096193913,8.112637375824113,0.0098678906477278,1.7963641481459198,0.002847815789527,4.516143001516371
523,523,Day1,1060,Stationary,2.559789681876591,0.014486873497706,0.9347280779813564,0.0011159157686978,6.57248615454085,0.0089296524255928,1.3580604413673305,0.0024054793092658,4.8396124018777105
524,524,Day1,1060,Stationary,3.5460725627582708,0.014966255277606,0.988612650535336,0.00153161510977,11.041791697019251,0.0178586348845067,2.4792806464418686,0.005419672700864,4.453627189348588
525,525,Day1,1060,Stationary,3.3720946236662575,0.0138923278495106,1.0297505111165557,0.0016602533639621,9.055163082289647,0.0131490935701305,2.088195013369322,0.0038883748023801,4.336358924485246
526,526,Day1,1060,Stationary,2.8829246386377614,0.0126762072201888,1.0080443710669988,0.0015916524630156,7.652909945746267,0.0098695696060518,1.694066477438615,0.0027979905685265,4.517479123556751
527,527,Day1,1060,Stationary,3.1917472786247236,0.013434582050652,1.0232643089539974,0.0016725021879802,8.851266639721114,0.0119409146624182,1.9957013808010953,0.0037968086401701,4.435165864428136
528,528,Day1,1060,Stationary,3.642753598141659,0.015270418992948,1.0246041531380397,0.001704722817555,10.243209378728048,0.0152573125699206,2.38415380465952,0.0049100695155168,4.29637104733303
529,529,Day1,1060,Stationary,2.9229122392592557,0.0136559964750935,0.9743942710194832,0.0015294995973518,7.6271694920258195,0.0104693665249809,1.672233500734631,0.0028310205903837,4.5610672724085
530,530,Day1,1060,Stationary,3.3937683853100618,0.0134788824049091,0.9035737927366274,0.0010364100224928,7.988845677170784,0.0097059898343746,1.7812497256478272,0.0029970217703515,4.484966684985903
531,531,Day1,1060,Stationary,3.360370798538178,0.0133760681476874,0.9787912595889748,0.0014020717431898,8.960535864338024,0.0113553390504377,1.963902268434028,0.0035219299082214,4.562618012291903
532,532,Day1,1060,Stationary,6.296117060338202,0.0501594691916002,0.9049528611539924,0.0010859968322318,16.144502535575285,0.0340514458899486,3.627018180489272,0.0086812629212446,4.451177725664846
533,533,Day1,1060,Stationary,2.665213435829978,0.0143287260190368,0.92923842046326,0.0011874701276644,6.772036848828953,0.0089291745618666,1.4113581745452957,0.0024765035612053,4.798241134650836
534,534,Day1,1060,Stationary,2.7216110147102497,0.0144569966790611,0.9937102868596862,0.0015448338022611,7.2377116708966,0.009083495805127,1.5475192931740325,0.002535786244408,4.676976696071894
535,535,Day1,1060,Stationary,2.938982286429109,0.0131644277694771,0.9925213658746452,0.0015968709776575,8.08015212265622,0.0105252032452691,1.762571591396042,0.0029782461334384,4.58429726321434
536,536,Day1,1060,Stationary,2.618201129409124,0.0144380800060845,0.9797064577529344,0.0013813780439399,7.336751273253323,0.0098540394923469,1.5569408404347878,0.0026527190418736,4.712286480457715
537,537,Day1,1060,Stationary,2.699785763071451,0.0133757261537247,0.8810662683034496,0.0009009892242463,6.614652978739319,0.009120611862546,1.3692598574251251,0.0022453448034012,4.830823705865507
538,538,Day1,1060,Stationary,2.8894848907095128,0.0130707155478128,1.0140198345271854,0.0015325519716472,8.236176189219604,0.0102110199958766,1.8157680631051136,0.0032773573031424,4.535918632215098
539,539,Day1,1060,Stationary,2.4934327106478222,0.0159165347390184,0.8816683131522125,0.0008928490828096,5.632065853651771,0.0095933622110838,1.218210752657782,0.002232498938478,4.623227829309699
540,540,Day1,1060,Stationary,2.805157282941619,0.0135756496414545,0.96494930158452,0.0015085723123488,7.438916936629735,0.0095166343677371,1.565236478383224,0.0025677775623462,4.752583420694104
541,541,Day1,1060,Stationary,2.4227190078323337,0.0161552104621743,0.997522966618586,0.0014444501735085,6.5293476322740505,0.0091536577778046,1.3768488958483385,0.0024050339603135,4.7422397998518395
542,542,Day1,1060,Stationary,2.1494281842696097,0.0188681093423351,0.9731173232364616,0.0013615250702497,6.4460282963273485,0.0090846181187641,1.3438069880654775,0.0021256395063594,4.796840880852201
543,543,Day1,1060,Stationary,2.562793182669764,0.0148231283487556,0.9885868402309071,0.0014052972841839,6.824790001764964,0.0094562555447956,1.446246183857814,0.0023881562322841,4.718968373392738
544,544,Day1,1060,Stationary,3.2646716177155293,0.0132818130684204,1.0181909897223644,0.0017113114407751,8.60586580900379,0.0106943099255796,1.9306222348923336,0.0035167949942497,4.457560704248141
545,545,Day1,1060,Stationary,2.832417517604886,0.0155639618933362,0.9775737202334828,0.0013775228658585,7.1145471505974145,0.0097749543234689,1.549048021652568,0.0025290668717553,4.592851255190537
546,546,Day1,1060,Stationary,4.204900750764937,0.0213409078527553,0.9557774762234662,0.0013018454284117,12.234416386122776,0.0209522726509948,2.7280170292963466,0.0061563960427386,4.484728744262447
547,547,Day1,1060,Stationary,2.9311638538855695,0.0128306488130667,0.8986648271640074,0.0010766300329433,6.749908095112829,0.0088584076614071,1.493953013792818,0.0025935112737232,4.518152868794914
548,548,Day1,1060,Stationary,2.75774019232833,0.0136550162438405,0.9253763918721672,0.0012100868834382,7.192308591605233,0.0095623879265963,1.5077775250984573,0.0025408241860492,4.770139143130932
549,549,Day1,1060,Stationary,2.4488415595718505,0.0155263036737473,0.9559182153990968,0.0013716539581439,6.6242596111476395,0.0087912942212862,1.378168877679484,0.0023149689460682,4.806565957505406
550,550,Day1,1060,Stationary,3.7414771497465034,0.017612184345141,0.9876605506117584,0.0014688787907107,9.789380910680414,0.0138357753390546,2.178439416520849,0.0042617193173059,4.493758622085015
551,551,Day1,1060,Stationary,2.6507873949810197,0.0142862231333985,0.9219795647411744,0.0011496114119963,6.494776219072635,0.0092573266434315,1.321796307732114,0.0023808015900899,4.913598397181269
552,552,Day1,1060,Stationary,3.087962971534679,0.0124657020160949,0.8962949069947562,0.0009773185213617,6.974057650998412,0.0086486258603794,1.4283382834223446,0.002302481985531,4.88263720992505
553,553,Day1,1060,Stationary,2.9389257497169763,0.0133067629990076,0.9984887754371526,0.001618632739272,7.151132238141003,0.0094850958915349,1.578026075442704,0.0024854979652169,4.5316945958163615
554,554,Day1,1060,Stationary,2.480168452672747,0.0152453236352318,0.9679380167568058,0.0012898175490575,6.326544041147059,0.0082340045891961,1.347540178662165,0.0024299759774318,4.694883418933036
555,555,Day1,1060,Stationary,4.160664583929546,0.0211929651401719,0.9942164006224532,0.0014142163835821,11.782705321402997,0.0197534898743239,2.6833579139965686,0.0054191628499487,4.391030082101103
556,556,Day1,1060,Stationary,2.6852493186753925,0.0131305263116564,0.9990983272995008,0.0015687037521462,7.478912774209069,0.009786319688734,1.6189730658809345,0.0027214168836215,4.619541196715065
557,557,Day1,1060,Stationary,2.4775689890506936,0.0151785956317018,0.9280410151442668,0.0011254780078013,6.08059257357522,0.0090702411798926,1.2220826835471983,0.0021676893210087,4.975598341616123
558,558,Day1,1060,Stationary,3.029822932401937,0.0128726846373996,0.8107904820800425,0.0008049681818918,6.680459988492259,0.0089747390312347,1.3267214091306665,0.0022668605202365,5.035314831370383
559,559,Day1,1060,Stationary,2.8304292105515434,0.0134002016619408,0.8744279612839898,0.0009068698219135,6.791140914979414,0.0087113311486045,1.508446470750968,0.0025585798062469,4.502076173507502
561,561,Day1,1060,Stationary,2.1132838411673256,0.0190350659248486,0.9406521352580868,0.0012801965797892,5.651582831554791,0.0089726274822409,1.1129318044489187,0.0023898861193291,5.078103446197441
562,562,Day1,1060,Stationary,2.6842824580165683,0.0137722256999682,1.0268863146121068,0.0015487714903079,8.283184287008407,0.010292112120777,1.8437683885101237,0.0032376958532026,4.492529722619727
563,563,Day1,1060,Stationary,2.7193393636134378,0.0146524466697187,0.8927189622853035,0.0010680883679512,6.331437053632765,0.0081342101255521,1.2600430848188116,0.0023280852261408,5.024778223788433
564,564,Day1,1060,Stationary,6.130738682944158,0.0490750620710395,1.017341811906724,0.0015921075173909,17.089727824569177,0.0356553042731423,4.199252032548421,0.0118089606510229,4.069707579375237
565,565,Day1,1060,Stationary,2.1758412107119973,0.0179159991191556,0.8962398654363606,0.0009967429628905,5.0920520906844535,0.0096648867851352,0.9736152053147644,0.0023859398240738,5.230045774642788
566,566,Day1,1060,Stationary,2.368581219690734,0.0147183024735343,0.984113481047067,0.0014150555396533,6.1013021260252005,0.0092862167344252,1.2785710559835206,0.0020374386351134,4.771969533857366
567,567,Day1,1060,Stationary,5.1913758242398895,0.032558222307067,1.0486653808916817,0.0018001145141264,14.48588718105205,0.0282578520785557,3.502697011917565,0.0089701790796472,4.13563809023884
568,568,Day1,1060,Stationary,2.764283963015907,0.0139571585996576,0.8881762360444788,0.0008947495511674,6.408414000965497,0.0084481068238376,1.2645357917159563,0.0022601197315149,5.067799617019439
569,569,Day1,1060,Stationary,3.78045825947026,0.016627385061441,0.9598953963971588,0.0013115032248498,10.480818403923042,0.0158020210437213,2.3059846739584993,0.00448652257128,4.545051197556947
570,570,Day1,1060,Stationary,2.265516154898757,0.0177898096246298,0.994986067991416,0.0016222606149373,6.292586282002713,0.0085022317140394,1.3127228840626457,0.0022176309491663,4.793537431547067
571,571,Day1,1060,Stationary,2.6683733472781164,0.013376259199968,0.9976778696690924,0.0014892214158386,6.814490215249489,0.0092397172173985,1.4752464346859004,0.0026621327599622,4.6192216127608425
572,572,Day1,1060,Stationary,2.7894868271660997,0.013940183146749,0.9070847396239904,0.001084940583293,6.454087694336285,0.0086115854415819,1.3217182285265714,0.0021938848279468,4.883104095137728
573,573,Day1,1060,Stationary,4.992607801854995,0.0289427070736951,1.0067102138631998,0.0014899350607709,15.517639675582611,0.0298085224008118,3.701903103803725,0.0092470402338221,4.19180060646054
574,574,Day1,1060,Stationary,2.568001913834174,0.0147161020536627,1.0130800473874346,0.0016408847218462,6.6205106182638245,0.0096402834704172,1.4406249061393464,0.0024500967465155,4.595582507320227
575,575,Day1,1060,Stationary,3.826670002933575,0.0179236935608494,1.0007782844630564,0.0016524865679693,10.315269476336882,0.015446464921982,2.3355465695140643,0.0049186252878994,4.416640460516737
576,576,Day1,1060,Stationary,4.774965399574369,0.0280176670727906,1.058836965755877,0.0018468317987822,9.445888979644907,0.0137650841667152,2.238450889473896,0.0044038423259713,4.219833021159101
577,577,Day1,1060,Stationary,2.5896109607034368,0.0156436781585344,1.006510797964302,0.0016656564802325,7.38419565956429,0.0100302358212849,1.606250679851007,0.0025911169234312,4.597162667192916
578,578,Day1,1060,Stationary,2.3943510624419697,0.0153442725685602,0.9832003487472416,0.0013891051651472,6.123870741248589,0.0098349335239638,1.287475737476726,0.0022095517187843,4.756494093823101
579,579,Day1,1060,Stationary,2.362126512282704,0.0157893221955441,1.034133761132099,0.0016620080053395,7.075415920392948,0.0088390109965038,1.542344107874839,0.0025570593388358,4.587443155044047
580,580,Day1,1060,Stationary,2.7590998897366146,0.0125282570179574,0.9818169196325124,0.0014474171405921,7.971599401551483,0.0109267321289747,1.7205060901125295,0.0027959016066567,4.633287523574009
581,581,Day1,1060,Stationary,2.4964868548894237,0.0162419293908116,1.0399182020131943,0.0017378238343339,6.825407430407391,0.0094854396199236,1.5001081788774882,0.0024897465633417,4.5499434817526
582,582,Day1,1060,Stationary,3.1344037937329876,0.0127528426039567,0.9605346821316022,0.0012352067877337,9.14805956867009,0.0126192641388578,1.9777824846435712,0.0034314804318701,4.625412369509744
583,583,Day1,1060,Stationary,3.3778462819439854,0.0137874209144005,0.920617485463082,0.0011304932016233,9.56248940721271,0.0136849560413771,2.0085502144553735,0.0038540428780163,4.760891382447023
584,584,Day1,1060,Stationary,3.1635382328371606,0.0138152633871031,0.9408038061610592,0.0011749201850489,8.39113499469672,0.0117580411183722,1.7930031258621602,0.0032146279635913,4.679933277116775
585,585,Day1,1060,Stationary,4.871536187562726,0.026928947703894,0.9362058276608174,0.0012015508988329,12.630558050566895,0.0243996794900437,2.776200643538301,0.0056627038610038,4.549584007901207
586,586,Day1,1060,Stationary,3.4673250966156126,0.015283970109952,0.983344313567008,0.0014811484092052,9.853627287545084,0.0140068837329037,2.2034294700822525,0.0039087037732954,4.471950394299326
587,587,Day1,1060,Stationary,2.279837159630501,0.0163791623327611,0.9648344299497196,0.001314306636791,5.509865602311578,0.010443146305745,1.1102332497109748,0.0023017447999061,4.962800027603166
588,588,Day1,1060,Stationary,2.42430034907668,0.0166329104540608,0.998235983787177,0.001506544608411,6.357399673878499,0.0096144841977979,1.339526198877748,0.0022123805560476,4.746006221606351
589,589,Day1,1060,Stationary,3.5466309592905065,0.0165806498599476,0.932264660191124,0.0011414757490268,9.954736351263128,0.0141234097787618,2.1315015425894988,0.0042982351670714,4.6702928205106575
590,590,Day1,1060,Stationary,3.4358423576144053,0.0147617011874106,1.0088844754051791,0.001665167177798,9.674527083892777,0.0137114341408321,2.1753462863600626,0.0043881839404148,4.447350357299138
591,591,Day1,1060,Stationary,4.303942106989679,0.0226623343486642,0.9030876359826806,0.0010195295776561,11.016018706832632,0.0181019084474881,2.3267450575624427,0.0049750476418364,4.734519010163191
592,592,Day1,1060,Stationary,4.369427884224821,0.0227515463253954,0.9767587352803117,0.001300984629626,12.795498387657664,0.0240392875625405,2.903506633747172,0.0062451135450967,4.406912055559593
593,593,Day1,1060,Stationary,2.293957622111069,0.0179839789664049,1.0300105865061475,0.0016995099073408,6.301552940720078,0.0086721404374026,1.3442996512404255,0.0021771032991313,4.687610336657788
594,594,Day1,1060,Stationary,5.180773969869239,0.035892605111999,0.9780109943647812,0.0012578130816775,13.253931766253524,0.0251454374781564,3.0569346595271627,0.007433285095706,4.335693510800653
595,595,Day1,1060,Stationary,2.5846254422290076,0.0137782590036845,0.955573334484001,0.0012671851481965,7.095882241673786,0.0100381376261049,1.476179191976963,0.0025979341781933,4.806924714993899
596,596,Day1,1060,Stationary,4.107035455328757,0.0193933346618799,0.9311880315503877,0.0010795844459549,6.834293766711268,0.0088566689735136,1.4681493723827752,0.002556787126348,4.655039804035304
597,597,Day1,1060,Stationary,3.9419001039850743,0.0183862496306997,0.9262120320259584,0.0011637061331939,11.141993400161487,0.0168231034131795,2.4228099082825327,0.0048247294100813,4.59878976145502
598,598,Day1,1060,Stationary,3.2415038612454836,0.0135341467905012,1.02291655927552,0.0015651909098733,9.23202349017237,0.0138470025341494,2.140702271966798,0.0039441721961441,4.312614421476896
599,599,Day1,1060,Stationary,3.962152523532069,0.0198263649299706,0.9592049933273128,0.0013994161467685,10.134073618332716,0.0146749201748905,2.2179045018457453,0.004325255056059,4.569210987172403
600,600,Day1,1060,Stationary,2.950243404750854,0.0125407775208621,0.9911479468838812,0.0014584459406862,8.198616720999324,0.0115342984668176,1.785105001844022,0.0031287899433459,4.592792419790496
601,601,Day1,1060,Stationary,4.415462137036689,0.0264938812480701,0.8845052706497815,0.0010140567852423,7.71073033822018,0.0085585506802322,1.6744944496264025,0.0028536748896751,4.6048109266295425
602,602,Day1,1060,Stationary,3.2401913838721974,0.0132148922276302,1.026458230170007,0.0016420059350329,9.353557896246093,0.0121555015061539,2.1333765318119458,0.0040940722890312,4.3843914830645545
603,603,Day1,1060,Stationary,3.0620235218665877,0.0130416476558957,0.9046669181303912,0.0010789776430395,8.108619955558337,0.0101126457531151,1.7810424060727736,0.0030140598003776,4.5527382884936305
604,604,Day1,1060,Stationary,3.841878207744568,0.0163149477141126,0.9591359878778072,0.0013211134412863,10.135329214983576,0.0146612495012357,2.2187773380294837,0.004450165928799,4.567979418784246
605,605,Day1,1060,Stationary,3.9390665209707287,0.0182752162968087,0.9603744355433596,0.0013116149128888,10.4486510269945,0.0162978246469811,2.2892980931079805,0.004627577600629,4.564128655176259
606,606,Day1,1060,Stationary,2.977459506622796,0.0138056406763664,0.9781499578132103,0.0015073494416711,7.6234972922431234,0.0099881733290488,1.713995097701153,0.0027202003445659,4.447794105402005
607,607,Day1,1060,Stationary,3.0738690293724904,0.0130779590411756,1.0022287698272954,0.0015901080254093,8.013233750663387,0.0101658168689307,1.8163485245658255,0.0028478889977484,4.411726957841886
608,608,Day1,1060,Stationary,4.340881919500933,0.023860790084412,0.8776071715758105,0.0010291934150215,10.69174225069568,0.0154908954919284,2.1969560271267805,0.0047967838798906,4.866616408649079
609,609,Day1,1060,Stationary,3.1011714212381207,0.0141894715738853,0.975579728024588,0.0014767579876507,8.95679711550723,0.0127559499438663,1.9543890315254293,0.0034099137099111,4.582914133792656
610,610,Day1,1060,Stationary,5.289330019105722,0.035660101060294,0.929680431154071,0.0012210099431633,8.58345176166836,0.0114179744304072,1.8085542636851,0.0029650887282429,4.74602943025816
611,611,Day1,1060,Stationary,2.9160870947952757,0.0141457524412408,0.9573174178242418,0.0012252554032339,8.627594961939328,0.0111444902679268,1.8452838029785457,0.0033079855445473,4.675484035579343
612,612,Day1,1060,Stationary,2.4938202188166687,0.0153189797154875,0.8545772945309598,0.0008278167056938,5.430271577219402,0.0099870028847309,1.0999091931748486,0.0021922752212413,4.9370180837793685
613,613,Day1,1060,Stationary,2.816445468270914,0.0136027989349534,0.9899463697444972,0.0015297463389723,7.915295778626181,0.0098903847999899,1.714203087185695,0.0028299719538539,4.617478429362284
614,614,Day1,1060,Stationary,4.114051829499694,0.0210986916415975,1.025206384708249,0.0017065519938788,10.554924569339462,0.0170407726866416,2.4411242407376537,0.0051768089154911,4.3237965496381285
615,615,Day1,1060,Stationary,2.981077755436388,0.0121663146591252,0.9841818970655816,0.0015700258649241,7.9815374288324,0.010595181424229,1.742757811897494,0.0029826368471364,4.5798316750290144
616,616,Day1,1060,Stationary,3.236861921468534,0.0137101777204709,0.9485372632275916,0.0013062780182349,8.416628762335673,0.0109814178493061,1.780886059445134,0.0031596569274293,4.726090542231557
617,617,Day1,1060,Stationary,2.444741343904062,0.0154212021290417,0.9432559667649856,0.0011738962558597,6.054317133132547,0.008968277155969,1.2146876204769572,0.0021768393053689,4.984258529575916
618,618,Day1,1060,Stationary,5.739078064397146,0.0434883643385929,0.8022351339904124,0.0007696486564455,12.963556291230365,0.0240327474929459,2.508561724931537,0.0056154654338153,5.167724661662118
619,619,Day1,1060,Stationary,3.1684350994688777,0.0132904084067566,0.9756302080305465,0.0014956351297688,9.20302981905006,0.0129225123639516,2.0223194758775427,0.0036934826679176,4.5507299557883165
620,620,Day1,1060,Stationary,3.944068707751347,0.0174887623925054,1.0063143885640464,0.0017398596182192,10.410065925811748,0.0168386687991317,2.369599956864081,0.0047278304636103,4.393174424086498
621,621,Day1,1060,Stationary,3.604225554362311,0.0154894085411298,0.9118415996871412,0.0010755234085824,8.583020014511945,0.011909578553986,1.8441089286071095,0.0031913341497138,4.654291230504948
622,622,Day1,1060,Stationary,4.2123426401416575,0.0224140171246548,1.0135979431780335,0.0016570758298966,11.1931571549986,0.0198541936515995,2.5855941606159236,0.0052777252858515,4.329046424026669
623,623,Day1,1060,Stationary,2.7256467336519807,0.0141187948799137,0.9808482867862868,0.0014801338765546,7.208696687792964,0.0099928443390426,1.5731948992684488,0.0025622306021408,4.582201919892493
624,624,Day1,1060,Stationary,5.919477844486599,0.0466554723596698,0.961187107488056,0.0013708375358541,15.819129453708353,0.0333086776744977,3.5883479775507845,0.009572371895881,4.408471405971516
625,625,Day1,1060,Stationary,3.1691543753977967,0.0120393630560814,0.9868125936129274,0.0014217117098123,9.706406828649015,0.0148064191183949,2.15040369697191,0.0042283626183387,4.513760296411827
626,626,Day1,1060,Stationary,5.61751937674347,0.0384533282086706,0.9871494727399628,0.00146205546752,10.893689470645633,0.0176102571192795,2.439841551530738,0.0049677296570195,4.4649167745385006
627,627,Day1,1060,Stationary,3.4618126967705174,0.0141171342890208,0.9426827265939544,0.0011960647933085,9.642828503258976,0.0139877668321775,2.0719399371480267,0.0038664935432798,4.654009670054474
628,628,Day1,1060,Stationary,3.1184722919818406,0.0129276485182958,0.980408384145403,0.0013859293775411,8.059365440058922,0.0110435254441373,1.7515265431650782,0.003023196687606,4.601337885234288
629,629,Day1,1060,Stationary,2.81090107677333,0.0139987453197342,0.9660510062689016,0.0013421058134985,8.01928369210123,0.0100113541834179,1.7340150112596666,0.0030418892572641,4.6246910436350035
630,630,Day1,1060,Stationary,3.393404335748747,0.0148223759336641,0.9429284228228604,0.0011834464270847,9.651911174280851,0.0135103507137082,2.15006084725413,0.004304553125354,4.489133964095681
631,631,Day1,1060,Stationary,4.073974830902635,0.0195841453053868,0.9954064765697644,0.0015208201781864,10.684516275283594,0.018200273673109,2.490346704233389,0.0052652425309261,4.2903730059436205
632,632,Day1,1060,Stationary,3.111577362855645,0.0127003781800252,0.8905259332140625,0.00104042428264,7.150890784289473,0.0083237280969499,1.5297561894313334,0.0026284429635842,4.674529728131201
633,633,Day1,1060,Stationary,3.1636457728373713,0.0146798500973819,0.9492966970799688,0.0012462212780872,7.819397505639956,0.0101069068508221,1.6416535892649051,0.0028066616808681,4.763122717711295
634,634,Day1,1060,Stationary,4.9069727220842445,0.0325073268442212,0.9428504640492318,0.0011998822727484,13.879018545061124,0.0269950546553097,3.0835763599588724,0.0073839799519382,4.5009485496400155
635,635,Day1,1060,Stationary,3.2742595908815892,0.0142556177615891,0.9928596869427266,0.0014807716764979,9.495476904095485,0.0132587101782434,2.1111615745223244,0.00396113740789,4.497749967926519
636,636,Day1,1060,Stationary,2.602508041081045,0.0143021573077349,0.8890861770002939,0.000995579795711,6.0740109265272375,0.009000614271452,1.2308691937983154,0.002084710990184,4.934733078974513
637,637,Day1,1060,Stationary,2.4749216356038053,0.014802620364672,0.970307883139898,0.0014510464601571,6.813268983968353,0.0093993762083653,1.4373637736199374,0.002529796912942,4.740114582691502
638,638,Day1,1060,Stationary,3.113266569551898,0.0125189368440367,0.9862942814371696,0.0013685145006956,9.379058715707194,0.0141293263005751,2.066804089408236,0.0038865062933464,4.5379524666958595
639,639,Day1,1060,Stationary,7.517630708290684,0.0652977530926034,0.9709936066798474,0.0014408129915637,13.60458708274168,0.0268325376585561,3.077802102303012,0.006936185258901,4.4202280167921915
640,640,Day1,1060,Stationary,4.614632409901477,0.0295513141312436,0.9545940031280749,0.0013173957277718,11.391656849376185,0.0186179427296169,2.5540735058506816,0.0050564620981899,4.460191464059678
641,641,Day1,1060,Stationary,2.570100597875518,0.0151209119256622,0.9907148332471885,0.0015834702095385,6.32876755827764,0.0086222806843223,1.3341921671693922,0.0022000652247721,4.743520246940653
642,642,Day1,1060,Stationary,3.470072343537996,0.0139272282253677,0.9867228885515278,0.0014726709740766,6.410127503123699,0.0083259447471117,1.4133653037515528,0.0023346542666545,4.535364980383371
643,643,Day1,1060,Stationary,2.334092550143657,0.0161944963394597,1.086404822858757,0.0018841189839257,6.447334398278064,0.0090375728029377,1.451089030870134,0.0021818408815543,4.443100499775656
644,644,Day1,1060,Stationary,2.1482836839869335,0.0167311982686746,1.0428163950034768,0.001741779470114,6.178853441946316,0.0094616222421166,1.3177159800258342,0.0021665798530994,4.68906314836159
645,645,Day1,1060,Stationary,2.191935632503497,0.0184336434151812,0.9329869413142442,0.0012023811955844,5.53329075833651,0.0094617835235524,1.11942810750236,0.0022839617163289,4.942962144020352
646,646,Day1,1060,Stationary,2.986618669611251,0.0129943916020194,0.9949612503485424,0.0015371875319728,8.97764912395804,0.0127015303041024,1.978106921645288,0.003752935648845,4.538505490133411
647,647,Day1,1060,Stationary,2.9221027327191287,0.0134171655128716,1.0052476583429475,0.0015354174748862,8.262238841791424,0.0103890902541626,1.8197902569441733,0.0031389355358177,4.540214901285126
648,648,Day1,1060,Stationary,2.58529089384258,0.0142918808440705,1.000036053908224,0.0015737524846368,6.768142863021137,0.0088567039180284,1.4318690118193278,0.0023657089211699,4.726789117687209
649,649,Day1,1060,Stationary,2.9022818910835695,0.0138548727058249,0.9202123965056987,0.0011627329958116,7.310841942799392,0.0095455346438616,1.7216869164141608,0.0032272252763208,4.246324853316555
650,650,Day1,1060,Stationary,2.493293732503721,0.0156861934948087,0.9446612899524872,0.0011877508305395,6.883204904239461,0.0090685715043718,1.4534600638868846,0.0022538469174315,4.735737207551611
651,651,Day1,1060,Stationary,2.572803392843376,0.014962047395804,1.0629717629965516,0.0019081825745574,7.245091869195929,0.0093214642613353,1.619417926935887,0.002740929864848,4.473886418501259
652,652,Day1,1060,Stationary,2.5166716436341923,0.0151975944861313,1.0341969295299775,0.0015677318835719,7.990117653320857,0.0099737655763414,1.7791208161952472,0.0031342513699017,4.49104837658422
653,653,Day1,1060,Stationary,2.461961252050511,0.0151855515672786,0.9632165306183906,0.0014058529126654,6.62275901807439,0.0087379121493366,1.4122227966701657,0.0022319627094546,4.689599285388947
654,654,Day1,1060,Stationary,2.4873804904852888,0.0155545932580818,0.8731371394402837,0.0009138029330706,6.0534728827955195,0.0091347551069094,1.28436856827092,0.0022654240621509,4.713189836890046
655,655,Day1,1060,Stationary,4.322951501566142,0.0234605004515815,0.9923511996100072,0.0014160949973859,7.1950281575878225,0.0091425064163995,1.5649078126082951,0.0026815304111065,4.597732914116889
656,656,Day1,1060,Stationary,2.3184652422055008,0.0172712109096131,0.9749369949939874,0.0014286371216206,5.800753101338374,0.0097318564337246,1.1740997100854107,0.0022242693128012,4.940596655897645
657,657,Day1,1060,Stationary,2.78084100178639,0.014339371448647,1.0731217022615571,0.0018952346949723,7.678931255035484,0.0104919931094517,1.740516534324342,0.0030860776713508,4.411869179982481
658,658,Day1,1060,Stationary,2.5609005732807035,0.0141832035759056,0.9759175149414712,0.0013220124961497,6.173005023060773,0.0090526479294507,1.2759677186395932,0.0021627111891396,4.837900624666497
659,659,Day1,1060,Stationary,2.5753141629133554,0.0151758447091168,0.966290103623828,0.0014175605717753,7.247588620118844,0.0099220142004692,1.522510793713827,0.0026381534316601,4.760287184854671
660,660,Day1,1060,Stationary,4.015093212369358,0.019097840628714,0.8842140468963489,0.0009417552729738,7.01889708794234,0.008919712315079,1.3780473806772744,0.0023038420762911,5.0933641225693815
661,661,Day1,1060,Stationary,2.554523000823657,0.014641394849966,0.9471089063538612,0.0011560689288547,7.005817713033555,0.0094749082843223,1.442955755400798,0.0023765530255642,4.855185397619906
662,662,Day1,1060,Stationary,2.5142073021580464,0.0149654487335313,0.978701027922769,0.0014229784138798,5.951745578817833,0.0087897388892952,1.2653088869417934,0.0020394577335445,4.703788648163999
663,663,Day1,1060,Stationary,4.010581955149409,0.0196529544869807,0.8895625960329164,0.0009799096721477,9.927716076695228,0.0159454823632092,2.073919985902131,0.0039402922864952,4.78693302739777
664,664,Day1,1060,Stationary,2.812919553466142,0.0140287346147572,1.123887382496741,0.0021815237733292,8.599024436447296,0.0116205968724259,2.043866673845496,0.0037765501149688,4.207233547317642
665,665,Day1,1060,Stationary,2.5184599760000483,0.0164821230286731,1.1108643151765114,0.0020508058860718,7.06029153021505,0.0090777123382322,1.6040610229172458,0.0027264620127356,4.401510559351889
666,666,Day1,1060,Stationary,2.1959570721426633,0.01626432479412,0.9776392560348286,0.0014775539000503,6.205596053453873,0.0092508069086045,1.2757308530369795,0.0020887366662324,4.864345828652615
667,667,Day1,1060,Stationary,3.2412980613937994,0.0146459430012004,0.9627984806403672,0.001284115550559,8.181412817334792,0.0113027394207387,1.8083084828488367,0.0031930506345118,4.524345760102651
668,668,Day1,1060,Stationary,4.139724043921968,0.0218653657106697,1.0167547207653451,0.0015119590579594,12.11665340828191,0.0203794791278311,2.8205244286529725,0.0061676006532849,4.295886710000448
669,669,Day1,1060,Stationary,3.0578117999478645,0.0125032932722011,1.0582288912790323,0.0017811911485482,9.262200948010978,0.0135703156329626,2.1428337594116753,0.0040292896847346,4.322407609703684
670,670,Day1,1060,Stationary,4.402697347790743,0.0241513734970785,0.914364217668404,0.0011230824893467,10.164798869001723,0.0148506309131543,2.194814176445203,0.0046584412262224,4.631279940730556
671,671,Day1,1060,Stationary,3.983239835005115,0.0191064055143497,0.9791044736317862,0.001472862172122,10.578435495848492,0.016200459457364,2.353480315425689,0.0049115167559559,4.4948051727958065
672,672,Day1,1060,Stationary,2.883458055540693,0.0128148283773755,0.9841782017303838,0.0014035319851257,7.50456912539336,0.0097126296850867,1.6513216123183938,0.0027761851744197,4.5445836046784525
673,673,Day1,1060,Stationary,2.238574373680821,0.0183621031174929,1.1254584550020394,0.0022017716593119,6.775185122648116,0.0091117235537544,1.5324503658725166,0.0025535691716538,4.4211449020018305
674,674,Day1,1060,Stationary,2.848730818171336,0.0138088539207898,1.0214172124856291,0.0015929563307441,7.602870397995204,0.0104393552967833,1.6793126857520186,0.0026237452048076,4.527370311974114
675,675,Day1,1060,Stationary,4.918078047914361,0.030388142342725,1.0925320890166157,0.0020210183022863,11.037609894935873,0.0182320205191234,2.6826768955137807,0.0059290397373121,4.114401519390569
676,676,Day1,1060,Stationary,3.048051680551372,0.0131157429960196,1.0823532785796814,0.0020405884538769,9.921785040351372,0.0131945705682367,2.394398273363134,0.0047631438309624,4.143748828558663
677,677,Day1,1060,Stationary,2.9107324992714347,0.0136614845452481,0.9955999573845836,0.0014008833655167,7.593477299044445,0.0098023398571575,1.693315169102715,0.0027605403845866,4.48438509121029
678,678,Day1,1060,Stationary,2.9463017900911064,0.0144538016936323,0.9942917791385834,0.001501871335801,7.86360829187084,0.010161263650954,1.7291605782448474,0.0028709439343959,4.54764490401039
679,679,Day1,1060,Stationary,3.5913012449417687,0.0152286652188922,0.983689869064184,0.0014565315649077,9.008848839448852,0.012348797022015,1.9902281339991696,0.003834922726249,4.526540794771325
680,680,Day1,1060,Stationary,3.1016075344996468,0.0137041896393993,1.0059611670356323,0.0014978123561536,8.544124047814435,0.0111060209221997,1.9187041118378576,0.0035668540363666,4.453070171215887
681,681,Day1,1060,Stationary,4.170005230237735,0.0212547823141322,0.8853053615501381,0.0009695879101108,9.878030861911954,0.0151863891155669,2.1067435072141416,0.0042419913120292,4.688767677738899
682,682,Day1,1060,Stationary,2.2353643105122383,0.0174494743224241,1.1169836432292295,0.0023700250151615,6.500747765928563,0.0092162053222058,1.4556321124773517,0.0023835234640877,4.4659276957451075
683,683,Day1,1060,Stationary,3.0089189044084166,0.0130782768100889,1.0457690151455652,0.0017862490755109,8.469378147320352,0.0111225731710597,1.960023077192433,0.0035696355720498,4.321060423151762
684,684,Day1,1060,Stationary,2.809896266168034,0.0131371337643001,0.9147947286444392,0.0011399836705277,7.020076541114367,0.0090348461206235,1.4567407439232738,0.0025359246559429,4.819029446659119
685,685,Day1,1060,Stationary,7.50238495016093,0.0671092954389641,0.9007334951086088,0.0010483397756259,18.03754162468358,0.0389587137092648,3.892566124228013,0.0102762112737604,4.633843343704494
686,686,Day1,1060,Stationary,2.4511995886613587,0.0155172299357945,0.9687393960774752,0.001309870400722,6.666847808505519,0.0094845782680706,1.3823960235812256,0.0023850224079967,4.822675770749419
687,687,Day1,1060,Stationary,2.2552842425922655,0.016155847944731,0.9714262092759116,0.0013450871519236,5.7176751542166,0.0092192035304538,1.1996685268038296,0.0023622063376945,4.766045808878303
688,688,Day1,1060,Stationary,2.69726786185858,0.0143922663421202,0.9769968752012476,0.0013872308761864,7.725241674854116,0.009988022098489,1.6455586983626656,0.002555547777672,4.6946010996391365
689,689,Day1,1060,Stationary,3.4917766450821315,0.0148982044761438,1.0169033001676346,0.0015798170464125,8.920765892492406,0.0116374103784588,2.023906661580052,0.0039004692633861,4.407696294417065
690,690,Day1,1060,Stationary,4.518413266636768,0.0242218790887226,1.0321937090322295,0.0016658483523305,12.37453380046424,0.0219947322421638,2.9101472377374225,0.0068323791417422,4.2522019642157955
691,691,Day1,1060,Stationary,4.104170562422939,0.0206356598341895,1.0201842736696882,0.0015990920961459,11.07602556798264,0.0173603133706426,2.5570063343907057,0.0056508025994472,4.331637907585349
692,692,Day1,1060,Stationary,2.43345204552099,0.0146835759789251,1.0102026336704537,0.0016773688374115,6.297702430823288,0.0097173980351149,1.3296033042397368,0.0023340372113742,4.7365273617639625
693,693,Day1,1060,Stationary,3.4579491985847643,0.0135770774188185,0.9166157331613674,0.001035725922908,7.86196006366736,0.0107676433762106,1.6544882929462712,0.0029471313099086,4.751898274037938
694,694,Day1,1060,Stationary,2.704232292826115,0.0134410157617821,1.1008791714841235,0.002135925601245,7.768819916627604,0.0100960458452089,1.798549147069881,0.002914554273582,4.319492702929042
695,695,Day1,1060,Stationary,3.398846289428807,0.0143525744357071,1.0321572325121695,0.0016229543652868,9.826794203341905,0.0136093446983168,2.2599836014219017,0.0049080982646769,4.348170578387929
696,696,Day1,1060,Stationary,4.714042587247133,0.0265275460772949,0.9825872626683568,0.0014428156583369,14.509953312441562,0.0281920859909538,3.324443292941696,0.0077226727033462,4.36462650551099
697,697,Day1,1060,Stationary,5.060548435632473,0.0316994330507756,0.9310907585406764,0.0011755925710985,14.102268918538504,0.027084228544771,3.088184182240836,0.0064902916098593,4.566524561467598
698,698,Day1,1060,Stationary,2.5325706995808885,0.0146773566295861,0.992680928947016,0.0015181557757197,6.538571705956707,0.0085736283081507,1.3863155652046362,0.0022587742318881,4.716510345890503
699,699,Day1,1060,Stationary,2.566240339092915,0.0143506713008991,0.933019679871412,0.0011423064253165,6.493051944264566,0.0093209904033094,1.3087951694116746,0.0024490658606,4.961091006458483
700,700,Day1,1060,Stationary,2.0809231372512413,0.019513543798618,0.9884627506675138,0.0014450962198826,5.440127983242534,0.0088087465615348,1.0959210518266054,0.0022223949282381,4.9639779929177426
701,701,Day1,1060,Stationary,4.577073539090901,0.0255497138150379,0.9073674654388458,0.0011287161121864,11.132325414759585,0.0186714529038754,2.346320965319679,0.0047719574803846,4.744587624329069
702,702,Day1,1060,Stationary,2.708222255035851,0.0134386597486872,0.7147420933364342,0.0008739569115949,4.783853980650961,0.0104067740822195,0.8152757514047826,0.0027758191081229,5.867774151761553
703,703,Day1,1060,Stationary,2.972757141498138,0.0133514651316066,0.8879101178088318,0.0010226198281665,7.0377857029913775,0.0092178642309835,1.4668347536577098,0.0023288998458165,4.797940385201471
704,704,Day1,1060,Stationary,3.764030929682588,0.0169434031882485,1.1062202480587908,0.0020219744113839,11.612112474038112,0.0205359648394117,2.8551911663133054,0.0066477023923124,4.067017512187096
705,705,Day1,1060,Stationary,4.750281189436384,0.0293275366763062,0.985116470114015,0.001385831093103,9.270809495191218,0.0130590338842003,2.034114618937497,0.0035417364690268,4.557663274665293
706,706,Day1,1060,Stationary,3.349518261738607,0.0137091003033018,0.9720596027991888,0.0013896084130223,8.568468009268473,0.0117618369871363,1.8572356882939651,0.0034875317240455,4.613559853105864
707,707,Day1,1060,Stationary,2.6724347447961603,0.0143421579126768,0.874804579907905,0.0008413473641826,5.939251499430708,0.0092925280691958,1.191432913354019,0.0022516179597486,4.984965106185493
708,708,Day1,1060,Stationary,3.291227754936459,0.0145804384109564,0.9625799604859708,0.0012779869032652,9.09625067669605,0.0123929607122317,1.998233652188164,0.003814112815887,4.55214567462379
709,709,Day1,1060,Stationary,3.5410203000330647,0.0154886655238789,0.9087990204776168,0.0010840487253946,9.35674347552904,0.0139096540220408,1.9848659316155044,0.0039373032389899,4.71404306280449
710,710,Day1,1060,Stationary,2.9157304427944593,0.0137664043079695,0.9776600446244236,0.0014962551937906,8.13950319351607,0.0111853388852179,1.7815336659170231,0.0032000809460879,4.568818063466883
711,711,Day1,1060,Stationary,3.114935320283019,0.0137556840805052,0.7359241945062842,0.0007209945248728,5.8320850625843255,0.0095408900644493,1.0552836234698006,0.0020240456716187,5.5265569680767666
712,712,Day1,1060,Stationary,3.5529942360218767,0.0152594077167297,1.0827995914186197,0.0018508262634631,10.551454050825225,0.016810713280876,2.54252992551836,0.0053740594354566,4.149982246000128
713,713,Day1,1060,Stationary,4.083305711424452,0.0204957236203996,0.9487638866889962,0.0013053648272033,9.916610293638408,0.014636123118623,2.137365734194534,0.0041132406552904,4.63964128131561
714,714,Day1,1060,Stationary,2.5543634652078073,0.0164023886048571,0.9251065408752068,0.0011600894733323,6.081784562623828,0.008952586023003,1.2218375806196855,0.0021631145770723,4.977572026831339
715,715,Day1,1060,Stationary,2.7985186464692653,0.0130841463254973,0.9814188931266966,0.0013530502021377,7.187586018314698,0.0091491954932225,1.5879000994099115,0.0027641312186417,4.526472427947902
716,716,Day1,1060,Stationary,2.988157263469973,0.0142305447317711,0.9644374705027866,0.0013133353706859,7.121429859465923,0.0091019742654607,1.5266755793484708,0.0025225299406936,4.6646648153663985
717,717,Day1,1060,Stationary,3.793890042190109,0.0167919725681976,1.0679644662707288,0.0019532267718841,10.07634319385784,0.0145238840318771,2.393038583879119,0.0044548249627863,4.210689815758872
718,718,Day1,1060,Stationary,2.340727872497881,0.0162868385589876,0.9778988768865748,0.0014478543944041,7.08184891741319,0.0086900922872128,1.4883151908927048,0.0025510014381625,4.758299156488104
719,719,Day1,1060,Stationary,2.578507679602028,0.0143419926313366,0.8228654004267015,0.0007585790292206,5.502396078760427,0.0099281060444911,1.04871677362978,0.0021161841700991,5.2467894260103565
720,720,Day1,1060,Stationary,3.054675210990973,0.0136165403138779,0.8342129937275625,0.0007923919639315,7.3283122473894835,0.0095125655547222,1.3908570119464956,0.0024792111293411,5.2689185045223
721,721,Day1,1060,Stationary,2.2878995950625294,0.0170697210718409,0.9747508603822984,0.0014458587816732,6.249295669199898,0.0087895497160211,1.289776394984269,0.0023056541342377,4.845255110500079
722,722,Day1,1060,Stationary,2.817933248054006,0.0148957586475694,0.9629656059709052,0.0012585821753415,7.109439456460333,0.0099039725615278,1.4890103393260066,0.0025015665874201,4.77460717947626
723,723,Day1,1060,Stationary,2.539527587293247,0.0148108262755006,0.9630840419276508,0.0013704542062733,6.052267013827907,0.0092255420551157,1.2724030767388022,0.0020913209493538,4.7565642715514365
724,724,Day1,1060,Stationary,4.302593024470222,0.0244379132569869,1.045885408307614,0.0018352349816248,13.147832134466316,0.0244822487605305,3.1426756857148246,0.0068400165856238,4.1836426820083235
725,725,Day1,1060,Stationary,2.132196830395088,0.0190153493084633,0.94940491199084,0.0013012050990629,5.4513010228409495,0.0095780406088809,1.0905785877085703,0.0021712652992358,4.998540301707879
726,726,Day1,1060,Stationary,2.937249786005269,0.0129691495043699,1.0138536522976351,0.0015824949539968,9.24144321345814,0.0133116169230379,2.0714516713748155,0.0038148302285703,4.461336627431248
727,727,Day1,1060,Stationary,2.089847848660891,0.0188598032192911,0.8109394934415664,0.0007355043487837,4.546509504475041,0.0103531966090115,0.909166913241233,0.0025850610507371,5.00074237003024
728,728,Day1,1060,Stationary,3.440690233544119,0.0130311725657489,0.9093291921703044,0.0010666411565122,9.320779937105284,0.0129886317981444,1.93199369112164,0.0034582784192185,4.824436011327761
729,729,Day1,1060,Stationary,3.1380617410456524,0.0122627473336395,0.9644441789288424,0.0012504439082312,9.084156670253408,0.0121789060429673,1.9621159786158169,0.00341716896459,4.62977559392889
730,730,Day1,1060,Stationary,3.180688370965158,0.0138360653794963,1.0253986513059483,0.0016060002838013,8.31240200169148,0.0115930026979313,1.928439433315089,0.0035241574799903,4.310429385589789
731,731,Day1,1060,Stationary,3.551333182140023,0.0155633810786141,0.9272742853525916,0.0011207762869708,8.426454952700754,0.0113627513154686,1.7670666047104984,0.0030849128579717,4.768611964166045
732,732,Day1,1060,Stationary,3.616052470498764,0.0152569285365505,0.9930723031282984,0.0016007974950349,10.233244818706932,0.0160456474245261,2.294873280657983,0.0049686481604849,4.45917641943736
733,733,Day1,1060,Stationary,2.9379655838123213,0.0134524682452485,1.0533218830823003,0.0017051762418368,8.189664680141737,0.010361026016255,1.852668492465853,0.0033628057436798,4.420469562388633
734,734,Day1,1060,Stationary,2.4992632933743493,0.0148087774666104,1.0311224938676835,0.0016937299655096,7.579567078966193,0.008834917511577,1.6679223908116951,0.0028316935786116,4.544316402682018
735,735,Day1,1060,Stationary,3.201532774754334,0.0142680000931264,0.9421207950925584,0.0012944022673297,8.070082782467882,0.0099635822989692,1.6918852631994177,0.0029925458075768,4.769875923623246
736,736,Day1,1060,Stationary,2.690889813975009,0.0138420018212418,0.9525023764779376,0.0012551773018853,6.693401115677826,0.009378246159646,1.3805138447401308,0.0023338558796599,4.848485323910531
737,737,Day1,1060,Stationary,3.226880247594514,0.0125287941344557,0.9696523884375948,0.0013159779877735,7.685981199201144,0.0095640025860133,1.7297713682558935,0.0028724352850407,4.443350919232072
738,738,Day1,1060,Stationary,3.3342584887202857,0.0139882764127588,0.995005293269803,0.0013260588571738,8.805711459514061,0.0118055595347666,2.0133193265126224,0.0036648897588693,4.373728172950539
739,739,Day1,1060,Stationary,3.958987519559399,0.0177270158720197,0.9728377314353722,0.0013724616846812,10.515887698644567,0.0158902253092833,2.3474888047683296,0.0047318131955304,4.479632736601002
740,740,Day1,1060,Stationary,3.5682639528761406,0.0150744860985976,1.035929309999332,0.0017894073783088,10.273404710217417,0.0158476148456408,2.3740663916042064,0.0048409887503293,4.327345160417128
741,741,Day1,1060,Stationary,1.9827227320583924,0.0208515488342457,0.958633035139282,0.0012782408502429,5.445853408029337,0.0090581129583245,1.0814255286858052,0.0021833876340574,5.035809922711342
742,742,Day1,1060,Stationary,2.360660560080215,0.0153804784300956,0.8849548393549312,0.000952876739656,5.0755851246390975,0.0097481969795094,1.1164214953822158,0.0022582871522524,4.546298280383279
743,743,Day1,1060,Stationary,5.972934917989236,0.0445384390978255,1.0134200952107082,0.0015555228137272,11.094873041034672,0.0181706704724124,2.5405741450657255,0.005284660427585,4.367073113210654
744,744,Day1,1060,Stationary,4.372348018337471,0.0238360425430801,0.967485251816655,0.0013085619125415,11.425352458060344,0.0190899131458304,2.6085047133395043,0.0052993149367556,4.380039031416272
745,745,Day1,1060,Stationary,2.3946756445103556,0.0158701468922219,0.709363111340487,0.0007530503723998,4.408038611676712,0.0113245126240156,0.9335995410349224,0.0023459392870651,4.721551819520254
746,746,Day1,1060,Stationary,3.193561305543818,0.0145800044588618,0.967347237867668,0.0014604433082078,8.508516701958422,0.0104408096742987,1.9369506032465889,0.0034121478931162,4.392738094454762
747,747,Day1,1060,Stationary,2.870895769527977,0.0122599293487843,0.9666635205027532,0.001323056161463,8.410342977791101,0.0113636884418048,1.8046541044007816,0.0027908775064261,4.660362868032085
748,748,Day1,1060,Stationary,2.8019793388477905,0.0132809811673035,0.988401375682091,0.0014492538555649,7.555862443558393,0.0091836222107378,1.619940465682269,0.0026696117580895,4.66428402995421
749,749,Day1,1060,Stationary,2.5279347939354313,0.0157547881865129,1.0191928974396536,0.0015926092328115,7.821192704761355,0.0096280945614798,1.718381213550026,0.0028101671951184,4.551488716874093
750,750,Day1,1060,Stationary,3.3262887634775065,0.0130773795035641,0.9940130992977056,0.0013603500114227,8.972048808787742,0.0124729109909038,1.9808891521316376,0.0035160063296113,4.529303822544995
751,751,Day1,1060,Stationary,2.963240188047641,0.0124047133442963,0.8657578129671354,0.0008526591844369,6.221610286267128,0.0092334085562707,1.3319397606482215,0.0022616029859854,4.6710898421105975
752,752,Day1,1060,Stationary,3.2089352914044085,0.0126823646913735,0.9334639253113114,0.0011332831049864,8.090726017492079,0.0102157115900319,1.767685068333214,0.0028783667401371,4.577017797135657
753,753,Day1,1060,Stationary,2.177328846360765,0.0170949093539655,1.0069504839489083,0.0015913854816681,6.361883882391711,0.0097957594279201,1.343538228276308,0.0022602442557437,4.735171466281007
754,754,Day1,1060,Stationary,2.563710057885486,0.0142663893081368,0.9496998550653594,0.0012997559152969,7.010376320038826,0.0089137810635205,1.4780624502855444,0.002547082895891,4.74295001451698
755,755,Day1,1060,Stationary,3.8311556827613615,0.0178520342890517,0.9935186426061872,0.001502179493447,10.258867168806722,0.0162609253772489,2.296938203273722,0.0044431819982068,4.466322669972237
756,756,Day1,1060,Stationary,2.6800885494241875,0.0144119899155392,1.0285719159797069,0.0016599394476721,7.183003806131332,0.0096908737152625,1.5714716940709468,0.0027029268326511,4.570876989533
757,757,Day1,1060,Stationary,3.1459165165741956,0.013402383519435,1.0683090755123763,0.0019223817273826,9.097562445620472,0.012730511776209,2.1098790223282764,0.0038768671191316,4.311888193277169
758,758,Day1,1060,Stationary,3.114501284669404,0.0139335283206848,1.0048703153080192,0.0015770102104575,8.19433646784562,0.0110279142133098,1.80117618327122,0.0030988916661314,4.549436387151984
759,759,Day1,1060,Stationary,3.20261459427811,0.0131125926370434,0.9231570914093616,0.0010794583564503,9.017082489435008,0.012371885807596,1.886823724268624,0.0031989255750006,4.778974513334697
760,760,Day1,1060,Stationary,3.764337832858603,0.017292332324489,0.8918140431386586,0.0010446613060662,9.46302609349191,0.0134223133542939,2.0466028847889346,0.0036089298716437,4.623772478688668
761,761,Day1,1060,Stationary,3.4605003542743686,0.0165108548454476,0.933311503959205,0.0011637883252348,8.340773128137796,0.0114759047493047,1.7891939276861375,0.0030757576007216,4.661749069830816
762,762,Day1,1060,Stationary,2.295810839735231,0.0172200774614359,0.9659289196586428,0.0012489899038866,6.477537716397518,0.0089598779688473,1.351954564782212,0.0023042175331205,4.791239206652623
763,763,Day1,1060,Stationary,5.859557048908293,0.0425247696284126,0.8940936428989352,0.0010157277822796,13.592323071271132,0.0247688054470394,2.9026680375258973,0.0067180574612803,4.68269981119047
764,764,Day1,1060,Stationary,2.742345667576837,0.013865747648409,1.0364274366675117,0.0017342527058028,7.258821725267079,0.0097259856282679,1.6003297683095774,0.0026605109864736,4.53582872043588
765,765,Day1,1060,Stationary,2.7258903293081493,0.0137479035080014,1.0319440702299267,0.0017074383103302,7.44221518108571,0.0093354708180546,1.6376029891977142,0.0026727219140704,4.54457840525301
766,766,Day1,1060,Stationary,4.150648918824671,0.0210226986818488,0.9981689063070506,0.0015632398157356,13.039220731154709,0.0245896489419961,3.005348613726631,0.0068829703516082,4.338671617528617
767,767,Day1,1060,Stationary,6.403949277388225,0.0502322187485142,0.8474985257926089,0.0008303976565692,14.2305798532581,0.0279874475522622,2.8877229045006496,0.0063477506691402,4.927958922609605
768,768,Day1,1060,Stationary,8.503901780272026,0.0860608011088459,0.9211571815159456,0.00112154589722,15.446654500434692,0.0299174561268399,3.419541884236557,0.0078904295347304,4.5171707273541095
769,769,Day1,1060,Stationary,2.509172261948189,0.0146202073924755,1.0185119216178755,0.0017473528941684,6.822394445083464,0.0093412691719854,1.4842295965929546,0.0025878679090195,4.5965896790794725
770,770,Day1,1060,Stationary,4.811170332708252,0.0312138939241314,0.8748722643335961,0.0009777778552782,7.8887913597375405,0.0104291513532205,1.6958172605168642,0.0028458141169739,4.651911230891195
771,771,Day1,1060,Stationary,2.833768125629092,0.0136005192260839,0.987044163307881,0.0014332183441575,8.125882221745558,0.0104030856976589,1.7682299670789412,0.0029035399445202,4.595489485549921
772,772,Day1,1060,Stationary,4.408588285059715,0.0236284743359555,1.0034560993367678,0.0016905494335676,12.12166339615497,0.0189109233062014,2.790819703824089,0.0059704354398329,4.343406125284767
773,773,Day1,1060,Stationary,4.0885059510341,0.020066363516803,0.927213152167646,0.0011683926985702,10.975313606625171,0.0171346545979075,2.3612824221324504,0.0045579791377427,4.648030876676529
774,774,Day1,1060,Stationary,2.9285526820483847,0.0138361111796742,0.975445937381764,0.0013267976625071,8.352062295129217,0.0114373830431433,1.824897840356685,0.0032621474981204,4.576728686081829
775,775,Day1,1060,Stationary,2.503497334444748,0.0150004753679527,0.9953256537087428,0.0015249145147885,6.399865512451389,0.0098188719215303,1.3711327269002629,0.0025393484106557,4.66757549206753
776,776,Day1,1060,Stationary,4.1255932282207635,0.0176097388936891,1.0367998866061858,0.0016980449482608,11.015481551320915,0.0189255042505885,2.585209488705342,0.0053947205755446,4.2609628347130215
777,777,Day1,1060,Stationary,3.212162935126698,0.0128975938430942,1.031889891138162,0.0016525134828944,8.171961382606337,0.0107842764244194,1.856946044577944,0.0033130780491513,4.400753272539861
778,778,Day1,1060,Stationary,2.827792211561022,0.0137421258761635,1.0589424451306877,0.0018761063355586,7.56123785618653,0.0102142003091293,1.7632127450203845,0.0031058198348964,4.288329855566643
779,779,Day1,1060,Stationary,3.851541628650405,0.0174744550056536,0.952200519632774,0.0013314080212071,9.632134896067535,0.0143861152774935,2.109428684225283,0.0039147172510232,4.566229220309038
780,780,Day1,1060,Stationary,3.12304732345707,0.0128059977276328,0.989295499926208,0.0014986384079806,9.826819053646611,0.0146495916170935,2.212726718874729,0.0044687116218765,4.441045055326123
781,781,Day1,1060,Stationary,3.005208275498601,0.0129238803701938,1.0324743502825469,0.0016432107675159,8.124500093138504,0.010644545661011,1.820816262816477,0.0033988982993381,4.462009846381401
782,782,Day1,1060,Stationary,3.3608681437002508,0.0157887775157866,0.973961150472709,0.0013313360756754,7.932838894614139,0.0105872092550385,1.70971970871122,0.0027323367726197,4.6398476043736325
783,783,Day1,1060,Stationary,2.527119886735284,0.0151556716436766,0.9041295623830166,0.0011321136879042,7.1050482657540375,0.009316256728395,1.4205491266194463,0.0024844615027541,5.001620945459511
784,784,Day1,1060,Stationary,2.7347762074964654,0.011976755878384,1.063265558064144,0.0016886894456785,7.782461855689978,0.0089035141746616,1.7741575692999985,0.0029381844358299,4.386567456215618
785,785,Day1,1060,Stationary,3.360652633394764,0.0142502461745961,0.824907429229351,0.0007783635962829,6.4761708381700664,0.0089248059210879,1.274696978914737,0.0023048310581067,5.080557140477266
786,786,Day1,1060,Stationary,3.81862512080379,0.0167361789202416,1.024027988532802,0.0015163242911795,10.267173962908927,0.0167748303994211,2.356500071490413,0.0046627875435972,4.356958901518411
787,787,Day1,1060,Stationary,4.292919022939474,0.0245443182423652,1.0341762485854302,0.0016495320041046,8.544376863439002,0.0126806152644677,1.9218967563248632,0.0033697361883951,4.445804300007218
788,788,Day1,1060,Stationary,3.981217780019545,0.0182304990598047,0.997779928632471,0.0015098506498472,10.575460787711885,0.0166247575461191,2.417476511558432,0.0046191061357292,4.3745867797054165
789,789,Day1,1060,Stationary,3.3703131810039277,0.0147538536507191,1.0254618301506129,0.0017880196479224,8.911069048363089,0.0128950503662598,2.0335610758973997,0.0037639431724374,4.382002170468709
790,790,Day1,1060,Stationary,2.6322035144985656,0.0161234232654418,0.935224755441048,0.0012012455468471,6.212833228257685,0.0089208776495326,1.2712746409945104,0.0021906118122633,4.887089719179345
791,791,Day1,1060,Stationary,2.918252848927268,0.0127226227172365,1.0388672903486544,0.0016250857431716,7.904616261362755,0.0103508674174651,1.7717902790958815,0.0027684053240534,4.461372406556133
792,792,Day1,1060,Stationary,2.8194823907878734,0.015208252631948,0.9713953950486834,0.0013654253126469,7.024374290603053,0.00911812517658,1.482343084379663,0.0025659797835126,4.738696705656802
793,793,Day1,1060,Stationary,2.9545174979547473,0.0131222437011985,1.0140113293254611,0.0016504676564769,8.716253206824371,0.0112729888587069,1.95660982916115,0.0034260790068472,4.454773290473174
794,794,Day1,1060,Stationary,2.5475960182647412,0.0152223631942516,0.9197752135192104,0.001131847594859,6.246709916576173,0.0090934581859953,1.2468525606164071,0.0023249658193469,5.0099828270697735
795,795,Day1,1060,Stationary,2.6432993404669283,0.0141578114374165,0.9951480656912736,0.0015349585434009,8.116623196891005,0.0106019702323778,1.762301829742273,0.0029537684002849,4.605694132473333
797,797,Day1,1060,Stationary,2.8110914694428604,0.0136737350679784,0.9621171081279316,0.0013209452504962,7.71757090848522,0.0096774224188374,1.6252544702204406,0.0029031704519669,4.7485307992652075
798,798,Day1,1060,Stationary,8.654548159325952,0.0789031675490194,0.8966464502806636,0.0011003674956178,13.737949000078151,0.0238109788965243,3.150027193892121,0.0072020430018012,4.361216000520862
799,799,Day1,1060,Stationary,2.4865964408689134,0.0161059748386058,0.9663159584316572,0.0013792065141244,7.115554170131627,0.0088004661353022,1.4965819662548396,0.0022838284796648,4.754536891780228
800,800,Day1,1060,Stationary,2.8629007898323815,0.0138713081388052,0.9614553853343066,0.0013249977004001,7.646845149575482,0.0094665829663199,1.608381561399168,0.0028479565337302,4.754372552569749
801,801,Day1,1060,Stationary,3.2558212513344715,0.0137571845337348,0.9746553991616612,0.0012751000877333,9.549515058326662,0.012917888245898,2.0904187962844034,0.0037496262162668,4.568230574323367
802,802,Day1,1060,Stationary,2.3476050502959924,0.0166730787230571,0.8701358986926484,0.0009546564819703,5.072894770156629,0.0105127895534321,0.9720886944527116,0.0024062458510247,5.218551351440911
803,803,Day1,1060,Stationary,3.916905934935734,0.0186623955736219,0.9596577529029178,0.0013678118462892,10.272977527037671,0.0140697059905133,2.3742021433128846,0.0049117100135108,4.326917805197114
804,804,Day1,1060,Stationary,2.849799899197986,0.0143789188185291,1.0143552714767978,0.0017012870794319,8.114775630392296,0.0099655949561821,1.7918996326339358,0.0032390862293729,4.528588254948345
805,805,Day1,1060,Stationary,2.48800393423326,0.0142333746995347,1.0367971776105196,0.0016848900280032,6.770421570875001,0.0090048713634731,1.4703777966361016,0.0022406462137521,4.60454557078067
806,806,Day1,1060,Stationary,2.7027692087982285,0.0132941902079484,0.9803963948487764,0.0013649047036926,7.188707160366493,0.0084467541524295,1.5244673378947318,0.0025179210121369,4.715553414410307
807,807,Day1,1060,Stationary,3.409323442545097,0.0140848137267683,0.9755256945938492,0.0014017810195849,10.32158376841864,0.0151141502047021,2.2882976874096284,0.0046975106885547,4.510594851888679
808,808,Day1,1060,Stationary,3.5290615379753274,0.0145590820151699,0.9669112971781938,0.0013858215556484,9.703684587047409,0.0133732437554889,2.151853728060868,0.0041984355983066,4.509453621548819
809,809,Day1,1060,Stationary,2.832963080829197,0.0134590554277394,0.8705419691855101,0.0008750521214096,6.371372419117548,0.0091021875169175,1.2664596281179987,0.0025537489668451,5.030853157621471
810,810,Day1,1060,Stationary,3.167478498543155,0.0141655921326854,0.986289917635228,0.0014439721807224,8.750152992475979,0.0119793916031569,1.9197249421798832,0.003311069814144,4.558024329537552
811,811,Day1,1060,Stationary,4.790120913838086,0.0303079711895003,0.8547412562823153,0.0008641367977104,11.264477779289736,0.0176763056240584,2.264177213514551,0.0044564420863289,4.975086628402439
812,812,Day1,1060,Stationary,2.451958491889207,0.0161393678215095,1.016538303841532,0.0017409513374803,6.622731465504845,0.0087857797889169,1.417928839624566,0.0024060251273678,4.6707079230142385
813,813,Day1,1060,Stationary,4.037559022688542,0.020183726051412,0.9337713583639128,0.0011720465450513,10.263295892954364,0.0153329904868896,2.2270491345869976,0.0045790722745934,4.608473038857166
814,814,Day1,1060,Stationary,2.8423387451611832,0.0123443283202825,0.9053662842076708,0.0010363477222855,6.933644147123525,0.0087280689823716,1.4817229187112866,0.0023301081616927,4.679447189191075
815,815,Day1,1060,Stationary,3.733514860961341,0.0159685629776476,0.9417797027681416,0.0011827079782289,9.535442845210502,0.0142717257302568,2.0477830408055406,0.0038841203513709,4.65647124485391
816,816,Day1,1060,Stationary,2.7616385435099327,0.0131972550406181,0.8714951150931083,0.0009176443167734,6.374704727392695,0.0089592481779238,1.3268730493055725,0.002151740582684,4.804306433632771
817,817,Day1,1060,Stationary,3.6289991170759266,0.0145418748421355,0.9796137000902349,0.0014085514350999,9.300177573402296,0.0141881285488646,2.0863479319901175,0.0040342676196235,4.4576350045944055
818,818,Day1,1060,Stationary,5.925214790568523,0.0462724454813068,0.8416062925910559,0.0007868841289956,15.154247757741215,0.0314016281855234,3.076721993502495,0.0069595668295844,4.9254524099819115
819,819,Day1,1060,Stationary,2.835753168809958,0.0129130724642152,1.0467333925299895,0.0017442192986642,7.933861716325831,0.0105955355151502,1.7771264269341418,0.0030696603386481,4.464432916015519
820,820,Day1,1060,Stationary,4.673750215384372,0.026437863036451,1.0156990317131964,0.0015943086343721,12.265810391159611,0.020723433224674,2.862262835641677,0.0063745856972744,4.285354314223836
821,821,Day1,1060,Stationary,2.4646087542445128,0.0169892976360566,1.0018914222163686,0.0014861789759804,6.166980327866399,0.0098079138244653,1.2946831491167134,0.0023211783000807,4.76331242286869
822,822,Day1,1060,Stationary,3.679724423945556,0.016145375953897,1.003473515021378,0.0016872224490228,9.70283268400635,0.0143758679885742,2.2067972791488257,0.004254283153112,4.3967938404150955
823,823,Day1,1060,Stationary,3.1668862815838037,0.0131004085438856,0.947849167900208,0.0012778508509759,7.851326446494875,0.0105199301340454,1.707374046858957,0.0026968588385413,4.598480608826695
824,824,Day1,1060,Stationary,5.245912960966929,0.0351466777751211,0.8642969945416069,0.0008810811709566,12.021983518787108,0.0194054070228703,2.4512518132492596,0.0048180875302239,4.9044261604650705
825,825,Day1,1060,Stationary,2.943529804990466,0.013715000770471,0.9698449859220016,0.0012661012705509,6.946192552590552,0.0093138051379033,1.5560325816022755,0.0024446244322474,4.464040557195743
826,826,Day1,1060,Stationary,2.8472287255802207,0.013766446938312,0.9632535252437732,0.0013608234868254,7.241528050816273,0.0099696533469515,1.537986415335036,0.0025964664550123,4.708447342975245
827,827,Day1,1060,Stationary,2.831645124304234,0.0128926029765756,1.0076770147583751,0.0015966784003981,7.144733546206024,0.0089480769067351,1.5913725054753771,0.0026786663952363,4.489667580420926
828,828,Day1,1060,Stationary,4.806292877057633,0.0288855384623587,0.889905570507117,0.0010157654818762,7.303229921923725,0.0098195059221359,1.54986057668576,0.0026921117425323,4.7121851034762345
829,829,Day1,1060,Stationary,2.34282422303451,0.0165738600486528,0.9367343955213614,0.0011706543871181,6.493863469590006,0.0097755998664757,1.3120039192696902,0.0022035513381565,4.949576273525715
830,830,Day1,1060,Stationary,3.124862616885996,0.0136736656267633,0.9255895471356756,0.0010424311639931,8.465010294407039,0.0127360027272683,1.7581076971032703,0.0030670927340786,4.814841723493011
831,831,Day1,1060,Stationary,2.831450689725739,0.0130879821945294,0.9405491500480624,0.0012080485173596,6.66317762103388,0.0092118966947691,1.3856029559227203,0.0024123818459453,4.808865045034955
832,832,Day1,1060,Stationary,3.0195788122607072,0.0133921164703339,0.9816795655233091,0.0013657814792494,7.467124506402118,0.0091481220823925,1.6503744565015637,0.0027576318668538,4.524503198038343
833,833,Day1,1060,Stationary,2.786196232891256,0.0138648359980498,1.0226667175752138,0.0015710952497287,7.500699024252792,0.0086169364630907,1.650661311503227,0.0028573575870951,4.544056961886411
834,834,Day1,1060,Stationary,4.091554888981898,0.0192683540742653,0.943172445938944,0.0012297726447032,9.645877220396091,0.0148933669901503,2.070823553454643,0.0038537886965891,4.657990877254798
835,835,Day1,1060,Stationary,2.5907387010579925,0.0152693486467808,0.9380573342921356,0.0012917882107644,6.549635329006537,0.0094542371976147,1.3243011609685875,0.0021200317817251,4.945729507792748
836,836,Day1,1060,Stationary,2.7536055429399084,0.0139684578397134,0.9946158897003444,0.0015488417190372,8.342186018319069,0.0106638875739732,1.817586374587646,0.0029448805647306,4.5897054109528375
837,837,Day1,1060,Stationary,2.8596809844597337,0.01345234635615,0.9683567788428792,0.0014827953489159,8.374396792327166,0.010305371338545,1.796805228437977,0.002923816005947,4.6607148397532825
838,838,Day1,1060,Stationary,4.157550578180624,0.0215243969044665,0.9176645575525127,0.0011750065820868,10.30587940048568,0.0157200220454534,2.2516241618104633,0.0045836108782246,4.57708687590163
839,839,Day1,1060,Stationary,2.642487227123819,0.014142659739421,0.9635489906375996,0.0013016705418745,6.482558773650944,0.0088136922741629,1.3517532924929874,0.0023020637924474,4.795667086333045
840,840,Day1,1060,Stationary,2.6967512887672074,0.013853655753305,0.948002214433806,0.0011929628001301,6.57266575365492,0.0091835155501177,1.3365841721598222,0.0023404880060384,4.917509791421495
841,841,Day1,1060,Stationary,2.945422896457386,0.01414468249292,0.9407663270884378,0.0013015447110622,8.072981265680678,0.0104587055756252,1.7111933154684584,0.0029124950740911,4.717749416564667
842,842,Day1,1060,Stationary,5.377448881099179,0.0364968228817333,1.0186164264831812,0.0017181493109055,15.969061827733473,0.0328001586177048,3.891028084472868,0.0093521979851782,4.104072620667517
843,843,Day1,1060,Stationary,2.820322336717976,0.013381250854522,0.982738307664866,0.0013512647955938,7.382314396122589,0.0091562140955465,1.5804643580104691,0.002832728982206,4.670978094954096
844,844,Day1,1060,Stationary,3.161608313948906,0.0130857710944588,0.9377858969129218,0.0011577540965659,7.967341078841687,0.0094447080930336,1.705225358323496,0.0028230802236142,4.672309756567796
845,845,Day1,1060,Stationary,3.35694394879321,0.0148309317758864,0.9522183171284496,0.0012546349320764,8.313484598492607,0.0114253571101287,1.7679437639810005,0.0029603449199187,4.702346741941929
846,846,Day1,1060,Stationary,2.6820622854065106,0.0138701362328107,0.9641576269491264,0.0013652574608226,6.89885632100788,0.0096076425139117,1.4318089768521194,0.0023377060809921,4.818279835188106
847,847,Day1,1060,Stationary,3.306262245778571,0.013405508131418,0.9902117923835292,0.0014581544019421,9.529437704026412,0.0142229415935347,2.149642119832799,0.0041981431548678,4.433034511236513
848,848,Day1,1060,Stationary,3.605170008979022,0.0154627945092135,0.9845975095367332,0.0013807510969771,9.694107879951178,0.0139388706355378,2.1564961096162505,0.0041171654194069,4.495305063024783
849,849,Day1,1060,Stationary,4.269485498072188,0.0232017738870173,0.899174093153088,0.0010424078513053,10.690019239202522,0.01675184338531,2.252017558060695,0.0045229329599163,4.746863185386591
850,850,Day1,1060,Stationary,3.951864852857629,0.0185599359769041,0.9483938226360858,0.0012258083886526,10.104879841528676,0.0148905209218684,2.191039596349013,0.0042020408587004,4.611911103006402
851,851,Day1,1060,Stationary,4.983356659076373,0.0325176870909052,0.977917987878922,0.0014707400304442,14.422595092662975,0.0265831531456327,3.3145792794677913,0.0080722472884052,4.351259655185787
852,852,Day1,1060,Stationary,2.4820295431416217,0.0158947153579118,0.9937931854323568,0.0014558535156219,6.846364884692691,0.0090547552832975,1.4688303594265868,0.002514712461385,4.661099793284111
853,853,Day1,1060,Stationary,4.158458932346886,0.0203234986977004,0.9420391744989342,0.0011737469168745,10.422469856275208,0.0164844425839934,2.257402140590646,0.0049130519149297,4.6170195681431325
854,854,Day1,1060,Stationary,2.950171858068098,0.0125332513841826,0.9762425065575092,0.001481777207535,7.558632102617897,0.0099480904316919,1.657373550621356,0.0029019111819656,4.560608620660162
855,855,Day1,1060,Stationary,2.7540774043384797,0.0135502453261247,0.933873879879055,0.0012159506359566,7.126716090172307,0.0087298652481096,1.505351192319467,0.0024540429920971,4.734254788207501
856,856,Day1,1060,Stationary,3.0510851742851868,0.0130636461239077,1.0397731915927209,0.0016172882292505,8.47372217359049,0.0114436388880609,1.9168295462645275,0.0034670146435655,4.420696764667407
857,857,Day1,1060,Stationary,3.626373136727784,0.0148118384268761,0.8655455101583186,0.0008243015760722,8.34651057138609,0.0106881525589788,1.8024238096437888,0.002914390104517,4.630714777916523
858,858,Day1,1060,Stationary,2.77327821622719,0.014319100462364,0.9959518352348052,0.0016099098264872,7.260960880732099,0.0098899190089201,1.556496485714165,0.0025148685661361,4.664938820854814
859,859,Day1,1060,Stationary,3.175959485055819,0.0131120629190579,0.936739924229686,0.0012210869606953,8.645936443145493,0.0110075086425228,1.9027749338101971,0.0033737625558285,4.543856600965676
860,860,Day1,1060,Stationary,3.3178264010017706,0.0138620338280371,1.0245380130226802,0.0017018610170862,9.19392541844396,0.0134294715835175,2.1603972215427825,0.0040914671500524,4.255664341152224
861,861,Day1,1060,Stationary,2.742898725626317,0.0139760344999873,0.884489489349219,0.0009782992888896,6.705575207254743,0.0087752418224155,1.377815095082456,0.0024222186116154,4.866817928753672
862,862,Day1,1060,Stationary,3.632620878014761,0.0165390681351897,0.938183836162466,0.0011779519532245,9.63848150846927,0.0139804018288967,2.0621359483354764,0.0039854502428041,4.674028167856393
863,863,Day1,1060,Stationary,3.8626478132984174,0.0174562956183166,1.0359295146830283,0.0017902545838027,10.488771634134782,0.0170076158481376,2.438215451958627,0.0046137515090645,4.301823132861009
864,864,Day1,1060,Stationary,3.1327597775849516,0.0130704168250384,0.9638824018374804,0.0013947740129021,8.184890836232919,0.0116050140809565,1.7568816059027377,0.0028486565179187,4.658760618093716
865,865,Day1,1060,Stationary,3.1129427223953208,0.0120011917964287,1.0106235149506286,0.0016468869207859,8.273705464688517,0.0106919863853813,1.8451205156946493,0.003234034981568,4.484100303645282
866,866,Day1,1060,Stationary,2.5636458548075396,0.0135992870687687,0.8827794854514294,0.0009114830710973,5.89226897294849,0.0098773461388069,1.161977613584052,0.0024667868797539,5.070897153323059
867,867,Day1,1060,Stationary,2.135341184510815,0.0179107196252928,0.8449088782943097,0.0008533317670097,4.823066962822341,0.0098900363029313,0.9443095904369028,0.0021694810973421,5.107506067571396
868,868,Day1,1060,Stationary,2.338895966070184,0.0164148528563937,0.9675312726351384,0.0012866198272738,5.585904669018821,0.0102065361935674,1.1426143768985035,0.0022269804302105,4.888705045162413
869,869,Day1,1060,Stationary,3.830656358077953,0.0175771278749163,0.9570517908749238,0.0012880304562312,6.8760744931103295,0.0089543947337091,1.4299885661414031,0.0024812152790988,4.808482148682016
870,870,Day1,1060,Stationary,3.935971476238249,0.0189366964282947,0.9862740037771346,0.00140887530308,10.418285877333302,0.016997376386316,2.3474222226866286,0.004569100607186,4.438181498260486
871,871,Day1,1060,Stationary,5.061202068656257,0.0311655469151298,0.9623535737335268,0.0012512928904392,13.29420519069598,0.0230957536939081,2.9989730520046467,0.0070235890584676,4.432919189390362
872,872,Day1,1060,Stationary,3.518822060554553,0.0145055940070863,0.8703160339252347,0.0008755583981814,8.088985726345623,0.0110213107848111,1.6165608795353197,0.002713789802473,5.00382375247804
873,873,Day1,1060,Stationary,2.662125969067775,0.0144857930052693,0.9008057009064606,0.0010106230002768,6.2693013001251074,0.0083969809183269,1.3355746845175562,0.0023976661431252,4.694085155102906
874,874,Day1,1060,Stationary,2.791947811047255,0.0134795591072677,0.946903894588752,0.0012101759061808,7.300277629557961,0.0093997243516009,1.520496078610632,0.0022637903765693,4.801247258873999
875,875,Day1,1060,Stationary,2.4422809952685105,0.0156419016216819,0.8160978554329651,0.0007302096868193,5.0047353989632155,0.0104044833978325,1.0135537435912314,0.0022548929827928,4.937809593826173
876,876,Day1,1060,Stationary,2.339636727099565,0.0174528996426321,0.955668649712094,0.0012394197187358,6.657491010713567,0.009691061629428,1.369467138562016,0.0021005741713264,4.861373320504897
877,877,Day1,1060,Stationary,2.31778396264258,0.0161556669759437,0.9377113506579646,0.0012734601231302,6.276879039928888,0.0084565888767324,1.2964467303593457,0.0022948551475956,4.841601967085126
878,878,Day1,1060,Stationary,2.75439311587665,0.0142411945428485,1.061678428837484,0.0019412071595051,8.06639266942217,0.0110889528764619,1.8470020725395724,0.0030545253971275,4.367289452107177
879,879,Day1,1060,Stationary,2.514934614908614,0.0152793409497595,0.7854336402813822,0.0006803765609221,5.049534791571139,0.0101017012394601,0.9667753603164508,0.0022305431523199,5.223069390099365
880,880,Day1,1060,Stationary,3.5874753005924975,0.0145304821617318,0.9618733117891588,0.0013303516024491,9.761251535714768,0.0139804600195445,2.16364070759838,0.0041563945795523,4.511493752837393
881,881,Day1,1060,Stationary,3.643485272736189,0.0158225078879038,1.0241133540624234,0.0015976200396203,10.442351486740067,0.0161929756712913,2.40039554501362,0.0053145338900927,4.350262817489447
882,882,Day1,1060,Stationary,3.2909569100634664,0.0140260503194688,0.9728077880411304,0.0013965276617307,8.364052053939995,0.0117211795646339,1.821661382491647,0.0031458354610071,4.591441710478455
883,883,Day1,1060,Stationary,2.4547614252902448,0.0158200945411956,0.7289313842209824,0.0007003275806584,4.988855349207799,0.010238630269784,0.9325713432268988,0.0024903333933052,5.349569644661479
884,884,Day1,1060,Stationary,2.5597036345542024,0.0141806491950687,0.932470318696513,0.0011032832882058,6.276546208970305,0.0094525854207695,1.2626860213088893,0.0022870171569461,4.9707893356292105
885,885,Day1,1060,Stationary,3.281426056972477,0.0137678471509182,0.952442805473743,0.0013657546082892,8.214126671874839,0.0101704826825296,1.7643833248681071,0.0029986683553927,4.6555227291602685
886,886,Day1,1060,Stationary,4.3835860935042374,0.0251146181209651,0.996810959917388,0.0015964844970474,13.231456999630666,0.0237672547649721,3.059113087746698,0.0071962641191352,4.325259191178441
887,887,Day1,1060,Stationary,2.530486844403528,0.0159135047599544,0.9789163876614814,0.0014995834213636,7.486333028989749,0.0098132253431804,1.5884928756045875,0.0023423133275972,4.7128527574544
888,888,Day1,1060,Stationary,2.713721005200996,0.0153809120088895,0.9780275340641752,0.0014881608951339,7.716816793932465,0.0104753710244161,1.644675041443736,0.0027998979111355,4.692000911717159
889,889,Day1,1060,Stationary,2.9018065097626193,0.0141348467644854,0.9247808765304,0.0011104879242766,6.747403259807506,0.0089939939851543,1.4104418721222272,0.0023563642107905,4.78389318494565
890,890,Day1,1060,Stationary,2.752560343720958,0.0148909552559911,0.9391023298218784,0.0011429928539655,7.027252643707765,0.0088268872052203,1.435155411074048,0.002276077978959,4.896509875852872
891,891,Day1,1060,Stationary,6.129798050834903,0.0460250905751879,1.0366368510402202,0.001690579652731,12.826924192365851,0.024614637015518,3.041278495065254,0.0072723649085276,4.217609210461548
892,892,Day1,1060,Stationary,3.4791737031860652,0.0151606221890351,1.0576132448985314,0.0019956348150747,9.86898501420601,0.0146153439561541,2.3116799681147535,0.0043593167466059,4.269183083441464
893,893,Day1,1060,Stationary,3.0670656380433603,0.0138217836961882,0.8938034887166688,0.0010606642032743,7.823721628539105,0.0104658666854839,1.7538169557752572,0.0029279896854844,4.46096817730942
894,894,Day1,1060,Stationary,3.635510304112066,0.0158185143628067,0.9824860358452832,0.001364794196865,10.430571210439307,0.0159693571897682,2.317375154727469,0.0045571995422385,4.501028324723701
895,895,Day1,1060,Stationary,3.176855599442173,0.0135778381336049,0.8494673144441197,0.0008334646068561,6.860685296109442,0.0095609523693287,1.4317161537593217,0.0023897305158138,4.7919311925726555
896,896,Day1,1060,Stationary,1.7390953703712304,0.0227615456383396,0.6522223410877284,0.0008926654653282,3.04809082458383,0.0140756594680577,0.4978117554933072,0.0033038739572364,6.1229787986089645
897,897,Day1,1060,Stationary,3.1206088691977767,0.0128708994820572,0.9582935387304982,0.0012481610773336,7.449238484748956,0.0091790856273673,1.6073587259482447,0.0025620522634935,4.634459230844287
898,898,Day1,1060,Stationary,3.219526570211362,0.013670153570883,0.9925869619843196,0.0014184194409571,9.620141436480903,0.0133459981109401,2.137214648123908,0.0040742768511753,4.5012518723496795
899,899,Day1,1060,Stationary,3.347172795555798,0.0139970306903056,1.0000627184015056,0.0013694252488726,9.086581544376129,0.0123476554410662,2.016387942194803,0.0035257008990988,4.506365741547504
900,900,Day1,1060,Stationary,3.792239416887474,0.0181456229935388,0.9672646010803791,0.001302135455289,9.544024820154114,0.0147533889295347,2.1775017864309363,0.004309977388437,4.383015839356613
901,901,Day1,1060,Stationary,3.3597710574721167,0.0150764557033197,0.9483970111239856,0.0012130623963518,8.752908604504436,0.0126360168190918,1.8984407024673269,0.0036649258301543,4.610577824805712
902,902,Day1,1060,Stationary,2.695943418594674,0.0142336268221401,0.976259027921076,0.0014215710479706,6.717176282715744,0.0086382266866061,1.4165054898706326,0.0023633940270451,4.74207571431948
903,903,Day1,1060,Stationary,3.432579265711881,0.0137328506635144,0.9659276227160472,0.0013316971716099,9.003909870089796,0.0109794536189186,1.9461533097407744,0.0038147275109474,4.626516228204605
904,904,Day1,1060,Stationary,2.927759077952349,0.0124922048116207,1.0122827871128732,0.0015904419785795,8.284071536814198,0.010676884607191,1.8341939945228152,0.0030361741490058,4.516464213464719
905,905,Day1,1060,Stationary,3.3867287924422427,0.0138172399720845,1.0116257693674209,0.0016747889156476,8.983786026632243,0.0128146591540173,2.0173468359897857,0.0038262335384974,4.4532679588656165
906,906,Day1,1060,Stationary,2.430742690209826,0.0155975106050523,0.9341767640918612,0.0011990835172383,6.51906641284049,0.0089542229632158,1.38596878577715,0.0023643074823041,4.703617050931688
907,907,Day1,1060,Stationary,3.383310163039313,0.0138332393582845,1.142106157004228,0.0022363314372072,10.25332568779059,0.0158778252410491,2.5484366233480418,0.0055978873853597,4.023378723195458
908,908,Day1,1060,Stationary,2.7164096588879327,0.0142782549735577,0.9142185888785052,0.0010595734048493,7.319568716340455,0.0100439562404306,1.4861514005985297,0.0024278164091296,4.925183741974463
909,909,Day1,1060,Stationary,3.401415600074316,0.0140469508370802,0.9941504089733963,0.0015320990169866,8.79815938110284,0.0121742967578296,1.979100918732888,0.0034985987461154,4.445533473217641
910,910,Day1,1060,Stationary,2.6620274358831613,0.0139809400269209,0.9563492432243456,0.0012501062149044,6.973928350778811,0.0088162768594315,1.4474189527818713,0.002671215578764,4.818182280517502
911,911,Day1,1060,Stationary,2.8021463058203593,0.0131862467904771,0.9273096175770364,0.0011753601628977,7.075561318303732,0.0093144406366365,1.4676493999260736,0.0026435969921754,4.82101605373881
912,912,Day1,1060,Stationary,3.739996467121424,0.017736850857262,0.931151068341664,0.0010417473723342,9.13471219126142,0.0124500242385616,1.9526912433383887,0.0036032115396831,4.678011550686528
913,913,Day1,1060,Stationary,2.3051339744431463,0.0172704561471658,0.6882282657536843,0.0007641852263368,3.8471663677798023,0.0123985815402199,0.698227788727205,0.0028492785935207,5.509901539142086
914,914,Day1,1060,Stationary,2.3822171126023433,0.0158308119029609,1.0543053998052108,0.0018590836120295,6.783444266279032,0.0092500229326433,1.4947325517032537,0.002578929828366,4.538232781877447
915,915,Day1,1060,Stationary,2.389164844514172,0.0166152723718016,0.975217364772221,0.0014663472213434,6.485990530683732,0.0092910216474341,1.3762403899555722,0.0024534670371457,4.712832567639664
916,916,Day1,1060,Stationary,3.6024292617950366,0.0150695479582718,1.0320551063588914,0.0016014068725902,10.45714020120414,0.0154385333182622,2.416531455832469,0.0045756431831065,4.32733460843851
917,917,Day1,1060,Stationary,3.43770469111556,0.0144739002144083,0.9610234643382412,0.0013535986149439,8.563947487547043,0.0110604695955725,1.8567998035578712,0.0033939705727838,4.612208311923235
918,918,Day1,1060,Stationary,2.3802362693004375,0.0163640410776955,0.9481007821010368,0.0011925419577291,5.471795890591473,0.0093859729877961,1.08920891634794,0.0022726492584958,5.023642212678644
919,919,Day1,1060,Stationary,4.07999348205537,0.0201719550077297,0.9556494809596736,0.0012310657752832,11.30886960775746,0.0184843162598543,2.5457510553736085,0.0053519539663688,4.442252742618542
920,920,Day1,1060,Stationary,3.1242709304596503,0.0130514901065724,1.023185594868645,0.0016308681323066,8.810472695868516,0.0120309664982047,1.9814916895398456,0.0034334596812942,4.446383874521593
921,921,Day1,1060,Stationary,2.833376588849994,0.0142081783633664,0.8935178688960149,0.0010140214650134,6.317201801941872,0.0094081512056683,1.300172518654704,0.0023091046177819,4.858741214187727
922,922,Day1,1060,Stationary,3.297218376552389,0.0139485909555664,0.9820542695503864,0.0014238814851628,9.979672989093924,0.0158970835294562,2.205209293784556,0.0041116174370091,4.5254992427348775
923,923,Day1,1060,Stationary,4.032154086629307,0.0196861672913927,0.8892973811847041,0.0009590767200572,9.30681059922238,0.0120159761572777,1.8931247524388295,0.0033939020244381,4.916110566529134
924,924,Day1,1060,Stationary,4.019619712607461,0.0186466435097896,0.8782197025705687,0.0009113630096337,8.558618079199652,0.0112903324793378,1.755138023315442,0.0027110057499908,4.876321956168717
925,925,Day1,1060,Stationary,3.418487190374225,0.0148990503709459,0.9485402946829864,0.0013466729620493,8.49268206969678,0.0110642912514927,1.8175835934103632,0.0031905151141528,4.672512505332322
926,926,Day1,1060,Stationary,2.6147070381030497,0.0148146234109557,0.9563320198473204,0.0013307322775257,6.275057238628623,0.0088549134137717,1.370425956385724,0.0023074803920607,4.578910089515575
927,927,Day1,1060,Stationary,3.584706032564831,0.0160818684193691,0.9367856791722724,0.0012092321250812,9.341224027351174,0.0124875150030214,1.9829735871637328,0.0035331685872114,4.710715305447926
928,928,Day1,1060,Stationary,4.142497253539735,0.0214955736074187,0.9003317914697937,0.0009679046464387,11.416145213703553,0.0174061802012645,2.392410737618502,0.0048044994741919,4.77181657572212
929,929,Day1,1060,Stationary,3.541593169926384,0.0144709289839327,0.9763327125907636,0.001366496025745,9.578963152488187,0.0135288525253029,2.136519129188774,0.0038896903684273,4.483443663865192
930,930,Day1,1060,Stationary,2.8032131657159236,0.0125877300004793,0.9997013917231956,0.0015849550666896,7.484376820719525,0.0089821921398815,1.635127086285954,0.0027678442503913,4.577244719075398
931,931,Day1,1060,Stationary,3.3494361286983705,0.0138648124590531,0.9923562328573414,0.0015695510587554,8.483705025491421,0.0106729161350512,1.8682925914954005,0.0033442132995675,4.54088672411904
932,932,Day1,1060,Stationary,3.235146950126097,0.013475557747615,1.0323087000564273,0.0018075788967393,8.979368461469592,0.0129730543764237,2.033504752198524,0.0039877284441136,4.415710586248469
933,933,Day1,1060,Stationary,4.815109272587464,0.027035809704134,0.9955930106965836,0.0015313566711077,14.63530643867306,0.0287787855053761,3.4093747399848877,0.0080323558885564,4.292665827264835
934,934,Day1,1060,Stationary,2.8984535055471303,0.0145062728274081,0.9961769778253056,0.0015222205508239,7.669352575331686,0.0100768498988381,1.6670817152100836,0.0029376571022483,4.600465895197707
935,935,Day1,1060,Stationary,5.845014712667728,0.043309234138081,0.8739555356143676,0.0009273062974712,10.38476275100802,0.017151602848347,2.1040039580723033,0.0041032729955279,4.93571445584284
936,936,Day1,1060,Stationary,3.0597960066302785,0.0130701310865785,0.8992362558920163,0.0011419009327311,7.54643172326505,0.0096005941219954,1.5122468528131612,0.0023665543039771,4.99021155787283
937,937,Day1,1060,Stationary,2.6495749642421,0.0150802177510934,0.9754394430715138,0.001313855846072,6.4385611399541895,0.0090020128673241,1.3478727920554343,0.0023327015093913,4.776831447228582
938,938,Day1,1060,Stationary,2.9498474476008556,0.0137561258509792,0.9677505961088334,0.0013424177028631,7.31762137094908,0.0094993419268893,1.5634462961677813,0.0025781542479221,4.680443062793754
939,939,Day1,1060,Stationary,2.7496796304432634,0.0137208883153931,0.9534041601413868,0.0013507925690131,6.9492570886799845,0.0082817911080139,1.432083430432323,0.0024360362257855,4.8525504457391255
940,940,Day1,1060,Stationary,2.075649901554197,0.0205677304427639,0.9686152527744404,0.0013296384897965,5.364562582133929,0.0088440065227148,1.0630018665500702,0.0022282219437409,5.046616333369574
941,941,Day1,1060,Stationary,3.4630688444076045,0.0153401466560979,0.8705846548617372,0.0009392615820695,7.594505457313128,0.009414824897146,1.6270925825833873,0.0024910361204878,4.6675312386066485
942,942,Day1,1060,Stationary,3.346599107878569,0.014963837968931,0.9073311162016984,0.0010536645675415,4.839470077402034,0.009556087023752,0.961730806717828,0.0024365567133314,5.03204227586102
943,943,Day1,1060,Stationary,2.475221614823231,0.0157082807197499,0.9623058918879392,0.0012809229701403,6.1048485338582745,0.0085005284771266,1.276371423637079,0.002308068728355,4.78297180648422
944,944,Day1,1060,Stationary,3.024785805873724,0.0128856844314099,0.9624180189179636,0.0013374849160287,8.104358702380852,0.0108818592394296,1.758992493194913,0.0029734847745272,4.607386747660675
945,945,Day1,1060,Stationary,2.9468170337753183,0.0131621103489358,0.9215727800536688,0.0011131115962332,5.516047870998551,0.0095054155706602,1.0697825474929754,0.0021920772190071,5.1562328100466335
946,946,Day1,1060,Stationary,3.604711449289578,0.0154894313253394,0.9368940462331232,0.0012155728594606,10.131913245416335,0.0141398775338637,2.171946959814811,0.0039355373486131,4.664899020499204
947,947,Day1,1060,Stationary,2.4981822969380896,0.015510903553506,0.9434856726811696,0.0012744351650835,7.008525538801164,0.0089827760416292,1.4365016355074287,0.0023192654033532,4.878884482665749
948,948,Day1,1060,Stationary,3.295021988297982,0.0138883587606379,0.9246199690982306,0.0012458004157379,6.484622410422151,0.009947679073668,1.305277760679174,0.0023060024838252,4.968001911752495
949,949,Day1,1060,Stationary,2.4477694128358616,0.0172673380037233,0.851243209856646,0.0008753711823738,6.09564482954193,0.0093407273178,1.1453865519232922,0.0021954397855149,5.321910598047743
950,950,Day1,1060,Stationary,3.0637632450998415,0.0137346747280287,0.8259731719242169,0.0008259342474706,5.0164836569774485,0.0096632494432213,0.9267586456144192,0.0024634985011545,5.412934296017965
951,951,Day1,1060,Stationary,3.8136068624399697,0.0182325301416652,0.7979950538507008,0.000739156279551,5.604673299275097,0.0092526479231198,1.0975137463382214,0.0020460960727022,5.1066998641016585
952,952,Day1,1060,Stationary,2.3982200857068463,0.0169576640638531,0.9051692162829692,0.0010950723035739,6.3444201615748135,0.0095143489267919,1.2558476137474577,0.002111634469505,5.051902867930784
953,953,Day1,1060,Stationary,4.5654045517945345,0.0256677774514396,0.9267230477748184,0.0011274292181955,10.81959470513705,0.0153356119496776,2.3799937826555895,0.0054142916480343,4.546060071242951
954,954,Day1,1060,Stationary,3.9864691951651094,0.0204782543353573,0.9289266309806732,0.0011279483330082,10.016235294720254,0.0142392989544743,2.1388066884564014,0.0042424533994868,4.683095180494817
955,955,Day1,1060,Stationary,3.74306057831681,0.0167828736440741,0.9612369685136112,0.0012930238980031,9.387172639406268,0.0138092036535471,2.0735661348623093,0.0036080432127169,4.527066912206108
956,956,Day1,1060,Stationary,3.974204324700833,0.018541585583058,1.032602746986506,0.0016975491188598,10.39561687257267,0.0164797655775687,2.443645478092874,0.0050626781968285,4.254142822994871
957,957,Day1,1060,Stationary,3.659952277915061,0.0172302400284784,0.9632063651817018,0.0013334751344634,8.827144981945182,0.0109748511540111,1.9643271269972904,0.0036218451484852,4.493724523083144
958,958,Day1,1060,Stationary,3.2768376664352328,0.0137950009736232,0.9340938657050282,0.0011857690386411,8.281899138087867,0.0111363075180451,1.7443798069527248,0.0028647950803727,4.747761413585499
959,959,Day1,1060,Stationary,3.336765486282932,0.0144859525719311,1.025053155432187,0.0017712461198526,8.853007490268197,0.0115264495930006,2.0221641613583885,0.0036870640226551,4.377986545029653
960,960,Day1,1060,Stationary,3.157410452843997,0.0141056611366676,1.0553261617061864,0.0017622106410943,8.588963551834643,0.0116418109501772,1.999574006589394,0.003558624405776,4.295396681258399
961,961,Day1,1060,Stationary,4.650954175166598,0.0263879461653345,0.9153357753280468,0.0011239421027335,8.012975592061077,0.0103245407496728,1.6432833781169751,0.0026096225702127,4.876198286167222
962,962,Day1,1060,Stationary,3.198167325346261,0.0133654868546432,0.9229623569488788,0.001107489695622,8.847083895975976,0.0118131203707079,1.8743547144185524,0.0034131807256964,4.720069167228279
963,963,Day1,1060,Stationary,2.8705518988465855,0.0139668603262031,0.9799704432392036,0.0015642071034164,8.760950891640004,0.0111874660551582,1.9111610254303324,0.0034782243291716,4.584098762513911
964,964,Day1,1060,Stationary,5.243992615553629,0.0336084414030681,0.8932485257288784,0.0010129836720804,9.185824789510116,0.0130974404502194,1.9091146447943657,0.0034739356015915,4.811562686692154
965,965,Day1,1060,Stationary,3.4105703085440617,0.0142795188429182,0.8599089686516631,0.0008943433584251,6.9408541135638675,0.0095301426589098,1.449450029610264,0.0023485814703606,4.788612212750903
966,966,Day1,1060,Stationary,3.1507663997542887,0.0130560308363353,1.0282102634039516,0.0016912862991596,9.17475163564583,0.0128218993161388,2.086330824890498,0.0039862098593813,4.3975536028076325
967,967,Day1,1060,Stationary,3.4941809038965457,0.0153269746438263,0.9860852847098251,0.0014120418332944,9.175510693114225,0.012079412601184,2.0194072372310767,0.0037292623723094,4.543665350875579
968,968,Day1,1060,Stationary,2.409385354841078,0.0165040502487948,0.8475444527959634,0.0008295199676657,5.4250897575403005,0.0099806261819015,1.1148842124432994,0.0023160874054405,4.866056669374721
969,969,Day1,1060,Stationary,3.3282286284311966,0.0150582874603572,1.0117535804370734,0.0015324006706451,8.937586902633411,0.012111420662893,2.031804006794931,0.0037702229259259,4.398843034438153
970,970,Day1,1060,Stationary,4.0677736607006345,0.019814470699506,0.982244750823142,0.0014885337837116,10.144705389724226,0.0160464768569656,2.303546042930173,0.0042253603964286,4.403951647009358
971,971,Day1,1060,Stationary,3.7272668760034486,0.0155157006982225,0.983880859366283,0.001365032658301,9.5081450563643,0.0137196472600729,2.1515199710206625,0.0041769879228984,4.419268788778065
972,972,Day1,1060,Stationary,3.7130164095537346,0.0152920967567295,0.9822071387366338,0.0015967800719507,10.69873810087817,0.0162987391409439,2.3943138545736646,0.0049778237406798,4.468394183344524
973,973,Day1,1060,Stationary,2.546644024111466,0.0146175304177256,0.9718742907667086,0.0014459209010329,6.697928770299898,0.0092786955364751,1.41483662393446,0.002451076231031,4.734065161300325
974,974,Day1,1060,Stationary,2.418196272183027,0.0159953324341081,1.0102222620425585,0.0016187769705981,7.302037762938951,0.0090024217959755,1.577917288503594,0.0026667832276303,4.627642916482513
975,975,Day1,1060,Stationary,2.792910131253464,0.0140410449608713,0.9347594365133692,0.001182957522738,6.8168295480750345,0.0099561149482496,1.5165625358384105,0.0027049338053715,4.4949214997629126
976,976,Day1,1060,Stationary,3.393021812451797,0.014005260091225,0.9033251332291922,0.0010224430582895,8.357933120443715,0.0111478604827039,1.711285788200294,0.0030102922375824,4.884007789974983
977,977,Day1,1060,Stationary,2.6338363186240854,0.0149079117438274,1.0062792212262583,0.0015842083760531,8.272962711609322,0.0111762809102455,1.8168582015794963,0.0033143590869418,4.553444349381352
978,978,Day1,1060,Stationary,2.569852235299105,0.0146186497447961,0.9612876378385532,0.001333388871472,7.1087161560417425,0.0090302267724263,1.4902842644616177,0.002519581508493,4.77004040474778
979,979,Day1,1060,Stationary,3.2015720113575052,0.0134595836767546,0.8934628487113403,0.001064906820988,9.106720685957075,0.012099174861567,1.8828644941796384,0.0032358945454653,4.836630949337042
980,980,Day1,1060,Stationary,3.430431360245964,0.015095716419625,1.0166367003392864,0.0017150864488548,9.0106544087417,0.0129012948249184,2.0324935990223394,0.0037039605556192,4.433300263811883
981,981,Day1,1060,Stationary,4.323629730683688,0.022705467905616,1.0534718231354614,0.0017847762781655,11.049808217676068,0.01796127782837,2.6122514150136187,0.005582221997829,4.22999415529782
982,982,Day1,1060,Stationary,3.0790042433897544,0.0120813314596396,1.0303842523251094,0.0015990611081105,8.775625361333134,0.0117342234385994,1.9868760455807069,0.003424244181503,4.416795592685436
983,983,Day1,1060,Stationary,2.5030245235302564,0.0164225592698526,0.9922651805518364,0.0014378894115949,6.812524851631454,0.0085694523968441,1.4382288546038695,0.0025058480453668,4.736746053887108
984,984,Day1,1060,Stationary,2.79766254524511,0.0130829070756499,0.7111462723763564,0.0007742399727464,4.958951342561429,0.0102244501681084,0.9616724556860284,0.0024872557315343,5.156590805155027
985,985,Day1,1060,Stationary,2.489734639253503,0.0154643605968605,1.0055068343323794,0.0015686250884215,6.997204084603936,0.0090347060347823,1.512574346180549,0.0026823985433905,4.626023244591451
986,986,Day1,1060,Stationary,2.7381226192179673,0.0144036372128065,1.0066245745472393,0.0015085143111003,7.394068007112272,0.0092693640510888,1.6281317828234745,0.0027594250563972,4.541443195887758
987,987,Day1,1060,Stationary,3.4374539331162586,0.0144882533957697,1.019337505645568,0.001625704734733,9.501884516593982,0.0135874767633989,2.150870030645147,0.0042036180299729,4.417693482736341
988,988,Day1,1060,Stationary,2.060526067132378,0.0183688683552974,0.8708680398558638,0.0008607013958312,4.438895117402992,0.0104717784812721,0.8166801065408291,0.0026967316907144,5.435292327867024
989,989,Day1,1060,Stationary,4.165840598154291,0.0193454264943745,0.9367893377188604,0.0012553158721968,9.736833281808586,0.0146626320697492,2.080366925176898,0.0037666857214627,4.680344204655457
990,990,Day1,1060,Stationary,3.857237877827773,0.0180753375800684,0.9441446097858333,0.0012108288646714,10.267849949569118,0.0156036169440929,2.2111295545927874,0.0040127686773128,4.643712498999226
991,991,Day1,1060,Stationary,2.9676030073001076,0.0135188587394488,1.0460345238254094,0.0017883979001126,8.233813614375784,0.0108750007210235,1.9309775760508232,0.0033736132991214,4.264064853210429
992,992,Day1,1060,Stationary,5.42524906685599,0.0377712130666734,0.9106539425965924,0.0011734967522978,7.891954171349734,0.0103654082424446,1.6191121471138414,0.0028856027246852,4.8742480163697035
993,993,Day1,1060,Stationary,3.4398437636440957,0.0159349167338511,0.9843982319673334,0.001549311810558,9.713515782485818,0.01440901179111,2.147973421463508,0.0038709242510823,4.522176897266995
994,994,Day1,1060,Stationary,2.5614335835207354,0.0146758404562105,1.013027975206274,0.0016559708590521,6.598099150092231,0.0099407168992684,1.4500858387065507,0.0022612330722421,4.550143842503566
995,995,Day1,1060,Stationary,2.7395710668407753,0.0138728932561256,1.0820439790150504,0.0020965437980704,8.478764786501152,0.0113078513364173,1.9657708437403072,0.0034500432848521,4.313201008907251
996,996,Day1,1060,Stationary,5.017517527961523,0.0300512696800107,0.9143757084996604,0.0010939783994312,12.923846903741486,0.0217454916033534,2.776399002998355,0.0061057067402015,4.654895384195304
997,997,Day1,1060,Stationary,2.330130890820828,0.0168391871137962,1.009566059575593,0.0016002088333298,5.863032928887604,0.0097674238998323,1.2398618614025392,0.0022601670084144,4.728779157909822
998,998,Day1,1060,Stationary,3.0431903541709695,0.0121631306346516,1.1131046000752822,0.0020743390275044,8.518951271760598,0.0113686600997678,2.056286752260616,0.0038175233353148,4.142880978246412
999,999,Day1,1060,Stationary,3.316399884483592,0.0126586863459319,0.893028175672623,0.0010790306288031,9.136193231726992,0.012241001173899,1.873584542348004,0.0033845378393887,4.8763175748009635
1000,1000,Day1,1060,Stationary,1.776606376721524,0.0209201145612434,0.9703877414449432,0.001453361793924,4.601741400942675,0.0111068075248089,0.8765844818069277,0.0024243841214577,5.2496268145849205
1001,1001,Day1,1060,Stationary,2.2478209669467932,0.017415339409259,1.0240987899257252,0.0015405288345978,5.803686230207513,0.0092678584021271,1.218793375913353,0.0024485874279169,4.761829482260094
1002,1002,Day1,1060,Stationary,2.540854928744765,0.0149152848496832,0.9537983705081072,0.0013387993275602,7.015377132151128,0.0095955865545231,1.4920703915103777,0.002526012411957,4.701773570514776
1003,1003,Day1,1060,Stationary,2.912209689315938,0.0124816548165051,0.9861505428055212,0.0015643371829992,8.899384999656588,0.012566736853758,1.949612512214136,0.0034625888533388,4.56469423739476
1004,1004,Day1,1060,Stationary,2.4588439017647703,0.0146242242976287,0.9995647599057697,0.0015612169255814,6.7184102644892905,0.0101677538775852,1.4370306548522882,0.002329361582998,4.675203164110562
1005,1005,Day1,1060,Stationary,2.59934824344375,0.0145295943656822,1.0183609340738446,0.0016023331980192,7.210033394154732,0.0103321728198265,1.5824670142738777,0.0025763999211731,4.556198220323151
1006,1006,Day1,1060,Stationary,2.3431702401926016,0.0166677553176606,0.8894096703365983,0.0009201981403718,5.606099141595188,0.009798197559066,1.0827267267510092,0.0021774306493089,5.177760004519038
1007,1007,Day1,1060,Stationary,2.597721277042513,0.014837333369787,1.0118136806783378,0.0015295677835859,7.000002780333927,0.0095235467736648,1.5118187972477846,0.0024745180015404,4.630186364316409
1008,1008,Day1,1060,Stationary,3.122216056714543,0.013220736206983,0.9114341283943096,0.001118450393108,8.611893293355308,0.0118411924446267,1.8669238624106683,0.0033058162692535,4.612878686030178
1009,1009,Day1,1060,Stationary,2.9557796105764713,0.0139203085382563,0.9756940732870252,0.0014413258711514,7.203783707325654,0.0085422811710379,1.589149142523926,0.0025930318827672,4.53310738089971
1010,1010,Day1,1060,Stationary,2.6367004664199865,0.0145006199043665,0.8691220130349543,0.0009337746454685,6.007811657460033,0.008668649619225,1.1867680148488695,0.0023651224854509,5.062330280467751
1011,1011,Day1,1060,Stationary,3.0324243294396167,0.0126676182799021,1.0113287240620314,0.0017619622708466,8.158083580623579,0.0104223088118391,1.8075330533070648,0.0031079823832356,4.513380026825811
1012,1012,Day1,1060,Stationary,3.307090089666805,0.0139361951892533,0.9615416694503937,0.0012718132915636,9.635140535062922,0.0143078405818903,2.0900833736575932,0.0038473811407215,4.609931190544647
1013,1013,Day1,1060,Stationary,2.66115893591265,0.0148010234377727,0.9102702357207532,0.0010156553141051,6.216297044520004,0.0086342170567298,1.2357231590060165,0.0023843057720478,5.030493277734012
1014,1014,Day1,1060,Stationary,3.3268042653384735,0.013418625276532,0.9429894248509114,0.0013183978869021,8.219911938997289,0.0103353859450624,1.945732326570605,0.0032333590591065,4.224585173791638
1015,1015,Day1,1060,Stationary,3.24073045195734,0.0146069942015054,1.0130929628834828,0.0016006258792299,8.752125959932595,0.0111735902170792,2.018563756529618,0.0035408214464418,4.335818441018451
1016,1016,Day1,1060,Stationary,3.0784375280712664,0.0139085351609459,0.9706105129815464,0.001371956923504,8.809391628160512,0.0131836893379802,1.9857857374286372,0.0033860460240898,4.436224645045368
1017,1017,Day1,1060,Stationary,3.174951881021326,0.012462130305967,1.0716990063988463,0.0018254713316814,10.166075851051064,0.0157281307533024,2.428181888743198,0.0053167111910794,4.18670277468914
1018,1018,Day1,1060,Stationary,3.302290675632337,0.013648280707772,0.9580326033553084,0.0013903399369709,9.584682798719456,0.014314282956696,2.0733426289307006,0.0038688615273987,4.622816636757539
1019,1019,Day1,1060,Stationary,3.605024673793103,0.0168229143663299,1.0736738731379645,0.0018622266663485,9.93759854370227,0.0144097699137831,2.3950123802155487,0.0055454887680448,4.149289008187881
1020,1020,Day1,1060,Stationary,2.871128292986139,0.0131016150981888,1.0117020650853414,0.0015181654436533,8.951051214422838,0.012762418388634,2.000382655784372,0.0037311128432967,4.47466947813194
1021,1021,Day1,1060,Stationary,2.6155249129859297,0.0137410704190075,1.0652430148889953,0.0019221535945897,7.415767238087394,0.0095975094052397,1.6657465353058591,0.0025887730758705,4.4519181525571865
1022,1022,Day1,1060,Stationary,2.984599710239321,0.0130166318173186,1.0028506791231049,0.0015025941094005,9.175179615916605,0.013013695704236,2.0372792553794663,0.0037431944143866,4.503643568592477
1023,1023,Day1,1060,Stationary,3.562016285900014,0.0151073822973152,0.9181024255090934,0.0011095523947441,9.19214452487802,0.0132961043639546,2.012223739040927,0.0035275611453884,4.5681523115611435
1024,1024,Day1,1060,Stationary,3.0127393282010773,0.012670216160928,1.0189526420261803,0.0016751191304516,9.04057857490112,0.0118856542787158,2.0310899659618364,0.0037182257022223,4.451097059415531
1025,1025,Day1,1060,Stationary,3.3901067095759347,0.0134215659058651,0.934110479398283,0.0012301725608523,9.30064195132586,0.0126279132881169,1.9857653018093708,0.0035735490680805,4.683656191822562
1026,1026,Day1,1060,Stationary,3.0837226407481975,0.011749018176273,0.9388403567971711,0.001122221893649,8.301007495488541,0.0121680187084218,1.8325319533895037,0.0032059621678838,4.529802320846171
1027,1027,Day1,1060,Stationary,3.482716871227358,0.0145158158536529,0.9124560399048468,0.0011180083589868,8.608421827555647,0.0119361988364815,1.913409332708332,0.0032495043875411,4.498996466882949
1028,1028,Day1,1060,Stationary,3.210094508003527,0.0140673671259257,0.955124491795888,0.0012107688825795,7.898349902355068,0.0093216223300403,1.663348452928947,0.0029139285309619,4.748463792085818
1029,1029,Day1,1060,Stationary,2.63197140222487,0.0148562902244922,0.6970259521132164,0.0007909452986705,5.294957938019036,0.0093580453782617,0.9849316188055836,0.0024025856509175,5.375965028354128
5759,5759,Day2,7A1,Exponential,4.128785116659356,0.0179431009667359,1.0509860117552894,0.001854040915516,12.348691316313094,0.0220734220405639,3.0440383252999683,0.0075048254024653,4.0566806316724735
5760,5760,Day2,7A1,Exponential,3.551272261934517,0.0148027662578178,1.1134490153039505,0.0021602291163036,9.850968668031037,0.0141665417831226,2.5286618999468593,0.0050550261313149,3.8957239274408564
5761,5761,Day2,7A1,Exponential,3.2538281372607063,0.013188822260607,1.2743230795354763,0.002914001379931,11.119057350333948,0.0184594648952195,3.122822114965453,0.007519314568026,3.56057980281626
5762,5762,Day2,7A1,Exponential,6.037616390005712,0.0468304834348334,1.3538459326322505,0.0034442950920346,23.07944517352959,0.0614385805528475,7.185588175595483,0.0217162045508554,3.211907586342708
5763,5763,Day2,7A1,Exponential,7.156456305831482,0.0621950542034281,0.908610206606388,0.001086790669413,17.644507856994096,0.0402084790194734,4.175456864399313,0.0113550686307816,4.2257670070631805
5764,5764,Day2,7A1,Exponential,3.0415733080617113,0.0138756467154484,1.3372020449364452,0.0036109944700168,10.23350903947219,0.015697733880364,2.932828522469054,0.0061875086128092,3.489296752630095
5765,5765,Day2,7A1,Exponential,4.252921117585084,0.0240935911548279,1.3578931825334726,0.0036814592403145,16.525791025127617,0.0325989569100517,4.98763745116136,0.0137648303228646,3.3133504964920064
5767,5767,Day2,7A1,Exponential,3.5724755567803688,0.0150486367220965,1.3364593035906231,0.0034751961434844,11.949726335312624,0.0218929003193769,3.4376329444154834,0.0085911610344452,3.4761495856400955
5768,5768,Day2,7A1,Exponential,5.095970340752574,0.0313457597491883,1.3440280772865285,0.0035017974804762,15.880739203164254,0.0323955964330257,4.699109917780448,0.0115287009938537,3.3795206924347228
5769,5769,Day2,7A1,Exponential,5.599087658961901,0.0397536020875279,1.26205016416419,0.0029241313448498,20.202904188627784,0.048283820493729,5.919946405749505,0.0169535442624974,3.4126836298731598
5770,5770,Day2,7A1,Exponential,3.692305277363608,0.0167133587239614,1.2435671629439626,0.0029951350183026,13.066470754357765,0.0241863654266615,3.9229010759364,0.0098275265820408,3.3308183156871443
5771,5771,Day2,7A1,Exponential,3.78481261409412,0.0167897416205714,1.295649314326807,0.0032163162105834,13.092734662922254,0.0239897435306337,3.7957103537221575,0.0099500293732597,3.449350304109277
5772,5772,Day2,7A1,Exponential,4.311672803434285,0.0217122840154129,1.3669166250690197,0.003591981569577,16.810731842356265,0.0383648572058551,5.208038777634027,0.0141685879413816,3.2278430634099955
5773,5773,Day2,7A1,Exponential,5.464701495262103,0.0377007939365042,1.3080474426522168,0.0032415379464058,21.583530949660936,0.052762976769849,6.47203232901852,0.0183838325733418,3.334892326307966
5774,5774,Day2,7A1,Exponential,3.3908400976213477,0.0146682165425876,1.2217343203231867,0.0027627671214253,11.133401569906074,0.0176767621804526,3.043304463014677,0.006846508303582,3.6583265674566787
5776,5776,Day2,7A1,Exponential,4.674991230515019,0.027623869532376,1.3372069968728064,0.0034814189285097,17.212801553755444,0.0408597440557376,5.1229517531810105,0.0144968542255919,3.359938251041979
5777,5777,Day2,7A1,Exponential,5.466642130812969,0.03697054405913,1.2815502387633677,0.0030123556740074,19.37030037135478,0.0446253357771567,5.645910144350058,0.0157123591715136,3.43085523433966
5778,5778,Day2,7A1,Exponential,4.6750938787291085,0.0280469729799459,1.29583920734911,0.0034044491508822,16.842808852376933,0.0352703847926609,4.868202757855164,0.0121930865199608,3.4597591123746767
5779,5779,Day2,7A1,Exponential,5.3115037417619915,0.0352466994871494,1.327074771137165,0.0032915150406464,21.302021460442926,0.0545039439949693,6.453050845030612,0.0195636286552563,3.3010775789636404
5780,5780,Day2,7A1,Exponential,6.405778396604602,0.052291982641334,1.260670649645009,0.0032948378497151,22.005429608867896,0.0541708487993449,6.495125956336927,0.0200891550558712,3.387991203988653
5781,5781,Day2,7A1,Exponential,5.171941369231659,0.0349384994573485,1.2984815815553474,0.0031283455589468,18.97976684904164,0.0397536602517535,5.569372829808217,0.0153242121833195,3.407882256949785
5782,5782,Day2,7A1,Exponential,3.938794776562323,0.0201958642403923,1.3289777137680925,0.00331125507276,15.104001320071644,0.0314130451128294,4.410265905263237,0.0118353067122054,3.4247371121198027
5783,5783,Day2,7A1,Exponential,5.0637103697937835,0.0351413302043988,1.3915002507424077,0.0035328006688277,21.803847873931087,0.0504938742208249,6.869049213924566,0.0200716640631514,3.1742162845087067
5784,5784,Day2,7A1,Exponential,3.1817568913237273,0.0131637998193274,1.171635767162515,0.0022972696951222,10.428254140140766,0.0151617649798178,2.664877948401695,0.0054624440409555,3.9132201707006073
5785,5785,Day2,7A1,Exponential,6.094095688830014,0.0504567647439453,1.305837168290179,0.0032386807957097,21.079786749014115,0.052759228775293,6.492045274778508,0.0191361589494402,3.2470178282503284
5786,5786,Day2,7A1,Exponential,3.426647871721537,0.0141034298791973,1.2611756075247418,0.0030016893691127,11.464254991204951,0.0189851537033769,3.1362342189330215,0.0074875899458683,3.6554205428908326
5787,5787,Day2,7A1,Exponential,3.0484231826650543,0.0128677125710912,1.0333051657869323,0.0016806283110571,8.154114813159874,0.0101547100054158,2.1743570057356685,0.0042355077277666,3.7501269532327894
5788,5788,Day2,7A1,Exponential,3.4777508395777197,0.0138992037430968,1.128918171452718,0.0020859992653965,10.795009258202764,0.0169643030026541,2.9311958494386805,0.0064435299636047,3.682800403893173
5789,5789,Day2,7A1,Exponential,3.5939709950378047,0.0160606198181008,1.319304214430671,0.0032429261911451,13.06683958698924,0.024345385113698,3.697921307745846,0.0093042605413934,3.5335634535052978
5790,5790,Day2,7A1,Exponential,6.611641534288081,0.0547170050715281,1.19428187925051,0.0026541243251796,23.325979115525893,0.0525547980246114,6.72305747503897,0.0194600028058696,3.4695492641747325
5791,5791,Day2,7A1,Exponential,2.6161736797883792,0.016073859082911,1.2357168985358462,0.0027478058867774,9.017039493164038,0.0124034462778864,2.2848943073376087,0.0049494013269312,3.9463705013431545
5792,5792,Day2,7A1,Exponential,4.455615651693793,0.0236275665328152,1.2591620111408208,0.0032281104370599,14.255708747400844,0.0284619991764808,4.006694321600535,0.0109201077869597,3.5579726335864286
5793,5793,Day2,7A1,Exponential,4.4385305208002395,0.0242837381620056,1.2122056858099677,0.0026385163623565,16.562816913265706,0.0363137626604707,4.5516207880835085,0.0124701345627854,3.6388833086948784
5794,5794,Day2,7A1,Exponential,4.178278617870576,0.0211565627122618,1.348892798065039,0.0035727635223823,17.150670805558605,0.0378163452822504,5.118294776839383,0.0146464797631825,3.3508563991207594
5795,5795,Day2,7A1,Exponential,4.995033036807465,0.0324697773836097,1.1023222911286492,0.0021376420117968,16.104904125127007,0.0329330866592886,4.164367194965751,0.0117250389710051,3.867311255500239
5796,5796,Day2,7A1,Exponential,7.110758472527256,0.060498676709115,1.1628056333065406,0.0022889874213868,14.386992653154634,0.0278441876692024,3.794734960728311,0.0099924252532556,3.7913036884118476
5797,5797,Day2,7A1,Exponential,5.707349514450972,0.0411897874026852,1.2479834544932402,0.0030219400116535,18.93670991491193,0.0429824553753915,5.672356130535562,0.0169940475732711,3.3384204868540226
5798,5798,Day2,7A1,Exponential,4.975368556836143,0.0322379613759216,1.093929618868451,0.0019577544595036,13.698904020882765,0.0267517632623601,3.4841452488282583,0.0070983359605249,3.931783276110489
5799,5799,Day2,7A1,Exponential,5.327481844483128,0.0373487343139786,1.2584499329898988,0.0029308593991504,17.341173403973198,0.0390767406094616,5.329409345010743,0.0155455016759045,3.2538640365855107
5800,5800,Day2,7A1,Exponential,4.222506685629082,0.0223126802199584,1.1871701077510102,0.00250181986067,13.151210937205608,0.0246887412278132,3.5107722985770353,0.008751253939869,3.745959526493922
5801,5801,Day2,7A1,Exponential,4.369056254433199,0.0240358271356246,1.2233573341620714,0.0026749502061066,14.223940497651997,0.0284640273334068,3.896518890519215,0.0091969991340479,3.650422568785915
5802,5802,Day2,7A1,Exponential,3.475638073314524,0.0136321585125886,1.174566651576728,0.002420976805497,10.15381331759152,0.0150567720013391,2.698110280684813,0.005653517540847,3.763305521749971
5803,5803,Day2,7A1,Exponential,5.621332302816556,0.0389494661940154,1.2448398667109415,0.0028806386671011,17.764097440682647,0.0394011467122164,5.1648367505494495,0.0140857629825369,3.4394305761538067
5804,5804,Day2,7A1,Exponential,3.0303163200697214,0.0137429606127644,1.2183457523596044,0.0026634235349585,11.20950061510644,0.0174975928480259,2.970786934837546,0.0064711010608452,3.773242868297258
5806,5806,Day2,7A1,Exponential,3.164802007600084,0.0134912609912754,1.346372252354959,0.0031592600448325,11.406472419539094,0.0198252245938534,3.202164113683412,0.0072397589114966,3.562113625219028
5807,5807,Day2,7A1,Exponential,4.604740472826765,0.0267549887265143,1.3086747826767346,0.0032535612804534,17.771349165676977,0.0392958562843815,5.209515224384529,0.0150049814905807,3.411324931443414
5808,5808,Day2,7A1,Exponential,4.307300419714109,0.0231813687079248,1.1992536111063987,0.0026706293687069,13.465523798665483,0.0271192991332772,3.7763309254710657,0.0092939704344257,3.5657690134732487
5809,5809,Day2,7A1,Exponential,5.863128367985662,0.040540936656459,1.2499028060855344,0.0029972964357742,22.047343411681613,0.0534122261460572,6.433918683250141,0.0194701069257725,3.426736410125755
5810,5810,Day2,7A1,Exponential,3.074683830894649,0.0125226904584863,1.1472206475521562,0.0022938753665203,10.082696810078176,0.0140646182386058,2.517063160031878,0.0053111040191041,4.005738501194576
5811,5811,Day2,7A1,Exponential,4.423489622725399,0.0232350704834238,1.3867545069104712,0.0036154400928727,16.62678657557606,0.0347685907048449,5.060114216106891,0.0143563277625068,3.285852031294313
5812,5812,Day2,7A1,Exponential,4.2026328135441835,0.0222631941740029,0.8875701323717726,0.000972567195182,10.89817446679986,0.01801018767826,2.265742274395964,0.0042891760008414,4.809979753635157
5813,5813,Day2,7A1,Exponential,4.885746829690901,0.0265399296411628,1.3302058863110586,0.003389904620794,17.450285048228295,0.0379303796617501,5.206872234495388,0.0147121836906331,3.351394899344875
5814,5814,Day2,7A1,Exponential,5.498467668737015,0.0385624456690682,1.3846999908909992,0.0036438635537784,20.85944856448852,0.0476027202918412,6.5223120536064085,0.0197503178698363,3.1981678265385387
5815,5815,Day2,7A1,Exponential,4.118182884952707,0.0221786067853834,1.253648646237953,0.0028891112838579,12.814132272012316,0.0231909228146046,3.674187501776448,0.0085911406785412,3.487609781976766
5816,5816,Day2,7A1,Exponential,3.4336076826531716,0.0140009145857483,1.342231854114925,0.0032122261048685,14.201955313313748,0.0248253727443323,4.153306712994585,0.0098281566917702,3.419433308134849
5817,5817,Day2,7A1,Exponential,4.596474519764077,0.0275959500563611,1.3772793793088105,0.003709471271488,18.39335195708634,0.0377779493442271,5.616352061999854,0.0158749959963278,3.2749642034614355
5818,5818,Day2,7A1,Exponential,5.6199903430042335,0.0392132580273361,1.2495064027178056,0.0027996763335294,21.377363440820375,0.0547809390249978,6.164346612045536,0.0192102728268075,3.467904189399021
5819,5819,Day2,7A1,Exponential,6.020276289854785,0.046354527232223,1.3949207568322173,0.0037434526693767,22.665180642250853,0.0560161196248976,7.199295413862653,0.0232541569593333,3.148249841034132
5820,5820,Day2,7A1,Exponential,4.455386155694657,0.0246244902119209,1.3863811387853897,0.0035842086581337,16.598278275782246,0.0354816714689037,5.091244909251876,0.0145437688063104,3.2601610355886907
5821,5821,Day2,7A1,Exponential,3.979343753508132,0.0200017637000201,1.2713147650975138,0.0029078389308252,12.805716243729789,0.0230218802544395,3.6995740075555874,0.0091066124004535,3.4614029122209358
5822,5822,Day2,7A1,Exponential,4.079494084125308,0.0198889954080547,0.9497540940524124,0.0013191736173841,11.558439977807058,0.0194709221227219,2.6159154124069866,0.0058673477542955,4.418506777010719
5823,5823,Day2,7A1,Exponential,4.482942337268915,0.0245812630807692,1.2084717862205108,0.0025693711692893,15.176667241250328,0.030346599417542,4.26763139613095,0.010798411885705,3.55622729156261
5824,5824,Day2,7A1,Exponential,2.9616197957659205,0.0134230867608866,1.322825544962638,0.0032190263927876,11.81650238596138,0.0201166342814644,3.2973240022076387,0.0076860873022037,3.5836643223565363
5825,5825,Day2,7A1,Exponential,4.334543033023366,0.0242435111341033,1.313327150101656,0.0030395700883019,14.822311127047408,0.0295887545412955,4.486606022998523,0.01165567215435,3.3036801205783712
5826,5826,Day2,7A1,Exponential,3.240272298724327,0.0135972359290459,1.1508923660176025,0.0023069036695414,9.535035778714086,0.0145971764317636,2.4804265546419475,0.0051961500132201,3.844111312576429
5827,5827,Day2,7A1,Exponential,4.819945790149489,0.0280599674645741,1.2603767573634514,0.0030123372674717,18.26521308997721,0.0427151292738538,5.239571308031918,0.0155858011229072,3.486012884675859
5828,5828,Day2,7A1,Exponential,4.842901521290393,0.0290878811275755,1.2291983270561695,0.0028437347420926,18.444507855049658,0.0420492874212494,5.182931384249113,0.0141834658389976,3.5587019174327423
5829,5829,Day2,7A1,Exponential,4.789700082981835,0.0270091317021626,1.3030170094721194,0.0031695560500756,18.55740567471032,0.0418530711890223,5.527172940088435,0.0151541152627486,3.357485983496909
5830,5830,Day2,7A1,Exponential,3.975447670891765,0.0201746093717551,1.3764265658405688,0.0034177669726307,16.711193215347873,0.0365689105891538,5.084675972993127,0.0138870258347044,3.286579775015776
5831,5831,Day2,7A1,Exponential,3.373074195013367,0.0142639004364435,1.292224859785181,0.0031762828708842,10.678969763079024,0.0176401025306358,3.057010568282982,0.0068948551919373,3.493272111609688
5832,5832,Day2,7A1,Exponential,4.6462552505637635,0.0254246005306179,1.3181426195203536,0.0033629948551262,16.614815858401148,0.0348884197846173,4.921466894331377,0.0135664423550388,3.375988544703685
5833,5833,Day2,7A1,Exponential,3.956130964746557,0.0195814960381742,1.296256697951987,0.0030903003498162,14.796975456192396,0.0306098631951984,4.58900552784153,0.01236609029034,3.2244405386785955
5834,5834,Day2,7A1,Exponential,5.380330302736287,0.0334501127945577,1.2139834117351889,0.002657405610365,20.692443647452905,0.0535679508751429,5.8262923834610065,0.0180111463854415,3.5515628611760337
5835,5835,Day2,7A1,Exponential,3.7455470756390694,0.0165784792331441,1.2910667787764722,0.0031340414355336,15.327824722176334,0.0324010691703031,4.382465937085348,0.0108970855395833,3.4975342517711456
5838,5838,Day2,7A1,Exponential,4.071040974098243,0.0198850297408612,1.2348093933597637,0.0028704289681328,14.206883443040052,0.0295434718970188,3.889204160420827,0.0088861804248949,3.652902459484876
5839,5839,Day2,7A1,Exponential,3.4820312549090335,0.0136255861667978,1.2897384900198672,0.0031127370739877,11.430607358823131,0.0170575609662035,3.200910085117904,0.0074022235899006,3.5710491875319548
5840,5840,Day2,7A1,Exponential,4.660310846039585,0.0272666311729408,1.2196183795400295,0.0027287805354603,14.381866835947982,0.0300653448231329,4.151718500405199,0.0108476019002853,3.464075619419848
5842,5842,Day2,7A1,Exponential,5.755300464775923,0.0421485856749165,1.207605609614225,0.0025828589118889,21.78903244784752,0.0498553360535029,6.209771887149421,0.0185086199385831,3.5088297676341402
5843,5843,Day2,7A1,Exponential,3.733934801264853,0.0159836144504342,1.1924168912121669,0.0025855116192346,11.814400733199369,0.0194545358766575,3.1917287120863995,0.0074483514500985,3.7015679585989685
5844,5844,Day2,7A1,Exponential,3.4328180750384027,0.0144804750212049,1.4138408538625638,0.0039869994757594,14.661280649477224,0.0293341852081086,4.45002957168031,0.0115435558549179,3.2946479148769328
5845,5845,Day2,7A1,Exponential,4.674016988930944,0.0257242570952465,1.2740323658125003,0.0029428233991279,16.75674153236113,0.034128116065961,4.790372088409961,0.0127221952780345,3.498004168173728
5846,5846,Day2,7A1,Exponential,3.699492300282289,0.01684479456548,1.3828965140350025,0.0036561454624397,15.650385919613385,0.0326156407977759,4.726055341225331,0.0125231562363726,3.311511353473844
5847,5847,Day2,7A1,Exponential,3.317451675021504,0.0141924491937393,1.1666518552874987,0.0024348821047745,10.762654386672043,0.0163529762281585,2.8185421567100306,0.0063996017260215,3.8185181516798212
5848,5848,Day2,7A1,Exponential,4.101586820998555,0.01934857899294,1.0462402648130016,0.0018308302998234,11.596978779783164,0.0193418831131003,2.775514980454885,0.0061178205409331,4.178316046372955
5849,5849,Day2,7A1,Exponential,3.5146013018717066,0.0156379691220101,1.3897156153631172,0.0037533315660341,14.437531450937984,0.027621854321883,4.2916670595226005,0.0109605552566578,3.3640846903310333
5850,5850,Day2,7A1,Exponential,4.031935680488505,0.0205816182389418,1.1343687008654255,0.0023573236430499,11.665357047353057,0.0195326560551924,2.9507665388621342,0.0066324515182761,3.9533310730341333
5851,5851,Day2,7A1,Exponential,3.159769614402615,0.0130893986780883,1.318395994652219,0.0030961741171731,12.106014763544504,0.0208392577842903,3.4815291749631605,0.0081869987750532,3.477211924749303
5852,5852,Day2,7A1,Exponential,3.6744332689082535,0.0162787446378456,1.340290769742127,0.0031979510532873,14.09593263715158,0.0284083513807994,4.137708782700616,0.0113651395531137,3.40670003072362
5853,5853,Day2,7A1,Exponential,4.585509564832264,0.0260890864766446,1.223337809069571,0.0026567322814425,15.68768840574195,0.0338589294190398,4.426946855498534,0.0125477955094164,3.5436812136691676
5854,5854,Day2,7A1,Exponential,3.3685383844647543,0.0146036549451175,1.326398584858366,0.0031466029974796,13.575433989813144,0.0242419246243557,3.877484730430128,0.0089104946217368,3.5010928304306246
5855,5855,Day2,7A1,Exponential,3.709386608410207,0.0180148177549117,1.2282811907231796,0.0029985170790423,12.934412191139934,0.0236184450559439,3.4959515110874255,0.0084633063116427,3.6998259701595946
5856,5856,Day2,7A1,Exponential,3.969060114413832,0.0176717328024468,1.3256703378694903,0.0032227873121945,14.514026450297145,0.0289874061027306,4.193458069982887,0.0103777521030536,3.461111619116863
5857,5857,Day2,7A1,Exponential,4.523444527642094,0.0262662330395363,1.340719143063929,0.0031781749437328,18.40455560761161,0.0399694090689103,5.51015074523021,0.0157376319932562,3.340118348584795
5858,5858,Day2,7A1,Exponential,5.150200021612381,0.0348062007763036,1.1860480975355396,0.0025209090164863,17.31871566831784,0.0379236162146555,4.842658959207637,0.0130289679053698,3.576282330472339
5859,5859,Day2,7A1,Exponential,3.551792004525916,0.0154898368040132,1.2749145755312634,0.0030510353227281,13.076504096936205,0.0244460349182496,3.7459130649953383,0.0099709563588752,3.4908722840188173
5860,5860,Day2,7A1,Exponential,5.581386414303345,0.0415178327711797,1.3542127530311705,0.0032161737117862,23.260686224168776,0.0581261873237456,7.222806841690719,0.0217582100973533,3.2204497135249293
5861,5861,Day2,7A1,Exponential,3.302402443361596,0.0141716372157528,1.1492734319144151,0.0022084843354077,10.383457265164497,0.0158392862653773,2.8361365605822333,0.0068353350688848,3.6611273975583414
5862,5862,Day2,7A1,Exponential,4.641553684485081,0.0255895227925877,1.2501375531699157,0.0026484064647836,15.728213545683865,0.0296624057873645,4.530258661400236,0.0121935080860088,3.4718135809098607
5863,5863,Day2,7A1,Exponential,3.1585253554014625,0.0137231978111087,1.229705428992608,0.0028806568057332,11.855472032381652,0.0195833850457726,3.1544830904321044,0.0078136403495618,3.758293099855443
5864,5864,Day2,7A1,Exponential,3.083921716161792,0.0128027673531835,1.1683932874868117,0.0024934866204424,10.58003881320371,0.0168679558059607,2.72517442266139,0.0059886192108,3.8823345490199137
5865,5865,Day2,7A1,Exponential,5.899028407994737,0.0434790414416948,1.1975916382750431,0.002679597636905,21.60636416484705,0.0515438420867373,6.068307376474144,0.0177328543413683,3.560525666285703
5866,5866,Day2,7A1,Exponential,7.639218200737394,0.0761655420470128,1.2254331017932945,0.0028672580407268,26.815274507034353,0.0670257489362831,7.719112478704301,0.0231001044250983,3.473880524608634
5867,5867,Day2,7A1,Exponential,5.499913514314425,0.0383894726665722,1.3158421055603169,0.0032748277444099,19.68812309284987,0.046586981208789,5.927476733695841,0.0162486727587874,3.321501538914372
5868,5868,Day2,7A1,Exponential,4.666056779881595,0.025891025708322,1.3402852199128763,0.0035355132077178,15.949115657686194,0.0368675092700346,4.838605488124315,0.0132137319524112,3.2962215449949546
5869,5869,Day2,7A1,Exponential,4.249709091251234,0.0236209194701947,1.2451494116761692,0.0028187887694713,15.728200549774057,0.0335297062629893,4.407064325799058,0.0111836858708282,3.568861125466402
5870,5870,Day2,7A1,Exponential,4.7443371532529985,0.0273643477983941,1.3243509270328044,0.0032859990817408,18.659750115233855,0.0425272337285986,5.581583417748485,0.0165567918052678,3.3430925812017835
5872,5872,Day2,7A1,Exponential,4.383994394307852,0.0230134600294471,1.369629758995064,0.0034624431644132,18.720103991269884,0.0432304406479538,5.742527963935378,0.0166498989789222,3.259906457371593
5873,5873,Day2,7A1,Exponential,7.603825989946652,0.0718406609678321,1.3129952859168394,0.0031579442148971,18.932081070490963,0.0383912749427654,5.6733751171931095,0.0150854976669737,3.3370049889910276
5874,5874,Day2,7A1,Exponential,4.506322509982509,0.024131406923996,1.290590274569061,0.0031940072770251,17.154219849892407,0.0374654941050532,4.986897802505515,0.013783302888735,3.439857909515168
5875,5875,Day2,7A1,Exponential,3.586639369850684,0.0158654873174061,1.265743547217948,0.0029864239123218,13.252618676516134,0.0258502596922799,3.653123037244212,0.0091874265211091,3.6277504320011746
5876,5876,Day2,7A1,Exponential,2.903350327876583,0.0137279948278302,1.1475363321514989,0.0024211411455926,8.297318958331813,0.010281077798037,2.3150559940669364,0.0045131530306516,3.5840683679342176
5877,5877,Day2,7A1,Exponential,4.326327132233799,0.0221919572578793,1.298708193268605,0.0032361148623531,17.795596519590728,0.0384617462730467,5.193812326848085,0.0156926082255516,3.4263071901156192
5879,5879,Day2,7A1,Exponential,6.4330200556602595,0.0505533901154572,1.155841431106945,0.0023426343270096,20.968816989233,0.0496728534564816,5.6735342956336625,0.0171912109508717,3.695900279543661
5880,5880,Day2,7A1,Exponential,4.9890452301514605,0.0287484231331997,1.3151991543833932,0.003268353578749,17.25047381637615,0.0372636324165612,5.123852246428187,0.0154247553367072,3.366700089449569
5881,5881,Day2,7A1,Exponential,2.741932498965235,0.0143609843070814,1.2652710100984377,0.0031019932240292,9.0825697441545,0.0122354282588378,2.3683832795998523,0.0046561589958602,3.834923942584595
5882,5882,Day2,7A1,Exponential,5.4668958936786645,0.039126136295822,1.205188175844811,0.0026787486630668,16.739013026130294,0.0364509515921549,4.688579924910874,0.0125937846912256,3.570166936302891
5883,5883,Day2,7A1,Exponential,3.3839064859570755,0.013774528769349,1.3375362606218175,0.0034441949553242,13.497244545115114,0.0253870104855377,3.9015011274304303,0.0093351125091509,3.459500357495614
5884,5884,Day2,7A1,Exponential,5.031757882079654,0.0304092789128329,1.3330184791959414,0.0033454331519545,17.211164502277022,0.0378665984704079,5.149547919995481,0.0145341855042537,3.342267082406746
5885,5885,Day2,7A1,Exponential,3.792441626670585,0.0168920458408381,1.3670355077932428,0.0037686881638049,13.74082432397009,0.0242122889580081,4.099169214727858,0.0109422328950487,3.3520998046630623
5886,5886,Day2,7A1,Exponential,3.661185613828001,0.0164142203549181,1.1920777238325615,0.0023720494980938,12.710710425212872,0.0239979898267755,3.360143497436722,0.0074859715689444,3.7827879776292916
5887,5887,Day2,7A1,Exponential,3.228868926371858,0.0144388592874678,1.2400450719335308,0.0029116890200802,10.608984518651535,0.016357770864529,2.8057613454471992,0.006187287240946,3.781142874416716
5888,5888,Day2,7A1,Exponential,3.9568873466772,0.0183529292532559,1.229127975709574,0.0028953931388013,14.586495419680787,0.0280268380437501,4.045957531175632,0.0102166506078747,3.6052023055818867
5889,5889,Day2,7A1,Exponential,4.839820564084707,0.0269182007067287,1.2592694968215856,0.0031202249439849,19.34395562411672,0.045115376203766,5.572871028175399,0.0166680322340562,3.471093360373366
5890,5890,Day2,7A1,Exponential,3.643812474267811,0.0156377821910498,1.3623439112323164,0.0035539257238255,14.588587386029788,0.0288948586551918,4.3355090438399255,0.0121901781745003,3.364907612580781
5891,5891,Day2,7A1,Exponential,3.667680103384528,0.0155021306019536,1.3042830360647504,0.003029683709083,14.72841565385811,0.0304465897628131,4.246490426631484,0.0106789148379462,3.468373686065598
5892,5892,Day2,7A1,Exponential,4.119443351815783,0.020384966027883,1.1879994969486598,0.0025858484997899,13.90852865961853,0.0271550535325783,3.8797078797849665,0.0096083654572948,3.584942240648647
5893,5893,Day2,7A1,Exponential,3.3676251597285134,0.0131996980437453,1.2369444218852583,0.0029000083093836,10.961014210037572,0.0176407371212519,3.030452068648152,0.0067491983522541,3.616956797778078
5894,5894,Day2,7A1,Exponential,5.187917059345725,0.0307993679712156,1.26061589041989,0.0029713413214275,17.806526460495267,0.0410222657086873,5.074770016333942,0.0152606892695772,3.508834174392568
5895,5895,Day2,7A1,Exponential,4.433485151638493,0.0262799919868903,1.3852483092479302,0.0035236145805155,15.49760370239058,0.0307619671131346,4.679878409307313,0.0124305599218807,3.3115398194040773
5896,5896,Day2,7A1,Exponential,3.595500657186584,0.0154975171187506,1.2768921142473035,0.0029412450986271,12.835800583297123,0.0239902517804428,3.635067180070001,0.0088748518680366,3.5311040889896135
5897,5897,Day2,7A1,Exponential,4.080356198033511,0.0206449877098455,1.2931374522538988,0.0031329890573638,13.139367250591537,0.0230926142420447,3.763314745120787,0.009619922555119,3.4914345837341907
5898,5898,Day2,7A1,Exponential,4.102123188137597,0.0194092146752327,1.2204477083418532,0.0026891911992421,14.511032260866132,0.0280494012167455,4.1177295177265885,0.0105487920118889,3.5240372633503423
5899,5899,Day2,7A1,Exponential,3.272497146915266,0.0139420457431745,1.2010661572008263,0.0027610244225867,10.569077365615604,0.0165273461656489,2.9633888256960397,0.0061725026252741,3.5665509952556236
5900,5900,Day2,7A1,Exponential,5.434691570966781,0.0382461884145076,1.3000348873996492,0.0030146628249311,19.59922810842319,0.0444560169597438,5.881862061433925,0.0175975906880023,3.332146844607427
5901,5901,Day2,7A1,Exponential,4.049661425434158,0.018965359944162,1.1606467501106048,0.0023890092268589,13.321514275118016,0.0259538163819881,3.706995757674216,0.0093329739064474,3.5936146534669864
5902,5902,Day2,7A1,Exponential,4.300671100596401,0.0221950117996447,1.2705194063885146,0.0032080659552813,15.173069875073,0.0302876229388961,4.521990917988975,0.0121424835789692,3.3553959196850367
5903,5903,Day2,7A1,Exponential,3.0252945075520827,0.0124639289545598,1.1289026987145887,0.0022916907456609,9.468509328429873,0.0128465187936274,2.360381212132005,0.0046131917800223,4.011432254994725
5904,5904,Day2,7A1,Exponential,4.075336909870953,0.0199455151418511,1.2239768246585792,0.0029667515141938,14.959159668372628,0.0288592784359146,4.126396081714752,0.0105637476001834,3.6252360103434973
5905,5905,Day2,7A1,Exponential,4.67310616957917,0.0249402889945903,1.214540591853961,0.0025454265959688,16.299538659257138,0.0326597693412884,4.5689758007513825,0.0118158553299199,3.5674381677785703
5906,5906,Day2,7A1,Exponential,5.454395128100227,0.0393022941135995,1.2614830345749246,0.00281669830453,19.117330110828455,0.0413330354277254,5.637227256094165,0.0176565411706045,3.391264755232553
5907,5907,Day2,7A1,Exponential,3.3633066407561563,0.0136947024972597,1.170142388544997,0.0024915452065013,11.662274632427808,0.020425290154876,3.0824020083460786,0.0075666406796838,3.783502152169121
5908,5908,Day2,7A1,Exponential,3.547435161210898,0.0149392917842443,1.0856648412475671,0.001872543432826,11.176407537955829,0.0165828107736139,2.9337219428743473,0.0067064092531528,3.809634231049728
5909,5909,Day2,7A1,Exponential,3.273404240861982,0.01234927061177,1.259713273572038,0.0030316526324761,11.88172116693953,0.0198406896194046,3.2205764695878227,0.0079488123397039,3.689315027647886
5910,5910,Day2,7A1,Exponential,5.860415759754493,0.0398395508264443,1.2156775358061502,0.0030216845267174,20.89827837071367,0.0533000499772857,5.903578646805681,0.0168345184644003,3.539933931772273
5912,5912,Day2,7A1,Exponential,7.345174281698557,0.0652273985939724,1.2534823165054232,0.0027787006171287,24.48936771335994,0.0629470357340893,7.353176788317713,0.0224874536505906,3.3304472907909926
5913,5913,Day2,7A1,Exponential,3.358319497771089,0.0133002026031182,1.2858719189481316,0.0032770520622074,12.993147338964455,0.0235196420884628,3.6437085657468233,0.00812905820697,3.5659128891669054
5914,5914,Day2,7A1,Exponential,5.135701751582304,0.0301762971018375,1.2152636489110538,0.0026426363099264,16.7529510720389,0.0376534102920878,4.629659240319003,0.0134123876629871,3.6186142872330604
5915,5915,Day2,7A1,Exponential,5.0421149303521995,0.0324015060155732,1.2334436531426496,0.0027034128501475,18.01856960410897,0.0380459881535504,5.0631888863950945,0.0153298279360162,3.5587393653286927
5916,5916,Day2,7A1,Exponential,5.34825216481665,0.0353479568241473,1.2225179887334834,0.0029115162352566,18.314405348843067,0.0422833498419079,5.124192134941165,0.0149473096999018,3.5741059012911798
5917,5917,Day2,7A1,Exponential,3.407118581768495,0.0143707328695956,1.2019182907930592,0.0026201012065121,11.98414977263104,0.0209080162695586,3.30354410466475,0.0082948181977386,3.6276645302567303
5918,5918,Day2,7A1,Exponential,4.163451163694177,0.0211336433450466,1.228175913337114,0.0028870069730499,13.711242325818151,0.0272069503631938,4.051867954948193,0.0100723408136941,3.383931183905884
5919,5919,Day2,7A1,Exponential,3.2647183427373845,0.0143921147666205,1.2699101344426376,0.0032622125050115,12.8279927896713,0.0239813486220915,3.527828529950543,0.0085417692069433,3.6362291082926124
5920,5920,Day2,7A1,Exponential,4.149635659514724,0.0201805536956466,1.2859552627548456,0.002930753708647,15.898694904731402,0.0293291460503865,4.655171983856952,0.0120748135868935,3.4152755171805382
5921,5921,Day2,7A1,Exponential,4.930067666348207,0.0297908457196402,1.194660570998174,0.0023901291385481,18.01191816788306,0.0393817913755216,5.095583567498714,0.0149279637040688,3.5348096894669574
5922,5922,Day2,7A1,Exponential,5.067671812191624,0.0368626572311362,1.3205333135110575,0.0032243164814017,19.91531966073848,0.0453653451063652,6.009118738508924,0.0164428064894369,3.3141830819738765
5923,5923,Day2,7A1,Exponential,4.325538843444633,0.022183126457768,1.12390569703173,0.0021796612907206,14.229067026619465,0.0260160401119685,3.731758987176009,0.0098825355233452,3.812965166163435
5924,5924,Day2,7A1,Exponential,4.329707955202866,0.024344417041034,1.279271944807302,0.0030043227182298,15.269054207955858,0.0322443019883808,4.686069987919836,0.0127832782016393,3.2583922662951617
5925,5925,Day2,7A1,Exponential,6.343585027312262,0.048163825261894,1.2287086488907688,0.002972782213968,25.105061141939448,0.0621650889968882,7.222895967875509,0.0194773303156169,3.4757611425661543
5926,5926,Day2,7A1,Exponential,5.363118441027576,0.0323404022901062,1.16076300138235,0.0021783283571924,15.569477488249504,0.0307427726984056,4.181164275160615,0.0108718566242654,3.723718195131527
5927,5927,Day2,7A1,Exponential,4.207382231972498,0.0216155857709788,1.3359235490587311,0.0030552604128818,17.958777952521555,0.0356808641476983,5.352567380232091,0.0145987553426453,3.355170832383403
5929,5929,Day2,7A1,Exponential,3.892071735532145,0.0180834876434334,1.2552218976842933,0.0029998507673252,15.03639126171444,0.0301852924664058,4.18808254515322,0.0101950686264348,3.590280539984996
5930,5930,Day2,7A1,Exponential,4.522881528476561,0.0237066510961073,1.301350181730342,0.0032277120750308,17.922536901774183,0.0394779877080925,5.257219437837215,0.0155738400967263,3.4091285543042495
5932,5932,Day2,7A1,Exponential,5.459479437927258,0.0373196653778538,1.1615232700727802,0.0022690472620005,19.332301055886138,0.0464001135526174,5.20872048275404,0.0142115934432009,3.711525915029414
5933,5933,Day2,7A1,Exponential,3.8850995606596546,0.0172146804773279,1.2205822174919894,0.0029528870570669,13.74722869523161,0.025102911917063,3.712705368779117,0.0090827593927448,3.70275239474557
5934,5934,Day2,7A1,Exponential,3.920693032954393,0.0192697793648168,1.3760539710284512,0.0036857072519612,16.180152339321154,0.0324636773851959,4.8813913200498575,0.0134297588633355,3.3146599562429455
5935,5935,Day2,7A1,Exponential,3.877332038762618,0.0179668112557766,1.2225679046785152,0.0027586817017385,13.412113230746774,0.025358498817975,3.659684889565457,0.0098441495162748,3.664827337727238
5936,5936,Day2,7A1,Exponential,4.2091169829196495,0.0199041102560756,1.2473862623763945,0.0031124753680755,15.443060162810765,0.0320557014916117,4.465526068173301,0.011583180054014,3.4582846291899507
5937,5937,Day2,7A1,Exponential,8.334295616126157,0.0732225671410338,1.216058324376184,0.0026397502769714,18.611620704095447,0.0416228309120091,5.479803919212431,0.0164940323379878,3.3964026776290837
5938,5938,Day2,7A1,Exponential,4.927397984681427,0.0295260703828378,1.2923050962083409,0.0030211425779135,17.658215773621006,0.0381617450217943,5.152333141329026,0.0140987261168567,3.427227100665725
5939,5939,Day2,7A1,Exponential,4.4835206212852725,0.0267032589797585,1.2767210214099478,0.0030093918892998,15.261854144242482,0.0323560366358166,4.539138862924197,0.0118732090997071,3.3622796316943946
5940,5940,Day2,7A1,Exponential,3.863873297836575,0.0180357064003064,1.3270865715657796,0.0032960357608482,15.734609747611271,0.0332243902827028,4.609150553932176,0.01252745767126,3.4137764786588933
5941,5941,Day2,7A1,Exponential,3.59446264778938,0.0156613385716122,1.280532235426931,0.0032488198991687,13.433959156356057,0.0251715605929078,3.764501964066433,0.0096414568600736,3.5685886963503215
5942,5942,Day2,7A1,Exponential,4.9018231894696,0.0285898088469962,1.310381276773685,0.0034958603960157,19.609184741290665,0.0466648404115267,5.862593929321669,0.0179439237555324,3.3447966851696216
5943,5943,Day2,7A1,Exponential,3.604723644650605,0.0155789561646513,1.296754218864551,0.0032731196427608,12.95695944322008,0.0237546006950682,3.733906068166684,0.0089909835324986,3.4700817874569183
5944,5944,Day2,7A1,Exponential,4.035856494222069,0.0202209697684369,1.401432849461907,0.0034895880656709,17.559246708867565,0.0365981119554784,5.43689291029344,0.0154847795452198,3.2296473369235184
5945,5945,Day2,7A1,Exponential,4.276610010226732,0.021216096661342,1.353750601938108,0.0037980400114599,16.599699139153923,0.0362831750081114,4.943608435724981,0.0139530114566738,3.357810262478763
5946,5946,Day2,7A1,Exponential,3.9569156251039583,0.0184218173875671,1.279252891163398,0.0029797290900487,14.478919261532909,0.0292714299202677,4.19113014159131,0.0105906268420091,3.4546575201397776
5947,5947,Day2,7A1,Exponential,4.045999622245791,0.0201625585248309,1.3552586494696486,0.0033891168722793,14.999244583345078,0.029297814730582,4.693265134381368,0.0124354762125232,3.195908211847096
5948,5948,Day2,7A1,Exponential,2.7306536596476727,0.0134957166535432,1.1978724624078556,0.0024981063107366,8.849588855179231,0.0128687270809105,2.290518088015516,0.0046360171802824,3.8635751891601235
5949,5949,Day2,7A1,Exponential,3.789738505242223,0.01656083827468,1.2268957249732113,0.0026815026791834,12.75366425454958,0.0245154547679707,3.760279129170628,0.0084060340767058,3.3916801961886653
5950,5950,Day2,7A1,Exponential,4.2165215054500305,0.0214458311411968,1.2016389634581246,0.0026399333009048,14.180222210687935,0.028366663453282,3.913767468142195,0.0095785562513993,3.6231642084293445
5951,5951,Day2,7A1,Exponential,3.4956779496688495,0.0149844981699651,1.3212362190123204,0.0034889836651137,13.604484012030523,0.0243201707996076,3.8827630902348345,0.0100026444064753,3.5038151171895753
5952,5952,Day2,7A1,Exponential,2.789258387115038,0.014039354508572,1.2343864775510602,0.0026866353047211,8.693606964998825,0.0108568555303642,2.2909211517029715,0.0046141478888306,3.794808458831669
5953,5953,Day2,7A1,Exponential,4.727997584213192,0.0297495010505551,1.3354969293381251,0.0033010627622937,19.189906094932223,0.0462546518301604,5.948482097375457,0.0178941721227185,3.2260172899232633
5954,5954,Day2,7A1,Exponential,3.653135680139401,0.0159654610313147,1.3188445634356107,0.0032991837693415,12.42292946088281,0.0216028942873877,3.614846040316503,0.008466935616122,3.436641373471912
5955,5955,Day2,7A1,Exponential,4.707549324481837,0.0268477628208703,1.3210379634641876,0.0031240723948784,17.578256772253756,0.0408010888069761,5.245784593801833,0.0142240067160669,3.3509299625118767
5956,5956,Day2,7A1,Exponential,3.751674060806286,0.0177934293174132,1.3380548480201573,0.0034026258170676,14.5201091047773,0.0293698179667726,4.291011108936418,0.0111826637756762,3.3838432798595792
5957,5957,Day2,7A1,Exponential,5.429100793721704,0.0385757609281179,1.291288996214811,0.0031950626570378,22.17017704713738,0.0534174730067127,6.587473922866313,0.0202730236549379,3.3655050944764557
5958,5958,Day2,7A1,Exponential,4.235906129951238,0.0221444768792405,1.2054372373461493,0.0025302992474089,13.079586646797372,0.024975631958498,3.78546186322217,0.0093853495913648,3.4552155375999694
5959,5959,Day2,7A1,Exponential,3.074673904661411,0.0129716113783121,1.2985063409061108,0.0032835116189799,10.581590464145837,0.0165763133930333,2.9341039906991764,0.0066169785016923,3.6064128939152966
5960,5960,Day2,7A1,Exponential,4.051675905072014,0.0188498335042304,1.429585371661563,0.0039239488936068,15.77202651845189,0.0325854626036155,4.870854743937529,0.013013543333376,3.238040826013631
5961,5961,Day2,7A1,Exponential,5.10145460894799,0.0323797951269025,1.2874136277774684,0.0029245287043537,17.489555075475213,0.0385249802797303,5.218878443318394,0.0146920115516453,3.351209510899162
5962,5962,Day2,7A1,Exponential,2.8433639721411654,0.0134394511871156,1.2507399914974089,0.0028659323589648,10.941313817798465,0.0173613823661175,2.901864912310558,0.0066679062110332,3.770442163376461
5963,5963,Day2,7A1,Exponential,3.6106100464034543,0.0153729175633717,1.3116864137051754,0.0035031648011188,12.506118363872472,0.0231966038328367,3.743203607813973,0.009369924929705,3.3410200657441744
5964,5964,Day2,7A1,Exponential,3.5463118810698915,0.0156711176931352,1.3238670325594648,0.0032816026617998,12.14108746820945,0.021122801567143,3.507137885542712,0.0082174312497894,3.461822108066526
5965,5965,Day2,7A1,Exponential,3.4692004677632475,0.0144875081757225,1.2731489882668134,0.0031266480030892,13.011186210534069,0.0238698948921557,3.941976446612332,0.0101828789775464,3.300675787070129
5966,5966,Day2,7A1,Exponential,4.37542392736239,0.0233675514033682,1.2646727738781176,0.0027948346531098,14.84886275531948,0.0283293877414714,4.254696958097837,0.0106843493556402,3.4899930362979403
5967,5967,Day2,7A1,Exponential,3.4665905763836773,0.0146539012292298,1.187228884640343,0.0025396115344727,10.601696264997102,0.0159047864456995,2.920290793486144,0.0067869329849818,3.6303563633610465
5968,5968,Day2,7A1,Exponential,4.48523056950627,0.0242356020615447,1.3496374856832558,0.0033714759596401,18.001332205006978,0.0421236904029394,5.430636255482305,0.015965255518741,3.314774062953374
5969,5969,Day2,7A1,Exponential,3.3810488124114197,0.0153959932183363,1.2560252116626751,0.0027027752020105,11.685201651398286,0.0200627128577663,3.1836183844385686,0.0078998363873073,3.6704153074737857
5970,5970,Day2,7A1,Exponential,4.369606851517017,0.0220599196348094,1.262138715796771,0.0030717404685461,10.91654393403491,0.0174606546279534,3.197389664022418,0.0075524943623641,3.4142050488464863
5971,5971,Day2,7A1,Exponential,4.3006851620620035,0.0236876743644037,1.3116341501499973,0.0031108968007544,15.306638764073115,0.0326495510400596,4.497058976428159,0.0122636277596773,3.4036998056517795
5972,5972,Day2,7A1,Exponential,4.166814366331468,0.0217646567807262,1.0370878477576628,0.0016693812433736,11.73895657440463,0.0203445049902138,2.9374518546394635,0.0064352217234378,3.9963060350636606
5973,5973,Day2,7A1,Exponential,4.383689038587484,0.022942135499682,1.323461221026897,0.0033241032105557,16.609249218083306,0.0378958362436891,5.100955210046725,0.0142866053446434,3.2561056771034
5974,5974,Day2,7A1,Exponential,4.439194136120877,0.0237275358618697,1.31868207120713,0.0032585216153585,17.41987280241897,0.0387033207039099,5.16950995850851,0.0139809681478884,3.369733870760333
5975,5975,Day2,7A1,Exponential,5.426673051134124,0.0406210447126171,1.26982698450965,0.0030603639795843,21.85004998296018,0.0546413475027574,6.392094831000039,0.0195741632797223,3.418292525478968
5976,5976,Day2,7A1,Exponential,4.159512113181811,0.0200518710528083,1.2059166780296846,0.0028540656113534,13.864793313565295,0.0261028025214691,3.797853106899826,0.0098672530319932,3.650692357841896
5977,5977,Day2,7A1,Exponential,4.278721610540769,0.021329365963976,1.1603747400395554,0.0024239057102533,14.710582749109356,0.0307898950299211,3.957296955726489,0.0098731798685823,3.717331025113519
5978,5978,Day2,7A1,Exponential,4.517155297178578,0.024809145768405,1.239387712609184,0.0027434788362551,14.18668323519306,0.0301255807778253,4.066344431455152,0.010257909106466,3.4888051109129288
5979,5979,Day2,7A1,Exponential,3.974631479532777,0.0197449420553732,1.0772214563474012,0.0018961735863743,12.982596558027264,0.0228223043039952,3.1992291235752517,0.0085233859480295,4.058039001445058
5980,5980,Day2,7A1,Exponential,6.649649677296198,0.0548991963151185,1.3157797887138745,0.0033166679792335,24.34285442688684,0.0662883452513385,7.394278910269725,0.0230203340491416,3.29212012723481
5981,5981,Day2,7A1,Exponential,5.058045218860299,0.0334063802927586,1.218958867253957,0.002638930752354,19.222444582815136,0.0431146704125726,5.436749674245753,0.0143642262343812,3.535650109820789
5982,5982,Day2,7A1,Exponential,6.630386807160308,0.0518308227066457,1.254138108595909,0.0029534424914876,22.784708978457587,0.0556758201711067,6.624070256140331,0.0209063335628059,3.43968407601607
5983,5983,Day2,7A1,Exponential,3.31524867673173,0.0133250704944091,1.1934163789621848,0.0027773665638605,12.291335839241416,0.0206681215292492,3.2194482969994542,0.0071000916713441,3.817839177817211
5984,5984,Day2,7A1,Exponential,2.9189145420720184,0.0134943051714362,1.1649771202156436,0.002441029005512,10.217645105770032,0.016101578374764,2.572081816451043,0.0056058908907819,3.9725194744653702
5985,5985,Day2,7A1,Exponential,3.8413125443886673,0.0164539768169867,1.3218657501014686,0.0031535214486378,14.381878074765783,0.0280292425595867,4.156177736764351,0.0106155706975225,3.4603616557462957
5986,5986,Day2,7A1,Exponential,4.468461369669557,0.0233352087423666,1.201307071669525,0.0027228197393559,15.029656155299836,0.0281939513761992,4.444533917141387,0.0124913906370345,3.381604558654496
5987,5987,Day2,7A1,Exponential,5.145156721055642,0.0322011511028823,1.1143274313092255,0.0020028627741625,15.043568459175356,0.0280447295150455,3.901398619989611,0.0099499079979872,3.855942425902487
5988,5988,Day2,7A1,Exponential,3.4132325952966465,0.0148406140814389,1.1859057664908874,0.0025800319130601,12.862613718498636,0.0229621341813727,3.3819240944181193,0.0082402234727447,3.803341931809894
5989,5989,Day2,7A1,Exponential,4.312573810113492,0.0227105800173786,1.2783847259531116,0.0029769222788261,15.979516486469103,0.0314583031085802,4.633147492981105,0.0131537420990937,3.4489548434788566
5990,5990,Day2,7A1,Exponential,2.7825116667275953,0.0140134952840238,1.2013053869735058,0.0026007527939824,8.75334279932754,0.0118424785169697,2.3478993498892047,0.0045065927881051,3.728159301096362
5991,5991,Day2,7A1,Exponential,4.168435074664188,0.0219463584542484,1.3467709541272148,0.0033910809173628,16.55483276674441,0.0364166017188664,4.938996178415018,0.0135715871487677,3.351861829554412
5992,5992,Day2,7A1,Exponential,5.9809985525895835,0.0442364586104263,1.2484782540853236,0.0030023096713092,24.00955682974424,0.0642802479494625,7.009721976012002,0.0202451191023042,3.425179616525084
5993,5993,Day2,7A1,Exponential,2.441412843661336,0.0167255997351291,1.1812211621286195,0.0025632160795554,7.989195062374019,0.0101803470518497,1.9673904589013425,0.0035888378577095,4.0608080750963165
5994,5994,Day2,7A1,Exponential,3.8964558827810425,0.0177209097821382,1.1813609882478768,0.0023728734591827,13.850862965349789,0.028771101507605,3.794045678702688,0.0099828901052416,3.650684292785285
5995,5995,Day2,7A1,Exponential,2.9745400996708926,0.0127791932113611,1.2958661123671316,0.0029210080373707,11.826154865966709,0.0198519923097479,3.257671832728879,0.0070897906050456,3.6302474506955487
5996,5996,Day2,7A1,Exponential,4.578792916620533,0.0266168107419197,1.2510676689594389,0.0029538619017635,14.191207277929426,0.0289411843245032,4.105611921085192,0.0108248627910435,3.456538891327658
5998,5998,Day2,7A1,Exponential,4.151317687585597,0.0214952705653518,1.3485580222706195,0.0036313024705827,17.73720261037335,0.038909215991979,5.314286769651506,0.0151006451993748,3.337644989665565
5999,5999,Day2,7A1,Exponential,4.888006548337815,0.0297284517162373,1.247846660479373,0.0029588954106418,15.37383509630193,0.0315472275787964,4.570052757351338,0.0119361757532949,3.364038866197276
6000,6000,Day2,7A1,Exponential,7.4835642918690946,0.0692581302660515,1.0064640985448434,0.0016323248939769,14.726876964789936,0.0278200395895962,3.572944190995152,0.0093714505915216,4.12177637756165
6001,6001,Day2,7A1,Exponential,4.49685895420009,0.0247506238799197,1.215789432649904,0.0028418737490748,14.307987173743491,0.0283865888077056,4.303129680913648,0.0113766230448439,3.3250188199546877
6002,6002,Day2,7A1,Exponential,3.3188110060848426,0.012019859755071,1.1818014377458523,0.0026094872168248,11.306671596099855,0.0181948758491213,2.9213939235965483,0.0064499656789896,3.870300237422324
6003,6003,Day2,7A1,Exponential,3.5213191091923752,0.0150840322254962,1.2603021180704426,0.0030190734740613,12.238620933009608,0.023040968453705,3.3417533564359365,0.0081014725480184,3.66233519581541
6004,6004,Day2,7A1,Exponential,5.6561779084207835,0.0417203083065023,1.368680748005965,0.0034935029233312,21.40470752540655,0.0529847355697829,6.641839699080892,0.0193747983465321,3.2227076375192505
6005,6005,Day2,7A1,Exponential,2.4759348800935204,0.0146595150979382,1.2184158709879802,0.0025576592382383,8.557373327557594,0.0116775299752277,2.3511484727680454,0.0048601803991165,3.6396567152915096
6006,6006,Day2,7A1,Exponential,4.851123590236454,0.0297300622859971,1.2909034506308457,0.0033190684337492,16.553995109772828,0.0358845681603925,4.85553947721951,0.0127414534525541,3.4093009000211763
6007,6007,Day2,7A1,Exponential,3.6400583794332753,0.0161137642648062,1.1997810797493342,0.002667244201402,12.29375426057596,0.0221119708507633,3.361839961143447,0.0085498520617159,3.6568529146743036
6008,6008,Day2,7A1,Exponential,4.598010495564309,0.0268376508572046,1.3086286387106871,0.0028321096936477,19.40397377260522,0.0419143171317472,5.754714540879552,0.0158380664172794,3.3718394952114363
6009,6009,Day2,7A1,Exponential,3.193126006058145,0.0126471212346719,1.136715084350951,0.0021388520717703,9.348703706916334,0.0131404552150171,2.362352791863287,0.0050022361722405,3.957369847177914
6010,6010,Day2,7A1,Exponential,3.412488576980292,0.0143745696191546,1.231474275987211,0.0028620115676014,10.995547421941025,0.018475245897683,3.0368642782153925,0.0067559701503041,3.620691086136565
6011,6011,Day2,7A1,Exponential,3.777358644015346,0.0162695002887887,1.343684977071717,0.0034795267593686,13.420355790105983,0.0247137898404675,3.960009692245816,0.0100839366854665,3.388970440245306
6012,6012,Day2,7A1,Exponential,4.2966242590522565,0.0221447501926032,1.283632401089536,0.0031312988055793,13.900814659407835,0.026831480597537,4.010917263201556,0.0102626909276774,3.4657445534820286
6013,6013,Day2,7A1,Exponential,4.0325234566196695,0.0205398784639185,1.31850439655294,0.0031303054371515,13.367143802054706,0.0239545054837609,3.8691814895240366,0.0096594692676266,3.4547730154935303
6014,6014,Day2,7A1,Exponential,3.325356030869395,0.0139904662765715,1.316829689161391,0.0031364499122494,11.095788445849514,0.0177607529086949,3.1484223353691156,0.0072370537836652,3.5242376225071035
6015,6015,Day2,7A1,Exponential,3.787508286225229,0.0170554821968474,1.2231060920034924,0.0027751859011459,13.248930023179362,0.0244686706222839,3.801698384934682,0.0098818192000004,3.485002933342119
6016,6016,Day2,7A1,Exponential,5.200266917487981,0.0322451080310093,1.3265782337067709,0.0035235936508682,20.222773134061157,0.0456411888320837,6.197492950010772,0.0188243517024577,3.2630570614890346
6017,6017,Day2,7A1,Exponential,5.316045341547701,0.035758112117615,1.2877790981360944,0.0030625961356828,17.544010296745686,0.0379417543212372,5.185855823892181,0.0144249980431741,3.38305014495722
6018,6018,Day2,7A1,Exponential,4.040100039441364,0.0205410914697515,1.2505310036526869,0.0028826555718664,13.786699279280382,0.0274203378000383,3.9635051194384863,0.0102965275473609,3.478410867104811
6019,6019,Day2,7A1,Exponential,3.845036258162496,0.0181430550949536,1.2307584231597812,0.0027929151540166,12.799603799621536,0.0217224834512798,3.4700909151988224,0.0090872173961313,3.688549986849025
6021,6021,Day2,7A1,Exponential,5.42564177277633,0.0410989292290905,1.299261592150198,0.0031411221215204,19.30924326873736,0.044541083614215,5.7418385981510545,0.0164514711723861,3.362902481263612
6022,6022,Day2,7A1,Exponential,3.7804771700491457,0.0163469294423761,1.3616377950876626,0.0034839487249457,15.108379752096178,0.0326760070119847,4.515651099264036,0.011547976731896,3.34578102248833
6023,6023,Day2,7A1,Exponential,6.421636403542054,0.050707224998266,1.2207456988777707,0.0026797586668463,15.468551864706354,0.0315865818459237,4.430520635910235,0.01160982026676,3.4913621074983197
6024,6024,Day2,7A1,Exponential,4.8114000468321825,0.0285511444281466,1.3266408927579498,0.003388875157841,17.88927325537733,0.0409220487156037,5.324477325601183,0.0141241149184673,3.3598177175742716
6025,6025,Day2,7A1,Exponential,3.4593973697720166,0.0138622404753151,1.1649358921523765,0.0023735029667997,11.341634279629613,0.0200526379120532,2.9881446259942765,0.0067905919163876,3.795543957600711
6026,6026,Day2,7A1,Exponential,3.1306504635948325,0.0127847938076193,1.1639579499100972,0.0023824211293111,9.88441336050082,0.014623218501488,2.4601294608517024,0.004959406412125,4.017842767135846
6027,6027,Day2,7A1,Exponential,3.701801458019987,0.016022061602324,1.2283187202031538,0.0026841705929613,12.925326372566936,0.0234244919232,3.517679147939502,0.0086982573574297,3.6743903661986934
6028,6028,Day2,7A1,Exponential,3.2087207984859547,0.0144373409418309,1.2548206598926532,0.0028352896455242,11.980631532808983,0.0198240820321416,3.2450155040688315,0.0075642845951079,3.6920105675263537
6029,6029,Day2,7A1,Exponential,3.4291656083705093,0.013388805663529,1.325959762742473,0.0032172258632709,14.039595899831191,0.0270437984552501,4.032835402416196,0.0100094267324225,3.4813213282693454
6030,6030,Day2,7A1,Exponential,3.0635154831241382,0.0139124893091386,1.2406510618988746,0.0028736326974464,11.441297730243976,0.0186371065528518,3.058570085330923,0.0067946515359105,3.7407342029260975
6031,6031,Day2,7A1,Exponential,4.740976468697338,0.0294695514843955,1.2614421876920932,0.0029455392039329,17.730078180741906,0.0372486332202065,5.05533559691425,0.013101663217931,3.507201023719227
6032,6032,Day2,7A1,Exponential,5.53303550821396,0.0380138844519746,1.2939634573637562,0.0029302927861237,20.195409347998467,0.046296297814324,5.958011206664374,0.0174956629013251,3.3896225850345423
6033,6033,Day2,7A1,Exponential,4.50663120134055,0.0244044822249785,1.265634044571789,0.0027981283506667,18.287988934250873,0.0397821321217901,5.267321151714528,0.0148180439728158,3.471971502686537
6034,6034,Day2,7A1,Exponential,3.3462272906742356,0.0147079716488364,1.2285029511649692,0.0026775544931942,12.695887492639764,0.0211185379332613,3.4087657738008583,0.0083259595463909,3.7244822129516795
6035,6035,Day2,7A1,Exponential,3.864743145973742,0.017008649826302,1.2620221384081731,0.0029795704749932,15.235794210204984,0.0314267890580965,4.311701473934625,0.0112820227283796,3.5335920870935493
6036,6036,Day2,7A1,Exponential,4.124078046353168,0.0209394436947514,1.2377580445607268,0.0027817533192357,13.79877096151151,0.0267656878342915,3.806873618585746,0.0099566450534089,3.624698990306317
6037,6037,Day2,7A1,Exponential,4.844669529160395,0.03050848855347,1.2600566334182175,0.0029776891871089,16.463132812752825,0.0357264209761023,4.800062473493605,0.0123298585486882,3.4297746964052633
6038,6038,Day2,7A1,Exponential,5.963643434545562,0.0436284615493072,1.249191562058827,0.0029666546851829,23.144147110502058,0.0594706969692443,6.691098067950342,0.0187132254581445,3.458946031797097
6039,6039,Day2,7A1,Exponential,4.763145582351044,0.0286419081080948,1.3039335297912984,0.0033731343575931,18.920940229499095,0.038528361396944,5.608106968788623,0.0158426866240872,3.37385508778662
6040,6040,Day2,7A1,Exponential,6.801270185298023,0.0594600322976609,1.1711690575376128,0.002442191653527,21.904102472469397,0.0516097192531098,6.011433230283855,0.018135656860922,3.6437404581195194
6041,6041,Day2,7A1,Exponential,4.636009782459229,0.0259197721722527,1.2870830067135948,0.0032525718046794,17.818281051137514,0.036104185468637,5.2435115606620935,0.0150422613096924,3.398158055913129
6042,6042,Day2,7A1,Exponential,5.426398715500383,0.0367493171139709,1.2882934361668603,0.0030655567039059,21.58132813574378,0.0534538500253249,6.389197893921483,0.0180677113063726,3.377783642650308
6043,6043,Day2,7A1,Exponential,3.7850362941904248,0.0175820536936095,1.2282988407196231,0.002762672087992,13.91961507376399,0.0281801296777903,3.8423279598720623,0.0105856693950715,3.62270353263324
6044,6044,Day2,7A1,Exponential,3.3119261997592977,0.0140834863723824,1.369104449241259,0.0035526431909376,14.015796475432449,0.0262390821033073,4.108296386681449,0.0112014688920101,3.411583575340328
6045,6045,Day2,7A1,Exponential,4.995629322564638,0.0301836858875666,1.1781067448962643,0.0025864589144673,18.4738054277766,0.0405819603009215,5.010746071290408,0.0145492706471193,3.6868372823009716
6046,6046,Day2,7A1,Exponential,4.289695517394036,0.0226971734129494,1.338258369098662,0.0034379167048666,16.554985242572755,0.0368070735370417,5.000768535712934,0.013998948305457,3.310488202832326
6047,6047,Day2,7A1,Exponential,7.194704545565637,0.0589433619846053,1.2258155877197587,0.0027601906442797,26.535526593892847,0.066529662204718,7.66758532745944,0.023937212255359,3.4607409582861552
6048,6048,Day2,7A1,Exponential,2.5763783154262865,0.0148872667606923,1.1086730056962957,0.0018555829491079,8.75568964867207,0.0118683414160766,2.07088160558385,0.0039916807301396,4.228001072134469
6050,6050,Day2,7A1,Exponential,4.827724525917527,0.0264752380148702,1.2700649609301606,0.0029968731177326,18.37983738500935,0.0412767536632296,5.284545619158856,0.0149978106886441,3.4780355227465853
6051,6051,Day2,7A1,Exponential,3.1613257448975127,0.0133427287627356,1.1088449082003242,0.0020140129343371,10.230570641705912,0.015427191887093,2.4839598394059976,0.0053841214711849,4.118653804061664
6052,6052,Day2,7A1,Exponential,3.867143719508787,0.0187965415505707,1.2528000526854128,0.0030675274749922,12.632601434294996,0.0232943694781121,3.5065536367019448,0.0083332674931929,3.602569001675522
6053,6053,Day2,7A1,Exponential,3.285957811369315,0.0141319039457423,1.0554637052544202,0.0018330229505156,9.852671371888055,0.0135354061914575,2.3070597147512877,0.0047359520243599,4.2706616169881935
6054,6054,Day2,7A1,Exponential,3.069918203579942,0.0119307751234513,1.0525851800583363,0.001709434717886,9.570060767548703,0.0135086446978365,2.3405466140725224,0.0046538466073172,4.088814429077708
6055,6055,Day2,7A1,Exponential,4.944901470410316,0.0312163653225151,1.2322480250404697,0.0026936712987346,16.25595032866986,0.0383992838753437,4.509717732807418,0.0128576664674485,3.6046491802381846
6056,6056,Day2,7A1,Exponential,3.650300973961451,0.0150453777331763,1.2185584656053912,0.0029202103026469,12.186750980153594,0.021273926827411,3.3475632130296114,0.0079366333731938,3.640484198392281
6057,6057,Day2,7A1,Exponential,4.836117972696353,0.0300735423973313,1.2579137674708718,0.002914841601617,16.0079556128185,0.0324346280455065,4.624292909760054,0.013728013140401,3.4617088331563157
6058,6058,Day2,7A1,Exponential,3.418856766829832,0.0144045144728117,1.2541674600901185,0.0026899786384114,11.01594344121282,0.0176901029006895,2.9759755510196975,0.0063310645211824,3.7016243085190275
6059,6059,Day2,7A1,Exponential,3.358610408051458,0.0140200368551733,1.3092307819367737,0.0032236153073511,11.908237387817994,0.0207933681367308,3.298583460817319,0.0081479381080317,3.610106437891187
6060,6060,Day2,7A1,Exponential,4.027755586138751,0.0203547812188626,1.145884713543832,0.002165632336735,13.385090087873335,0.0241746140400128,3.764877709954346,0.0089512979590142,3.555252286809509
6061,6061,Day2,7A1,Exponential,3.963040861822636,0.0185776384941116,1.2608038690171035,0.0028907792542,13.20665948158628,0.025674422201146,3.625870982709723,0.0090899591283627,3.642341259400395
6062,6062,Day2,7A1,Exponential,3.0277316373174985,0.0126914635531826,1.1587507047082275,0.0024605304808884,9.418805128216968,0.0132495992025328,2.4885830026425064,0.0047817875288578,3.7848065016178256
6063,6063,Day2,7A1,Exponential,4.022100881406857,0.0203303088285146,1.3571474035411362,0.0036628021064332,15.474472280924708,0.033403673484817,4.600167596485598,0.0135231701490449,3.3638931530987657
6064,6064,Day2,7A1,Exponential,3.960892578424678,0.0182269260839494,1.1518973358054458,0.0023557684404353,13.417183240543546,0.0258056200277472,3.663225167928758,0.0095791888611185,3.6626695399479963
6066,6066,Day2,7A1,Exponential,5.170453920825831,0.0310709444668458,1.2796607132871891,0.0030266652161964,17.10798280456665,0.0379377173143283,5.0240472871240875,0.0139663078502513,3.405219303650257
6067,6067,Day2,7A1,Exponential,7.401925771230333,0.0627101820476116,1.2614704657457918,0.0028343346655507,25.937913927392295,0.0628224980475645,7.709774957180051,0.0233350311597879,3.3642893692035103
6068,6068,Day2,7A1,Exponential,5.873637480046147,0.0400393918566175,1.1834052711309946,0.0027232662429335,18.34781005028007,0.0436454813617131,5.001807194123936,0.0130898293430222,3.6682361670867403
6069,6069,Day2,7A1,Exponential,2.7078295002035886,0.0141933676907322,1.2842424399829964,0.0029609305094991,9.79919416700336,0.0160022355797544,2.654648888898588,0.0056676860698943,3.6913334219008673
6070,6070,Day2,7A1,Exponential,4.0764036380557895,0.0204489398660278,1.2485220719590016,0.0025904857767985,15.225468251691195,0.0317059937421268,4.3164097394515775,0.011435089038461,3.5273454492820395
6071,6071,Day2,7A1,Exponential,5.150611182842781,0.0329172366555106,1.3041554677535585,0.0031291663992969,19.768336770959714,0.0445543890860789,5.856798605717483,0.0171170718098617,3.3752802685859145
6072,6072,Day2,7A1,Exponential,4.60850710687791,0.0255850713132198,1.32174766908924,0.0034720335343385,19.072424880212164,0.046281274303384,5.693219313426491,0.015983959513272,3.3500246223139674
6073,6073,Day2,7A1,Exponential,3.4465319824525458,0.0132568431126513,1.2971209154663947,0.0030702330083756,13.221536692105474,0.0231241799855475,3.7022642153934258,0.0095260336722936,3.5712028971709873
6074,6074,Day2,7A1,Exponential,5.783666495952306,0.0417467137254076,1.3604482029196534,0.003259311523882,22.477725976946463,0.0554593967410659,6.967369407624694,0.0201345270814328,3.2261424164402874
6075,6075,Day2,7A1,Exponential,5.158757900761643,0.0359545587051058,1.1125748375997837,0.0020705709633197,16.753272072315358,0.0374244873425605,4.63188907434197,0.0129267614134838,3.616941555254195
6076,6076,Day2,7A1,Exponential,7.048836694394517,0.0579501734041501,1.255182884377629,0.0028505943530488,23.889048983881903,0.0623356656884123,7.021112083583751,0.0221073914460087,3.4024594251582343
6077,6077,Day2,7A1,Exponential,4.158629823783238,0.0194035435017393,1.3502123590604926,0.0034487532561068,14.743267172350656,0.0284466752541404,4.53501850157807,0.0128667622859947,3.25098280574167
6078,6078,Day2,7A1,Exponential,3.0927694087676265,0.0131752949790429,1.286424187379386,0.0033646251827469,10.640245661391026,0.0157440384912139,2.860868421244974,0.0067341663384212,3.7192362928598697
6079,6079,Day2,7A1,Exponential,3.8258343148569063,0.0198744084538159,1.2755493755111886,0.0031263532224151,12.643730546029351,0.0239720975446243,3.624645992776883,0.0089252725031383,3.4882663220699364
6080,6080,Day2,7A1,Exponential,4.975816312199022,0.0323569563825032,1.36986376737987,0.0035372361861132,18.444618780622367,0.0409196106902911,5.622002350741679,0.0174663895488583,3.280791723288602
6081,6081,Day2,7A1,Exponential,5.006977544670062,0.0306276781670471,1.315959979848024,0.0030661795919223,19.7211767026643,0.0437646533934154,6.089273707673747,0.0177888788098632,3.238674700697315
6082,6082,Day2,7A1,Exponential,6.3946869744864365,0.0511517776091799,1.2497709133089685,0.0028650994148336,21.038731976824085,0.0518228924392678,6.105035515464396,0.0165662556912983,3.446127696314264
6083,6083,Day2,7A1,Exponential,3.5312831560490965,0.0148279496341868,1.254477839102193,0.0029780170771112,11.92176825409282,0.0196301314049838,3.2129025719142073,0.0073878343454629,3.7105912760342368
6084,6084,Day2,7A1,Exponential,3.128161067315633,0.0130105994181745,1.2545105712634632,0.0028965031811198,9.937409694407853,0.0142727521497397,2.7805722672389974,0.0061716734808873,3.5738721167190963
6085,6085,Day2,7A1,Exponential,3.729567014717648,0.016304224140489,1.1506506113738062,0.0024677225341672,10.738601972289562,0.016885390731462,2.7559018744053803,0.0059088905716897,3.8965835728844835
6086,6086,Day2,7A1,Exponential,4.001301582914697,0.0186491951485833,1.3951502170856964,0.003688651560749,14.25108126513861,0.0274390739320162,4.372870811245739,0.0111704200815815,3.2589760549268956
6087,6087,Day2,7A1,Exponential,4.579317769106008,0.0271454266018572,1.3087438675048024,0.0036137892676889,16.264277521259896,0.0349944750716207,4.729274260628172,0.0130882995051328,3.4390641406995863
6088,6088,Day2,7A1,Exponential,3.90421624589831,0.0162509733305103,1.3596746125236163,0.0037140623332929,15.851568137768364,0.0319995772040563,4.734273243783347,0.0138791108168725,3.3482579736147087
6090,6090,Day2,7A1,Exponential,4.409036511415547,0.0235587048546952,1.3332787794794403,0.003463108746502,16.625528374088812,0.0337694574722523,4.910346182780086,0.0131151888808394,3.3858159394936904
6091,6091,Day2,7A1,Exponential,4.508327219139537,0.0240818556966311,1.2613644042510246,0.0028325303459823,14.688866425390584,0.0295848450255879,4.233701994708043,0.010658267423638,3.4695088231885656
6092,6092,Day2,7A1,Exponential,3.360636225489434,0.0142302707839619,1.2873714005151455,0.0030566770986249,11.78176366297501,0.0185464692731952,3.2242596892804514,0.0077205247004845,3.6540988624909154
6093,6093,Day2,7A1,Exponential,4.350017537432094,0.0240592756155332,1.2208967092819771,0.0029020419546074,14.287106966827286,0.0255194505087264,3.8983598812166274,0.0098766083515561,3.6649020106292665
6094,6094,Day2,7A1,Exponential,4.891938885273866,0.0273956472570196,1.3343430203607285,0.0034082842204095,19.965690658015976,0.0517636303453426,6.025848825366723,0.0170980683229552,3.313340781794488
6095,6095,Day2,7A1,Exponential,3.4080382604650477,0.0142657605417838,1.3309332117478752,0.0034603865228069,11.936761618010284,0.019006244848921,3.384423559230011,0.0080488102036085,3.52697037149984
6096,6096,Day2,7A1,Exponential,3.710145971523252,0.0157779944018987,1.2291962155481544,0.0029573323768114,13.050681830105011,0.0257491236046428,3.7313995648752143,0.009833321358344,3.4975299758715206
6097,6097,Day2,7A1,Exponential,5.8049673452229085,0.0380287144088144,1.3097525449060914,0.003070568070052,19.233763348520196,0.0415592253355551,5.857170240011446,0.0171742386964172,3.283797902463325
6098,6098,Day2,7A1,Exponential,4.718890670681776,0.0276786252115406,1.3046605270323437,0.0032127068491364,18.423530706836655,0.0406407411698333,5.58180206537061,0.0150919845016356,3.300642067037073
6099,6099,Day2,7A1,Exponential,3.695867370441888,0.0164277404449072,1.1264361712810018,0.0020967225599459,11.498216033897489,0.0179541566445194,2.9264839366979403,0.0062862420792848,3.9290207233706362
6100,6100,Day2,7A1,Exponential,3.870091717068357,0.017164267085725,1.3589858346148265,0.0036514847456308,14.927657065868978,0.0290797061796481,4.3941533762811,0.0121346491076898,3.397163409553694
6101,6101,Day2,7A1,Exponential,4.2965642035975655,0.0234130515572812,1.2818050950917614,0.0032435468354607,14.382655388863803,0.02936009272403,4.254128648889906,0.0104753324457812,3.3808698739322063
6102,6102,Day2,7A1,Exponential,5.3927708041744715,0.0353833911205849,1.1057590598048916,0.0020927996306632,16.332179651813338,0.0371442012882036,4.297316249067624,0.0107111589197914,3.800553346604845
6103,6103,Day2,7A1,Exponential,4.131651097092367,0.0209151032519413,1.284714249010388,0.0032660428938822,13.922979804918672,0.0269931769671105,4.027120173069011,0.0100280702064774,3.457304278632482
6104,6104,Day2,7A1,Exponential,2.888275038140641,0.0144461292515213,1.198985050962304,0.0026026232256603,9.405671735415275,0.0131273778061547,2.570610388987112,0.0049628426177998,3.6589254348736047
6105,6105,Day2,7A1,Exponential,4.446244675573985,0.0245103003259144,1.197193252280774,0.0026041611686839,13.175721882226682,0.0243500411211263,3.548809131533274,0.0088350468979855,3.7127164053858457
6106,6106,Day2,7A1,Exponential,4.416323378968476,0.02329079530003,1.300095424798266,0.0030529804290348,15.667282183829991,0.0318695293978423,4.586050375026993,0.0117103586673001,3.4162909045101313
6107,6107,Day2,7A1,Exponential,4.033543019198657,0.0202425480783934,1.365315648368011,0.0035664381068954,14.494000057591863,0.0264603121720975,4.277145749386674,0.0110930550778308,3.388708476831833
6108,6108,Day2,7A1,Exponential,3.4661081853530677,0.0150178240182302,1.246077764815831,0.0031893755582097,12.02367542173283,0.0205194130863481,3.3322634107682316,0.0075177830214872,3.6082607944132636
6109,6109,Day2,7A1,Exponential,8.629731657943372,0.0793330890222369,1.1453633130339531,0.0023709447982835,25.972713362561446,0.0746626948214308,7.056445575257313,0.021259604285852,3.6807076715268723
6110,6110,Day2,7A1,Exponential,6.569096815070949,0.0540524929828285,1.309601725332393,0.0033390198750554,22.41156296620053,0.0534077520210013,6.740197404677752,0.0205950285693832,3.3250603239968495
6111,6111,Day2,7A1,Exponential,4.157414573145754,0.0200531123270049,1.3858118330491649,0.0036075244081163,15.898463034171902,0.0350496454928387,4.785971949937751,0.013155594258538,3.321888051261706
6112,6112,Day2,7A1,Exponential,4.841421061051158,0.0279774236804254,1.2367843154513147,0.0027658910453479,15.39405657895025,0.03206993007624,4.35350680132504,0.0105899628040127,3.5360129848114377
6113,6113,Day2,7A1,Exponential,5.0886002327659465,0.0338759424054225,1.2430606534138486,0.0028558284648564,19.613331133146257,0.0454233995923119,5.745996719220206,0.0171824296370023,3.4133905902765638
6114,6114,Day2,7A1,Exponential,4.527067582240799,0.0252194194319998,1.2960307701469205,0.0031459207245827,16.202870702576224,0.0348194617198968,4.701798434175969,0.0135452137745725,3.446100663270121
6115,6115,Day2,7A1,Exponential,3.986979608572117,0.0191083045680309,1.1932973997485168,0.0026309751411244,12.178574919447309,0.0216993060392478,3.400982293102841,0.0083600461134451,3.580899243181989
6116,6116,Day2,7A1,Exponential,4.550087846636501,0.025651717632753,1.2844772058797205,0.0029853496456129,16.435817837754506,0.0353984660303142,4.803749897806584,0.0134516197585515,3.421455776717098
6117,6117,Day2,7A1,Exponential,3.842457385194369,0.0166419738444091,1.3118611019117048,0.0033507385867266,15.109370598915564,0.0312917548994401,4.438641130465371,0.0113708187351982,3.404053212414453
6118,6118,Day2,7A1,Exponential,4.560160382753664,0.0262237334561049,1.3088689097732351,0.0033679423802068,15.457320519176124,0.0341984596816553,4.9095287191406465,0.0127844048235568,3.1484326507579206
6119,6119,Day2,7A1,Exponential,10.294694449723734,0.1080775768635606,1.2750706550254187,0.0030253773832453,20.939148835442737,0.0496100078322778,6.190503146222865,0.0180843632343255,3.3824631602390443
6120,6120,Day2,7A1,Exponential,3.661830241565177,0.0175252147564059,1.221193928998795,0.0028598963018254,13.774537535500192,0.0271387996330679,3.721299525016864,0.0095607184015067,3.7015395946763436
6121,6121,Day2,7A1,Exponential,4.135950699889874,0.0203199787586551,1.3024563416186283,0.003058844906149,15.575845787450476,0.0321425142508761,4.485883072343968,0.0115466077581749,3.4721916590910533
6122,6122,Day2,7A1,Exponential,4.014150288100176,0.020354128601469,1.2390043882027844,0.0028535521994119,14.490545429006582,0.0241935982652924,3.997319526527968,0.0105787366802832,3.6250655802822265
6123,6123,Day2,7A1,Exponential,5.6514528192782025,0.0380931784981836,1.269390991301235,0.0029208110488881,21.94896048281584,0.0519600299607135,6.418493505326559,0.0191004457385933,3.4196436382775652
6124,6124,Day2,7A1,Exponential,6.788724066431501,0.0553399956511518,1.1612518431709196,0.0023517258756233,23.12089990323204,0.0551310580499193,6.34873213389406,0.0189741875550856,3.641813737863689
6125,6125,Day2,7A1,Exponential,5.7278385569587975,0.0444709930304967,1.2740540283308237,0.0028172638199356,19.555613180165892,0.0459306411281967,5.796162058934005,0.0170569208514817,3.3738899950224033
6126,6126,Day2,7A1,Exponential,3.247310166673337,0.0128048736328461,1.396175621471838,0.0035775957234733,12.981255532927586,0.0244765155127729,3.817962892449658,0.0092822188346871,3.4000475904569707
6127,6127,Day2,7A1,Exponential,4.588017094009944,0.0278840853247299,1.3542412841252969,0.0037210407538491,15.756137255358206,0.0336675429049705,4.953706123714148,0.014753393459678,3.180676621071882
6128,6128,Day2,7A1,Exponential,3.664096903080127,0.0172446308659828,1.4067041099409046,0.0037976884289358,14.967705791277345,0.0331205941306841,4.518823548400774,0.0119552736293115,3.312301449914871
6129,6129,Day2,7A1,Exponential,4.573320460888592,0.0269287434933861,1.3051074501792566,0.002999411179206,18.850603084245304,0.0411605250103164,5.55018539805442,0.0164551277334389,3.396391603576568
6130,6130,Day2,7A1,Exponential,5.193369967064527,0.0303914875461425,1.1463642939080432,0.0024678757498718,16.239041897188002,0.036330942408296,4.266467476678554,0.010098911035597,3.8062031378310426
6131,6131,Day2,7A1,Exponential,5.009103578792157,0.0307261367937924,1.2747002519550226,0.0031519107361753,18.815469061890138,0.0406992949526812,5.4358379285859675,0.016771818380522,3.46137418169578
6132,6132,Day2,7A1,Exponential,5.787951424321452,0.0411852707401097,1.2786022210867998,0.0031414974217401,22.600437148217104,0.0530508336849909,6.66182290589388,0.0208916303144339,3.392530463129234
6133,6133,Day2,7A1,Exponential,3.1267112995731763,0.0134511816586263,1.3925612979189526,0.0036448384853099,13.487369403961488,0.0253318787062921,3.99920336823203,0.0100580370987494,3.3725140139407292
6134,6134,Day2,7A1,Exponential,3.396736633458647,0.013298014056255,1.1599443299225918,0.0024545897131166,11.602744915681235,0.0178316428180664,2.9569348990857103,0.0069578865933172,3.9239094913008823
6135,6135,Day2,7A1,Exponential,5.21366673198048,0.0350353153269064,1.326331684580358,0.0032774719294969,20.105124875835717,0.0453687170685039,6.289431752574536,0.018644249076704,3.1966520453307763
6136,6136,Day2,7A1,Exponential,3.043379399016512,0.0136698141666276,1.3606132840532892,0.0033074064640382,12.081699643217828,0.0210265092189172,3.4743464623798612,0.0084821572563906,3.4774020881446845
6137,6137,Day2,7A1,Exponential,5.418651189981484,0.0362347930649645,1.246184382248922,0.0029255751111465,21.133023477841643,0.0492660888302109,6.071657272027327,0.0174343623283982,3.4806021702185643
6138,6138,Day2,7A1,Exponential,4.6355241542937735,0.0268541604737041,1.267268823472945,0.0031274910139289,17.32277954340884,0.0384598165010613,4.987384563572517,0.0150798194452195,3.473319396690025
6139,6139,Day2,7A1,Exponential,3.521686214798578,0.0159575052038179,1.2204450274539147,0.0027220654892964,10.66266493277725,0.0169190263740409,3.237817030033177,0.007518782713522,3.293164756956014
6140,6140,Day2,7A1,Exponential,5.7989372577133125,0.0476336754328102,1.267189322348894,0.0032368967521401,22.228661091988855,0.0487944724079181,6.628926870490329,0.020885215240627,3.353281990625527
6141,6141,Day2,7A1,Exponential,3.8540582892420545,0.018139070079882,1.2787192308500852,0.0031064596949373,15.0601350184673,0.0313968160933201,4.255316798466869,0.010966715841085,3.5391336842167087
6142,6142,Day2,7A1,Exponential,2.763169340701631,0.0140444488079246,1.156218260225883,0.0024020164208502,9.331779271942796,0.0127761017382129,2.2948100445354105,0.0041734388927198,4.066471337862754
6143,6143,Day2,7A1,Exponential,4.325723639400453,0.0233844149564841,1.2852900084219994,0.003070275000353,16.963593133887166,0.0357621583859437,4.9216479818576415,0.0139413189847338,3.4467302814868073
6144,6144,Day2,7A1,Exponential,3.0993084874474772,0.0126166929990536,1.3521444111692529,0.0033394932540246,12.172557023253372,0.0237313903801137,3.457699106779013,0.0081592477499485,3.520421137683262
6145,6145,Day2,7A1,Exponential,3.5697395362723,0.015932818939881,1.2167224202068618,0.0027920134034683,13.673466799908066,0.0247819472197957,3.684309720239519,0.0090786176817903,3.711269637510048
6146,6146,Day2,7A1,Exponential,5.068812157834973,0.0331689206989437,1.326562747151697,0.0030904263512639,18.084269280602893,0.0383803451582426,5.386316964670342,0.0151439592620441,3.3574461731866725
6147,6147,Day2,7A1,Exponential,5.692580688384345,0.0373033869808791,1.318066162946541,0.0034166052274677,19.909986670510182,0.0436840411252797,6.043299917723108,0.0178109376167112,3.294555448443063
6148,6148,Day2,7A1,Exponential,4.364288483344169,0.0247914649682353,1.2209964470408077,0.0026403049850572,14.632917672264108,0.0280690347197592,4.21695304596931,0.0105037772685733,3.470021485359124
6149,6149,Day2,7A1,Exponential,3.862731478536751,0.0177677893613762,1.046422543380777,0.0017484831372948,10.167415048530613,0.0154113305115346,2.5270425613448535,0.0051586365194568,4.023444323438569
6150,6150,Day2,7A1,Exponential,5.007491551964577,0.0310342487675421,1.4128707115837402,0.0039118315205678,19.992477806636646,0.0479082610700531,6.355059697262006,0.0179418915069463,3.1459150281861463
6151,6151,Day2,7A1,Exponential,5.219182793014209,0.0315670582406022,1.352524404895322,0.003318758042363,19.583788827832567,0.0489727069983624,5.999514468948958,0.0186273556475719,3.26422895205775
6152,6152,Day2,7A1,Exponential,4.66268932488872,0.0288928777590713,1.1275395561986217,0.0023059432393403,15.094178942808096,0.0281696933489365,3.8929150012987073,0.0103944592179099,3.877346137219168
6153,6153,Day2,7A1,Exponential,3.3203748163039624,0.0141302121861632,1.2867797345936256,0.0032000893876064,11.454530041264997,0.0174872640624595,3.134142140264594,0.0068972900099522,3.6547576748698356
6154,6154,Day2,7A1,Exponential,3.742534483306437,0.0160063376295342,1.324232436789477,0.0035298769649762,15.397182117182307,0.0309222468049055,4.477832961690341,0.0120031657181861,3.4385342751530446
6155,6155,Day2,7A1,Exponential,6.101369524182569,0.0450828517962903,1.3460904080961782,0.003420656048582,21.727125559723632,0.053949239756259,6.678629069796155,0.0184889086864638,3.2532313642007353
6156,6156,Day2,7A1,Exponential,4.809906083469688,0.028615625528099,1.3487921113447132,0.0034154835320024,18.611216594909585,0.044720192146511,5.802617588820177,0.0174033348193486,3.2073829284851647
6157,6157,Day2,7A1,Exponential,4.377936910521809,0.0227299689526095,1.2018201958599914,0.002642166665476,15.147086665094776,0.0299330592483767,4.113150932566978,0.0110140499178437,3.6825992805573082
6158,6158,Day2,7A1,Exponential,3.7268900615884313,0.0168531236074337,1.2226909301846585,0.0027390346267381,13.638850216844904,0.0264809341461277,3.705442212876146,0.0083082988771881,3.6807618182388264
6159,6159,Day2,7A1,Exponential,4.948781445236622,0.0325049558269597,1.2097624338933388,0.0027221399223115,18.813289059746097,0.0428063803048522,5.226676708357546,0.0145193629400501,3.5994744097455507
6160,6160,Day2,7A1,Exponential,4.739038427735167,0.0286584633196471,1.2827873499716385,0.0028904125781106,16.677088583798795,0.0352579542584307,4.940480178045781,0.0131506732646272,3.3756007478599903
6161,6161,Day2,7A1,Exponential,3.5116485137516458,0.0141203742143054,1.2690458363071138,0.0029777889144247,12.28170250657724,0.0207792049839746,3.4241993762698466,0.0081275235161503,3.5867369732297303
6162,6162,Day2,7A1,Exponential,4.261248907372455,0.0231731475620262,1.2437853870002156,0.0030276364451383,15.43466393421409,0.0326460507176424,4.357195507455355,0.0112900961381613,3.542339082055119
6163,6163,Day2,7A1,Exponential,5.4628506034695805,0.036053238862568,1.3593831144369362,0.0035228314436425,22.524926549611106,0.0604550124772076,7.115638037053828,0.0219628464533756,3.1655526085384422
6164,6164,Day2,7A1,Exponential,5.375840199173235,0.0383741834707159,1.298143737705695,0.0030850964890584,20.4206298656319,0.0470939869170241,6.159036285399654,0.0177088955584426,3.3155560252242977
6165,6165,Day2,7A1,Exponential,3.3425835128252266,0.0133487960922108,1.3769447979407532,0.0034115723657601,13.459876442993906,0.0255845859342966,3.9556424203499216,0.010258532336798,3.402703028400435
6166,6166,Day2,7A1,Exponential,3.829714908771148,0.0175002213890356,1.205810287878849,0.0026303140727991,13.715882453738692,0.0255792432127163,3.9186700577823896,0.0103645133529739,3.5001371004683746
6168,6168,Day2,7A1,Exponential,6.60538200742848,0.0509011580000052,1.255277167509505,0.0027506611890457,13.96779666370542,0.0252927931374293,3.8948645980795553,0.0101274028616902,3.5862085348467656
6169,6169,Day2,7A1,Exponential,3.4410413509137134,0.0147850596152612,0.9888471296827092,0.0014435355354256,9.620872066800072,0.0149714066346693,2.4461014872161995,0.0049530671061634,3.93314509519765
6170,6170,Day2,7A1,Exponential,3.358390389556506,0.0136454276692204,1.2598457793255595,0.0030310768004649,12.624856374913165,0.0233940383080794,3.479946829196575,0.008216055023651,3.62788772201669
6171,6171,Day2,7A1,Exponential,3.2682347194283556,0.0136301987542653,1.2806475485654796,0.003045385630499,11.9457514664477,0.0213828552802112,3.342303083765359,0.0085280233988357,3.574107783483807
6172,6172,Day2,7A1,Exponential,4.879373049372813,0.0279129446328439,1.2951777968703764,0.0031437266466746,20.176152616483005,0.0446779960654015,5.951933342812231,0.0178630956818155,3.389848550781983
6173,6173,Day2,7A1,Exponential,6.207338309114444,0.0496825549719602,1.2287347927821952,0.0030175631236152,23.443741001898346,0.0607455727820137,6.746061805193827,0.0217950940909291,3.47517435785259
6174,6174,Day2,7A1,Exponential,3.0269953456128236,0.0129155321930998,1.2471732792213033,0.0028192040495265,10.84818201068444,0.0184317904287198,2.923721714822633,0.0066012239079199,3.7104016964701247
6175,6175,Day2,7A1,Exponential,6.185111137444879,0.0471100767833425,1.2868807226003809,0.0029431002870051,22.35471455490571,0.0564031052147716,6.652258400644808,0.019316111297529,3.3604699650180234
6178,6178,Day2,7A1,Exponential,5.072293103557364,0.032317077593831,1.3278372000088456,0.003272183585946,19.14791396300304,0.0409102762934233,5.735236702139244,0.0165007485151969,3.338644062565171
6179,6179,Day2,7A1,Exponential,3.7197186372617894,0.0161268601499321,1.135177821703063,0.0021740226915279,11.277509706594993,0.0185024778939159,3.0991087982758745,0.0072629530684512,3.638952499140722
6180,6180,Day2,7A1,Exponential,5.462069580398061,0.0346157706713448,1.2152618189379434,0.0026583453538182,19.26252414337172,0.043028717098921,5.5220970462264365,0.0157646116584836,3.488262517322998
6182,6182,Day2,7A1,Exponential,11.45868015846812,0.1283454050909567,1.265853883636552,0.002794627844591,25.352596560046372,0.0698697670096791,7.545012413467333,0.0231167734652286,3.3601795690612404
6184,6184,Day2,7A1,Exponential,4.169130507170409,0.0214518880877233,1.2590228779731378,0.003077072559197,13.801087123768744,0.0272882335372608,3.903609274374115,0.0098695960703384,3.5354683713783164
6185,6185,Day2,7A1,Exponential,2.652076325794918,0.0135845829304571,1.1346421600209204,0.0020900377651127,8.202779762479928,0.0102431508014391,2.1592491920784855,0.0038206699156903,3.798903708091219
6186,6186,Day2,7A1,Exponential,4.6428775476442965,0.027940812275854,1.2298587710391975,0.0028231831962859,17.120136077487878,0.0379746441728248,4.77313788118885,0.0133802243238539,3.586767552841727
6187,6187,Day2,7A1,Exponential,6.58138555257629,0.0550601035464985,1.211551764220569,0.0026765512297212,24.953427158232,0.0664197303504569,7.200053963435734,0.0220392058238962,3.4657277966184408
6189,6189,Day2,7A1,Exponential,4.907400930248807,0.0294341974492508,1.2936475059647423,0.0033806963327302,18.83953927630556,0.0410267885500638,5.708797366311046,0.0158572062158736,3.300088979770434
6190,6190,Day2,7A1,Exponential,4.392804261284946,0.0227981242496155,1.2935261897538917,0.003224761201891,14.963390829393507,0.0281623577057204,4.282193010503238,0.0111395786441318,3.4943289087371214
6191,6191,Day2,7A1,Exponential,5.262234976764618,0.0342279276631392,1.3095496455291271,0.0031597038766809,20.904823975502747,0.0518631597458499,6.293935075164171,0.0187294856219321,3.3214235173783493
6192,6192,Day2,7A1,Exponential,4.169094176914071,0.0199087160964178,1.2400385588295142,0.003097479704909,15.578857328770477,0.0334563856552213,4.356845008348556,0.0116497251793106,3.575719884209417
6193,6193,Day2,7A1,Exponential,4.285635431463133,0.020875573072692,1.2322979859753431,0.0027234188630334,16.057291317199308,0.033058143764553,4.472007118021553,0.0106185526604101,3.5906229336019404
6194,6194,Day2,7A1,Exponential,6.111606438864722,0.0452687756703301,1.102966256594847,0.0022570514597945,20.322345676529416,0.0525816337031773,5.276390637614185,0.0144613854847778,3.8515619999126014
6195,6195,Day2,7A1,Exponential,5.606780025002187,0.0387084545476085,1.2870949520890145,0.0030248131130383,22.034316033942137,0.0501621243692251,6.570482041854309,0.0197523169014745,3.353531125050249
6196,6196,Day2,7A1,Exponential,5.973192020507518,0.041470321050337,1.3150453252242524,0.0032607358914534,23.671574637012665,0.0559433544617264,7.174469996088523,0.0205115807950602,3.299417887302931
6197,6197,Day2,7A1,Exponential,3.6138276093734967,0.0155284861892107,1.320082990499061,0.0032833360906744,13.85831190682244,0.0267651257114808,4.0380191511482355,0.0107324638643069,3.431957944746682
6198,6198,Day2,7A1,Exponential,5.215907785116078,0.0328004154859204,1.19045620880556,0.0024474701268132,18.940140395623832,0.0435557049325583,5.2886026027331985,0.0155163469056206,3.5813128378818617
6199,6199,Day2,7A1,Exponential,3.1588732710464673,0.0124321226599447,1.3160604825547952,0.0033041922158464,10.73405644032978,0.0165343611817482,2.958558327327524,0.0066882619295978,3.6281375091313106
6201,6201,Day2,7A1,Exponential,4.293328298617487,0.0218965724286819,1.271269771266689,0.0032585457737895,17.264049997522058,0.037964111488176,4.9504968730723595,0.014695603628545,3.487336814901916
6202,6202,Day2,7A1,Exponential,4.460197216457922,0.0242865461561721,1.317177977752831,0.003254095271695,16.782384524192423,0.0392379953149705,4.909997598675023,0.0121972259046365,3.4180025930605744
6203,6203,Day2,7A1,Exponential,3.3278705484361093,0.0136812789243357,1.3376427013111925,0.0032511677978653,13.665695369916236,0.0268006696966647,3.934628002477341,0.0092205596806603,3.473186121105215
6204,6204,Day2,7A1,Exponential,3.984545487371288,0.0174656821081897,1.226685084100634,0.0025034315066999,13.854776006756966,0.0259127418307616,3.787931422305792,0.0097731955483861,3.6576100415047317
6205,6205,Day2,7A1,Exponential,4.697722116239869,0.0288172436328769,1.2805059268237018,0.0029722914607647,15.887302272116733,0.0360889036579079,4.616090009316895,0.0124989288579876,3.441722808708358
6206,6206,Day2,7A1,Exponential,3.798508459436678,0.0162949266722011,1.2965361935993809,0.0030434126026742,12.000721873117003,0.0213307301250833,3.5397380172498663,0.0092123210088988,3.390285330336605
6207,6207,Day2,7A1,Exponential,4.19283124509979,0.0226706008334922,1.275854308095999,0.003154019144534,14.073479253024669,0.0263848190450487,4.099940030552762,0.0100759240311309,3.4326061230527936
6208,6208,Day2,7A1,Exponential,4.584581048269293,0.0233305585990561,1.274613545423431,0.0031406920674049,18.69376803031871,0.0422768161196968,5.408646935633827,0.0152403877288062,3.4562744162793146
6209,6209,Day2,7A1,Exponential,3.600484440734993,0.0151645854355132,1.3827073223797215,0.003610005125747,14.07145606700176,0.0288007402093754,4.163904682533444,0.0113689577428143,3.379389572971749
6210,6210,Day2,7A1,Exponential,5.186461246888758,0.0345799988564156,1.3130616016279772,0.0033224324746605,20.443893187931447,0.0477157139492468,6.116340728023019,0.0165446204279365,3.3425039737018567
6211,6211,Day2,7A1,Exponential,5.721619293407278,0.038734724179943,1.2438873374462482,0.002920534295554,20.193320608255256,0.0452994050736456,5.860428427049681,0.0175943426666317,3.445707231070339
6212,6212,Day2,7A1,Exponential,6.01356218977429,0.045560200670757,1.24544383940241,0.0029223515405944,20.139778809641044,0.0462435727415154,5.7690191511203155,0.015534402004246,3.491023046045877
6213,6213,Day2,7A1,Exponential,3.090126230967125,0.0129257676969041,1.2415233942874593,0.0031110647508651,10.058320870320829,0.014154887590447,2.770444863108149,0.0059948730804413,3.6305796965172035
6214,6214,Day2,7A1,Exponential,5.143627741498788,0.0317763595995738,1.128181982798702,0.002074777805128,15.114107935853852,0.02943766401325,3.954415992862282,0.0108562739891509,3.8220834538234736
6215,6215,Day2,7A1,Exponential,2.257050763207855,0.0172374947509954,1.2664698274072064,0.0029391617481012,8.585419814805311,0.0117044787665192,2.1908532135059686,0.0043646549854078,3.9187562917856438
6216,6216,Day2,7A1,Exponential,3.936543995794189,0.0190200497822213,1.3226370344126526,0.0032575141758464,14.274338010289766,0.0266953710460298,4.103490677071076,0.0105960960707827,3.4785842429349136
6217,6217,Day2,7A1,Exponential,4.378297581314481,0.0229822371986478,1.1478172640851911,0.0024064572447593,14.618167179897055,0.0270313162956416,3.7950421537254018,0.0094367443587482,3.8519116752226683
6218,6218,Day2,7A1,Exponential,4.337016079903509,0.0237338834210405,1.243001482197532,0.0028173486357699,14.01787149124582,0.0263019641551408,4.011467793516515,0.0100443869364356,3.494449466577304
6219,6219,Day2,7A1,Exponential,2.7911362917851545,0.0136318316364962,1.202212435493168,0.0025646082210869,9.332111530180455,0.0137414660240139,2.528496046321354,0.0051965164432855,3.6907756070085664
6220,6220,Day2,7A1,Exponential,4.88964085250284,0.0327386686935591,1.217958066125178,0.0027889377939221,17.42469710281107,0.0411141955374147,4.837160174885587,0.0132009705747169,3.602257620758489
6221,6221,Day2,7A1,Exponential,3.931356789412448,0.0187762995027328,1.1479230330009846,0.0023280463364158,12.464981485228472,0.0227059758111775,3.6019791668327965,0.0088817173476662,3.4605923321285816
6222,6222,Day2,7A1,Exponential,6.740635860875828,0.0549946825769342,1.1616330619655928,0.0023731994105342,21.518912321654923,0.0557359058450386,5.850195060622596,0.0161646237392839,3.678323901795646
6223,6223,Day2,7A1,Exponential,5.17751916521794,0.0357492960782535,1.3044493307216871,0.0034179227505896,20.029253995721273,0.0472856723808444,5.9830111968613595,0.0150718821084333,3.3476878676457202
6224,6224,Day2,7A1,Exponential,2.7080689907085858,0.0139268827924783,1.235941507065869,0.0026902531584939,10.190623487473506,0.0164906680062698,2.662481727553759,0.0054215194086513,3.827490488295846
6225,6225,Day2,7A1,Exponential,4.226678875356328,0.0223811742337079,1.2425811494443997,0.0028446522171517,13.864813454099032,0.0285866243413515,3.839561668220338,0.0099438956866007,3.6110406999988265
6226,6226,Day2,7A1,Exponential,4.270630022874018,0.0222825846990816,1.255366797375176,0.0030653103667643,14.860590001028042,0.0304450062154863,4.274477645720508,0.0112415025331043,3.476586201335282
6227,6227,Day2,7A1,Exponential,5.22218253679285,0.0337847886777029,1.2050148624494428,0.0024501563396564,17.749229838432917,0.0377701750944662,4.882432357245809,0.0130803684438135,3.635325292749227
6228,6228,Day2,7A1,Exponential,4.319986585456597,0.0242271067015962,1.2285274502745378,0.0027334771667541,13.895083351899718,0.0266917250867765,3.8225361897819505,0.0093857090311256,3.635042982468751
6229,6229,Day2,7A1,Exponential,3.904794438973749,0.0188814922876853,1.2430127908809636,0.0026699130394076,12.432281291182743,0.0229849487250009,3.4968087704667012,0.0079625171772142,3.555322039964876
6230,6230,Day2,7A1,Exponential,7.367327974528534,0.0631273233229342,1.2253499100623373,0.0026835638083292,26.053448777432365,0.0673882628707139,7.565749515847191,0.022519787277976,3.4436044601874416
6231,6231,Day2,7A1,Exponential,6.1293856547040395,0.0482422635974135,1.338981255571421,0.0034891187940414,22.07442198036405,0.0526181475741634,6.7568553853904385,0.0202271401320263,3.266966765056568
6232,6232,Day2,7A1,Exponential,7.22260604293209,0.0606315519832454,1.2185027036000469,0.0025810985142725,24.458302556898055,0.0633264850788675,7.209464911859929,0.021491765916658,3.3925267486444004
6233,6233,Day2,7A1,Exponential,4.153229798982533,0.0183429335604967,1.1501946010224842,0.002274076875854,12.833733464492257,0.0229337557962826,3.482587523865383,0.0086057646437862,3.6851144089116468
6235,6235,Day2,7A1,Exponential,3.718928639431114,0.0164264156944168,1.3397799874302505,0.0032960103795834,13.423696764872162,0.0250257627729157,3.905553105206416,0.0095901896204109,3.4370795642177536
6236,6236,Day2,7A1,Exponential,6.67252433114867,0.0520449575126053,1.2580430147869692,0.0028564505959938,25.69771910056688,0.0659732321235526,7.582657554230418,0.0212282245458313,3.389012218576314
6237,6237,Day2,7A1,Exponential,4.313787257212378,0.0205155360174937,1.2789589171294735,0.0029793381498321,14.253322682328962,0.0293080391876834,4.07813338344321,0.0110243978052378,3.4950604460844623
6238,6238,Day2,7A1,Exponential,3.6004688988737388,0.0162115081830507,1.256424984783587,0.0030259767163486,11.365953192776669,0.0182214778710421,3.290767963644047,0.0076440502991036,3.453890799456589
6239,6239,Day2,7A1,Exponential,3.5030679420104107,0.0156060477979276,1.2040034928836545,0.0025571668859741,11.066357740093627,0.018253072426318,3.06499048280447,0.0068608183618147,3.610568385833256
6240,6240,Day2,7A1,Exponential,4.085662596016754,0.021378570551214,1.244144929709741,0.0028996995428583,15.48932386691008,0.0297029193622525,4.314847806160771,0.0110595651624546,3.589772933542247
6241,6241,Day2,7A1,Exponential,6.184610123604141,0.0476810484627843,1.3050884888028238,0.0031794943964158,21.746174252733763,0.0498025145827976,6.5152504960266375,0.0204458599321853,3.337734177065915
6242,6242,Day2,7A1,Exponential,4.7867316615558755,0.0315537408190135,1.23578949999247,0.0027824979392067,15.976591837978953,0.0315473300284101,4.666866024075864,0.011497324376024,3.4234091477144237
6243,6243,Day2,7A1,Exponential,4.306790760520198,0.0242909002090933,1.2558484901220592,0.0029872055454305,15.146204616312076,0.0298913189025818,4.291051605962201,0.011513221439923,3.5297185881584796
6244,6244,Day2,7A1,Exponential,4.9619419000348985,0.0291971139405958,1.2522347369447828,0.0029635907506738,16.90791480423123,0.0359776270682893,4.796252713592644,0.0128866578869749,3.5252343472882433
6245,6245,Day2,7A1,Exponential,3.925163830027009,0.0178373785853548,1.2469947991471326,0.002736778359761,14.352177458122254,0.0277390434260866,4.144632187722761,0.0114707124706589,3.4628350135957313
6246,6246,Day2,7A1,Exponential,5.080400245837389,0.032383048394273,1.2874376609391485,0.0032052506200589,15.727848371686497,0.0331177196294218,4.504348215028368,0.0117069583501745,3.4917034875793775
6247,6247,Day2,7A1,Exponential,3.75101387991546,0.0164005270582605,1.2578112856667891,0.003032247723636,13.686339383458694,0.027701679923456,3.915184850061052,0.0099168748889893,3.4957070758090194
6248,6248,Day2,7A1,Exponential,6.488361693909865,0.050839236458363,1.3301030428900245,0.0032750564472622,22.24961622868389,0.0544342669413284,6.774408819654864,0.0183809144614912,3.2843627866287295
6249,6249,Day2,7A1,Exponential,3.8603130806932913,0.0188824341278656,1.293848302874258,0.0032321009916871,13.574034706351672,0.026616265416241,3.81196468567208,0.0091745617702535,3.5609025333765545
6250,6250,Day2,7A1,Exponential,2.695195881178719,0.0136586085720584,1.322648900073928,0.0033431707519699,10.538908138029155,0.0179325024069018,2.8732083316992036,0.0065874262962276,3.6679930312594102
6251,6251,Day2,7A1,Exponential,4.48956387035289,0.0253242079196686,1.3031871955230676,0.0032238489719684,18.71662752014887,0.0401166441024761,5.519697466038789,0.0143993640397088,3.390879234832567
6252,6252,Day2,7A1,Exponential,3.778060496480994,0.0175351098831689,1.213750811137407,0.0027426400106377,12.700052664946408,0.0236515515445073,3.5322406426937976,0.0089140990746153,3.595466433244183
6253,6253,Day2,7A1,Exponential,3.6595360741290306,0.0158146830154169,1.345202686655402,0.0035042671054561,15.1882857301762,0.0302879189692459,4.462507851455073,0.0116621666207196,3.4035314302525683
6254,6254,Day2,7A1,Exponential,3.609570478058298,0.0172193679487185,1.1810540699665202,0.0023159073397342,11.124445696017515,0.0190582498141441,3.0719236500868465,0.0071765261867625,3.621328835989467
6255,6255,Day2,7A1,Exponential,4.916132756413336,0.0303432124826065,1.1656713393509863,0.0023799078942458,14.985644962981995,0.03169114210975,3.9624480585243345,0.010372319744392,3.7819158110460727
6256,6256,Day2,7A1,Exponential,3.567653467973468,0.0147050955343467,1.3681687760449686,0.003774440945159,14.085246421720353,0.0295355553920503,4.157576980697189,0.0112195681850333,3.3878498190449333
6257,6257,Day2,7A1,Exponential,6.435274256117517,0.0493071805832324,1.2224845407572746,0.0027973187945058,21.5861572031773,0.0506805303279636,6.130208986974182,0.0176867074694735,3.5212759057716956
6258,6258,Day2,7A1,Exponential,3.6154726953371865,0.0157405501484378,1.265804587971045,0.0032404048077853,13.58996209622964,0.0251791076985877,3.915792161024363,0.0104601481150427,3.470552454621221
6259,6259,Day2,7A1,Exponential,4.092633008225918,0.0207350006038055,1.2466250446399154,0.0028621196346245,15.41210482399964,0.0309373116839523,4.290818612160984,0.0111944856949159,3.591879829251893
6260,6260,Day2,7A1,Exponential,5.704797571469265,0.0417029920553276,1.275796294898082,0.0029733340950926,20.417354813269288,0.0489372168862833,6.022912181842756,0.0176250289241616,3.3899472874303878
6261,6261,Day2,7A1,Exponential,3.5881738411863027,0.014546512696446,1.2385625360134245,0.003011887802872,11.57452532139044,0.018563975808524,3.271941030156553,0.007662804560918,3.5375103691390897
6262,6262,Day2,7A1,Exponential,6.7555310044421475,0.0536643802026144,1.260572236717073,0.0029977250236981,25.28370625507494,0.0649387806692874,7.435068235614563,0.0226521293593095,3.400601777124787
6263,6263,Day2,7A1,Exponential,4.717537996050481,0.0281848130585052,1.3704644975387732,0.0035546116582583,19.12937138533499,0.0470979783227046,5.901328716372808,0.0173569534235185,3.2415363225339306
6264,6264,Day2,7A1,Exponential,6.322282965533823,0.0469744119835728,1.1832273101570272,0.0025843334837306,21.75929226846685,0.0526706552624789,6.007667048184528,0.0177353200076922,3.621920471615075
6265,6265,Day2,7A1,Exponential,3.6565192120888894,0.0163373087436055,1.2413661914378036,0.0027880879783463,13.428925690115586,0.0253530066253998,3.66879613677465,0.0084499180921082,3.6603085016114743
6266,6266,Day2,7A1,Exponential,3.09401913831083,0.0123206427776041,1.20698902582872,0.0025865636153631,10.264370858358,0.0162387099743262,2.7739706996603943,0.0059257180518455,3.7002448726710138
6267,6267,Day2,7A1,Exponential,3.6318937895077656,0.0147454145233435,1.2895522902984982,0.0035208855815626,12.701654380548725,0.0233346857327517,3.545953806829114,0.0093901900630576,3.582013492698846
6268,6268,Day2,7A1,Exponential,5.01205088509728,0.0300242012405563,1.300678129442649,0.0032406400445405,19.84201453983005,0.0448943483087626,5.873645087016308,0.0171350278440108,3.378143256168273
6269,6269,Day2,7A1,Exponential,3.5658218000206428,0.0153181274047143,1.112527451825907,0.0022042223906859,11.655373249464535,0.0203961533958905,3.2806152280893195,0.0081619243581819,3.5528010568471338
6270,6270,Day2,7A1,Exponential,5.199712157524233,0.0335056231778853,1.3263162882510768,0.0033636567878896,21.10554380033086,0.0489379618218811,6.3693890999313485,0.0190232669713014,3.313589964312016
6271,6271,Day2,7A1,Exponential,4.495409561333701,0.0235853938014687,1.2530487714012006,0.0027120910711348,14.714209072291208,0.0276155324444985,4.1406082859514415,0.0106705229606921,3.55363464885453
6272,6272,Day2,7A1,Exponential,3.62921096838572,0.016218069615312,1.2558456935934723,0.0029777879938425,13.79583614884978,0.0281962393828144,3.872863730187357,0.0096417599456438,3.5621795936988416
6273,6273,Day2,7A1,Exponential,5.155694141664774,0.0326667589159007,1.2914642256080138,0.0030429086855552,20.398972655925885,0.0466627329914716,6.4154652049720955,0.0192648111097797,3.1796560349382506
6275,6275,Day2,7A1,Exponential,3.942306783084712,0.0195950052103019,1.1887236919366595,0.0026462431179909,12.815020886484724,0.0222898592651256,3.505674434094055,0.0080813570416438,3.6555079849553724
6276,6276,Day2,7A1,Exponential,2.8086499878535554,0.0136934326635583,1.2152576722495323,0.0027994100916428,9.976921670045796,0.0149828365528683,2.610401476394708,0.0051185015529763,3.821987445327826
6277,6277,Day2,7A1,Exponential,5.075010849319673,0.0312000760535967,1.3527923041309775,0.0035136756804196,21.79124563696207,0.0509588496903729,6.693696566748335,0.0198189827339707,3.2554875201861484
6278,6278,Day2,7A1,Exponential,3.669343968523969,0.0166694307819848,1.2353156279138189,0.0027810360012054,13.462780485816054,0.0232109956229687,3.682960488083963,0.0099717245446213,3.655423545643299
6279,6279,Day2,7A1,Exponential,4.238868261539493,0.0224158282546726,1.1555906830570144,0.0023957936001098,14.676120993835276,0.0288772094083331,3.925581249490803,0.0102493587039698,3.738585463169041
6280,6280,Day2,7A1,Exponential,4.841370930595529,0.0291777914191767,1.2722989139854703,0.0031786584496652,17.453380212090877,0.0394080672946365,5.166588796578549,0.0148547653190244,3.3781245032794103
6281,6281,Day2,7A1,Exponential,3.1223994073882086,0.0130791979737053,1.1682229835098414,0.0024658675576763,10.576059380093051,0.0169833835541629,2.7483039718176983,0.0064179133318696,3.8482131119936347
6283,6283,Day2,7A1,Exponential,3.5358369642848557,0.0144617513517179,1.1662183949160931,0.0024024002048232,12.021688820728992,0.0217221417506215,3.2789380850308363,0.0079524558645376,3.6663360237300533
6284,6284,Day2,7A1,Exponential,4.529123323880065,0.0277562391837359,1.237463677513446,0.0027060697696298,15.348064620661557,0.034068760162053,4.374107993878322,0.0113843195855501,3.5088444643208563
6285,6285,Day2,7A1,Exponential,6.72173679590209,0.0548178893041,1.2941189605799228,0.0031441919776669,24.514636765414153,0.0612976744753111,7.343475806658523,0.0220835896139221,3.338287945768962
6286,6286,Day2,7A1,Exponential,4.223772150349886,0.0219019861464684,1.3246564017071818,0.0034431241264271,16.63700751057714,0.0348955702865842,4.9785208895658295,0.0135170233103204,3.3417570960575063
6287,6287,Day2,7A1,Exponential,3.4000050418833316,0.0150748912753324,1.2441248972155456,0.0029065108605649,12.468384135026556,0.0234431859685951,3.4411410223135106,0.0084602868599573,3.623328440821628
6288,6288,Day2,7A1,Exponential,6.472438390783456,0.0476561371136747,1.2646598821441213,0.0029391966878072,23.283765271153857,0.0597662764992017,6.839080077483596,0.019529835760503,3.4045171291108787
6289,6289,Day2,7A1,Exponential,4.857083127946922,0.0278212644788354,1.239086255222274,0.0027839622534014,18.70875267734114,0.0440544207098783,5.286988048734674,0.0140516829892345,3.538641000298586
6290,6290,Day2,7A1,Exponential,5.977011524391724,0.0439457107974082,1.2727393283547894,0.0030071311913132,22.034860685853353,0.0527483168982416,6.468586460010276,0.0180278664400298,3.40644139520682
6291,6291,Day2,7A1,Exponential,3.938043044796825,0.0187154291412696,1.336206474892647,0.0035119199305781,16.865099853149324,0.0367649064764674,4.99062859818575,0.0134846342978204,3.379353827147209
6292,6292,Day2,7A1,Exponential,5.041474229305112,0.0308608852071934,1.416689410546403,0.0037478534449133,19.263505675931825,0.0425669780671447,6.049746787252045,0.0179818133566685,3.184183793695904
6293,6293,Day2,7A1,Exponential,4.8240617016515905,0.0297152541035627,1.2607229194255032,0.0030162193870381,16.169701073680365,0.0350482700833738,4.561579508327595,0.0119157763153527,3.5447592317882535
6294,6294,Day2,7A1,Exponential,4.158620815261855,0.0217253693724726,1.3744820797948902,0.0038478652905507,16.648305296339263,0.0357948842975649,5.098435005277731,0.0138110368187634,3.265375606260644
6295,6295,Day2,7A1,Exponential,5.729745085409112,0.0413146916022445,1.236412704472228,0.0027048719572939,19.521643970535692,0.0458624269089518,5.646918498365178,0.0162565406468541,3.4570436913844858
6296,6296,Day2,7A1,Exponential,3.62285441610822,0.0157769705693731,1.3584377670144614,0.0037776323031798,14.495261884273576,0.0289436061400337,4.277244369520611,0.0116547977071215,3.388925352866427
6297,6297,Day2,7A1,Exponential,5.814945439321199,0.041814751780478,1.3198542241591016,0.0032936887920782,20.718043515989898,0.0495033737054494,6.216545128778277,0.0175505022837804,3.332726311288207
6298,6298,Day2,7A1,Exponential,5.329682699194312,0.0361878681145241,1.3159279997866131,0.0031960139379104,20.98671356265682,0.049842484157016,6.310409012035085,0.0186888205666022,3.3257295244462575
6299,6299,Day2,7A1,Exponential,3.983148779877728,0.0174443857288813,1.3268710833643984,0.0032364029109777,15.802882396792644,0.0294791893013537,4.615383848350216,0.0122065691815077,3.423958421668749
6300,6300,Day2,7A1,Exponential,4.724946546054473,0.0257542869062048,1.3489747742138192,0.0036359302768951,16.212169748811426,0.0336440155377849,4.906573742178454,0.013829309141146,3.3041732583057923
6301,6301,Day2,7A1,Exponential,2.934404156544062,0.0133713716332926,1.296606172891419,0.003220139041493,11.278573373050898,0.0188964507423738,3.173627108755877,0.0072052545668956,3.553843279802433
6302,6302,Day2,7A1,Exponential,5.644018362710805,0.0406848602739904,1.369080118041024,0.0032850949827595,20.477338360087057,0.0448556864609725,6.352177791797977,0.0186552467883835,3.223672106049628
6303,6303,Day2,7A1,Exponential,5.572672335065152,0.0376230380351972,1.273535668635884,0.0030687419694971,21.33763025444187,0.0503518856614281,6.296102047177496,0.0195663109056268,3.3890223021412744
6304,6304,Day2,7A1,Exponential,5.619181893282364,0.0383636733282598,1.2418595146385103,0.0028268353573917,20.917281988824215,0.0505654001597288,6.412360096674016,0.0184969520907312,3.262025474781689
6305,6305,Day2,7A1,Exponential,3.4567232553373204,0.0139344252331671,1.250384336126651,0.0027171782293516,12.511912946914926,0.0226913125457756,3.517859661530587,0.0091635524839438,3.556683367372055
6306,6306,Day2,7A1,Exponential,5.794232359298963,0.0439090417127803,1.2558014449678037,0.0029145239647539,22.255721017310925,0.0539813586021353,6.489839756797121,0.0197594396865546,3.4293174949352854
6308,6308,Day2,7A1,Exponential,3.505612343034215,0.0145073877423016,1.2400129985724448,0.0029775813592138,11.879182133218611,0.0213640626321221,3.439392277680533,0.0078737362042168,3.4538607911365458
6309,6309,Day2,7A1,Exponential,3.8375437323397175,0.0194331044839268,1.1552104699159635,0.0022558848032202,12.308439056801785,0.0211053938536212,3.276623797331208,0.0074380983462865,3.7564394993489763
6310,6310,Day2,7A1,Exponential,2.6781074237723574,0.0142027397509877,1.0303445050407514,0.0017104741640497,6.9255202523856925,0.0097602249353801,1.8992125704607992,0.0034006097133701,3.646521911291572
6311,6311,Day2,7A1,Exponential,4.038985815877106,0.0189488091123037,1.224012162306145,0.0028744921212058,13.279175564914762,0.0257513423301954,3.602571136312481,0.0089477537698209,3.686027301741794
6312,6312,Day2,7A1,Exponential,4.186029439454227,0.0216376162407912,1.3580249389494294,0.0034973698182558,14.550714074104697,0.0295435634613665,4.446696826505448,0.0117069567598798,3.2722523351203487
6313,6313,Day2,7A1,Exponential,5.303895842766997,0.0328238414046554,1.2134790735249932,0.0026704997125628,17.067836858790827,0.0376942464834701,5.006124561212547,0.0144261357219659,3.409391166778475
6314,6314,Day2,7A1,Exponential,4.8286297279975985,0.0294725587927347,1.1863360616843792,0.0026977294358349,16.82118767918864,0.035609589470939,4.562621148707303,0.0125242994452828,3.6867377612437693
6315,6315,Day2,7A1,Exponential,4.985075725655134,0.0304403335785079,1.1141301678946742,0.0023186616496786,14.132013239785993,0.029582366303546,3.82577609551872,0.0090798775708992,3.6938944901504738
6316,6316,Day2,7A1,Exponential,3.843926104672661,0.0159967674852766,1.347845660091041,0.0035696815916172,15.502280115194338,0.033938135259154,4.585688888488095,0.012558127769048,3.3805782494558745
6317,6317,Day2,7A1,Exponential,3.837841633559764,0.0177703871740889,1.2898008547674316,0.0030016571941554,13.629978742632533,0.0243449349985316,3.845441750971341,0.0099772055356747,3.5444507095159254
6318,6318,Day2,7A1,Exponential,5.141323691653489,0.0316031140243044,1.298146970027085,0.0031594521579401,19.249621049043803,0.0427669258300552,5.667806498966843,0.0145750344147601,3.3963087929259275
6319,6319,Day2,7A1,Exponential,5.280674573998658,0.0316623461680456,1.2199218239607206,0.0027887828722887,16.228218134400176,0.0341126160351082,4.6104730994293,0.012340887719758,3.5198596292447646
6320,6320,Day2,7A1,Exponential,3.9066612428505394,0.0164719975125157,1.145806015962196,0.0022543071978751,12.51481476940586,0.0208950780025899,3.455629027146587,0.0082035310080094,3.6215735749099505
6321,6321,Day2,7A1,Exponential,5.050231022764481,0.0322812944570915,1.3521365860909405,0.003410178591424,20.055658127301463,0.0441931333979281,6.152688223043073,0.018738092497472,3.259657795138868
6322,6322,Day2,7A1,Exponential,4.256099737111974,0.0213546563578405,1.3104271754522967,0.0030211943293457,15.627421867302544,0.031578391611545,4.519021289438195,0.0123161914543505,3.458143006280315
6323,6323,Day2,7A1,Exponential,4.243701382505289,0.0220145131024967,1.2775607783460017,0.0031109933042925,15.019404628188392,0.0309612373812004,4.567154594526089,0.0113752951574042,3.28856935260955
6324,6324,Day2,7A1,Exponential,4.391078942327233,0.022699688864479,1.2777295116450296,0.0030107334337187,16.75713775066924,0.0386750372749635,4.870286317446231,0.0131770070561115,3.4406884233155237
6325,6325,Day2,7A1,Exponential,4.958325845939021,0.0320128639932067,1.3058355203270953,0.0033879371892398,19.143438983254377,0.0405168429127088,5.648382899764799,0.0162807541780229,3.3891893171851923
6326,6326,Day2,7A1,Exponential,4.115540070429306,0.0201319368264037,1.2813845010790357,0.0029158014422641,15.339924772527024,0.03192375300765,4.384800531506485,0.0110261566644598,3.498431607619033
6327,6327,Day2,7A1,Exponential,5.308445495259351,0.0362093556718521,1.3018321302508442,0.0032803229831629,22.05315701177167,0.0513716256538733,6.594322645127049,0.0184764752986877,3.344264179743784
6328,6328,Day2,7A1,Exponential,6.375660485684434,0.0476916718459659,1.2586351214877445,0.0026399669382214,21.55867484230388,0.0514447318609207,6.288118948381034,0.0197765402190073,3.428477581177829
6329,6329,Day2,7A1,Exponential,7.366792384190481,0.0671032937641968,1.1327465695720524,0.0022043374104344,26.45399900662302,0.0605119327393969,7.171890370226362,0.0208131072666639,3.688567119827303
6330,6330,Day2,7A1,Exponential,3.933220399594444,0.019335521300744,1.1583343234789567,0.0025479133438786,13.390656733197243,0.0271131423619044,3.7086760124620377,0.0096532815891046,3.6106299628766267
6331,6331,Day2,7A1,Exponential,5.251961239926658,0.0352394663273136,1.281431544019619,0.0031750945392395,21.00171840328417,0.0485742986390684,6.153497999097567,0.0180014031549291,3.4129723299437407
6332,6332,Day2,7A1,Exponential,5.960304454284454,0.0480347585583987,1.254236610681314,0.0030553827989336,20.936132544542737,0.0502605047990509,6.121086121047507,0.0171122357022192,3.4203296817787487
6333,6333,Day2,7A1,Exponential,6.265577168836772,0.049781121581722,1.1435600021527594,0.0023275642171896,21.051847725744327,0.0482825456059356,5.74218142114436,0.0156130650299515,3.666176002072206
6334,6334,Day2,7A1,Exponential,4.2851819525819375,0.0217705560149337,1.3610051558758705,0.0036766833033534,16.278127492711832,0.0344505872043422,4.909283992178298,0.0132411646260234,3.3157844440547564
6335,6335,Day2,7A1,Exponential,3.790244650215151,0.0176089664335242,1.2639971945615145,0.0030509746769891,14.513869612093943,0.0286507586881947,4.091530320419749,0.0107421236910493,3.547296115504521
6336,6336,Day2,7A1,Exponential,4.778959350755598,0.0256625012181637,1.168974346205547,0.0025292843781826,15.126805642755826,0.0309167274235822,4.221646305747589,0.0114894069529397,3.5831532409906854
6337,6337,Day2,7A1,Exponential,5.542117914735751,0.0399570209431304,1.2960264231025818,0.0034697017947896,22.369479307135947,0.0539071679679263,6.683266601407048,0.0199694425207603,3.347087680510371
6338,6338,Day2,7A1,Exponential,4.0597497002834855,0.0197205387028625,1.369781688121152,0.003510210077979,14.97588102390835,0.0281725093391939,4.455721943266817,0.0119815835159497,3.3610447901801592
6339,6339,Day2,7A1,Exponential,5.174648442462473,0.0320461803856884,1.2103139712065067,0.0026752614669811,19.58579056181369,0.0489681145650466,5.499957715449597,0.0152778183217011,3.561080207361674
6341,6341,Day2,7A1,Exponential,5.577949323353587,0.0381790749488873,1.3712105285341258,0.0036617402052175,23.440161817174253,0.0556621700154573,7.345341519360835,0.0239010071864362,3.191160241547752
6342,6342,Day2,7A1,Exponential,5.700576546932172,0.0442232804524487,1.211232640881864,0.0026296310745763,21.45825120761667,0.0517576845549314,6.0237463573145575,0.0172100049232278,3.562276685431848
6344,6344,Day2,7A1,Exponential,4.802982554649448,0.0264639425856917,1.200739443391069,0.0023960094698965,15.977487554277875,0.0303956740235727,4.5962513015453315,0.0125710938297979,3.476199734532791
6345,6345,Day2,7A1,Exponential,4.249945390530507,0.0233100063798975,1.2799882998320569,0.0034149795009459,16.541806656831024,0.0348020125418048,4.749834250394424,0.013246021601376,3.482607136334789
6346,6346,Day2,7A1,Exponential,5.62850901251738,0.038409042080236,1.3667742298576118,0.00327657740958,19.766777903654475,0.0492716937859424,6.134346558628737,0.0178909377978471,3.2223118982167698
6347,6347,Day2,7A1,Exponential,6.287627325477769,0.0470097056230229,1.269013981634954,0.0029368192523557,23.730150485212107,0.0613353738347296,7.098008367497442,0.020752336724579,3.3432125261890455
6348,6348,Day2,7A1,Exponential,3.8869620231092687,0.0187054731952757,1.2121684171885097,0.0026894142495195,14.491028106194578,0.029093277245014,3.9235205255624335,0.0106021510003244,3.69337384927209
6349,6349,Day2,7A1,Exponential,3.3076096350057167,0.0133166024773161,1.2828281572252422,0.0030467811052126,11.880239943076736,0.0211501409591036,3.2836272880894835,0.00747096056313,3.6180232714502227
6350,6350,Day2,7A1,Exponential,4.354616835820983,0.0237322512886157,1.2356122954458932,0.0028696711969561,15.836470254033408,0.0338168200266683,4.432289729481659,0.0107050776437135,3.572977224096185
6351,6351,Day2,7A1,Exponential,4.923266890585871,0.0287670307588824,1.2732130507700474,0.0031964772849744,17.7830049479505,0.0390128150768645,5.113799168014753,0.0139889574010457,3.4774546992728506
6352,6352,Day2,7A1,Exponential,5.4768698272735366,0.0366363574938018,1.2567493397477043,0.0030651063101509,17.422603802252453,0.0361799028759798,5.000740997432221,0.0132224834627223,3.484004432782783
6353,6353,Day2,7A1,Exponential,4.847248933491966,0.0297511114646639,1.1724352703652736,0.0023751963264138,16.774953695417725,0.0339700711751695,4.722978690632406,0.0126847486994757,3.5517741650389625
6354,6354,Day2,7A1,Exponential,5.42599107562464,0.0349555898114151,1.2956383149723092,0.0032930797868346,22.199487306305222,0.0584597403774828,6.619987464640325,0.0221331989328619,3.3534032239306297
6355,6355,Day2,7A1,Exponential,4.058241402152367,0.0199630235165268,1.232983627954508,0.0030405557015393,14.508647062297465,0.0281468208996584,4.01388693154327,0.0104358977636521,3.6146127954628606
6356,6356,Day2,7A1,Exponential,3.3293115963565505,0.0146108449127568,1.1906572793514771,0.0024096113191984,12.321370501318818,0.021501123828225,3.2245312735894753,0.0074543457910873,3.821135370041844
6357,6357,Day2,7A1,Exponential,5.592390591953854,0.0416830987630108,1.3915513525225602,0.0038346515166166,23.551597677813827,0.0599932681391243,7.476542528758197,0.0242800183428914,3.1500653660731053
6358,6358,Day2,7A1,Exponential,4.101287943512879,0.0213860489965524,1.2586989144234428,0.0029216480597747,16.579410909353868,0.0345999330886379,4.677784851851358,0.0126490656506099,3.544286758462635
6359,6359,Day2,7A1,Exponential,6.303266501338208,0.0464898303669848,1.224320345974139,0.0029983379106102,19.805374725073506,0.0441949169327956,5.6671530238943975,0.0164398813929375,3.494766180049872
6360,6360,Day2,7A1,Exponential,5.993458463218862,0.0458716872154597,1.2489713837099905,0.0028275804905969,19.736635662907396,0.0445577328657244,5.803406513813072,0.0165071215857845,3.400870784414451
6361,6361,Day2,7A1,Exponential,5.675766653811883,0.0390620250465925,1.3406506005487744,0.0032619934044381,24.259928863794304,0.0569711451727004,7.470532834579034,0.0230334662535717,3.247416134964536
6362,6362,Day2,7A1,Exponential,5.8606372235442095,0.0439388438900134,1.2865127907461806,0.003109835151512,20.990285129513182,0.0476147587909226,6.235929506791135,0.0175780187473628,3.3660234784011047
6363,6363,Day2,7A1,Exponential,3.9511090792262302,0.0169682536830191,1.1077515810924736,0.0022214552005864,12.617207195222283,0.0226994084181742,3.211853276108662,0.007685657504604,3.9283261439976886
6364,6364,Day2,7A1,Exponential,5.858137717197651,0.0417690329983042,1.2105072536277994,0.0026746553396361,20.18517194880145,0.0481660120578877,5.631663244237769,0.0154773921381824,3.5842292185092224
6365,6365,Day2,7A1,Exponential,3.2108318151663933,0.0138694507747358,1.2773036319378528,0.0030892076217439,12.163893988988232,0.0207929787506999,3.3378974807524653,0.0080875652909494,3.6441784264285175
6366,6366,Day2,7A1,Exponential,6.40332557324347,0.0509287335233247,1.2777586059854322,0.0029742977871394,20.954085811949493,0.0514773529225128,6.237664418858809,0.0178620928908661,3.3592839250212627
6367,6367,Day2,7A1,Exponential,3.7327697710754366,0.0164473225907128,1.1010136696119426,0.0020389229588983,10.4604972928113,0.0167615888138634,2.681482027300568,0.0058287047533359,3.9010133897268076
6368,6368,Day2,7A1,Exponential,6.593480781387152,0.0523215284367103,1.3074933929994017,0.0032022520881605,24.852385801687667,0.0594341140802602,7.5136098085799805,0.0217684273487226,3.3076492438172798
6369,6369,Day2,7A1,Exponential,4.752783473575739,0.0269352025072888,1.163674849948145,0.0023011065472032,15.937612982315056,0.0342160624248139,4.345017506503207,0.0113353398337909,3.6680204299432995
6370,6370,Day2,7A1,Exponential,6.124157484937616,0.0487993962989601,1.330820249213431,0.0036124133723759,24.57518864894315,0.0609441148053213,7.552420473547063,0.0229405276190688,3.2539486824150816
6371,6371,Day2,7A1,Exponential,5.404375646679564,0.0358572002546848,1.3193703886115786,0.003264001709799,22.83819419426879,0.0537209653726215,6.905172808170673,0.0220124937016361,3.307403714392937
6372,6372,Day2,7A1,Exponential,4.033171589849996,0.0180388247454225,1.1519778371074745,0.0022222114702454,14.66216019421694,0.0304753039636349,3.8289834636693096,0.0098424203848216,3.8292565986080835
6373,6373,Day2,7A1,Exponential,4.823692491170281,0.0294641793847698,1.416676325761122,0.0037636118705163,18.293762764503,0.0397135291108973,5.706788020715367,0.0163162674571609,3.205614559029969
6374,6374,Day2,7A1,Exponential,5.218009138999463,0.032728978234304,1.166688863343177,0.0022714635941931,19.353860668569517,0.0458253478773339,5.246089609275294,0.0145574515601277,3.6891974994767773
6375,6375,Day2,7A1,Exponential,5.477363813367407,0.0365578396117318,1.2932216842466289,0.0031944980048776,20.48361950350851,0.046515517919224,6.060990100748828,0.0179029215801129,3.379583065311026
6376,6376,Day2,7A1,Exponential,6.156772101369691,0.0452001085250894,1.3368606068424054,0.0034978854657449,24.090042239263703,0.0612859692628146,7.433146779551244,0.0224484880415131,3.240894193766758
6377,6377,Day2,7A1,Exponential,5.720828622577157,0.0432256543399456,0.9437318941235712,0.0012785310737629,13.894600166045604,0.0267563796563533,3.3261515366988896,0.0084813434368771,4.177380378717079
6378,6378,Day2,7A1,Exponential,5.379196476102069,0.0335066605643664,1.3692779765720169,0.003549676140942,20.50300470559572,0.0506874690905782,6.324011248303034,0.0182090618795509,3.2420885891209377
6379,6379,Day2,7A1,Exponential,5.129852150548704,0.0347816817190815,1.218132379943521,0.0029697625916835,17.52163860681752,0.0383808890482608,5.2344144078145245,0.0145295206815436,3.3473923235155474
6380,6380,Day2,7A1,Exponential,5.1316426500780805,0.0356887725609718,1.4015151740303895,0.0034128443965661,20.994406006886592,0.0503351742278292,6.654934136392302,0.0200745765858416,3.1547128155753383
6381,6381,Day2,7A1,Exponential,4.6252513611352954,0.027116928421835,1.1868319766738065,0.0026347047227974,16.057412998093977,0.0326853677641001,4.390396855443478,0.0118430706879621,3.6573944285207456
6382,6382,Day2,7A1,Exponential,3.9192699575669465,0.019625615181571,1.4272366330593549,0.0038836587471312,16.278260159020977,0.032824995101584,5.063781868006785,0.0135920894343713,3.2146448214659085
6383,6383,Day2,7A1,Exponential,4.775207897783242,0.0282750718566153,1.2291125528282385,0.0029673481368544,15.089581782925798,0.027745641955235,4.542531459702426,0.0122251458832868,3.321844200043095
6384,6384,Day2,7A1,Exponential,3.451598120429378,0.0153707240624801,1.2888551178098069,0.0031195392417112,12.40001121375012,0.0218094403432934,3.5092928276249653,0.0085422468647273,3.533478630263595
6385,6385,Day2,7A1,Exponential,3.8990568319267305,0.0186875248006396,1.3097138547154246,0.0032532256410234,14.987182982081292,0.0283423384759629,4.410593873535055,0.0120757787337211,3.3979965990541734
6386,6386,Day2,7A1,Exponential,3.8102533493106727,0.0175055299014928,1.2564356969044073,0.0027417246578662,13.244476998619648,0.0239073165954966,4.003168203940081,0.0103727491569286,3.3084987499610667
6387,6387,Day2,7A1,Exponential,3.320302012041773,0.0137062002855423,1.3198254596714525,0.0032857615608268,11.9980973271871,0.0220331164126385,3.4241271536922877,0.0087354222018318,3.503987085949589
6388,6388,Day2,7A1,Exponential,3.73687281058249,0.0174549178280797,1.2804230890406634,0.0028888939548707,12.929279246949664,0.0244995080864086,3.771529936677344,0.0098605457977642,3.4281258438956335
6389,6389,Day2,7A1,Exponential,3.9449316986709,0.0188679819942539,1.3178825596229198,0.0033740993763787,15.074581366241707,0.0292720284290804,4.350700620110708,0.011508630779521,3.464862945650836
6390,6390,Day2,7A1,Exponential,4.876207244935834,0.0303985334675459,1.458919076096762,0.0042491500387957,19.910119637859054,0.0460510708595208,6.417317491038464,0.0188664526213231,3.1025611037108214
6391,6391,Day2,7A1,Exponential,3.4444522156731936,0.0143027370675715,1.105779619081903,0.0021161454456668,11.25818248740832,0.018050782954708,2.783989913627266,0.0057236814794673,4.043902038689505
6392,6392,Day2,7A1,Exponential,4.305001727868883,0.0226255110042206,1.384224509924172,0.0037689128903339,18.83771620594326,0.0474160894279287,5.824339848353331,0.0169099833376832,3.234309243007016
6393,6393,Day2,7A1,Exponential,6.237155470582402,0.0493893155997496,1.327021031686702,0.0032786817392796,24.83143026814227,0.0612333265852977,7.609844122894818,0.0204658372440139,3.2630668732668187
6394,6394,Day2,7A1,Exponential,4.454527972601059,0.0239315368999719,1.403348901685238,0.0039421077734125,18.471744700811,0.0387215890569876,5.7302804769392655,0.0164458546472865,3.223532386442169
6395,6395,Day2,7A1,Exponential,2.8453342955640974,0.0134167530317719,1.2450069892327105,0.0030074528724658,11.08972820605046,0.0184459469195944,2.9374898471104696,0.006607183000735,3.775239671707846
6396,6396,Day2,7A1,Exponential,3.948308651532382,0.0194549009318762,1.2326669209101095,0.00279773095329,14.754997211449815,0.0285553593504001,4.056451827153131,0.0108483220070116,3.637414627404822
6397,6397,Day2,7A1,Exponential,4.789235137955946,0.02733324526339,1.4721653706400768,0.0041566526080489,20.600676058992935,0.0491178633029342,6.882941088106314,0.0211230219514524,2.993004850003844
6398,6398,Day2,7A1,Exponential,6.355128169371877,0.0491352631943442,1.3327282683696549,0.003323516918858,25.009067061345288,0.0612387081862881,7.699012886605042,0.0228163804971698,3.2483472140768543
6399,6399,Day2,7A1,Exponential,3.471065665625607,0.013958554467923,1.4141105176097764,0.003556218538727,14.7234179082519,0.0293204485756575,4.455045716082432,0.0116264894571688,3.304885930822505
6400,6400,Day2,7A1,Exponential,4.490299518542553,0.0250673389855748,1.2554057532748797,0.0029424274958457,15.036109742370057,0.0295622412787043,4.2302952679647134,0.0116450967217209,3.554387764900452
6401,6401,Day2,7A1,Exponential,5.234562074385715,0.0343183559487295,1.2331265972064662,0.0027192434647567,19.505774456475237,0.0456957752879767,5.508301718552698,0.0148853127273422,3.541159408675305
6402,6402,Day2,7A1,Exponential,4.212320186627194,0.0197715020363255,1.326750862445043,0.0033313397822153,15.927627013181892,0.0324937238797812,4.69007489480836,0.0123039754259778,3.396028287482754
6403,6403,Day2,7A1,Exponential,5.551190239481406,0.0408445228278584,1.2496614648122353,0.0029995133545874,13.394910355595265,0.0245285866798887,3.7111182676007792,0.0095103664331382,3.609400021696159
6404,6404,Day2,7A1,Exponential,5.116588468316747,0.0308521908945693,1.2423850346811218,0.00298084732461,17.911660293398885,0.0404974827498314,5.075558339169621,0.013946634402098,3.529002938488398
6405,6405,Day2,7A1,Exponential,4.353965339391731,0.022759879217734,1.1914150083559445,0.0025181169510385,14.56612802045792,0.0286871181776689,4.216378744006796,0.0109574317098214,3.4546536032044948
6406,6406,Day2,7A1,Exponential,4.5531651650392835,0.0267615758901417,1.363083770788918,0.0035885610019538,18.702475994312852,0.0452725698391017,5.757102072679719,0.0173743163794442,3.248592044783312
6407,6407,Day2,7A1,Exponential,5.574907603562529,0.0391321108256648,1.3196159916981214,0.0030415069581716,22.664543372626316,0.0532342265820696,7.023256013796874,0.0207629132472731,3.2270706532842928
6408,6408,Day2,7A1,Exponential,3.2878789514080276,0.0143655340702607,1.1575820327908573,0.0023957059312792,10.57692840432436,0.018213738986901,2.872998649468818,0.0068219872089389,3.681494387851488
6409,6409,Day2,7A1,Exponential,6.247786361872217,0.0496562771835672,1.1887137515358064,0.0023576638775486,20.58496774122912,0.0484919209710252,5.759049718657535,0.0170404781794904,3.5743688189633454
6410,6410,Day2,7A1,Exponential,4.034962220787418,0.021105781269238,1.310049364325286,0.0031348015384396,13.945775527478323,0.0282845016988673,4.071238316021986,0.0095553521682955,3.4254382684000593
6411,6411,Day2,7A1,Exponential,5.339731134740173,0.0327051804773914,1.1519629038386574,0.0024633737684382,18.5294768568532,0.0393653806642304,4.940739973507032,0.0128455338983305,3.750344473947416
6412,6412,Day2,7A1,Exponential,4.5534773173234315,0.0228928521601704,1.305337265841136,0.0033062634787333,16.986067063439894,0.0383985167989345,5.034383946957481,0.0149163729895283,3.3740110492973794
6413,6413,Day2,7A1,Exponential,4.877463799956937,0.0298061285986483,1.3563030512735454,0.0034604006429869,19.409139021567857,0.0431096830496118,5.909151414603358,0.0166668345293885,3.2845898945154484
6414,6414,Day2,7A1,Exponential,5.226494010241473,0.0357676794302163,1.1662381598049474,0.0025818023896492,15.088659056847494,0.0309679258544913,4.218697286555988,0.0111829500244683,3.5766157256486633
6415,6415,Day2,7A1,Exponential,5.760258192281086,0.0402882899725832,1.313203819848375,0.0033777140042078,23.914357824867192,0.0563013404119077,7.242907952554344,0.0212127448253928,3.3017619416843975
6416,6416,Day2,7A1,Exponential,3.654510939152976,0.0163976274371277,1.219682967100968,0.0026418793345744,12.830421091270408,0.0246145001632623,3.4396331544205805,0.0088687105887149,3.7301713628329476
6417,6417,Day2,7A1,Exponential,4.350666946129799,0.0236062008930369,1.243151197096299,0.0028389243266817,15.408628638722812,0.0304963098820599,4.349610102607219,0.0117382392916209,3.5425310028332557
6418,6418,Day2,7A1,Exponential,6.166225911434799,0.0451125715683918,1.2901753033146974,0.0030787580913534,21.895122366794148,0.0500211279390585,6.48478988933365,0.0199133229868121,3.37638115350627
6419,6419,Day2,7A1,Exponential,4.345615946005975,0.023349494679386,1.216460864034454,0.0025433005199402,16.41271136112571,0.03332633985846,4.542110950722489,0.0110779486188483,3.6134545234997013
6420,6420,Day2,7A1,Exponential,5.081519016912974,0.033315985894031,1.3630616468403085,0.0033578592017112,21.281850475197498,0.048504262307406,6.566907030124158,0.0199065178409402,3.240772311465955
6421,6421,Day2,7A1,Exponential,4.5000502486542695,0.0265232791749552,1.1709548825820035,0.0024920712105473,16.049299155440856,0.0330928955753437,4.293628816156141,0.0122169749959285,3.737933538886798
6422,6422,Day2,7A1,Exponential,3.2123874583166163,0.0139417784501347,1.1932141143874893,0.0025838527797024,11.19330802635269,0.0192609585618003,3.276453435845253,0.0081184349931851,3.4162878385192323
6423,6423,Day2,7A1,Exponential,4.538514221167249,0.0237327883264721,1.2542531278393758,0.0027885374925726,17.466166471159728,0.0386596002784512,5.023865691534997,0.0132257665939509,3.476638816318176
6424,6424,Day2,7A1,Exponential,4.599379444061629,0.028512592876537,1.3719413708969068,0.0036188689368253,19.376179304336716,0.0449922520861524,5.938927144151712,0.015757880004911,3.2625723188770177
6425,6425,Day2,7A1,Exponential,3.2113073218772987,0.0126965966292443,1.37548197213183,0.0036590967919503,12.943103703437105,0.0242414512784685,3.7687955976295537,0.0093967856131782,3.4342811564463416
6426,6426,Day2,7A1,Exponential,4.74800999495008,0.0275714765885568,1.3653568966391725,0.0034156484312171,17.88732270613272,0.0407256153586045,5.427379333219003,0.0146347165406509,3.29575686679038
6427,6427,Day2,7A1,Exponential,4.422891578283823,0.0249908732177418,1.2586064777004575,0.0030288775432125,15.18380212815648,0.0321830114090529,4.5028393417631705,0.0116749892937879,3.3720506053433787
6428,6428,Day2,7A1,Exponential,3.3907050021719636,0.014648793191414,1.2525312647142155,0.002893552614733,12.756320317318536,0.0239129150471281,3.802869630098068,0.0096236998016304,3.354393276161186
6429,6429,Day2,7A1,Exponential,5.323726358318319,0.0367615824633919,1.3376398232992466,0.003170371671137,18.471537881078415,0.0433731679331093,5.7750124473019815,0.0154472060069413,3.198527803989081
6430,6430,Day2,7A1,Exponential,5.169429062409488,0.0330347268004035,1.210583997103948,0.0027682312307648,19.167540878468532,0.0434870446267953,5.357046383154855,0.0148098819422302,3.578005398411437
6431,6431,Day2,7A1,Exponential,6.192356717313362,0.04855805270658,1.33091782114453,0.0034177935821406,23.8448672231566,0.0577742018229421,7.305755058435215,0.0234020259153176,3.2638470674739293
6432,6432,Day2,7A1,Exponential,3.689244090863864,0.0162565294696164,1.3269376650703577,0.0031755197567459,14.131040465211402,0.0267001357040607,4.097756328989625,0.0107710299792273,3.448482371985174
6433,6433,Day2,7A1,Exponential,4.125357260342873,0.0205577363866054,1.3255172472250796,0.0034062913662922,16.607602861166626,0.0380082337211109,4.959213346866337,0.0136846371914569,3.3488381522566995
6434,6434,Day2,7A1,Exponential,3.459492535847613,0.0141843293975287,1.21629928803579,0.0027002017362383,12.672102150753334,0.0229344499428412,3.392366960508753,0.0074844118213117,3.735475052749865
6435,6435,Day2,7A1,Exponential,5.502417552384293,0.0380236499908989,1.2656000855473837,0.0030361596411808,17.27136601485811,0.0371831691911269,5.169003005938866,0.0139367565173137,3.341334101569369
6436,6436,Day2,7A1,Exponential,4.8485895655782345,0.0303785380610331,1.2632834874297982,0.003089697472441,18.29567145372481,0.0389861840874234,5.2778235623991385,0.015096540870502,3.466518203463428
6437,6437,Day2,7A1,Exponential,4.719177342134753,0.0279089433963607,1.269458863158858,0.002841666859355,17.84231752337662,0.0376431159137847,5.118428391066526,0.0137754934221493,3.4858976545452505
6438,6438,Day2,7A1,Exponential,3.1103457327531214,0.013039029804213,1.113813021663982,0.0019403435520393,9.453175541510737,0.0125607111554805,2.5073751582560826,0.0055575329057965,3.7701480412231425
6439,6439,Day2,7A1,Exponential,5.524718985646433,0.038562323329811,1.2156419499609572,0.0029322641981414,20.24942243662909,0.0448532551421748,5.86906777218723,0.0180137421895525,3.450194003993026
6440,6440,Day2,7A1,Exponential,4.336734803331398,0.0226389044842839,1.2294619282183576,0.0027563986417208,17.36208185986596,0.0367270670578068,4.864142452846523,0.0139571041747828,3.569402423587651
6441,6441,Day2,7A1,Exponential,5.231836912938454,0.0362795315423368,1.3573467541025162,0.0037253784690755,22.194340681998412,0.0561388068378923,6.8441128182865745,0.0200858405953433,3.2428367666146642
6442,6442,Day2,7A1,Exponential,5.870297344890474,0.0419496968403875,1.3089183730775262,0.0033751104389612,24.198935302796414,0.0629180332896572,7.313930541462657,0.0210246259736191,3.3086088479529168
6443,6443,Day2,7A1,Exponential,4.6466232684264295,0.025827954271851,1.2321598091224326,0.0026769410688239,15.105125769025324,0.0321969731688756,4.166118406032329,0.011508454494267,3.6257072643816044
6444,6444,Day2,7A1,Exponential,5.183903420376501,0.0355008873278026,1.3426517805756863,0.0034976452636705,19.963908126433793,0.0470149551324461,6.049480564260622,0.0189831351946051,3.3001028624469706
6445,6445,Day2,7A1,Exponential,4.1531829494108985,0.021284500178096,1.3515059107558836,0.0034009827698134,17.783063908057052,0.0389683050263903,5.340763229105971,0.0136202882089342,3.32968587919107
6446,6446,Day2,7A1,Exponential,4.542915582763608,0.02570505433073,1.2028388478665528,0.0026354306351665,14.974666032801345,0.0302817202642802,4.127160408350293,0.0098548121595654,3.628321788148528
6447,6447,Day2,7A1,Stationary,2.7491049945907218,0.0133620331775715,1.1714635837752871,0.0024724829390482,9.072590905021851,0.0120835298161468,2.2983416592488526,0.0039780326083175,3.9474509233701003
6448,6448,Day2,7A1,Stationary,2.661720434178601,0.0143262504104932,1.2749808107703449,0.0030223700770908,10.641559858036738,0.0174046983626535,2.8730530744662266,0.0064972145955613,3.7039203879008715
6449,6449,Day2,7A1,Stationary,2.702145612783489,0.014306732465891,1.2249590731108433,0.0028236809832759,8.842950080443153,0.0127505748132416,2.384388116418059,0.0043781816388168,3.7086873649275907
6450,6450,Day2,7A1,Stationary,2.6743528146204407,0.0146150172673545,1.177248128709989,0.0026958014195104,8.16867904018387,0.0111771382677917,2.11536348383143,0.0036567654234586,3.8615959397145474
6451,6451,Day2,7A1,Stationary,1.981862302329828,0.0209810269617891,0.9231496191809122,0.0011162892481329,4.866574446658016,0.0101824036068534,1.0618507861714197,0.0022155562716509,4.583105752744041
6452,6452,Day2,7A1,Stationary,3.098909399597865,0.013152606425631,1.218289966822794,0.0028898520113208,10.016417202524488,0.015364676414793,2.7289597324449812,0.0058945640803368,3.6704159037005617
6453,6453,Day2,7A1,Stationary,2.8523010697030777,0.0129233778375901,1.207844549719961,0.0025050512498896,9.320797974859769,0.014181121724113,2.443910034564517,0.0052481259404838,3.813887517557762
6454,6454,Day2,7A1,Stationary,1.6888285681699575,0.0232780041502154,1.0107089318483913,0.0015132762434832,4.560280959492522,0.0108517555436439,0.94753655452537,0.0023147953139952,4.812775758056965
6456,6456,Day2,7A1,Stationary,1.6403164996654591,0.0233871039186437,1.2504221813525764,0.0031279508838853,5.526497770846966,0.0093448980192736,1.2287614066351158,0.0021927856320568,4.497616657721148
6457,6457,Day2,7A1,Stationary,2.541495408516258,0.014932735505086,0.9605201763558208,0.0013755912526923,5.89952548156267,0.0091716862807987,1.3588277457455096,0.0025170485503051,4.34162865752049
6459,6459,Day2,7A1,Stationary,2.943394406609087,0.0133509669098123,1.3083092119138466,0.0031775110966354,10.327890206143246,0.0149445956711432,2.815795416199972,0.0061112002135343,3.667841117548641
6460,6460,Day2,7A1,Stationary,2.2868987339617086,0.0180418149426787,0.844417328764924,0.0009026022530231,4.631084931786907,0.0107489432526089,0.8867748946802559,0.0025042163881902,5.222390664833531
6461,6461,Day2,7A1,Stationary,1.6491215130011916,0.0236533896607562,1.285218757732379,0.0031636067948614,6.124540631188474,0.0085822077734469,1.4091315864866167,0.0021954177352014,4.346322720973682
6462,6462,Day2,7A1,Stationary,2.151839469480554,0.0186464183174001,1.2340510857545273,0.0027917012650305,7.153938412347369,0.0090195663626404,1.7432270684259392,0.0030922778448438,4.10384770975767
6463,6463,Day2,7A1,Stationary,2.2525126529873596,0.0172246783053868,1.3002460188083933,0.0032199537129784,7.695349107574787,0.0096294794261607,1.9519368280937617,0.0033730882866809,3.94241708892289
6464,6464,Day2,7A1,Stationary,2.2755626887888294,0.0172226987751129,1.0991740316530492,0.0020606325161069,6.407062756047017,0.0092001732257169,1.4756033643322948,0.002415720553009,4.341995221016719
6465,6465,Day2,7A1,Stationary,2.2750573023190444,0.0165967590517253,1.135045735775132,0.002184167234065,6.4667532854755985,0.0091677410344674,1.5706034700775824,0.0026271080714155,4.117368520239015
6466,6466,Day2,7A1,Stationary,2.980817720022347,0.0125765437982598,1.269155895894153,0.0029748661143828,9.833221938986387,0.01449661177482,2.599603049893325,0.0053361308485677,3.78258593726065
6467,6467,Day2,7A1,Stationary,2.5276769502376992,0.0160381218892632,1.1968690492294678,0.0025689331365953,7.82808780076161,0.0101339529555512,1.988475212962218,0.003321262302623,3.9367288813724564
6468,6468,Day2,7A1,Stationary,2.0835620533011623,0.0196433158798049,1.2890016540596012,0.0029372241981405,7.31036121122379,0.0094222057565136,1.8191817022044665,0.0031255402694737,4.018488753688082
6469,6469,Day2,7A1,Stationary,2.9591244901104985,0.0127914370046213,1.154484406487876,0.0023345319751507,8.026561660877862,0.0103534103049595,1.987432206026813,0.0032677351684914,4.038659349756745
6470,6470,Day2,7A1,Stationary,2.2539362797301,0.0162184375492916,1.0255498030708057,0.0015880678550576,6.311771591036938,0.0089290942796551,1.4596403337490975,0.0025791317967544,4.3241964784743265
6471,6471,Day2,7A1,Stationary,1.9960737982580177,0.0203311040922646,1.2123286889815363,0.0026793131621531,6.31657752519327,0.0091771056288543,1.5057300264767914,0.0024905592798382,4.195026607773256
6472,6472,Day2,7A1,Stationary,1.85485314826294,0.0216269020647675,0.9912336736702198,0.001564476329914,4.792034243246459,0.0104752682776659,1.0080108241693528,0.0022577040721857,4.753951176263722
6473,6473,Day2,7A1,Stationary,2.8777750933687947,0.0124525229319036,1.1253734598038032,0.0021871232414085,8.593304002974271,0.0118612860458066,2.1191586955024224,0.0039628640178862,4.055054499321921
6474,6474,Day2,7A1,Stationary,2.1657696649565876,0.0193786660691326,1.100074076783782,0.0019291062699013,6.972488430656071,0.0100537789289604,1.5887369462035923,0.0025636724882417,4.388699115556771
6475,6475,Day2,7A1,Stationary,2.3869177845689564,0.015418736933763,1.1406843045592057,0.0022841371515031,8.352780722572309,0.0110988400664384,2.0091592478642855,0.0035601923233743,4.157351255979945
6476,6476,Day2,7A1,Stationary,2.4109158068949,0.0152127071920635,1.110357460222127,0.0020407835351458,7.354159246510113,0.009251641996264,1.7034516051164543,0.0030636825374544,4.317210553221061
6477,6477,Day2,7A1,Stationary,2.5143538588738714,0.0153684823050009,1.0700323679861572,0.0017088923494688,7.401771906058337,0.0094423347511886,1.7778283689347922,0.003219497771898,4.1633782177146825
6478,6478,Day2,7A1,Stationary,2.4976260695947374,0.0150661112741135,1.219510421389688,0.0028278652362693,8.87015970048268,0.0123978112065482,2.2333388189923142,0.004259719865441,3.97170354316633
6479,6479,Day2,7A1,Stationary,2.8993033324084205,0.0129444106114232,1.1189704540717234,0.0019456971810581,8.928676709562415,0.0120966876573833,2.194869650790717,0.0044040965192828,4.06797583917833
6480,6480,Day2,7A1,Stationary,3.045066315491235,0.0122983904360757,1.1182098768495563,0.0021504580824358,9.378969798957652,0.0137631389557573,2.325681776670285,0.0046614452118709,4.032782942637006
6481,6481,Day2,7A1,Stationary,2.249812697314281,0.0187816512127547,1.027260533466356,0.0016601741524171,6.038299839732658,0.0084688952217365,1.3564447433134492,0.0022686745934927,4.451563448860164
6482,6482,Day2,7A1,Stationary,2.4136603176097315,0.0138773565190117,1.2033424080831192,0.0028489926560991,7.77339397608817,0.0100697383817524,1.966062354888669,0.0035214511500036,3.9537881170245734
6483,6483,Day2,7A1,Stationary,2.545245872814462,0.0144457947879101,1.1370633457979074,0.0022885038201731,8.403683698840243,0.0109493478948493,2.039585296564228,0.0038720246895594,4.120290390893002
6484,6484,Day2,7A1,Stationary,1.7194351663639844,0.0227623651900107,1.075882362395304,0.0019381286953726,4.840904982183571,0.0108960720578318,1.0124474713128964,0.0022907773950007,4.781388782477873
6485,6485,Day2,7A1,Stationary,2.0836278189093655,0.021017615413798,1.1497697514522347,0.0022449481334244,6.547885389417388,0.0095402438577707,1.5088254977814717,0.0024910980701531,4.339723446511997
6486,6486,Day2,7A1,Stationary,1.7494943815104285,0.0225091045615245,1.038194307089056,0.0017172091781697,4.734670464221543,0.0111226402502951,0.996403741547221,0.0022530639487917,4.751759017754712
6487,6487,Day2,7A1,Stationary,2.3167048383873907,0.0162904403255428,0.8685447913482366,0.0009410335225074,4.435201337014625,0.0106946354647725,0.9117112860995936,0.0024901101871695,4.864699389637842
6488,6488,Day2,7A1,Stationary,1.8891613092997832,0.0205877230476401,1.0718149524563176,0.001904259134086,5.208848657938126,0.0099857662178048,1.0964546048602857,0.002178689083481,4.750628648781913
6489,6489,Day2,7A1,Stationary,2.1945592904680797,0.018798498435438,1.1707249580376022,0.0024624053265303,6.75480408175359,0.0089179498420838,1.5602296825113904,0.0026078283249641,4.329365193771255
6490,6490,Day2,7A1,Stationary,2.396080730970866,0.0165103612331799,1.1335116389051827,0.0023896919863291,6.96054963407572,0.0092992588428359,1.665733694159237,0.002917238084285,4.1786689303832505
6491,6491,Day2,7A1,Stationary,3.17669671843125,0.0137080458021949,1.1424635645868102,0.0023496591717208,7.517998704118382,0.0094960604294542,1.8268208520445652,0.003319613272776,4.115345352941581
6492,6492,Day2,7A1,Stationary,3.121686426805297,0.0131152249932083,1.1722128913609533,0.0027002001643607,10.679707152125925,0.0176319813637084,2.753380427546788,0.0061091189236448,3.878761919449449
6493,6493,Day2,7A1,Stationary,1.899320225198073,0.0207458432214299,1.0884769770551257,0.0020010252390991,5.323857271305867,0.0093683546208437,1.154172803032239,0.0021306818902453,4.612703797316179
6494,6494,Day2,7A1,Stationary,3.1449753116563675,0.0123806309205523,0.9976567359942397,0.0015076655020457,7.99825163896878,0.0092735046902701,1.8145632807008472,0.0030690798452999,4.407810807170956
6495,6495,Day2,7A1,Stationary,1.9472899406431292,0.0194982517858753,1.3264443883748536,0.0033500475092539,7.495055291302375,0.0092142940816054,1.877719767953139,0.003191127178793,3.991572874301989
6496,6496,Day2,7A1,Stationary,1.7302880465683017,0.0228173011774947,1.2522263180821838,0.0029785212123551,5.654086719477426,0.008701034881434,1.273765987521481,0.0021962161646282,4.4388739963761
6497,6497,Day2,7A1,Stationary,1.9122733868409336,0.02048920231936,0.9646664652651412,0.0014498900274829,4.915146049599636,0.0102112873141949,1.169517973152528,0.0020577686073469,4.202710999259355
6498,6498,Day2,7A1,Stationary,2.3201862946604916,0.0164610993791572,1.2629678483534592,0.0028275259610816,8.148344866107779,0.0107607457886742,2.09204336716845,0.0037237673496551,3.8949215843151683
6499,6499,Day2,7A1,Stationary,3.361286729501351,0.0139788429323471,1.189141588864868,0.0025997785773065,11.428275186899503,0.0180389106208356,2.9794624227542,0.0070405583241798,3.8356836117890234
6500,6500,Day2,7A1,Stationary,2.0979762446544967,0.0201276267587174,1.134452126349075,0.0024466704935315,6.19745909687496,0.0092527568319173,1.4900346313205002,0.0022819017248251,4.159271849529189
6501,6501,Day2,7A1,Stationary,2.780219444304251,0.013847323357519,1.0994342511133883,0.0020359699070708,7.396416192485247,0.0098720309200007,1.7812394448180409,0.0027294021063416,4.152398608734388
6502,6502,Day2,7A1,Stationary,2.3069042773005894,0.0173509738326737,0.9480181734706044,0.001231838646517,5.672903856923508,0.0098272180333524,1.295402381568513,0.0020655302921807,4.379260018076068
6504,6504,Day2,7A1,Stationary,2.754449319738221,0.0137724969312894,1.0048915592303986,0.0013771927597217,5.841291060160014,0.0096920713742305,1.2210935419580469,0.0022359605609645,4.783655681933582
6505,6505,Day2,7A1,Stationary,3.0779122804629564,0.0143416620154302,1.2976100450539283,0.0033763577532586,10.158031324427345,0.0140624048149014,2.8065860062142343,0.0060728621439696,3.6193550819165434
6506,6506,Day2,7A1,Stationary,3.2613135160079394,0.012613551975519,1.1499831468805797,0.0022294222194932,8.925171474301354,0.0126352912748815,2.226113044882506,0.0044582510372438,4.00930738662125
6507,6507,Day2,7A1,Stationary,1.9949998238574884,0.019487084385241,1.077132336893336,0.0020030271837594,5.5507248175065715,0.0089340038522976,1.2530452679558377,0.0023355393617044,4.429787940990972
6508,6508,Day2,7A1,Stationary,2.4705508219712686,0.0170391014734831,1.2577137274867582,0.0028317539651944,9.155851446883066,0.0132075278195318,2.352971871732848,0.0052123149507137,3.891186102509688
6509,6509,Day2,7A1,Stationary,1.5964064908962186,0.0243658157137172,0.9788175545476492,0.0013591249211542,4.18889586876427,0.0116639806394517,0.8099862184975258,0.0026345836935886,5.171564371224009
6510,6510,Day2,7A1,Stationary,1.9774261719656587,0.0199147713991348,1.1667244489991355,0.0023507956440297,6.745282264271505,0.0098977888696324,1.552221821618863,0.0025496547611973,4.345565930284776
6511,6511,Day2,7A1,Stationary,2.467226493244477,0.0159181197944536,1.3143837338824866,0.0031578260049503,9.015954608651288,0.0115592273769167,2.3852339224978616,0.0047716438762317,3.779903733387127
6512,6512,Day2,7A1,Stationary,2.4183219249521377,0.0158195624748382,0.9933376945880024,0.001361485519085,6.565421542393258,0.0087818397812824,1.386416804788108,0.0024547357766988,4.735532287057556
6513,6513,Day2,7A1,Stationary,4.367479421842825,0.0242340486453217,1.1852830388713478,0.002544822212998,10.002950051556535,0.0163133379568302,2.6242200699528113,0.0055762998813408,3.811780180362849
6514,6514,Day2,7A1,Stationary,2.4134639444644495,0.0149814883397917,1.2198001082171663,0.0025694797653062,8.684707649181975,0.0120106646684021,2.17291121265699,0.0040355886833133,3.9968074160575107
6515,6515,Day2,7A1,Stationary,4.202287381067969,0.0216922942785804,1.1950441835178125,0.0025182771495128,9.838139626787934,0.0153635296983587,2.621916718939342,0.0055854223605409,3.7522700685809003
6516,6516,Day2,7A1,Stationary,2.288693083502015,0.0168729469022628,1.23280864169558,0.0025819850842802,7.06665454803262,0.0090238318608673,1.759518198130848,0.003046977744291,4.0162440806463895
6517,6517,Day2,7A1,Stationary,2.4740121586171955,0.0155075626171447,1.113946748260163,0.0019847290483686,7.595764466054211,0.0095376074205195,1.9545690342552928,0.0035271450845293,3.8861581928971165
6518,6518,Day2,7A1,Stationary,4.388980515324534,0.0228406451116354,1.069151738738038,0.0019228799572613,8.747272742734198,0.0124065054107337,2.187868179883521,0.0042931147029036,3.9980803337063437
6519,6519,Day2,7A1,Stationary,1.5971055288576548,0.025594098403081,1.225326773541082,0.0027762001606358,5.404245803162896,0.0089063605403524,1.1747874470177744,0.0022423527958501,4.600190287086997
6520,6520,Day2,7A1,Stationary,3.3358989611920347,0.0137381704982859,1.1811642627252676,0.0024923534892443,8.771372296042468,0.0125768681510525,2.3181236146493243,0.0045886295560899,3.7838242277555865
6521,6521,Day2,7A1,Stationary,4.367509256228071,0.0225320706953619,1.1446979526346892,0.0023360819124381,8.992366259027113,0.0123185391533333,2.359579993504627,0.005060851400203,3.811002925851634
6523,6523,Day2,7A1,Stationary,1.4895941857016064,0.0277154333089298,1.097844646161427,0.0019305100251353,4.444511750983473,0.0113060324749525,0.8729117240099661,0.0024383406678505,5.091593604180678
6524,6524,Day2,7A1,Stationary,1.752122281297011,0.0239528533905429,1.1193445270449096,0.0022127529283925,5.5467818743641475,0.0097410847316937,1.194890231204046,0.0022668885824046,4.642084879022623
6525,6525,Day2,7A1,Stationary,1.954717982914483,0.0214540468601707,1.2221143183120222,0.0025774935443759,6.179410779651782,0.0094856454799286,1.426523989896162,0.0022485954262033,4.3317959062865725
6526,6526,Day2,7A1,Stationary,2.167469933013448,0.0174831063420138,1.0585302651052333,0.0018274764806596,6.038828968358229,0.008812144245191,1.3108369542139218,0.0021949737399089,4.606849806106949
6527,6527,Day2,7A1,Stationary,1.5490091228997591,0.0249710733748893,1.215667232837698,0.0027676428120339,5.393502854358674,0.0090075849442579,1.171983127693545,0.0019950161170332,4.602031144401415
6528,6528,Day2,7A1,Stationary,2.6925552754151596,0.0152649471016304,1.1743123798936894,0.0025079971649079,9.382092724933605,0.0138499987961237,2.3310848126446087,0.0046172053649999,4.024775363831421
6529,6529,Day2,7A1,Stationary,1.8972290091115391,0.0208862588747587,0.8617613375455736,0.0008833570133741,3.904770330586971,0.012751512982882,0.721619369450427,0.0027285064491227,5.4111218405359285
6530,6530,Day2,7A1,Stationary,3.1841515427125313,0.0128105551929301,1.1709140078344282,0.0025316742240068,9.142032997599124,0.012897050755206,2.299731247652194,0.004622294290834,3.975261460195519
6531,6531,Day2,7A1,Stationary,2.029276379833205,0.0196361919305994,1.0786534869730642,0.0019888569284243,5.308188095429868,0.0090597715142204,1.115544801561274,0.0023614785386216,4.758381813084271
6532,6532,Day2,7A1,Stationary,2.3371964008544865,0.0172957656212767,1.1122451614077629,0.0020601020125029,5.9580969798774515,0.0090101948491923,1.3398668352356085,0.0021879429333749,4.446782936327961
6533,6533,Day2,7A1,Stationary,2.5150713028833187,0.0140547612651701,1.255306287163458,0.0028254032022994,8.206632226963997,0.0105535713550516,2.1746834042112377,0.0039466775450638,3.773713548865086
6534,6534,Day2,7A1,Stationary,1.6347578540905825,0.0226565835587836,0.9157207012086652,0.0010960808038846,4.234253414016492,0.0116244057651318,0.8652491031522082,0.0024007706652254,4.893681367123745
6535,6535,Day2,7A1,Stationary,1.9777731664854936,0.0199867938384551,1.0639355724112345,0.0018133190918186,5.547565701424208,0.0092736106599938,1.2200558647997486,0.0023196222816683,4.546976791374013
6536,6536,Day2,7A1,Stationary,2.4844584102228704,0.0163356560556192,1.312560050072455,0.0032309428369227,9.36304780537713,0.0135271709339829,2.487586896245699,0.0048235057408355,3.7639078335345686
6537,6537,Day2,7A1,Stationary,2.1795430416365704,0.0168335887900207,1.3457179673151147,0.0034377222083135,8.595220947529077,0.0121963267312554,2.257632908034591,0.004596454827562,3.807182698719495
6538,6538,Day2,7A1,Stationary,2.2344010663114022,0.0169976929434996,1.2005920361756452,0.002671267922033,7.447635301535444,0.0096180135228572,1.7833151633725657,0.0029816048670846,4.176286645513989
6539,6539,Day2,7A1,Stationary,1.704930762990403,0.0251119556802237,1.1667570570406638,0.002587966136155,5.497278213800471,0.0092008012692987,1.200132075114345,0.0022286761422676,4.580561029732254
6540,6540,Day2,7A1,Stationary,2.245318890293265,0.0170876023236647,1.113916726915556,0.00214612304043,7.54896024239162,0.009774187121047,1.7471859235828433,0.0031199022196219,4.320639343814908
6541,6541,Day2,7A1,Stationary,2.0271960440973715,0.0195043392420321,1.1618384745025117,0.0024774515010743,7.311917501890459,0.009604869639515,1.714211423245661,0.0028780519475816,4.265470059723549
6542,6542,Day2,7A1,Stationary,2.0660926434211597,0.0196738442382478,1.1249414354747498,0.0020058021401165,6.196438778483787,0.008921753501234,1.4007725960196526,0.0023159780921767,4.423586523673577
6543,6543,Day2,7A1,Stationary,2.8561078809276,0.0135875773172534,1.124264443410017,0.0023389752052074,8.835859794215175,0.0119448296276614,2.3221251688987534,0.0043568438283176,3.8050747274771153
6544,6544,Day2,7A1,Stationary,1.9665452566348385,0.02173895065634,1.1609582460430907,0.0023822373763025,6.125782283484867,0.0091644224813492,1.386767260405391,0.0021579922350367,4.417311006963151
6545,6545,Day2,7A1,Stationary,2.8013546811245047,0.0127377146047852,1.038846367970322,0.0017442788363549,7.3674786644263905,0.0094014823469445,1.8369001537450975,0.0031649698770104,4.010821518744757
6546,6546,Day2,7A1,Stationary,2.6350857585052125,0.0143795896943506,1.087806966496919,0.0019237198643475,7.27424580837284,0.0099152466547026,1.6941073604235437,0.0028554455736319,4.2938517229239865
6547,6547,Day2,7A1,Stationary,2.1104938781741764,0.0178865274495538,1.1327141686438744,0.0021909771952611,6.496778288257578,0.0089456090885387,1.4783899355756234,0.0025679959180838,4.394495749680549
6548,6548,Day2,7A1,Stationary,1.8054902723542203,0.0212986575185279,1.2283741200141287,0.0028645056095753,6.400216957241388,0.0094438200646983,1.482003198910507,0.0023857912000938,4.318625602121845
6549,6549,Day2,7A1,Stationary,2.3907121797754947,0.0158264990036996,1.106966509962882,0.0021942771033835,7.849255410005571,0.0093782813255273,1.8186409142426851,0.0031545584763674,4.316000673103818
6550,6550,Day2,7A1,Stationary,2.1993593700301743,0.0174643511708962,1.0639190734431527,0.0019786835689482,6.775887184824219,0.0079299639202384,1.5175019574412838,0.0024650207079226,4.465158777290339
6551,6551,Day2,7A1,Stationary,2.3356238423030704,0.0165814312754346,1.1063493492823393,0.0021373251565098,6.814853246811412,0.0090036971656886,1.5650986495515922,0.0024800810125506,4.354264345422506
6552,6552,Day2,7A1,Stationary,2.7369439352562512,0.0131634705804355,1.3893556714524014,0.003631328367559,10.414053338931073,0.0162232326671371,2.9073904576694067,0.0066445920453493,3.581924578262213
6553,6553,Day2,7A1,Stationary,2.059726333767584,0.0189362387806899,1.352424677877338,0.0033033064441512,7.551295228772688,0.009659463210592,1.9301598635982824,0.0035460767520325,3.912264145154929
6554,6554,Day2,7A1,Stationary,2.895720034100032,0.0129735677830025,1.2101001971065006,0.0025857102581278,9.13771652831658,0.0121263551345368,2.4033329795124283,0.004531365536509,3.8021017504492356
6555,6555,Day2,7A1,Stationary,1.94496742966952,0.0224637903700953,1.3198869154021116,0.0032414129324636,7.265751708133454,0.0084446274175146,1.7963091624434733,0.0029755943846596,4.044822494948496
6556,6556,Day2,7A1,Stationary,1.995180688089979,0.0199934614433295,1.124688236424089,0.0021334558673222,6.421664633871025,0.009253098354264,1.4756620055927103,0.002289104180793,4.351717811757115
6557,6557,Day2,7A1,Stationary,4.013673073868414,0.0217672430980454,1.010413332819843,0.0015539016478087,7.738110938233056,0.0100599552257211,1.7420534766673454,0.0031475741815743,4.441947989470757
6558,6558,Day2,7A1,Stationary,2.0072305493027094,0.0197511194303341,1.039916706325812,0.0017288737574718,5.859436829745251,0.0091745161167045,1.3324216097048731,0.0022062153056598,4.397584658690049
6559,6559,Day2,7A1,Stationary,3.5096227854229065,0.0146280523949798,1.29940468149461,0.0030578257261407,10.77594103983555,0.0167182390030604,3.0026701818320514,0.0066193569542631,3.588786109455654
6560,6560,Day2,7A1,Stationary,1.891177157164834,0.0214782059022575,0.8871027383483686,0.0009410073133566,4.131573292317546,0.0121326595367647,0.8263641975593532,0.002300316781689,4.999700258699551
6561,6561,Day2,7A1,Stationary,2.0503030295419653,0.019423829142358,1.2149851344902551,0.0027563318886812,6.398524760297811,0.0092615094963038,1.533324475581056,0.0026408662136924,4.1729750370501835
6562,6562,Day2,7A1,Stationary,1.7112427389629206,0.0222704054110986,1.209454596692754,0.0026824701855183,5.671164666010056,0.0094924425883863,1.2754898064426008,0.0023407318208091,4.44626420169299
6563,6563,Day2,7A1,Stationary,3.531474276682516,0.0145615349892512,1.2875379482744598,0.0032106415716922,9.609626033956046,0.0143040486894175,2.574508779418139,0.005652877399018,3.7326056569626083
6564,6564,Day2,7A1,Stationary,2.1284166903253396,0.018378722011062,1.0042788330994343,0.0016639258065567,5.899964493985281,0.0095010305936921,1.2540669962967954,0.0022107003901598,4.704664512667677
6565,6565,Day2,7A1,Stationary,2.4233337815719325,0.0151777327780188,1.1931283252600382,0.0026767895609694,7.059333115656309,0.0089870049166875,1.7329322924054722,0.0029588566257771,4.073634698016559
6566,6566,Day2,7A1,Stationary,1.8456615417607516,0.0220807958881927,1.288122581491182,0.003251746568393,6.4779687317238865,0.0093481029668347,1.5415150029946465,0.0026752300288353,4.202339074961558
6567,6567,Day2,7A1,Stationary,1.9487775204552753,0.0213353494377947,1.0833156999800595,0.0020233455527104,5.784457426569148,0.0101647912303138,1.24547656190729,0.0021006355943991,4.644372767409594
6568,6568,Day2,7A1,Stationary,2.3799310063229755,0.0159954749343355,1.3555362368087724,0.0036939970644971,8.878414919627588,0.010779736626,2.408739172915709,0.0053729566312778,3.6859179355980345
6569,6569,Day2,7A1,Stationary,2.185245776970457,0.0178576704890211,1.15911705687402,0.0023965356540184,6.455917879352224,0.0092118746448873,1.5743775404673848,0.0027503916171131,4.100616093288309
6570,6570,Day2,7A1,Stationary,1.8735828305903937,0.0210677784594395,1.0892107461202147,0.0020812675328202,5.325135275699335,0.0098289246751672,1.1470716126806213,0.0022665835600113,4.64237386474493
6571,6571,Day2,7A1,Stationary,3.93810257445072,0.0203848665055929,1.2187676577458728,0.0027476738574556,8.130060101351523,0.0107348047330309,2.073027329514625,0.0039449008097361,3.921829676628084
6572,6572,Day2,7A1,Stationary,1.8964069442129392,0.0208484467664322,1.0536599180375916,0.0018400488061394,5.014383726966176,0.0093167979632786,1.1231038354186504,0.0021783728015044,4.464755233514988
6573,6573,Day2,7A1,Stationary,2.1353707972761176,0.0186247656709367,1.0945021947513278,0.0018116032757498,6.6271039295250445,0.0091878744322883,1.6057058985060328,0.0027981940244914,4.127221514033783
6574,6574,Day2,7A1,Stationary,1.7131203253338296,0.0236271504992519,1.003545748524672,0.0014775141161698,4.714336703706485,0.0100156575661857,0.9259532671144776,0.0024746572503305,5.091333300650952
6575,6575,Day2,7A1,Stationary,1.7016941031183728,0.0235484367682108,0.9952096129916116,0.0014786632178076,4.797855633508709,0.0101085926690647,0.9392842852783096,0.0023147742677016,5.107990955142091
6576,6576,Day2,7A1,Stationary,2.696426367820437,0.0138858626747062,1.1832928576432045,0.0023431728140602,7.97225476251785,0.0101459697515158,2.0085286309460013,0.0041204791710559,3.969201454082823
6577,6577,Day2,7A1,Stationary,2.7603570459252973,0.0119268137014218,1.2598144267892109,0.0028700978434559,8.654675593115174,0.0106660270676499,2.2500762478907936,0.0044617087707096,3.8463921394788327
6578,6578,Day2,7A1,Stationary,2.6128943809732093,0.0138285864531381,1.0184564360693265,0.0016935635181002,6.6155144337789515,0.0084426045644791,1.5224226883062015,0.002469161374367,4.345386130010424
6580,6580,Day2,7A1,Stationary,3.3116729660887563,0.0124681770636168,1.1293042361045205,0.0022382980839725,9.931258384345504,0.0139013917457343,2.6062243655659247,0.0056369543840973,3.8105922558163927
6581,6581,Day2,7A1,Stationary,1.938215435709032,0.0203475733195299,1.0807357149397865,0.0019107221821712,5.676651534453016,0.00853483664688,1.2688121904114469,0.0023012549896569,4.473988804136731
6583,6583,Day2,7A1,Stationary,2.051242519101215,0.0190161891723733,1.2491702182855953,0.0030708595912198,6.759923760175861,0.0094218693432153,1.6081323878339189,0.0028989544248559,4.203586602270457
6584,6584,Day2,7A1,Stationary,2.656858928719195,0.0141228567912136,1.23752656181948,0.0028175111679706,7.286488517752336,0.0096083852644029,1.8023927328643548,0.0030515789501105,4.0426752643263715
6586,6586,Day2,7A1,Stationary,1.8875794986896888,0.0213834768862582,1.1468488803787324,0.0022466441671619,5.904860677316923,0.0097462224217288,1.312783133961264,0.002288124994895,4.497971161085283
6587,6587,Day2,7A1,Stationary,1.865609099763357,0.0201473714336836,0.9855218550409772,0.0015033699814255,4.981283317731183,0.0104757591071038,1.016384029532717,0.0022193415313236,4.900985427743617
6588,6588,Day2,7A1,Stationary,1.77524509707615,0.0226679128594799,1.0811836049621122,0.0019595511444787,5.239220597751338,0.0101054568914371,1.1408418159888738,0.0023198773346615,4.592416340568668
6589,6589,Day2,7A1,Stationary,2.6201326997382357,0.0137057855787684,1.237569096169188,0.002857855047746,8.32124709243673,0.0108571038698606,2.0853681764992924,0.0039715504254635,3.9903011785696316
6590,6590,Day2,7A1,Stationary,1.7062724523270554,0.0235023501430338,0.7921809036033588,0.0007287785640497,4.002238862884812,0.0117116810946267,0.769828904834166,0.0026076480377116,5.198868005283539
6591,6591,Day2,7A1,Stationary,1.8877234833717464,0.0201796816109623,0.848936582189687,0.0008573328084336,4.690826016708792,0.0108962761535361,1.0107887182992932,0.0023128429644263,4.640758183966835
6592,6592,Day2,7A1,Stationary,4.172123152502471,0.0215379765688338,1.2410599529436386,0.0030365964969443,10.16518680769044,0.0146104762034217,2.6780748193779,0.0054967929443159,3.795706801818087
6593,6593,Day2,7A1,Stationary,2.716558776722969,0.014573682483525,1.3201759292222444,0.0033902729477115,9.509646527837216,0.0132638673795066,2.589296802620065,0.005396213163071,3.6726753449873213
6594,6594,Day2,7A1,Stationary,1.626435580829534,0.0244043862867981,0.9681436288861816,0.0013972718069963,5.102604261009007,0.0105172462825508,1.1134613318585005,0.0021043455006793,4.582650618402839
6595,6595,Day2,7A1,Stationary,1.724991703316513,0.0225822315022981,1.0365707282471663,0.0017608697958054,5.233861860811039,0.0096454024985897,1.1292854022882406,0.0022920141700727,4.6346670648587205
6596,6596,Day2,7A1,Stationary,1.9412594012715088,0.0207080529211947,0.9300791738533218,0.0012066927545078,5.126368653410985,0.009586156079403,1.217304432951055,0.0021121999062489,4.211246188419249
6597,6597,Day2,7A1,Stationary,3.4258496119472452,0.0135562528527438,1.1070953216295825,0.002006937829196,10.88964710098951,0.0178382314029783,2.760172831229476,0.0060826925839056,3.94527725864865
6598,6598,Day2,7A1,Stationary,2.5792587206972404,0.0139856032161874,1.2675598422365737,0.00280372624108,9.740787506006516,0.0139444453900636,2.551487754614856,0.0047791899434224,3.8176893024034424
6599,6599,Day2,7A1,Stationary,2.998653986553341,0.0124532306197061,1.1070715622078806,0.0021034762622363,9.713720346758818,0.0135655135713572,2.372444554770501,0.0048485701893205,4.0943929868567475
6600,6600,Day2,7A1,Stationary,1.8427993776143312,0.0215533534979294,1.12318885739693,0.0022246122503608,5.204714913688257,0.0099379605670639,1.1480383564121437,0.002317875924542,4.533572318919782
6601,6601,Day2,7A1,Stationary,1.592461880723114,0.0232746884964352,1.3616021923772677,0.003457668779401,6.372577896251829,0.0089336516795782,1.505573600325447,0.0024551496103801,4.232657835441803
6602,6602,Day2,7A1,Stationary,2.0274197141628423,0.0198898937162833,1.041763748483876,0.0017897798184318,5.465881314443866,0.0093168549382013,1.211152832291028,0.0023243803653522,4.5129575464927525
6603,6603,Day2,7A1,Stationary,3.2107406760534323,0.0132405441968823,1.1393435632998523,0.0024260450771116,10.556017722279098,0.0166553533842033,2.667787533898914,0.0058064396853682,3.9568434847777043
6604,6604,Day2,7A1,Stationary,2.0756925134782582,0.0209778121585843,1.2080737953262164,0.0026552706864404,6.959181488043405,0.0087756271102723,1.6562790805332437,0.0029459842983259,4.2016961814206315
6605,6605,Day2,7A1,Stationary,2.304394710600928,0.0179290192417383,1.1766980656297197,0.002282728814824,6.785551488398216,0.0091620950054744,1.7096632826738694,0.0028222418767507,3.968940292023929
6606,6606,Day2,7A1,Stationary,3.7515347037009814,0.0166457308388984,1.0737881899412896,0.0019429386062324,7.922607402368591,0.0105877281679121,1.9096565680995117,0.003469739510782,4.14870795865309
6607,6607,Day2,7A1,Stationary,2.8240300342750944,0.0138620723091208,1.219624066349963,0.0027676480398188,8.625877973169818,0.0114677648443105,2.1686418485699077,0.0042792302427057,3.9775484268451606
6608,6608,Day2,7A1,Stationary,2.4078846056094667,0.0148588707853503,1.2115201393621555,0.0027884883413751,7.961842381693867,0.0107273526367561,1.9682119140024896,0.0037023921267865,4.045216028340633
6609,6609,Day2,7A1,Stationary,3.260268533958679,0.0144917407055278,1.143564850443887,0.002140264116974,10.179363583155778,0.0150869555086449,2.608036712854593,0.0055006271946185,3.9030752646169953
6610,6610,Day2,7A1,Stationary,2.8563557877477206,0.0143123112483426,1.1727590907113576,0.002402064214783,8.88850773520057,0.0125213172522709,2.270341295163508,0.0043827048186913,3.915053544652381
6611,6611,Day2,7A1,Stationary,3.0312816942293628,0.013758297917322,1.1267191629701565,0.0022423803212667,9.589462576214473,0.014722128589084,2.380182110739635,0.0046552249831692,4.0288776782859586
6612,6612,Day2,7A1,Stationary,2.888594109918458,0.013484412790307,1.0753378291904403,0.0020059113639441,8.06700526162773,0.0102450702508556,1.934801717319144,0.0034500444943713,4.169422214905489
6613,6613,Day2,7A1,Stationary,2.662354709361446,0.0141217308785555,1.1359704060528015,0.0022947012678366,8.360267434502825,0.0104079188733142,2.0657189646277003,0.0040465625369821,4.047146575918461
6614,6614,Day2,7A1,Stationary,2.6479476451090185,0.0147405034349611,1.0803798269263325,0.0018529084304061,7.215315540185808,0.0102885862854114,1.7010662491826043,0.0028057539570009,4.241642877608623
6615,6615,Day2,7A1,Stationary,2.7424462300973067,0.0140911272977265,1.1329040198610132,0.0023348839951549,7.756979365393503,0.0099352021235643,1.9337816381769437,0.0036184477837969,4.011300558581335
6617,6617,Day2,7A1,Stationary,2.9352295453882022,0.0135496621305168,0.9616898263784348,0.001348294910565,6.941132602095591,0.0086621052589354,1.7367119728570342,0.0029720686205755,3.996709132301804
6618,6618,Day2,7A1,Stationary,1.586674011248729,0.0245952920912708,1.1056820413990944,0.0020894743089797,4.772944186523369,0.0115563806190032,0.9828669586342628,0.0021969185299434,4.8561447148000445
6619,6619,Day2,7A1,Stationary,2.482427048488677,0.015168969685293,1.2852056130579388,0.0031790626389908,9.422643709432135,0.0139460188830589,2.4765171241953734,0.0048261484482314,3.804796509329034
6620,6620,Day2,7A1,Stationary,1.7881176466218538,0.0213428827992875,0.7910587848646405,0.0007312455001347,4.173309149430641,0.0115003302474705,0.8479704241349668,0.0027471881111525,4.921526778116023
6621,6621,Day2,7A1,Stationary,2.0599998637209365,0.0184544275373902,1.2168196238987503,0.0026738134726633,7.343148275180162,0.0091175498484096,1.7668458645161478,0.0030637790590168,4.156077461341592
6622,6622,Day2,7A1,Stationary,2.2358885245302025,0.0173487036231085,1.302554117792905,0.0030007996297621,8.551387834162409,0.0118359040182137,2.203275274417606,0.0044247751623743,3.8812162662801204
6623,6623,Day2,7A1,Stationary,2.5304284693736245,0.0144243385554603,1.2351176394821304,0.0028816040714333,9.233515231678686,0.0127569031381734,2.382418998723365,0.0052517949864874,3.875689052440619
6624,6624,Day2,7A1,Stationary,2.388689465259022,0.0162801152897914,1.167367934590969,0.0025874457582796,7.6668969648611,0.010131316780499,1.9037966740513017,0.0033827690009755,4.027161655107766
6626,6626,Day2,7A1,Stationary,2.3942599261628295,0.0158109744021768,1.1461414651318824,0.002421628808676,7.507433880073635,0.0097696671062318,1.9764800566554457,0.0035652125821623,3.798385850033591
6627,6627,Day2,7A1,Stationary,2.7340263198361607,0.013237339231305,1.0364428536492698,0.0018107757604936,7.540649221149346,0.009554537845615,1.8891637291520968,0.0031730047173794,3.9915276292827064
6628,6628,Day2,7A1,Stationary,2.4493761500481552,0.0166329216667779,1.2099225595166456,0.0025816724218075,7.932253012466102,0.0103652535683197,2.018622974221433,0.0037695517988256,3.9295366761222508
6629,6629,Day2,7A1,Stationary,3.2151193196082413,0.0148617296783905,1.1153504801940477,0.001998375784186,10.191607407405378,0.0161109026862446,2.6270018080551227,0.006014873504327,3.879558581252231
6630,6630,Day2,7A1,Stationary,2.889735613145072,0.0121500418622917,1.2097176148022055,0.0025126238799752,9.596930592613951,0.0136544029389472,2.4827916787768336,0.0052023609997685,3.8653789098173363
6631,6631,Day2,7A1,Stationary,2.887788748383468,0.0136619972994414,1.1131057731586118,0.0020774769208881,9.038682257286649,0.0124216775254573,2.213711681491034,0.0041294020469886,4.083044026401257
6632,6632,Day2,7A1,Stationary,1.9672873773381057,0.0199199777743819,1.1247216322321685,0.0021267358257506,6.090341690930393,0.009246623688478,1.3730661662268089,0.0023313747221131,4.435577717035062
6633,6633,Day2,7A1,Stationary,1.8642817612689304,0.0201670493444976,1.110600428682197,0.0022571914193115,5.934300038520207,0.0080979769963692,1.3353659490161076,0.0022282636812118,4.4439503964382014
6634,6634,Day2,7A1,Stationary,3.0120299128842616,0.0132141729291284,1.2208873024510478,0.0027863662577897,10.361160489588707,0.0162121584398994,2.7767025469982984,0.0059994635328438,3.7314621621208377
6635,6635,Day2,7A1,Stationary,1.9115400410522665,0.0199334596617758,1.1757395584057035,0.0025210339875488,6.188677435129598,0.0092263030031963,1.422300704092245,0.0023889189649381,4.351173712649884
6636,6636,Day2,7A1,Stationary,2.7723155721210233,0.0147877400438867,1.1049759705449496,0.0021286873573468,9.383573762977845,0.0131967356113658,2.248240095197381,0.0043947101640042,4.17374184502035
6637,6637,Day2,7A1,Stationary,1.900096813299166,0.0218131121330355,1.2003298847916315,0.0027708063987871,6.533121833319207,0.0089939349443244,1.5092719107057242,0.0026226436256575,4.328657935642868
6638,6638,Day2,7A1,Stationary,2.5160440769309016,0.0152405511662485,1.2245685838414986,0.002630791643309,9.391201689835368,0.0130111683996233,2.457819388357718,0.0049643639591497,3.8209486564879134
6639,6639,Day2,7A1,Stationary,2.483519824707171,0.0164025417717811,1.3196769750947366,0.0032366162220007,9.216823176021366,0.0134535865094756,2.49635934947804,0.0052099839977317,3.6921059373717564
6640,6640,Day2,7A1,Stationary,1.546102473331502,0.0267174659740482,1.0769851073365575,0.0019301437186674,4.789879086366958,0.0108326500618194,0.9657819260602132,0.0022807704634325,4.9595865869085705
6641,6641,Day2,7A1,Stationary,2.6103191758740825,0.0152699926205785,1.2433693382208948,0.0031375675256382,9.263354338203069,0.0124766856212304,2.4090297744467057,0.0048680122688776,3.845263531593598
6642,6642,Day2,7A1,Stationary,2.511776408120186,0.0160480525874572,1.2788109816754527,0.0031333302803015,8.566792992372337,0.0115420071102933,2.201546538178472,0.0045842093234306,3.8912613673206193
6643,6643,Day2,7A1,Stationary,3.1235979934312956,0.0134276539225544,1.2056264316019545,0.0025459582989554,9.692111122889372,0.0133825407165801,2.521834508252022,0.0050348512319537,3.8432780149429147
6644,6644,Day2,7A1,Stationary,2.698574092209804,0.0144579402110274,1.252005923560655,0.0029780620831883,9.260286237630565,0.0134057350462892,2.6608597155505347,0.0058417760070857,3.480185814949888
6645,6645,Day2,7A1,Stationary,2.6308441944558325,0.0131552313832797,1.3163474679192535,0.0034870779732228,9.805958701699211,0.0147694984573369,2.6234665909592465,0.0056801312376764,3.7377867648445076
6646,6646,Day2,7A1,Stationary,2.050300607350145,0.0200823680487952,1.1513065591129032,0.0022409473102239,6.569977304832186,0.0083164736555828,1.58669696426886,0.0024864741346854,4.140662932357465
6647,6647,Day2,7A1,Stationary,2.3535516866924944,0.0157031150862698,1.2752768505351086,0.0029473667564257,8.34478542989153,0.0114516976788937,2.134384552151429,0.0038951244955589,3.909691635221079
6648,6648,Day2,7A1,Stationary,2.7464962974687173,0.013902113293216,1.1759755854116931,0.0025272048121895,8.650166642233513,0.0109918231541722,2.171499514017206,0.0043452986073789,3.983499230092378
6649,6649,Day2,7A1,Stationary,2.327688027025134,0.0172616332049799,1.1355689882861784,0.0021655710047916,6.717091512952719,0.0092024332020297,1.5753041820980251,0.0025211902999624,4.263996496223826
6650,6650,Day2,7A1,Stationary,3.604717686687755,0.0158251114454475,1.1069430350282077,0.0022130831074536,7.615336249583012,0.0100362106278796,1.7845866165859148,0.0032182757743407,4.267283066457082
6651,6651,Day2,7A1,Stationary,2.441799885932341,0.016646401978058,1.156437359373124,0.0023356147539781,7.331300178287189,0.0085163872280186,1.7609846161338791,0.0029278197168135,4.16318241006702
6652,6652,Day2,7A1,Stationary,2.371961108963333,0.0160749798452627,1.0969955288912423,0.0019968243082916,6.597603426121932,0.0092371296235523,1.5394034033133184,0.002498794945382,4.2858183968683266
6653,6653,Day2,7A1,Stationary,2.257894782269857,0.0177182675502427,1.1082198406558443,0.001959216558334,7.125489702892171,0.008583955752926,1.6297290522109082,0.0026780117696884,4.372192845936969
6654,6654,Day2,7A1,Stationary,2.8619877312737554,0.0138769464345211,1.1896334423045665,0.0027169284065279,8.744219563760591,0.0116398177186138,2.1876271149343247,0.0042486691749782,3.997125243176145
6655,6655,Day2,7A1,Stationary,3.8480451100049824,0.0187788756459794,1.096287606760847,0.0020866976990601,10.390604532317074,0.015203238801346,2.734540812387824,0.0061020708660495,3.7997620972582635
6656,6656,Day2,7A1,Stationary,2.5079988064069747,0.0157990439517294,1.1072809340423142,0.0022759378036248,7.189494996297808,0.0093542989866659,1.821134651549153,0.0033567990547436,3.947810772905806
6657,6657,Day2,7A1,Stationary,3.0211565224181447,0.0126993583103024,1.1314762699982894,0.0021871656726118,9.064227844962254,0.0116776651096716,2.1912567245413292,0.0040759002775326,4.136543082079789
6658,6658,Day2,7A1,Stationary,2.3589694748855825,0.0177008317335617,1.1753136564824445,0.0023472983256896,6.8833064615794255,0.0095004511358745,1.6649859106042413,0.0027778837304511,4.134152978556677
6659,6659,Day2,7A1,Stationary,2.718382913499126,0.013863281791597,1.1315309510672669,0.0023824481072414,7.449823947170494,0.009511945638334,1.891493799222825,0.0031765093185588,3.938592846686291
6660,6660,Day2,7A1,Stationary,2.4132399100468342,0.0163465035617841,1.2235235415257937,0.0027441346734106,7.299124208110899,0.0100002747755452,1.87439847639598,0.0032647162076416,3.894115525608711
6661,6661,Day2,7A1,Stationary,1.8678362805273367,0.0212670221622413,1.0961618889456417,0.0019571302030519,5.926157061070246,0.0089958844018771,1.3296264957843944,0.0023600887014874,4.457008851628061
6662,6662,Day2,7A1,Stationary,3.049711042669229,0.0144359833843219,1.186860889027084,0.002345630389834,9.281413528215824,0.0133339274187795,2.487150288295532,0.0050514551151239,3.731746156190853
6663,6663,Day2,7A1,Stationary,2.250818265976818,0.0169434302796718,1.2608092887499156,0.0029071661489527,7.38087452013488,0.0101013529941137,1.8364635027535383,0.0032227286085872,4.019069537220979
6664,6664,Day2,7A1,Stationary,1.9406288527880056,0.0230378505558697,1.213004226859444,0.0026270237828193,6.256848294543526,0.0096858959894747,1.462905414815986,0.0024740014405359,4.277001254609858
6665,6665,Day2,7A1,Stationary,1.7984825998533045,0.0224659031877261,1.1566875937755547,0.002309089386817,5.6796620229714225,0.008810465214362,1.294434431872067,0.0021248817041518,4.387755673925677
6666,6666,Day2,7A1,Stationary,1.6573286819453648,0.0234325735833245,1.2473552632583438,0.0029353790638825,5.9492922020010175,0.0088450643122228,1.3450282043456103,0.0023703187406709,4.423172824762806
6667,6667,Day2,7A1,Stationary,2.894879834020861,0.0142964343298273,1.3328172147490918,0.0033297822358745,10.73995672885026,0.0152026757593017,2.989647495250083,0.0068383990006009,3.592382294539332
6668,6668,Day2,7A1,Stationary,2.0312561094404793,0.0195167834875771,1.137198602056719,0.0023029897559109,5.775319755733636,0.0091953664515073,1.339735125564186,0.0023614682163114,4.310792219694581
6669,6669,Day2,7A1,Stationary,2.6751775766234944,0.0139505800132213,1.1567942983300823,0.0022756680377356,7.554882803875704,0.0099821345522463,1.882946037925354,0.0038392858571005,4.012267293756192
6670,6670,Day2,7A1,Stationary,2.287839959601787,0.0169783834705427,0.9429952259245612,0.0011927062853438,5.504301450377585,0.0093486899377945,1.382477653384774,0.0025088947624404,3.981475893589447
6671,6671,Day2,7A1,Stationary,2.8385332803419696,0.0127881165091577,1.1815569579288372,0.0027348588448725,8.581640269529442,0.0120907041591125,2.2335373882552045,0.0040394205294797,3.842174442503177
6672,6672,Day2,7A1,Stationary,2.488892716418517,0.0145850814705782,1.2692213898447786,0.0031284623897272,8.387288696206122,0.0114819642585817,2.1511998390979423,0.0041570642633064,3.898888677735837
6673,6673,Day2,7A1,Stationary,2.464308816651077,0.0152240629273957,1.1676346539017275,0.0023137348832317,8.238572690412973,0.0109174426957621,1.9980940391444828,0.0035080281419259,4.123215689057585
6674,6674,Day2,7A1,Stationary,1.942281825925246,0.0199642335856306,0.9093807063522912,0.0010878520884981,4.978406936587433,0.0111220560048622,1.1623896274664294,0.002115277839017,4.282907227448752
6675,6675,Day2,7A1,Stationary,2.884194492829006,0.0133150313512018,1.1453369724251097,0.0023625310405633,9.472430380210731,0.0138198674154287,2.353094183930734,0.004646761672818,4.025521139314312
6676,6676,Day2,7A1,Stationary,2.0978698854474955,0.0186738996461935,1.243404328339906,0.0030987689159292,6.725829502175957,0.0086667142343635,1.6179910026263165,0.002787618936473,4.156901670811901
6677,6677,Day2,7A1,Stationary,1.7468761226150786,0.0222539857111038,1.335387664600595,0.0030603613685728,6.71225779375109,0.0088073655940888,1.6171116806738983,0.0028235337089368,4.150769470018233
6678,6678,Day2,7A1,Stationary,1.9274682689924785,0.022769656052405,1.1770997234945546,0.0023964585845135,6.4934192920984035,0.0092836090946321,1.5677257499592938,0.0027293407890068,4.141935725854478
6679,6679,Day2,7A1,Stationary,3.2265824409439867,0.013279563527797,1.1738510713725705,0.002407968982993,10.642470843333411,0.0172335847251022,2.742814583933683,0.0062726029625085,3.880127700090547
6680,6680,Day2,7A1,Stationary,3.504413251292337,0.0150473844982657,1.1674736134351578,0.0025671078755949,10.050014145570328,0.0152283210690959,2.5907816168095534,0.0055166609881238,3.8791436840386915
6681,6681,Day2,7A1,Stationary,2.098201603598325,0.0190468634708732,1.296019670931249,0.0032285724564204,7.025914912615928,0.0089858793260554,1.735795726518876,0.0029149807142421,4.047662294172334
6683,6683,Day2,7A1,Stationary,2.3898412973998906,0.0168745646036996,1.171919714121327,0.0023781878877241,7.148522939488996,0.0093208794329829,1.744923950484222,0.0028188232874773,4.09675329260353
6684,6684,Day2,7A1,Stationary,3.3154200129112525,0.0157436603667084,1.2107956408653642,0.0025544711802723,11.085206142316288,0.0173462471645272,2.964204220641025,0.0070421164970705,3.7396904252160645
6685,6685,Day2,7A1,Stationary,2.812534158839963,0.0130849710239197,1.137850262923799,0.0023708322745106,8.410822982983461,0.01101360601677,2.024297652168188,0.0036170406161601,4.154933921883861
6686,6686,Day2,7A1,Stationary,2.216767660395165,0.0177892369655495,1.2937407217967656,0.003241250263652,7.967215126352277,0.0108929769453331,2.0513916425349508,0.0039863055337738,3.8838098786963027
6687,6687,Day2,7A1,Stationary,2.0747282066734707,0.0187589669671613,1.248008347892928,0.0027446385837556,7.114913740443553,0.0092093534573659,1.7584377722405375,0.0032356774608369,4.046156112409931
6688,6688,Day2,7A1,Stationary,2.2907163778519015,0.0174767158848164,1.1112877102765149,0.0022217068286449,7.207558834562598,0.0094032874346437,1.7479950426810429,0.0030453223583377,4.123329104817011
6690,6690,Day2,7A1,Stationary,2.3584225889069357,0.016138032311955,1.263585080884375,0.0028356680092756,7.743640217459825,0.0104457545393565,1.9819490191452251,0.0037382257797166,3.9070834530342773
6691,6691,Day2,7A1,Stationary,2.647110136768746,0.0142508864942836,1.1340038860231176,0.0023362461453475,7.543441057689116,0.0093504395587283,1.813988101527397,0.0032917402381477,4.15848430942709
6692,6692,Day2,7A1,Stationary,2.136870204857408,0.0190426228738703,1.0808506760810397,0.0020702017680063,6.630902173797465,0.0090602536786001,1.668478391548058,0.0024410903081056,3.974221187033258
6693,6693,Day2,7A1,Stationary,2.140833828722305,0.0177680364618407,1.2439985578958497,0.0028769643169682,7.658940045681319,0.009167975211434,1.882112704366261,0.0034085860257388,4.069331250946639
6694,6694,Day2,7A1,Stationary,2.223065407466718,0.0175696510388184,1.115427534831705,0.0021187018891546,7.0755345462422445,0.0091862068025683,1.6189438671165053,0.002694996425259,4.370463170439907
6695,6695,Day2,7A1,Stationary,1.6329149169831485,0.0238383245479978,1.167615448637514,0.0023537151492291,5.402004631408324,0.0089483451867831,1.170311514886956,0.0021770032373247,4.6158689910268205
6696,6696,Day2,7A1,Stationary,1.6350550110499984,0.0236458664263877,1.1631453565645429,0.0024121594939497,5.195866938917967,0.0093245101154625,1.1031564368044733,0.0023559452005845,4.710000110200959
6697,6697,Day2,7A1,Stationary,2.0685296002213875,0.0187981011974071,1.123838941524704,0.0023234213445064,5.887551382990525,0.0087615040797874,1.314281552304996,0.0020920865085851,4.479672846860627
6698,6698,Day2,7A1,Stationary,2.602586998681913,0.0148671596442765,1.2898864127182357,0.0031381350807795,8.368653696861395,0.0117023866248176,2.2258430616310636,0.0041173659869903,3.7597680811912113
6699,6699,Day2,7A1,Stationary,2.5109424383563024,0.0153859844872598,1.097957223300984,0.0020476374442453,7.425536823524713,0.0092647014281056,1.933214708855808,0.0039014789281267,3.8410305847091286
6700,6700,Day2,7A1,Stationary,2.179931029194644,0.0193093406646464,1.2510003340960962,0.0029140026677269,7.473439675159241,0.0101607183229862,1.833564730690192,0.0030420539224172,4.075907193277045
6701,6701,Day2,7A1,Stationary,1.9224151700560257,0.0218488058837736,0.9209009418122414,0.0011426271137436,4.2400682079232554,0.0122027491348667,0.8883692593743281,0.0024274638108943,4.77286687172123
6702,6702,Day2,7A1,Stationary,2.654366985390922,0.0145029592889776,1.1115674068009065,0.0020160546244609,8.086880694424337,0.0100934412049317,2.0734990446139836,0.0039427111623656,3.900113055480016
6703,6703,Day2,7A1,Stationary,2.479225051386715,0.0165954166199382,1.2837893787683112,0.0028636913887589,8.70948222705862,0.0113310154189784,2.246829853388052,0.0043327285952966,3.876342578377873
6704,6704,Day2,7A1,Stationary,2.2441072950511396,0.0169003014118373,1.273226994627736,0.0029348725047384,8.208590773115127,0.0108451467156077,2.06928110534721,0.0036473350142489,3.966880455199336
6705,6705,Day2,7A1,Stationary,1.9465720657565797,0.0220939324781651,0.9716765021027184,0.0013428933812046,4.5504139343575085,0.010991866007686,0.9674756878217576,0.0023245765054656,4.703388407209103
6706,6706,Day2,7A1,Stationary,2.222013622135456,0.0173458625698775,1.3030911259897353,0.0030115817157711,7.91562148583504,0.0101209668152128,2.0030231071269182,0.0034917743156864,3.9518373291204774
6707,6707,Day2,7A1,Stationary,1.849574777102013,0.0207237563143034,1.0877823266227078,0.0020130700713252,5.196607882493554,0.0095241401302623,1.1188554958083718,0.0021565484045937,4.644574658623821
6708,6708,Day2,7A1,Stationary,2.19320615968439,0.0184099294815575,1.1349960961077386,0.002408596609718,6.657011014308192,0.008954253905464,1.552648919561112,0.0025212155363336,4.287518530711973
6709,6709,Day2,7A1,Stationary,2.143489067074802,0.0180826508281196,1.3311018928012786,0.0035269431661465,8.08523844038187,0.0102379188768298,2.0858226871389305,0.0039704495592793,3.876282720595097
6710,6710,Day2,7A1,Stationary,2.4087338003757823,0.0155419158148079,1.11308784908192,0.0020513793429301,7.46805507675946,0.0094770406418949,1.789941684539116,0.0032855937886455,4.17223373323605
6711,6711,Day2,7A1,Stationary,2.443632512925603,0.0168545230415375,1.3309597502038295,0.0033386016219057,8.907031534854722,0.0125839336748151,2.36375404105786,0.004832881695476,3.768171891043505
6712,6712,Day2,7A1,Stationary,2.34536550911407,0.0166830855174211,1.194130701602121,0.0025228644652642,7.495674408106232,0.0098300909171254,1.8462587090850064,0.0031577878724266,4.059926364177335
6713,6713,Day2,7A1,Stationary,2.076145736110854,0.0173139045946233,1.1150748530267751,0.0020053783431586,5.763334301518117,0.0093810177346553,1.2839388407471606,0.0022841960945247,4.4887919257620315
6714,6714,Day2,7A1,Stationary,1.7547582263505297,0.0217953089505589,1.051399747529686,0.0017909406921136,5.01072966601559,0.0101167884315016,1.0263442782586805,0.0021518421410342,4.882113898970538
6715,6715,Day2,7A1,Stationary,2.1996754586823237,0.0187581750017542,1.245640899688429,0.0029118123012361,6.907005774572829,0.0095068092882228,1.7430905815574589,0.003189306896378,3.962505361254026
6716,6716,Day2,7A1,Stationary,3.1935181396457044,0.0128619948913337,1.1394835481759265,0.0023628210509962,9.214345502414597,0.0124597832642493,2.2721795412558348,0.004441585583169,4.0552893532884395
6717,6717,Day2,7A1,Stationary,1.771468030145393,0.0215302424719677,1.1750671779271231,0.0024214946661327,5.8873591052573495,0.0090015388690633,1.320491069864416,0.0024167553986985,4.458461885593703
6718,6718,Day2,7A1,Stationary,2.2121753342006616,0.0169495057671093,1.1658285554362269,0.0026115222069508,6.836492886569067,0.0083409872049469,1.5856084810917506,0.0029140978296515,4.311589505286883
6719,6719,Day2,7A1,Stationary,1.629063345863351,0.0252335608366409,1.1908659051280857,0.0025302076280061,5.113228464013691,0.0095652974895001,1.083492453097585,0.0020702977002542,4.719210041007242
6720,6720,Day2,7A1,Stationary,1.6549667438662272,0.0235277503433769,1.099213814623976,0.0021244577135036,4.860428364383499,0.0102666690312558,0.9972452825877648,0.0022186110206221,4.873854456118469
6721,6721,Day2,7A1,Stationary,1.9593066623444748,0.0204580095930232,1.2211530741214878,0.0025796186671403,6.51049869164339,0.0089889259585567,1.5395577913515592,0.0024674339819209,4.228810849593311
6722,6722,Day2,7A1,Stationary,2.4112612540935845,0.0141466680808756,1.1714902227535993,0.0022846233182036,7.047129371087194,0.0098526318188276,1.6908754101733972,0.0028211564659859,4.167740170971272
6723,6723,Day2,7A1,Stationary,3.304403005735243,0.013567655864203,0.9903087481645998,0.0014548660288445,7.914090093813913,0.0101636697785986,1.7880322519920042,0.0032358903074287,4.426145045760228
6724,6724,Day2,7A1,Stationary,2.8320616991634755,0.0121421015095833,1.0645699673427726,0.0020105574996875,7.699397940048999,0.0103286030705968,1.896534660020579,0.003024420492987,4.059719077301469
6725,6725,Day2,7A1,Stationary,1.99587165909232,0.0195404204003581,1.2973635246087472,0.0030739804804183,6.9183968428124265,0.0092507965890488,1.735257575322718,0.0031672026594598,3.9869567153601184
6726,6726,Day2,7A1,Stationary,2.6020112088290657,0.0144709167510319,1.1579337361623552,0.002340726705219,7.994723099553386,0.010031363670843,2.0752392447361965,0.0040463078779898,3.8524344216368513
6727,6727,Day2,7A1,Stationary,2.861385682893,0.0130494787244229,1.2055241295050414,0.002604773322012,8.263968019058135,0.0107054645776738,2.2031092606300167,0.003947028920264,3.751047742722897
6728,6728,Day2,7A1,Stationary,2.156276199709464,0.0186104998108462,1.3170225125842043,0.003597442354091,8.313669368690721,0.0104268321778323,2.1458631414226663,0.0040640851123741,3.8742775381187253
6729,6729,Day2,7A1,Stationary,1.876575930509005,0.0207231445286397,1.002311827519646,0.0014849266161071,5.649520473912454,0.0089575620855651,1.356638122255647,0.0023608729943613,4.164353324023612
6730,6730,Day2,7A1,Stationary,1.9951690256274028,0.0202476425045918,1.2186561258804487,0.0026968104025498,6.7325511410975265,0.0093998582608886,1.581472646311785,0.0026540971086324,4.257140429712
6731,6731,Day2,7A1,Stationary,2.878203109311491,0.0130383894240471,1.2155216339634,0.0025864431943352,9.847162931559224,0.013997451948739,2.5651232679784632,0.0051861908882124,3.838865388843333
6732,6732,Day2,7A1,Stationary,2.580330464036993,0.0138221991970512,1.1599966039781446,0.0025158518568728,8.676749837055821,0.0109305448830817,2.1198819257251036,0.0038842888217594,4.093034490158194
6733,6733,Day2,7A1,Stationary,2.2971279757319727,0.0176072993737873,1.2523572982496642,0.0028358882970272,8.240241284525382,0.0107264374672084,2.081518571081186,0.0040686371026461,3.958764240208158
6734,6734,Day2,7A1,Stationary,1.916546709080518,0.0187577603018069,1.2650070608688109,0.0028530491928002,6.4320318120654045,0.0094717829282289,1.5316445427750829,0.0026632622292875,4.199428543917666
6735,6735,Day2,7A1,Stationary,3.478449790411825,0.0145941430208094,1.2116112549913027,0.0027721491147579,8.973115010788286,0.0124984345067927,2.255300592446765,0.0046189785604595,3.9786780710474585
6736,6736,Day2,7A1,Stationary,3.015395504411852,0.0132373655537295,1.163810575569202,0.0024168715346039,7.598106776390979,0.0099611398189009,1.870658199548179,0.0031943390152785,4.061729063185435
6737,6737,Day2,7A1,Stationary,2.5628431726116805,0.015204550061946,1.24166233147705,0.0029081912756692,8.659775886941654,0.0119214557808014,2.209981429720319,0.0042464049171945,3.9184835539715737
6738,6738,Day2,7A1,Stationary,2.427270195346882,0.0153989216834469,1.0455513682991189,0.0017603472913049,6.515829920644942,0.0097803698575566,1.557647220606028,0.0025823564263076,4.183123004007193
6739,6739,Day2,7A1,Stationary,3.2717342844395154,0.0151672316980582,1.2100231496827578,0.0027817004432786,10.739677345867465,0.0167884891430774,2.850196929813449,0.0063234364058002,3.7680474754319513
6740,6740,Day2,7A1,Stationary,2.0952707293993997,0.0179943658171461,1.190624489965503,0.0026889455444157,6.921167544475985,0.0095080741916735,1.6420373386457283,0.0027941413607428,4.214987918718233
6741,6741,Day2,7A1,Stationary,3.195765263475381,0.0129086492361577,1.1796690311946991,0.0023573096741808,10.020319649529103,0.01411518545165,2.602291953850679,0.0051491102019967,3.850574734591857
6742,6742,Day2,7A1,Stationary,3.026553101685199,0.0141253096803165,1.2259903438671826,0.0030059679687125,10.335587599859442,0.0163172003593464,2.709166788156766,0.0061950060810519,3.8150429294504455
6743,6743,Day2,7A1,Stationary,2.5408663711074664,0.0164074337415358,1.2203497937885777,0.0026799758354429,8.261326987894384,0.01068570977806,2.0722295349731312,0.0037098370365782,3.986685281947543
6744,6744,Day2,7A1,Stationary,1.9683098792104825,0.0208445149535344,1.1936374870297832,0.002719903433564,6.78524473182852,0.0087621431238615,1.598477082257197,0.002915462194854,4.24481827555959
6745,6745,Day2,7A1,Stationary,2.5280752339853505,0.0145037018500735,1.2492511597026166,0.0029755252979483,9.26697672171373,0.013191621485017,2.4115569480842183,0.0049519113922323,3.8427360088160363
6746,6746,Day2,7A1,Stationary,2.249269320433831,0.0184361983056509,1.1058908409870267,0.0021011015063828,6.76084591156832,0.0089562106428173,1.6208401070788925,0.0026014625746183,4.171198554404506
6747,6747,Day2,7A1,Stationary,2.109502832437839,0.0184190295000933,1.181594864058216,0.0025587703054572,6.490167801102961,0.0097132518103561,1.5276298743094168,0.0024139082934869,4.248521130838004
6748,6748,Day2,7A1,Stationary,3.065053709165176,0.0122236963401603,1.0801581782021794,0.0018372761766947,9.362805410887107,0.0128108059082994,2.2694096841209466,0.0046206168860227,4.125656762813093
6749,6749,Day2,7A1,Stationary,4.489103435984518,0.0235569264234109,1.1055083728635469,0.0021125209332295,9.255665000628316,0.013766992016324,2.234960773908733,0.0045292669186336,4.141309820145541
6750,6750,Day2,7A1,Stationary,2.872893737093448,0.0128987090683358,1.192507684743846,0.0024507335984933,8.960387122362805,0.0132842814113202,2.2507836601036826,0.0043688433742572,3.981007717974123
6751,6751,Day2,7A1,Stationary,4.076000314306265,0.0200588398808459,1.1461385571667595,0.0023101470649595,10.930158152960244,0.0175809381256761,2.769122521464733,0.0061512564144699,3.9471558474699466
6752,6752,Day2,7A1,Stationary,3.091234584994461,0.0134235599500237,1.1855098436867706,0.0025859664238745,10.874508036158227,0.018217506833816,2.806841956323993,0.0063007865227763,3.8742858363141077
6753,6753,Day2,7A1,Stationary,3.4171898998016097,0.013115252347678,1.0435222498485668,0.001784000429298,7.546234676582447,0.0098330691787605,1.6836889453826676,0.002793172797543,4.481964852995661
6754,6754,Day2,7A1,Stationary,2.8794825346938215,0.0137051384870052,1.225317702331443,0.0026802585023078,9.601876883554592,0.0137513374819378,2.523989798666362,0.005274608411763,3.8042455197830347
6755,6755,Day2,7A1,Stationary,3.5384617593615197,0.0158836329400372,1.1648774383494906,0.0022891882410477,8.356518287940343,0.0120074977408958,2.1177588578984867,0.0041743234222805,3.9459253147606983
6756,6756,Day2,7A1,Stationary,1.851963536703432,0.0216985315936532,1.264189874570454,0.0029506890079237,6.613068444950893,0.0095007460387412,1.5691641151714872,0.0025690525970952,4.214389292370594
6757,6757,Day2,7A1,Stationary,1.427827795103944,0.0265904492231195,1.1818745446896235,0.0025728930737851,4.86456479114328,0.0113915737957281,1.007360509945924,0.0025952601359826,4.829020735986975
6758,6758,Day2,7A1,Stationary,2.503137838818059,0.0154344890073053,1.3411815161543008,0.0033884556006333,10.01383519102652,0.0149539650119848,2.7249953545477057,0.005809268788522,3.67480816960461
6759,6759,Day2,7A1,Stationary,3.347000428413882,0.0139377004276752,1.1484680403638683,0.0023844895145807,11.056044877129915,0.017264001435141,2.836721609795514,0.0066948946196947,3.897472645518745
6760,6760,Day2,7A1,Stationary,2.88269323712063,0.0140454444432972,1.1786021848878738,0.0026479757455076,9.626870381723007,0.0140755590167134,2.4441855612150167,0.0048738542996687,3.93868228930108
6761,6761,Day2,7A1,Stationary,2.64331811870671,0.0135165924553386,1.229280100522746,0.0026298375745236,8.636993846352414,0.0114755846918177,2.190618566760024,0.004424067217351,3.9427191832518473
6762,6762,Day2,7A1,Stationary,2.9514853799609333,0.0132681384933925,1.1322971551285526,0.0023624041588242,7.96863377588249,0.0105638713466024,2.033878939080667,0.0036209737765482,3.9179489116910715
6763,6763,Day2,7A1,Stationary,3.3400882667307843,0.0138085888967534,1.0829265216456234,0.0020808532128736,9.514564137299892,0.0139460339019817,2.3401874485876797,0.0049105665738156,4.065727360020669
6764,6764,Day2,7A1,Stationary,1.9787246317074785,0.0214276712050693,0.9868186253574784,0.0014889080348942,5.078352218127798,0.0108166785548225,1.1107213537627032,0.0021875247868277,4.572120812230956
6765,6765,Day2,7A1,Stationary,1.766290321688072,0.0233435017480805,0.9553788073470402,0.0013790802363807,4.125727058174275,0.0122424238081232,0.8151137119195416,0.0022963559868774,5.061535584352331
6766,6766,Day2,7A1,Stationary,1.8971634570048568,0.0206832943741515,0.9107650634289646,0.00096013125611,4.855055115712363,0.0107050798242182,1.0388204619674428,0.0021233486537086,4.673622915087057
6767,6767,Day2,7A1,Stationary,1.6046833536377323,0.0250058737639766,1.0583149645498993,0.0018034825533559,4.970367674528688,0.0098137372080072,1.0456124927315875,0.0021841670533164,4.753546566323017
6768,6768,Day2,7A1,Stationary,2.800713214439047,0.0136664147909836,1.1123173414846903,0.0020479839081903,7.960913909676907,0.0105195725475557,2.029701048936492,0.004041367184959,3.9222100781039693
6769,6769,Day2,7A1,Stationary,2.659296835487286,0.0147986087440063,1.2651949713252997,0.0031536508790453,9.046615177273452,0.0111255188304684,2.351760759059809,0.0048632409265433,3.8467412735001685
6770,6770,Day2,7A1,Stationary,1.8295017237916469,0.022152736697347,1.1334877122576863,0.0023699641360478,5.4839235898673016,0.0092706135200943,1.23486713932171,0.0024330017096051,4.440901709377027
6771,6771,Day2,7A1,Stationary,1.9239272335856297,0.0222547447619818,1.089165334616177,0.0019868000491698,5.043655229184858,0.0108756016226959,1.0999744465960584,0.0021820508067468,4.5852476344271205
6772,6772,Day2,7A1,Stationary,2.824743618440319,0.0132756943873634,1.2275544512286516,0.0027639212615723,9.925480254194802,0.0151924616875878,2.602244925328858,0.005606829499838,3.814199100778522
6773,6773,Day2,7A1,Stationary,1.628551301851742,0.024190911296011,1.1753216693942403,0.002471747899621,5.638455842849097,0.0100145449285182,1.2630655807384354,0.0022341347882072,4.464103787510894
6774,6774,Day2,7A1,Stationary,2.594156834301859,0.0142274039207733,1.3108416283557214,0.0031398469100233,9.292852735669628,0.0129364484256113,2.4531371729054783,0.0049299867658048,3.78815047047012
6775,6775,Day2,7A1,Stationary,2.274925369567717,0.0180107415009397,1.1756404144414463,0.0027407335210353,7.791446868295487,0.0097911767088062,1.8790242377712605,0.0032942220465843,4.146538778838234
6776,6776,Day2,7A1,Stationary,2.7502989406831313,0.0128598805876473,1.3444436983213068,0.0036845052386377,10.635744204007576,0.0156525573591853,2.95973580366232,0.006958482103692,3.593477563384918
6777,6777,Day2,7A1,Stationary,2.497720043833924,0.0154676280294871,1.328029719134313,0.0032570049327755,10.250389227999545,0.0171948019315707,2.8086732419905873,0.0068114375124994,3.649548503810575
6778,6778,Day2,7A1,Stationary,2.757206530562664,0.0137183661839422,1.193347388071397,0.0024573708359755,8.691275537645721,0.0107475210853063,2.3436163129733045,0.0044521622135835,3.7084890941978697
6779,6779,Day2,7A1,Stationary,3.0822624674703074,0.0133421988797675,1.2587794982340696,0.0030275970171397,9.899851436943536,0.0136193584874227,2.6665536876568026,0.0057405527050805,3.7126015811228217
6780,6780,Day2,7A1,Stationary,3.4540224850332906,0.0147756968282152,1.2321382629566209,0.0030277896354261,9.471797547735912,0.0127846072731795,2.453911368625006,0.0051093880006357,3.859877609615225
6781,6781,Day2,7A1,Stationary,2.523566104400737,0.0144112831084201,1.1698991564776229,0.0024258225149888,8.049850271611461,0.0099172980943505,1.9488836625585424,0.0032893308273065,4.130492972086092
6782,6782,Day2,7A1,Stationary,2.094579327642867,0.0183834769029244,0.9637497003975168,0.0013965471427135,4.257373860435953,0.0118706392475762,0.8045666212413395,0.0025860662456908,5.291511912173775
6783,6783,Day2,7A1,Stationary,1.815853318418513,0.0214828431927928,1.0761966715364517,0.0018664416988359,5.370694679997692,0.0087651725608156,1.16358475453435,0.0023578898757996,4.615645451754795
6784,6784,Day2,7A1,Stationary,1.941829399855025,0.0222522656196489,1.1215395012142455,0.0022140999621524,5.680065130484785,0.0092552570755412,1.298371750009342,0.002302999656676,4.374760256793877
6785,6785,Day2,7A1,Stationary,2.0856258275835,0.018734380214615,1.1722002037116317,0.0021449848480048,6.159931882356909,0.0084704624929028,1.454674880675097,0.0024279583703328,4.234576374549176
6786,6786,Day2,7A1,Stationary,2.206520783622632,0.0175623588207911,1.0046825052696386,0.0016310461842428,6.4736373701167835,0.0086646313783743,1.6017709348452662,0.0027353062685639,4.041550030212122
6787,6787,Day2,7A1,Stationary,2.239465813171416,0.0170197063655439,1.2172751844722234,0.002739098319223,7.901810601476486,0.0099964334725634,1.9402556560689872,0.0032987393144445,4.072561559998633
6788,6788,Day2,7A1,Stationary,2.110263986520437,0.0191211559694787,1.3068230184483642,0.0031272214382814,7.618415989626317,0.01008491164191,1.9495174063644392,0.0036022369443506,3.9078471239882555
6789,6789,Day2,7A1,Stationary,2.7970509617464767,0.0145550342605541,1.225765464299009,0.0028367763300314,10.033304479520764,0.0152696068089517,2.6145683553070804,0.0052731109028112,3.837461146944217
6790,6790,Day2,7A1,Stationary,2.211367224796032,0.0171152746406165,1.240085812877172,0.0025543982943622,7.4216927036549585,0.0092910399366037,1.827218216042134,0.0032736393900094,4.061744042663277
6791,6791,Day2,7A1,Stationary,1.6725088497478546,0.0234384216736463,0.8669285271128216,0.0009386053492338,4.067662516175528,0.0125562776923193,0.7586249512731634,0.0027108004411723,5.361888650444423
6793,6793,Day2,7A1,Stationary,1.5877947123791327,0.025946160620082,1.078642184777412,0.0018962133067956,4.749026875885791,0.0116372716585325,0.9517283323792104,0.0022677130688078,4.989897551976597
6794,6794,Day2,7A1,Stationary,2.652561731225873,0.0142401192252875,1.2424228560847037,0.0026743911062477,9.236591340933083,0.0118132727636629,2.39270984969139,0.0048031561220964,3.8603056455526406
6795,6795,Day2,7A1,Stationary,2.449136643495049,0.0159910311146132,1.1317212882216372,0.002238822061111,7.796997472784313,0.009515147158339,1.967277363989804,0.0032930914125233,3.9633442723965198
6796,6796,Day2,7A1,Stationary,3.206307628365032,0.0131988040046362,1.2677724341512302,0.0031235939969915,10.317670788314976,0.0157992258927487,2.7819006335239855,0.0065203725071693,3.7088566945847443
6797,6797,Day2,7A1,Stationary,2.414963503960404,0.0161822763446302,1.260664322309111,0.0032470723471826,8.649890179169187,0.012131335980624,2.2267931457202206,0.0043080096437575,3.8844605731761934
6798,6798,Day2,7A1,Stationary,3.6579527069777504,0.0148999379876596,1.203256166244263,0.0027646450224445,8.511366274472804,0.0120451630004782,2.254756576629411,0.0044931948296426,3.7748492953488886
6799,6799,Day2,7A1,Stationary,1.745232718366471,0.0224987760065467,1.3535929121281065,0.0036236937175004,6.500510025652036,0.0091350065057591,1.574359567255523,0.0023143108260182,4.1289868978177235
6800,6800,Day2,7A242,Exponential,3.942071304862426,0.0180727197921207,1.399363769896474,0.0039953104215079,14.809962415458587,0.0295666593327276,4.4460076699109,0.011673459602996,3.3310699204788787
6801,6801,Day2,7A242,Exponential,3.5568181746022036,0.0161214525081324,1.355222343602794,0.0035403607664566,12.6839113231902,0.0231385132260429,3.8083146470853735,0.0100621689589673,3.3305838667762413
6802,6802,Day2,7A242,Exponential,5.762384211301391,0.0412764661353406,1.4022413869679289,0.0038491484083763,24.124336606859405,0.0591623506364161,7.696408749397228,0.0222820155503625,3.1344926435655838
6803,6803,Day2,7A242,Exponential,3.5428872700712644,0.0148654755027349,1.3201170081658464,0.0033188586614951,13.482965116193446,0.0250957190643988,3.952987720948855,0.01005302933139,3.4108289901181537
6804,6804,Day2,7A242,Exponential,3.950049248130092,0.0194828972824059,1.361874085479941,0.0032460032768236,16.591257564886295,0.0353666219192705,5.032405969710101,0.0135542437835413,3.2968837698604943
6805,6805,Day2,7A242,Exponential,3.5934032166401164,0.0151942115096686,1.3055567239717891,0.0033993672638065,14.47010928351157,0.0284916150215066,4.129587345094233,0.0114060025636563,3.504008530223103
6807,6807,Day2,7A242,Exponential,5.949300414459134,0.0436589146750434,1.3177211189755471,0.0033993073362379,21.840931824282706,0.0517267254879749,6.621321257626458,0.0189314284863819,3.298576065785398
6809,6809,Day2,7A242,Exponential,3.761080135877336,0.0178973469009831,1.1902755159978178,0.0026910760311715,13.085252767792843,0.0233416217749549,3.852016320270025,0.0092243000986503,3.396987883705428
6810,6810,Day2,7A242,Exponential,3.503361868001375,0.0149507487872464,1.233715374636625,0.0029053499560804,12.437419526322758,0.0220749066713054,3.427786153752363,0.0082317422854164,3.6284117411197427
6811,6811,Day2,7A242,Exponential,3.8602563442125857,0.0199171588144925,1.2535881931635944,0.0028105547601263,13.120835569471248,0.0228636209310768,3.5943962699155314,0.009681561335639,3.6503586650393416
6812,6812,Day2,7A242,Exponential,5.812360384536032,0.0440194666675627,1.2155289386409545,0.0024867116845788,11.908648819047372,0.0196362009833353,3.342894776843628,0.0089839847037868,3.562376208051501
6813,6813,Day2,7A242,Exponential,3.652698622436148,0.0157047244388554,1.2322173819100704,0.0027038372386848,12.053947439831909,0.022578564603005,3.257078875611522,0.0078441665117396,3.7008460341841616
6814,6814,Day2,7A242,Exponential,4.756811652014018,0.0271742743909227,1.2552192137735363,0.0029678277952778,16.037927878241824,0.0326627620848407,4.503984281848454,0.0114298989371775,3.560831227337186
6815,6815,Day2,7A242,Exponential,5.890199562658244,0.044274511006171,1.2611888545518304,0.0029399140786975,19.48090952111365,0.0425204724598586,5.688364719160204,0.0174972759816531,3.4246941753744813
6816,6816,Day2,7A242,Exponential,5.2856333421164825,0.0331027940901465,1.2550656011867232,0.0027404198257439,18.318194872140484,0.04008339542509,5.449210974058968,0.0166782262747817,3.3616233541597977
6817,6817,Day2,7A242,Exponential,5.011716672717843,0.0309289375219128,1.3338141674642066,0.0034628690103213,18.13338594538312,0.0380235013882879,5.429122200062914,0.015192768635671,3.3400216972778742
6818,6818,Day2,7A242,Exponential,4.178280545931078,0.0220772772421448,1.2291016743579233,0.0028735184399521,15.543193265720117,0.0326094236125033,4.35507596442278,0.0116421394251249,3.5689832720932126
6819,6819,Day2,7A242,Exponential,6.65233694566632,0.0491887184023362,1.300409555555862,0.0032505755624964,23.793056161133713,0.0605675536743442,7.18727047054733,0.0210399269195012,3.3104439659861318
6820,6820,Day2,7A242,Exponential,3.6081726354684904,0.0159844020539064,1.1463947214495942,0.00220407139654,10.53198559844521,0.0172208796987463,3.0516785973269216,0.0079737764602832,3.4512106247592937
6821,6821,Day2,7A242,Exponential,4.025972799937513,0.0201166512553124,1.3029187713238817,0.0030914939222748,14.496483773676315,0.0280927951503907,4.1425719540323325,0.0108963958082074,3.4993921492578064
6822,6822,Day2,7A242,Exponential,6.337396656223562,0.053881870077055,1.3431389205146718,0.0036806321438757,22.053607725861433,0.0514438588677255,6.8443906144902,0.0200882695097535,3.2221433532989674
6823,6823,Day2,7A242,Exponential,5.11167702001767,0.0312043992284969,1.3507477533565553,0.0035389277315254,20.221592184966784,0.0494688765595974,6.197481696893712,0.0183419898160995,3.262872433346952
6824,6824,Day2,7A242,Exponential,5.270332584888095,0.034465335256741,1.3092982289447572,0.0031633090617529,19.001648125126643,0.0467786585930734,5.793353930233716,0.0167323372373435,3.2799045861781275
6825,6825,Day2,7A242,Exponential,5.928977883475224,0.040812129904125,1.2727654752466269,0.0030242215682009,22.741863960072397,0.0543280061496658,6.738394932847359,0.0183881712513443,3.374967508837101
6826,6826,Day2,7A242,Exponential,4.402925742793833,0.024820722699845,1.2479674576232076,0.002793860421135,15.83293319008424,0.0332692719525862,4.732788678881,0.0133152398836999,3.345370829831285
6827,6827,Day2,7A242,Exponential,4.661359066957283,0.0264509718439399,1.3054361205464984,0.0029342393705464,17.930868489570997,0.0413522764382893,5.2818252353504445,0.0143867693366346,3.394824268240163
6828,6828,Day2,7A242,Exponential,5.157114093564001,0.0315523129948169,1.2980775154031858,0.0030464126398387,20.221151455580976,0.046923194371529,6.097572617399576,0.0182825533659797,3.3162625071293803
6829,6829,Day2,7A242,Exponential,7.052233479243798,0.0596953946771452,1.3030429062084086,0.0031349654541793,24.687786242510946,0.0574424449191976,7.654425058916096,0.0221700936989067,3.225295963117948
6830,6830,Day2,7A242,Exponential,5.473398908670795,0.0381429837659332,1.2299458438266566,0.002734020398597,18.559947158753303,0.0415570770858343,5.32234607441702,0.0141830390773045,3.48717405806541
6831,6831,Day2,7A242,Exponential,6.246211908305094,0.0497691561926246,1.3729545965007373,0.0033495222609469,25.262208216298028,0.0640221753292365,7.96785534351831,0.0252764297756674,3.170515418160588
6832,6832,Day2,7A242,Exponential,5.210675633851597,0.0325140117851011,1.2249816982802375,0.0029193207467712,17.065901592243662,0.0383077232467147,4.802658293094226,0.0124053853110436,3.553428237187483
6833,6833,Day2,7A242,Exponential,5.522732777076807,0.0386821558045714,1.2194071308872136,0.0026659655948115,18.29465384238572,0.0389724247449309,5.271269826691637,0.013969756041475,3.4706350545268596
6834,6834,Day2,7A242,Exponential,3.652399242025014,0.0160282985184197,1.2672446076802542,0.0027626899922407,13.092848928164774,0.0237869396030286,3.6727482072449016,0.0091269528277416,3.5648642894543334
6835,6835,Day2,7A242,Exponential,3.9343716589646256,0.019018309553647,1.2206721520889925,0.0027264097493793,14.003123400734596,0.0264701446569023,4.114040540414045,0.0108709493986058,3.4037397694980647
6836,6836,Day2,7A242,Exponential,4.832427849734839,0.0289658771841412,1.2717600342546511,0.0030772770463451,17.088267491777195,0.0355702494588031,4.877938084469344,0.0137509848899008,3.5031743322416884
6837,6837,Day2,7A242,Exponential,5.325190400278671,0.036967683023956,1.2119913376969398,0.0029328910508218,18.135321695028257,0.0438108275131029,5.022567369511021,0.0152654204787867,3.6107672353220908
6838,6838,Day2,7A242,Exponential,6.030216600629428,0.043603608054962,1.3633895623421717,0.0035706216465744,24.149028637031854,0.0542409796014069,7.529583326628322,0.022016669275582,3.207219787531798
6839,6839,Day2,7A242,Exponential,7.209311027531416,0.0571065749583975,1.297679516540259,0.0030377585851275,25.70154898290416,0.0630226665683601,7.9017812824614975,0.0247080058726871,3.2526272322862657
6840,6840,Day2,7A242,Exponential,5.456489272205843,0.0351555102625528,1.3396602158195026,0.0033299414834251,21.191671275745197,0.051586907644975,6.45037404804679,0.0192472888640991,3.28533990709611
6841,6841,Day2,7A242,Exponential,5.287133946608794,0.0368647215151513,1.3162294844325748,0.0031254122770338,22.41251130338614,0.0547683737020469,6.758307247683152,0.0191240414045875,3.3162906748682492
6842,6842,Day2,7A242,Exponential,6.556553211036969,0.0527446662689691,1.2879672161482871,0.0028854510321228,23.612156158698188,0.0589074483081865,7.044863224505088,0.0215210042978724,3.351684114542476
6843,6843,Day2,7A242,Exponential,7.91706395392188,0.0727289068721455,1.2600473419891791,0.00286420631503,18.56078024202064,0.0423685065293313,5.339379748109666,0.0152304943264595,3.476205311785855
6844,6844,Day2,7A242,Exponential,6.132928923308145,0.047995708950886,1.2352283113202966,0.002846601979028,21.47223812574776,0.0516679956553137,6.297232804694544,0.0176764959596851,3.4097894728840825
6845,6845,Day2,7A242,Exponential,4.744770016888079,0.0268363224683677,1.2464967853677025,0.0030455584929361,14.960590675833789,0.0284173490638206,4.241698751910221,0.0116268416875247,3.527028096725725
6846,6846,Day2,7A242,Exponential,5.331921158568166,0.0346486543990022,1.2133661345519244,0.0026511076417128,19.345633969991663,0.04269312846103,5.39794702166489,0.0147330294418808,3.5838873357495244
6847,6847,Day2,7A242,Exponential,5.274924044169518,0.0352649505780331,1.239202849870899,0.002773187077305,20.464406228827517,0.0480433648179359,5.853013735321968,0.0179787338278252,3.4963878702912004
6848,6848,Day2,7A242,Exponential,4.550567261484574,0.0247136461190191,1.2258021252448978,0.0028544166040237,17.39365640784974,0.0399747379050689,4.854552594984274,0.014067419527852,3.582957660366245
6849,6849,Day2,7A242,Exponential,6.234022435235473,0.0460596769619931,1.305174286666345,0.0031620815322977,21.2723410397458,0.049520982657089,6.340942240259988,0.0188050581007331,3.354760260183919
6850,6850,Day2,7A242,Exponential,6.092352084890206,0.0439148914277306,1.1696966455093551,0.002380920620753,19.894851108100216,0.0485809753218685,5.39659086403667,0.0151003741260571,3.6865590906068415
6852,6852,Day2,7A242,Exponential,5.568367315970054,0.0388272698765022,1.1621839719221174,0.0024943887236027,16.062556534748595,0.0304874828970923,4.346722672381726,0.0111144743201231,3.6953258225575594
6853,6853,Day2,7A242,Exponential,6.276208980552757,0.0504634558698289,1.1002729389185306,0.0019409837452414,21.66416192168974,0.051599612821929,5.666734520189752,0.0167837483949362,3.8230416202671007
6854,6854,Day2,7A242,Exponential,4.878622846400082,0.0299644055073451,1.3164294541158006,0.0033638767512732,17.895045403463747,0.0384463959046716,5.372368339946006,0.0156438210219445,3.330941638979951
6855,6855,Day2,7A242,Exponential,5.868898594588909,0.0416862228799784,1.1657008447880637,0.0024914290741941,21.040252631815893,0.0490345251221727,5.744138127972344,0.0153891164253956,3.6629085448617182
6856,6856,Day2,7A242,Exponential,5.116525193888211,0.0326326545900604,1.0993875201262358,0.0020819976135034,16.831796554382002,0.0344624320386892,4.581521541859094,0.0126936980115736,3.6738442459777194
6857,6857,Day2,7A242,Exponential,5.156519449275124,0.0327862809240218,1.1379053458539798,0.00227754447829,16.496822578086558,0.0341716516675612,4.311523337993622,0.0118640199809523,3.8262166953185033
6858,6858,Day2,7A242,Exponential,11.076476668437898,0.1214189800331768,1.0464340412706872,0.0017655276434953,20.880639645599047,0.0516075074288787,5.287887583633952,0.016085566013671,3.9487676913224794
6859,6859,Day2,7A242,Exponential,4.4128629975907225,0.0224713655899003,1.3596508011590067,0.0036698754586377,18.32529855509043,0.0447256241069385,5.5592309223244225,0.016197963619795,3.296372971574325
6862,6862,Day2,7A242,Exponential,5.628576921366264,0.0403204881399797,1.0848260004343773,0.0021011432899086,16.418720284127946,0.0360180644620032,4.133981984919598,0.0105825793010823,3.971647758510316
6863,6863,Day2,7A242,Exponential,6.0314594328371784,0.044386977744358,1.3481340002851203,0.0033755492732367,22.545922929314123,0.0598752029959124,6.96212533158873,0.020785682235,3.238367862614911
6864,6864,Day2,7A242,Exponential,5.876737938876292,0.0429752303103119,1.3391631954808758,0.0034359366676863,22.33805512534045,0.0493123358420009,6.860418653171269,0.0196642431702551,3.256077544919879
6865,6865,Day2,7A242,Exponential,4.906975607959285,0.0277698882291738,1.1953004680283037,0.0027442250665584,17.03786429269524,0.0354501223177476,4.890706041480449,0.013733672065871,3.4837228302394077
6866,6866,Day2,7A242,Exponential,5.1488800642163755,0.0340474106486963,1.2749194083490707,0.0031863148853393,18.949094656278938,0.0422188085637121,5.918148190620818,0.0178905578567614,3.2018621443629587
6867,6867,Day2,7A242,Exponential,3.8957838264962983,0.0186892897966708,1.1660365151145329,0.0025009009372591,11.274930859582582,0.0193815043045081,3.1803363138309453,0.0079856232097432,3.545200804880007
6868,6868,Day2,7A242,Exponential,4.954795839336592,0.0323493661008562,1.3506677154374642,0.0036982606815496,18.115046005213816,0.0410127331498358,5.446011319509761,0.0161528740699246,3.326296061912059
6869,6869,Day2,7A242,Exponential,4.433638192986244,0.0233109311543684,1.188186062249545,0.0022874244033514,15.493113613447491,0.032453579503782,4.154703505586944,0.0110364959153487,3.7290539728318697
6870,6870,Day2,7A242,Exponential,5.278274195717668,0.0328315384145851,1.2953766275408902,0.0032715251111691,21.120215424727963,0.0521732134162712,6.258952618032767,0.0177431468949008,3.3744009123632246
6872,6872,Day2,7A242,Exponential,6.599891745419336,0.0568666749077156,1.3086275027247247,0.0031716332028274,26.0346596957677,0.0617621596887378,7.912623978437164,0.0261484000089824,3.2902687865258384
6873,6873,Day2,7A242,Exponential,5.110856209181909,0.0324774232940991,1.2783805550080711,0.0031967115382394,17.92983148893444,0.0396499769756422,5.301580634850455,0.014660587156578,3.3819784558346524
6875,6875,Day2,7A242,Exponential,5.744342844446095,0.0428072508981801,1.3022863566327874,0.003160026991149,21.005429235737616,0.0503363551286367,6.2495139734773995,0.0203388051402152,3.3611300534543207
6876,6876,Day2,7A242,Exponential,4.466956950212036,0.0259545324252513,1.241091727399218,0.0026793124240288,15.959520469085058,0.0309262678506784,4.6472833924300945,0.0121267147238206,3.4341612338686587
6877,6877,Day2,7A242,Exponential,4.4223673600940945,0.0232516996433063,1.3277379024125058,0.0034460280223939,15.94534304937419,0.0334615374550692,4.76112761172779,0.0126364319944395,3.349068613514373
6878,6878,Day2,7A242,Exponential,4.4284365172573334,0.0234498895884442,1.328186996606813,0.0033189267997408,15.439062156072996,0.0328191365648875,4.4966933655045125,0.0128593225190863,3.433425608806392
6879,6879,Day2,7A242,Exponential,6.2812110052146,0.0452639941627729,1.2482964496854752,0.003027025521101,21.06028181864227,0.0490158547128892,6.088612529442867,0.0188726228964702,3.458962401828085
6880,6880,Day2,7A242,Exponential,4.688165674792804,0.027265387259801,1.265546483672968,0.0029216530190303,17.94767662157891,0.0391966774567522,5.140576264397388,0.0145483546948703,3.4913744487910745
6881,6881,Day2,7A242,Exponential,3.8922310068189936,0.0179519244626091,1.190295407094978,0.002495614758971,13.109057898108192,0.0231892382003324,3.760115554477683,0.009222987442729,3.4863444243083026
6882,6882,Day2,7A242,Exponential,6.273030721848934,0.0471775607142852,1.07870544203479,0.0019134569799969,20.50448062678005,0.0481213658006295,5.302119177876434,0.0148931453286181,3.8672236399998003
6883,6883,Day2,7A242,Exponential,3.905922521058933,0.0175741655134494,1.2867321620836567,0.0029617152602066,13.639992114665676,0.0257837509335425,4.025441823466462,0.0105762638011391,3.3884459676328786
6884,6884,Day2,7A242,Exponential,4.5287467875051926,0.0243799730401955,1.2322708044437736,0.0028916566153689,14.604422214018165,0.0275832971611877,4.070365163048845,0.0102005157751303,3.587988209657077
6885,6885,Day2,7A242,Exponential,11.292542835688268,0.1200413617993074,1.1613373512945977,0.0023485586988145,23.32006666695786,0.0591263934701968,6.370153735334908,0.019041749104504,3.660832632280549
6886,6886,Day2,7A242,Exponential,6.166334265151114,0.0477062504069246,1.1565157289175267,0.0022982452649036,19.317352292634613,0.0403138263114518,5.291446486265391,0.0136295219728428,3.6506751684582293
6887,6887,Day2,7A242,Exponential,5.202303510556921,0.033974811172184,1.148414153004433,0.002287044663996,16.96074173821004,0.038525850728464,4.480240379935794,0.0116562290159588,3.7856767271163925
6888,6888,Day2,7A242,Exponential,4.997105450473833,0.0313479482522295,1.1641516369426064,0.0024274040196328,15.549632937150134,0.0307744333370541,4.14148606874595,0.0116882137460096,3.754602256058921
6889,6889,Day2,7A242,Exponential,5.812426162743825,0.042296170210238,1.1083477519938676,0.0022216494358816,16.88321954022727,0.0362553176777435,4.33350718363955,0.0108898359031177,3.8959712825600277
6890,6890,Day2,7A242,Exponential,4.891749443557659,0.0297010866364142,1.1555940061947263,0.0023824507204202,16.851852736035763,0.0369743872639704,4.4781952642072875,0.0115073201435921,3.763090205272416
6891,6891,Day2,7A242,Exponential,5.12943604558597,0.0359485917546873,1.2068930982474022,0.0025496510632492,17.743731459445808,0.0397088092911594,4.8820966788431495,0.0135412779261051,3.6344490137483967
6892,6892,Day2,7A242,Exponential,5.825655167826684,0.0424201266618413,1.2341611106346582,0.0026404913878027,19.4955263615928,0.0437570493018782,5.547148199360002,0.0159945196096634,3.5145133428816773
6893,6893,Day2,7A242,Exponential,4.92239317647484,0.0317407010792492,1.115506421137244,0.002069225471282,16.227052577130216,0.0332037457327519,4.418039343622906,0.0107916071557319,3.6729081194246707
6894,6894,Day2,7A242,Exponential,9.2089855615361,0.095202676644881,1.0828762332693698,0.0020547354606726,15.605846514350324,0.0316355283758389,4.227291667443871,0.0113034666233398,3.691689086546223
6895,6895,Day2,7A242,Exponential,4.6478857791058745,0.0258802987109541,1.2133301622343011,0.0027484547223001,17.400012438074082,0.0407914541267217,4.821739277147403,0.0121153040782751,3.6086589170304815
6896,6896,Day2,7A242,Exponential,5.554944304829416,0.0388034958113944,1.2108644567225957,0.0026974975793178,17.110548682917358,0.0403429745770499,4.746477177424684,0.0136697768073847,3.604894333907047
6897,6897,Day2,7A242,Exponential,5.292834914405245,0.0353499272422478,1.1579672117182789,0.0024048599215224,18.852218533290063,0.0452701029144233,5.065651230027164,0.013150988847205,3.721578465872584
6898,6898,Day2,7A242,Exponential,5.124331582796425,0.0351494796103501,1.304376885484035,0.0032438076303231,17.619333262313514,0.0393108714929299,5.19671939280871,0.0149596507837634,3.3904723211908236
6899,6899,Day2,7A242,Exponential,3.918506887678939,0.0177658736975395,1.2288487150180858,0.0027358690175777,14.819685499735575,0.0305689100484462,4.062056840303501,0.010782174368146,3.648320563290864
6900,6900,Day2,7A242,Exponential,4.479047843644569,0.0242803358689868,1.1971314549603371,0.0028098627598616,15.954914820792442,0.0360038577773177,4.62024851938677,0.013148240043993,3.4532590084375125
6901,6901,Day2,7A242,Exponential,3.838022570829261,0.0188738942363272,1.1775026874066992,0.002519613176267,12.3204853595503,0.0230370583244316,3.248602447277748,0.0074349076746992,3.792549429947815
6902,6902,Day2,7A242,Exponential,3.688188393522258,0.0157053625121039,1.1864584490021357,0.0025453756517544,12.097327392325452,0.0193594555543578,3.307414435129818,0.0075022433132511,3.6576388080771696
6903,6903,Day2,7A242,Exponential,4.047337307298761,0.0195314449817529,1.137673084844322,0.0022097440307521,12.65212608289201,0.0219841357031389,3.3991631818042456,0.0084688840107122,3.7221296555043217
6904,6904,Day2,7A242,Exponential,4.539859652599447,0.026800664797153,1.2296731193216834,0.0028487408422531,16.318002329497684,0.0334397445241469,4.611944719423966,0.0123185053215455,3.5382042331885994
6905,6905,Day2,7A242,Exponential,3.5224292881742527,0.0136328173199542,1.181837391773105,0.0026200777208624,12.732307882096874,0.0235537943514918,3.3263526892417463,0.0072278951374941,3.8277083254810385
6906,6906,Day2,7A242,Exponential,8.531896954879246,0.0742939330312771,1.159083106562851,0.0022706859762399,27.645659211979225,0.0765196619839339,7.627937275458355,0.0230928296997569,3.62426409835915
6907,6907,Day2,7A242,Exponential,4.089798482437035,0.0207211840131189,1.1615847855132504,0.0021748471746629,13.309468182106134,0.023885315813246,3.5419006854068944,0.0084862341462154,3.757719192111435
6908,6908,Day2,7A242,Exponential,4.988342518992743,0.0328759604110575,1.1600372330747497,0.0023733021351221,16.619609735587904,0.03480919395585,4.4089530090420865,0.0122854339629108,3.76951391895165
6909,6909,Day2,7A242,Exponential,5.083380524402388,0.0315094195169301,1.173392597218015,0.0025282927813613,15.6131171510707,0.0335707684443947,4.290317274214304,0.0108024101353343,3.639152107679488
6910,6910,Day2,7A242,Exponential,4.993775203842053,0.0325954381559752,1.212739769866906,0.0029397877648549,19.06184893232678,0.0416822948535352,5.354677721681788,0.0150779715348645,3.5598498963145566
6911,6911,Day2,7A242,Exponential,10.645290848296414,0.1075637617038809,1.2467095219177973,0.0027724255878698,25.551838818651007,0.0620042614776791,7.44315273162699,0.0225576582703859,3.4329322183700053
6912,6912,Day2,7A242,Exponential,6.028242758636124,0.0456133265462329,1.3381838721030794,0.0034883665208941,25.650579008246837,0.0646036251542447,7.927623373003638,0.0249468425800536,3.235595058109866
6913,6913,Day2,7A242,Exponential,5.813778665934785,0.0423418596761729,1.3260983633320873,0.0032676433414196,22.847222184149892,0.057187150813441,6.935492779155092,0.0219778315936483,3.2942464092556127
6914,6914,Day2,7A242,Exponential,5.338313047196336,0.0378661599304521,1.3135540540248658,0.0032014372176925,18.435064550502094,0.0426484847722981,5.453765212095589,0.0171317334218772,3.3802453595941455
6915,6915,Day2,7A242,Exponential,4.452334500127614,0.0223336142327079,1.3420415127375611,0.0036023274725029,16.275695419534948,0.0328691629770766,4.814160486820144,0.0127571218874393,3.3807961874335835
6916,6916,Day2,7A242,Exponential,4.331965606422616,0.0220944954520889,1.2693551571201973,0.0030136838748652,16.90269839954918,0.0366119566735066,4.852466455652157,0.0132646310565115,3.4833210191202673
6917,6917,Day2,7A242,Exponential,5.775284480880263,0.043987586964798,1.275294791939698,0.0030457196345823,19.86632874501884,0.04402342654299,5.870609790026518,0.0182771853136782,3.384031549630401
6918,6918,Day2,7A242,Exponential,5.2636105887044815,0.0380255110438622,1.3295366849874426,0.0033377580758161,18.95869782917923,0.0430007295672419,5.670230190959331,0.0156832265182654,3.343549942541514
6919,6919,Day2,7A242,Exponential,6.080800189196119,0.0486295796350637,1.2273876566180324,0.0028219494300548,22.723411936989255,0.0506015628106497,6.499560319737204,0.0173927724966436,3.496146018983024
6920,6920,Day2,7A242,Exponential,3.915627069658883,0.0173088705050988,1.1986203960943338,0.0025991090698507,13.788312705132208,0.0256369328033031,3.815955104959634,0.0093596807758498,3.613332003621165
6921,6921,Day2,7A242,Exponential,4.479563753054425,0.0248191653163248,1.2429647682562337,0.0028325795026585,15.44649095978015,0.0317627638540133,4.290779055284442,0.0118382251830167,3.5999269038932558
6922,6922,Day2,7A242,Exponential,4.7849386596776755,0.0287127388433449,1.1757941847237083,0.0022965759083827,15.57826867895748,0.0358218804228848,4.232982204574588,0.0118270306597176,3.6802112378648864
6923,6923,Day2,7A242,Exponential,4.246013098344036,0.0226083258420869,1.1832346170351202,0.0024468217889188,13.276589230423982,0.0255102872688721,3.486703246898057,0.0090108358031384,3.80777722974718
6924,6924,Day2,7A242,Exponential,4.472600867849358,0.024155116019639,1.2450066617212243,0.0027216273876503,14.214980335919902,0.0291593915555675,4.015499822904093,0.0098693766273517,3.540027633630758
6926,6926,Day2,7A242,Exponential,4.163631068441422,0.0223236062989151,1.243127296384033,0.0029508801166653,16.25828319001408,0.0345771170401395,4.546313269186187,0.0115747089929668,3.5761466989546884
6927,6927,Day2,7A242,Exponential,5.026011740453013,0.0281953135287389,1.261833718390614,0.0029724379560628,17.352243820923608,0.0353900785846824,4.93280603611898,0.0145414802218356,3.5177227107384827
6928,6928,Day2,7A242,Exponential,4.906206825173451,0.0303265572769948,1.2965534684238122,0.0029563707020323,18.999377721548516,0.0441166381318864,5.575508830669732,0.0163749470656043,3.40764911303464
6929,6929,Day2,7A242,Exponential,4.305641087983102,0.0232611471940804,1.1505795929260048,0.0022251207988108,14.015892037307736,0.0269763412275988,3.628004035976725,0.008342967738857,3.8632515009136155
6930,6930,Day2,7A242,Exponential,4.527510715746849,0.0250358800260169,1.272388408777978,0.0028435588917823,16.843521277112877,0.0345590034688631,4.8136294302924,0.0132743241269673,3.4991312731960202
6931,6931,Day2,7A242,Exponential,6.589352724342363,0.0535315184911901,1.257987774426434,0.0030641480107487,25.942783029014777,0.0620429842844513,7.621081790243904,0.0221496364842776,3.4040814339803203
6932,6932,Day2,7A242,Exponential,7.187755410091077,0.0594637218514612,1.2467259019026082,0.002883488190958,16.267670110304593,0.0336074218561095,4.732029018604133,0.0126372128191589,3.4377790259416616
6933,6933,Day2,7A242,Exponential,3.8509739017904137,0.0180570670404244,1.380423909252936,0.0037648756709567,14.262050307101235,0.027239682113152,4.219742034419303,0.0113013679997812,3.3798393813577987
6934,6934,Day2,7A242,Exponential,4.8944182888868335,0.0319890955266352,1.1502631950585318,0.0023893580003061,16.23423209328231,0.0342644654228336,4.3946176057941155,0.0119096126514627,3.694117110867204
6935,6935,Day2,7A242,Exponential,9.805090382919412,0.0949799519764632,1.182923192046404,0.0025225592945614,19.787762742080943,0.0470125600571023,5.50284746601711,0.0148639649359909,3.595913363814002
6936,6936,Day2,7A242,Exponential,4.677983576282332,0.0271977144439908,1.1344951434109962,0.0022273038003318,14.065908868510716,0.0285424116809094,3.778945177398677,0.0094884713326025,3.7221785996359187
6937,6937,Day2,7A242,Exponential,6.705207667337628,0.0518796094441218,1.0900099990058492,0.0019248969517644,19.917923696779035,0.0445318203906667,5.3004012016249265,0.01490433258692,3.7578143501048302
6938,6938,Day2,7A242,Exponential,6.614761594271831,0.053438026217233,1.2165019857365191,0.0028845664247769,25.485486352611087,0.0662672525097856,7.274762242633248,0.0216591997789246,3.5032741280883566
6939,6939,Day2,7A242,Exponential,6.797662805046135,0.0540989002191585,1.24814153138139,0.0027732380215192,24.184006229570944,0.0632909398854588,7.022559661223687,0.0218532154190442,3.443759454705275
6940,6940,Day2,7A242,Exponential,7.590115600617553,0.0664668158925844,1.090254798724027,0.002055314702936,25.007420634997935,0.0627701627477804,6.4771665587139635,0.0197900619968027,3.8608580477762393
6941,6941,Day2,7A242,Exponential,6.088822340217709,0.0432556872036537,1.178516051636438,0.0026324589965234,19.220886386382407,0.0446834280282324,5.663613857114442,0.0169892367160507,3.39374944537184
6942,6942,Day2,7A242,Exponential,5.227876349895765,0.0366189371197823,1.1433983417210842,0.0022954759381798,15.58310615336364,0.033437324702,4.107495635784067,0.0104124136987897,3.793821718909515
6943,6943,Day2,7A242,Exponential,6.009536691026295,0.0461919292056597,1.186876312968264,0.0026637566408896,21.609922872434655,0.0470187230468286,5.973401995636068,0.0181928486830347,3.61769103907991
6944,6944,Day2,7A242,Exponential,3.883389060926739,0.0183113684716457,1.1334191922039605,0.0021069220602156,11.454022906233083,0.0187037782038614,2.876314628363603,0.0062849377081754,3.982187064406623
6945,6945,Day2,7A242,Stationary,2.8901482979667223,0.0131597285034316,1.1058272794365038,0.0019572317872866,9.060071624643376,0.0123730759447599,2.1919039715587623,0.0040485066075956,4.133425433870786
6947,6947,Day2,7A242,Stationary,2.5620846097714893,0.0152598302501761,0.8850864952120746,0.0009664881310155,5.198528882062678,0.0096618227258346,1.0446179530668822,0.0023267031394698,4.976488166607107
6948,6948,Day2,7A242,Stationary,2.8573572101839133,0.0130144351560093,1.1441281025478542,0.0021349115166395,8.115314086877827,0.0111603816469111,2.0119650473601185,0.0034937971937555,4.033526376378088
6949,6949,Day2,7A242,Stationary,2.6428843659816272,0.0152344089698203,1.0997726507093597,0.0019449911686019,7.710144851139023,0.0096699885271633,1.80645919296007,0.0029864762437935,4.268097990359336
6950,6950,Day2,7A242,Stationary,1.6648045300679066,0.0223038598326161,0.9365124373563788,0.0011671885780188,3.7782280172653566,0.0133433967070528,0.7236205144766653,0.0028583572554074,5.2212837276978465
6951,6951,Day2,7A242,Stationary,2.790792466146174,0.0142562171813384,1.2080926797778715,0.0025340649169241,9.22216619344629,0.0116457056637187,2.325581501184677,0.0044374802773945,3.965531282712911
6952,6952,Day2,7A242,Stationary,1.582348553117425,0.0259033341237679,1.0737023427337122,0.001957298655526,4.356249085742224,0.0113182438796251,0.884978511153073,0.0024261963574239,4.922434873662974
6953,6953,Day2,7A242,Stationary,1.657080036309127,0.0234003073148481,1.0976225287771109,0.0019912645732406,4.726539087606652,0.010796446403567,0.9783144717578685,0.0024745122605866,4.831308565960235
6954,6954,Day2,7A242,Stationary,3.9547285185170304,0.0200163926829549,1.2184276526408526,0.0028520385694534,9.405256534000728,0.0133647663316926,2.419914576368801,0.0048105381469364,3.886606835565977
6955,6955,Day2,7A242,Stationary,2.005586978590459,0.0212998171857855,0.924270848604753,0.0011752884307704,4.478246067657259,0.0107819059617888,0.907620557294802,0.0025225151346686,4.934050944157594
6956,6956,Day2,7A242,Stationary,1.9761915004745236,0.0199570815688183,1.308763055562434,0.0031401684688197,6.716589049733865,0.0089167343872854,1.6110480881084663,0.0025954124961081,4.169080426158986
6957,6957,Day2,7A242,Stationary,1.9886391937911885,0.0190489980292804,1.2368241912598996,0.0030587283649069,5.92612956712369,0.0091486384218093,1.406305567907923,0.0022238521190585,4.213970066220842
6958,6958,Day2,7A242,Stationary,1.9471505625659125,0.0214093185390468,1.3013824112232428,0.0031436940315544,6.677677311329116,0.0087800314482096,1.6198811767033103,0.0026677443971243,4.1223253948287395
6959,6959,Day2,7A242,Stationary,2.111151680145984,0.0189841122635479,1.221419164712294,0.002797561495275,7.344056427060801,0.0097022076765715,1.7933916674516597,0.0029984455263057,4.095065545551699
6960,6960,Day2,7A242,Stationary,2.334263242835954,0.0167223357017094,1.2617835415819951,0.002787563194258,7.585503025380225,0.0104290941685186,1.9383283494959924,0.0034446543344935,3.9134252085579933
6961,6961,Day2,7A242,Stationary,1.8716710027641512,0.0219611335634959,1.366667904754492,0.0035188216464343,7.428600581299181,0.009587452793785,1.8655990912294376,0.00344125728822,3.981884755531105
6962,6962,Day2,7A242,Stationary,1.784157444535078,0.0243406265507284,1.1237602512527811,0.0022848241077747,5.48170106014098,0.0098628939483974,1.2034373908343006,0.0021986043663172,4.555036349951459
6963,6963,Day2,7A242,Stationary,1.832259441324252,0.0214864402620687,1.0858898115605198,0.0018736659370441,5.424118659873058,0.009565505055626,1.1658737071933487,0.0021452988129699,4.652406711298724
6964,6964,Day2,7A242,Stationary,1.6271931710744452,0.0236337637522002,1.1933644972143087,0.0025622636006257,5.63520198169934,0.0096666100526039,1.2614668945468377,0.0022904956599779,4.467181823050297
6965,6965,Day2,7A242,Stationary,2.077292353214625,0.0202839752617851,1.0529783828030854,0.001611019915018,6.3621076393271885,0.0089959725815222,1.372230811302766,0.0024145426071636,4.636324725347875
6966,6966,Day2,7A242,Stationary,2.5148793808863497,0.0149973950316125,1.0866908273962996,0.0019840573611844,6.7897798343952,0.0089710217819275,1.744152493727111,0.0030172722238893,3.892881992150811
6967,6967,Day2,7A242,Stationary,2.8842477137171567,0.0136309826748367,1.269524013485473,0.0030980183086575,10.07422993401626,0.0148507039511644,2.721678597754778,0.0059558832009482,3.70147670717876
6968,6968,Day2,7A242,Stationary,3.973883724039536,0.0188605857944123,1.2022744838279098,0.0024465985536978,8.699952159738304,0.0113316231869486,2.273257306975581,0.0047147033419014,3.8270864160612845
6969,6969,Day2,7A242,Stationary,2.0170114996323822,0.0204541886898091,1.2340808058975077,0.0029210100587985,6.856713420715139,0.0095060851594403,1.6281674084151403,0.0027326149509145,4.211307378637109
6970,6970,Day2,7A242,Stationary,1.9018372110618975,0.0192793660162956,1.1643200106506846,0.0024592549276078,6.099250330789628,0.0094690931664097,1.4061287135715257,0.0023336342857542,4.337618791168635
6971,6971,Day2,7A242,Stationary,2.9755322738108707,0.0144692892352504,1.164542236313636,0.002334750140979,10.14725773467344,0.0152348637415912,2.5425678774272296,0.0056895700538329,3.990948609380385
6972,6972,Day2,7A242,Stationary,1.8233749990109809,0.0224784326283462,1.0329455239322365,0.0016808120721076,4.7546598275938745,0.0106611957208507,0.953708662483752,0.0024350453978763,4.985442635292073
6973,6973,Day2,7A242,Stationary,2.752995818294552,0.0135423540588078,1.178436851783118,0.0025119020148827,8.17715574979035,0.0103159089710072,2.0699417920451304,0.0039212391213603,3.950427872520613
6976,6976,Day2,7A242,Stationary,2.6290275138324986,0.0142336630494408,1.2063284032097854,0.0026350931309896,8.291799356543564,0.0107606502766523,2.132315310741205,0.0040492959015637,3.8886365983374604
6977,6977,Day2,7A242,Stationary,1.9061776245322968,0.0189283579319923,1.2034855574128789,0.002436251242375,6.142573342587373,0.0092440367337483,1.4651011222625383,0.0022941857363057,4.192593432118508
6978,6978,Day2,7A242,Stationary,2.1657110336520895,0.0175741215421516,1.0827517594577776,0.0018488933424936,5.705657085368184,0.0091028014463878,1.3391692185433226,0.0023955925434053,4.260594558449077
6979,6979,Day2,7A242,Stationary,2.103473359269047,0.0184258851990273,1.2292172524740637,0.0027919099899504,6.810587507056723,0.0093678076638182,1.6733086066837473,0.0028916797779389,4.070132359239047
6980,6980,Day2,7A242,Stationary,2.8735946369408185,0.0138969701035256,1.046115605211993,0.0016062034209159,7.549724196125264,0.010102766886383,1.9062493034032155,0.0036477401969355,3.9605125009865114
6981,6981,Day2,7A242,Stationary,2.418009956330748,0.0159425877638059,1.1472394132332633,0.0024691652550947,7.249740946897182,0.0087462810757282,1.8053768494428089,0.0032711175406554,4.015638590433161
6982,6982,Day2,7A242,Stationary,2.183275558856186,0.0190726011321521,0.9570894310803684,0.001406087824301,5.41419056911073,0.0087625403001305,1.232016085142128,0.0025034249610514,4.3945778260566595
6983,6983,Day2,7A242,Stationary,2.046876388802175,0.0202774981653137,0.9605918973135992,0.0013058442794949,5.42126565770615,0.009660225015184,1.21210831140552,0.0023211519539568,4.472591769806308
6984,6984,Day2,7A242,Stationary,1.8514715609572796,0.0227392516654361,1.3398778906428823,0.0034758468848878,7.042153287113466,0.0094569781331209,1.730222567244362,0.0029397413329326,4.070085213562523
6985,6985,Day2,7A242,Stationary,2.0017491009622588,0.0209631679281447,1.198739109521594,0.0025564973271578,7.062542214781082,0.0090252206502834,1.757319660492092,0.0029655832847784,4.018928584002412
6986,6986,Day2,7A242,Stationary,2.8219184483522897,0.014692698308298,1.295259579494824,0.0028038572218453,10.553575116044389,0.0171358040460666,2.867957521351221,0.0060543713512247,3.679822674316367
6987,6987,Day2,7A242,Stationary,2.3453714500698344,0.0175273926338995,0.8837290630866305,0.0010494451688398,5.059318986323713,0.0103880542307239,1.0111886239111283,0.0021755408856669,5.003338513397247
6988,6988,Day2,7A242,Stationary,3.2716522881550207,0.0139748273072315,1.3176567563077546,0.0030869411071091,11.649637167944949,0.0205749786168148,3.2538167750321736,0.008002369569104,3.580299068262612
6989,6989,Day2,7A242,Stationary,1.9626688448884009,0.0193311428762672,1.1296732726415435,0.0023011826693365,5.878127505325715,0.0097701326118484,1.3209044338335187,0.0023301523637366,4.450077806360493
6990,6990,Day2,7A242,Stationary,2.2871707812127156,0.0154506069188793,0.9597846238028116,0.0011909446106444,6.819024022361905,0.0087833732181748,1.751754346371171,0.0027824679492599,3.892682804805243
6991,6991,Day2,7A242,Stationary,2.094124929121416,0.0196588042207976,0.9615213239948504,0.0014073708017259,6.376570850071842,0.0094949822855056,1.6084220950443031,0.0026454357096244,3.9644884696117053
6992,6992,Day2,7A242,Stationary,2.467761565944981,0.0155835756936619,1.2668146095121788,0.0029882719745289,8.51382667069838,0.0104899536249768,2.177984271212762,0.0042537391536237,3.90903955700178
6993,6993,Day2,7A242,Stationary,2.6038556497356233,0.0139754047967895,1.1053258540731272,0.0021121423221912,7.522423239939956,0.0100102707726702,1.9288507247427764,0.0033792141057572,3.8999509622203217
6994,6994,Day2,7A242,Stationary,1.5943079726065972,0.024781047132898,1.111708712911668,0.0022820476659875,4.831991052618194,0.0106630981147428,0.98933844920724,0.0023591241696442,4.884062735548268
6995,6995,Day2,7A242,Stationary,3.341671636468207,0.0143310152895827,1.1419925494828835,0.0023251879701902,7.879574887380835,0.0094762493187335,1.8686351808483828,0.0031148624773821,4.216754007490865
6996,6996,Day2,7A242,Stationary,2.146791770027064,0.0181715076818664,1.227050758169412,0.0027642741124407,6.722593945857059,0.0087533868588187,1.66575214001331,0.0028395301743203,4.035770859524961
6997,6997,Day2,7A242,Stationary,2.9859750501879834,0.0131152751760852,1.2320093778234364,0.0025996887773306,9.716289375567602,0.0136789078266793,2.536983977539744,0.00547480261037,3.829858391533885
6998,6998,Day2,7A242,Stationary,1.7701788178837492,0.0226630588933069,1.1375730302556215,0.0021486096391266,5.604773270807062,0.009859779733044,1.2245863808368007,0.002294502304851,4.576870491550897
6999,6999,Day2,7A242,Stationary,2.084521864190058,0.0200528355320983,0.8671812460628643,0.0008622921132719,5.865904185173437,0.0099515681230017,1.3868587246272357,0.0022511004005242,4.229633545947583
7000,7000,Day2,7A242,Stationary,2.684930053140757,0.0135960132529577,1.2273805773114537,0.0028080295845913,8.673946940383289,0.0132431770723943,2.1926925194236517,0.0042686068023036,3.955842811313659
7001,7001,Day2,7A242,Stationary,1.869479010243677,0.0213156770297695,1.0900365554049014,0.0021495135853564,5.428785647427829,0.0098692142738757,1.160081479999435,0.0021543986793991,4.679658921397895
7002,7002,Day2,7A242,Stationary,1.6610692529660114,0.0247426678852282,1.1516133358391492,0.0023707213847293,5.143928665753967,0.0099168957019307,1.0959679984945392,0.0023781728100973,4.693502613963046
7003,7003,Day2,7A242,Stationary,2.529029346082757,0.0154748295856704,1.2491345935115306,0.0030586508846463,8.732604038920275,0.0119451661046329,2.2152777334151974,0.0043253440128681,3.941990616886488
7004,7004,Day2,7A242,Stationary,1.9030833035012007,0.0216784865180861,0.9663339192338816,0.0014115903839272,4.712921160178521,0.0117843735143776,0.9868931106382096,0.0023134307050408,4.775513284443481
7005,7005,Day2,7A242,Stationary,2.591361625037224,0.0145904274465735,1.178188107410162,0.0024993447367327,7.848757022612919,0.0105939158023806,2.0851091928494987,0.0037766371660242,3.7641947239640006
7006,7006,Day2,7A242,Stationary,1.773083592683934,0.023248544564442,0.9976262685680232,0.0014731977059876,5.15666617043778,0.0097978819749521,1.0921138354260378,0.0023024345527668,4.721729551595823
7007,7007,Day2,7A242,Stationary,2.298578956530844,0.0178430449706894,1.2194989348352894,0.0025842382210964,7.232057786966172,0.0103222634359442,1.8785738328977888,0.0033142073603079,3.849759674236696
7008,7008,Day2,7A242,Stationary,3.1990264059274303,0.0131794778621507,1.164066950436238,0.0024302949232456,10.696044107993162,0.0172920857730376,2.9062325055667024,0.0070405543314185,3.680381417352388
7009,7009,Day2,7A242,Stationary,3.139079129023806,0.012938509400434,1.341134260338763,0.0034216875516762,10.716640756446482,0.0176988867510323,3.070060529437723,0.0066742283925914,3.4906936373691693
7010,7010,Day2,7A242,Stationary,2.356820713812603,0.0162302214648397,1.1041336554109884,0.001989292391217,6.979127375799217,0.0092290430937791,1.6816599464920674,0.0033467856298659,4.15014188234526
7011,7011,Day2,7A242,Stationary,1.968129909998947,0.0204602334860845,1.2305943338036756,0.0025895733364511,6.668840602630391,0.0085939943169958,1.593628573189818,0.0027112275663708,4.184689403053306
7012,7012,Day2,7A242,Stationary,2.5221754659051885,0.0154188204367876,1.297619631215025,0.0032802663324675,8.71260570277019,0.0113953635283698,2.2765097914175274,0.0041080922832788,3.827176907218599
7013,7013,Day2,7A242,Stationary,1.9332249776179455,0.0210858805543266,0.9611810696257866,0.0015194659138774,5.005374742449776,0.0107417440914388,1.0246213177127963,0.0022459541317401,4.8850972119367855
7014,7014,Day2,7A242,Stationary,2.382398104310371,0.0162957050946835,0.8190536303103267,0.0007836413760514,4.871086658239592,0.010961778513579,1.047073982415301,0.0023947182452904,4.652094064073089
7015,7015,Day2,7A242,Stationary,2.602675201501435,0.0136520012944839,1.2701842228738622,0.0030013769664059,8.41569581658378,0.0111777624716763,2.250491553923497,0.0043576202717063,3.7394922908783608
7016,7016,Day2,7A242,Stationary,1.8866211760472904,0.0218746992685505,1.2901119956068912,0.0032784379797682,6.372607604212463,0.0086355843792664,1.5081341625838018,0.0025536948447234,4.225491181298241
7017,7017,Day2,7A242,Stationary,2.810361268977007,0.0142486764677768,1.27784599957931,0.0030439383573353,9.379651472918663,0.0126589372014519,2.4925872227856427,0.0051613532938189,3.7630183558576693
7018,7018,Day2,7A242,Stationary,1.941153287613198,0.0209405617827768,1.1407203311333562,0.0023664170549821,6.179125811819647,0.0085064392256559,1.4264323013575282,0.0023922246734354,4.331874569819406
7019,7019,Day2,7A242,Stationary,2.185201114994372,0.0184939502991793,1.2493010141423424,0.0028806641344967,7.269837602495879,0.0097709936016058,1.8019747939094009,0.0031793825848187,4.034372526778745
7020,7020,Day2,7A242,Stationary,1.8844432336360015,0.0211338166335391,1.2673607723833922,0.0028075743088959,7.051673618701136,0.0087880731189295,1.704612064646828,0.0027178846983739,4.13682019795052
7021,7021,Day2,7A242,Stationary,1.943199106356811,0.0218823648771438,1.2111470488848868,0.0026075392173011,6.604950204439377,0.0087783281291033,1.5402161621219834,0.002567632680387,4.288326773132687
7022,7022,Day2,7A242,Stationary,1.5919050304607931,0.0253362770711054,1.208925895735549,0.0027036600026966,5.7106370940640865,0.0089155311309742,1.2633364211225813,0.0021377028888468,4.520282166004288
7023,7023,Day2,7A242,Stationary,1.7188812704071643,0.0225233651455429,1.2330508923049788,0.0028301003243712,6.334628499972368,0.0093670720720714,1.460429948575587,0.0025204520572598,4.337509310974328
7024,7024,Day2,7A242,Stationary,2.917797906950847,0.0127933241763807,1.1605439131125677,0.002385068494566,8.991105342739035,0.0121569216962917,2.2102902492516976,0.0040021312722836,4.067839210611822
7025,7025,Day2,7A242,Stationary,1.719529258717013,0.024526461682397,1.1881638618356691,0.0025359200216162,5.656749146903095,0.0096288573591077,1.2561252144175907,0.0023306964369023,4.503332217183361
7026,7026,Day2,7A242,Stationary,2.281083675390654,0.0176841516360529,1.2531715752627663,0.0028185554793256,7.7614367519908685,0.0096475775619224,1.942750570639781,0.0035713333012506,3.9950762950669962
7027,7027,Day2,7A242,Stationary,2.3917121515824458,0.0170265325979962,1.22865404918767,0.0028295354549354,7.843085290080808,0.0100774616895327,1.9256125282129668,0.0035763569812616,4.073033995764171
7028,7028,Day2,7A242,Stationary,1.9152353970899552,0.0213953846217427,1.1915860664358553,0.0026030506587532,6.278388679532455,0.0085185190911899,1.4412297464145605,0.0024278398683487,4.356271923440107
7029,7029,Day2,7A242,Stationary,1.7224015657861873,0.0235173215353739,1.2335284043367465,0.0027892638611492,5.984693604062563,0.0096491792368412,1.3596690372307263,0.0023649808346014,4.401581149668412
7030,7030,Day2,7A242,Stationary,1.8003818718105424,0.0220474806244715,1.3374948999915035,0.0032286089640105,6.755626236488812,0.0087592280772655,1.636739131543821,0.0027655366914174,4.127491123229091
7031,7031,Day2,7A242,Stationary,2.02988229891815,0.0194105907262517,1.3106547263639643,0.0034129933113181,7.72949571523257,0.0097293892403418,1.9436512252623264,0.0034872639447756,3.9767915224550396
7032,7032,Day2,7A242,Stationary,2.3641337176029578,0.0168661882284782,1.2670251351916582,0.0032385559644176,9.050664200371312,0.0117077382229931,2.349189124519095,0.0046999782487299,3.85267584712835
7034,7034,Day2,7A242,Stationary,2.621498401136051,0.0140467698327868,1.256801341148322,0.0029830522140254,9.225456715296056,0.0122947327353051,2.4206687737802692,0.0044402514519783,3.8111189829945222
7035,7035,Day2,7A242,Stationary,1.9338547574366416,0.0214387099041592,0.9712909726693044,0.0013258182346128,4.399635907783832,0.0099626750718376,0.9488035289395328,0.0023496955733849,4.637035775679773
7036,7036,Day2,7A242,Stationary,1.7123942671391212,0.023416170126408,1.1366670714863814,0.0020735532801797,5.524115113428287,0.0087412585196328,1.191000220251085,0.0020722261595704,4.638215022549451
7037,7037,Day2,7A242,Stationary,2.8219918993199324,0.0131429438933208,1.3400459104384317,0.0034440664171113,9.709506826038163,0.0148983301418801,2.777079143169348,0.0063055332856365,3.496301806853501
7038,7038,Day2,7A242,Stationary,2.2619931477144393,0.017140589934062,1.1884366034436376,0.002449163770406,7.063357905959745,0.0097957912379901,1.7134607789262204,0.0030904005966127,4.122275801600876
7039,7039,Day2,7A242,Stationary,2.9772641016203663,0.0128978004855244,1.1820011575828406,0.0023944636615946,8.621303089397209,0.0118089360518802,2.239990865542131,0.0045590778745437,3.848811717056109
7040,7040,Day2,7A242,Stationary,2.185033929770922,0.0175015130499296,1.309695141201414,0.0032298000966363,7.474174561805703,0.0093584614540439,1.857915530084587,0.0034918451674029,4.022881794558991
7041,7041,Day2,7A242,Stationary,1.671814058250774,0.0248711273484161,1.2036811410819803,0.0027674497228796,5.680261033807859,0.0102293512086014,1.263780369625194,0.0021329250839534,4.494658383950436
7042,7042,Day2,7A242,Stationary,2.843742304161824,0.0147331586058572,1.2508090395936928,0.0029042796848023,9.248552202096166,0.013274599386288,2.39378571097619,0.0050981837916547,3.863567302490326
7043,7043,Day2,7A242,Stationary,1.6282000684739708,0.0235554637534625,1.2232899778091573,0.0027555409909142,5.851359892266552,0.0090509545889758,1.329679721742479,0.0023220404877611,4.400578422447953
7044,7044,Day2,7A242,Stationary,4.164739796158918,0.0211379771466418,1.1395412308043655,0.0022747420039223,9.584953548228444,0.013906030452314,2.393774097853198,0.0048750467425122,4.004117830844812
7045,7045,Day2,7A242,Stationary,1.7341975155397753,0.0237068449311472,1.1556507511649723,0.0023417340204357,5.914426905846115,0.008571619811489,1.3851544679805377,0.0022277537992275,4.269868121256508
7046,7046,Day2,7A242,Stationary,2.2452473315747197,0.0171687842709139,1.2028355180579404,0.0025741586063358,7.207612703764377,0.0085399730443928,1.7909088831116746,0.0029123563329804,4.024555783787989
7047,7047,Day2,7A242,Stationary,1.7157291172181697,0.0243183193949602,1.1739091378447248,0.0025120648648193,5.291955503148711,0.0094230120369534,1.1674347743081686,0.0022509350812919,4.53297744731372
7048,7048,Day2,7A242,Stationary,2.4643740964303955,0.0151722403601303,1.4391402654690184,0.0038704921762915,10.201718503878212,0.0148447533008404,2.8822918169724936,0.0063586776073643,3.539446784605561
7049,7049,Day2,7A242,Stationary,2.220262048417474,0.0188849844340921,1.1566831041084902,0.0025320563473902,7.163326819504596,0.0095207186522013,1.85346947463697,0.0029670603453359,3.8648204988148738
7050,7050,Day2,7A242,Stationary,3.2313910899196445,0.0129953794229062,1.2036971962327316,0.0026349693230073,9.212742762006105,0.012734406517222,2.4002061854756804,0.0049563681181016,3.8383130656670206
7051,7051,Day2,7A242,Stationary,1.706051130556878,0.0234404113282215,1.171509454346275,0.0024718183647412,5.569653814376436,0.0096932073583022,1.2249170407240273,0.00231837596688,4.546964103858258
7052,7052,Day2,7A242,Stationary,2.92197973424734,0.0124495377267956,1.3829239159296385,0.0036235861081881,11.056586047564284,0.0177797563172175,3.129070344299442,0.0068234327132643,3.533505108859964
7053,7053,Day2,7A242,Stationary,2.5135876413036904,0.0157726240899411,1.3406027022133904,0.0032028321407715,8.977081985331221,0.0131028781394536,2.3847364320694413,0.004566496917089,3.7643916806106046
7054,7054,Day2,7A242,Stationary,1.5211263391176726,0.0245223483000799,1.2206731853759447,0.0026433918599133,5.178126279198497,0.009398795459628,1.1048193675889026,0.0021388554700853,4.686853282178567
7055,7055,Day2,7A242,Stationary,2.4345568704866394,0.0164914868556672,1.2916710953629529,0.0029348580306767,6.769507593484457,0.0093607801312676,1.6450365327417509,0.0029531253113027,4.115110794653203
7056,7056,Day2,7A242,Stationary,1.5545740174682503,0.0255064843687288,0.7636423135385046,0.0006760399309119,3.635510316351486,0.0145117733988334,0.6811681255617148,0.0028891065113137,5.337170340073559
7057,7057,Day2,7A242,Stationary,2.266038710043433,0.0183063562068753,1.3027917809471157,0.0032046576122229,8.076750908150357,0.0102657261244725,2.0539663942309088,0.0040363397454974,3.9322702313124416
7058,7058,Day2,7A242,Stationary,2.6901340719214586,0.014328186577457,1.385865615664311,0.0036440544691559,10.73629295635112,0.0188388577124845,3.0222934986170618,0.0065303067618435,3.5523660959016135
7059,7059,Day2,7A242,Stationary,3.2063998051239975,0.0129831307046079,1.237729744114897,0.0029603919022953,9.933684479498655,0.0152467182632195,2.8169739652777817,0.0059495477899998,3.526367159207698
7060,7060,Day2,7A242,Stationary,2.3403961702050773,0.016083450257136,0.9187907599032226,0.0011351286583498,5.275438141704916,0.0103666672525571,1.0432872920100285,0.0022744547054227,5.056553628235132
7061,7061,Day2,7A242,Stationary,1.8477926442134152,0.0215532820086446,1.177749869403239,0.0024426722276558,6.05530189869294,0.0095090832678334,1.3699680020694955,0.0024468862423067,4.4200316281443826
7062,7062,Day2,7A242,Stationary,1.3971288559705812,0.025494852270073,1.0768729789474416,0.0019405595844568,4.336020552583558,0.0106687032214482,0.839428613784836,0.0026710087290214,5.165442875521247
7063,7063,Day2,7A242,Stationary,2.2023313146070644,0.0192204637440114,1.207933846004881,0.0026536873204912,7.231575741767207,0.0104434466791416,1.7968844943802786,0.0029089599082055,4.024507843650396
7064,7064,Day2,7A242,Stationary,3.305594259923131,0.0142419058471422,1.3373607761519666,0.0034292782825527,11.935050593761623,0.021612270381513,3.363172649903392,0.0086177636261435,3.548747517943945
7065,7065,Day2,7A242,Stationary,1.553345606698174,0.024249554417909,1.1672214104903054,0.002501091445266,5.231111882185011,0.0097049579587303,1.1278195663995785,0.0021659180386406,4.638252463454482
7066,7066,Day2,7A242,Stationary,1.8159286210362675,0.0219296410249473,1.2668239161693664,0.0030684605421469,6.281261137274982,0.0088176502883154,1.4983815241551468,0.0025818943677832,4.192030558316336
7067,7067,Day2,7A242,Stationary,1.5963367575142389,0.024019245651757,1.1538849229382404,0.0023731901286048,4.880324765999659,0.010232912982756,1.0175166118875254,0.0024840807215581,4.796309671000361
7068,7068,Day2,7A242,Stationary,2.5018303500176535,0.015969348206615,1.248061353573188,0.0027400559487931,7.847951322780609,0.0108084704376656,2.0507831410000237,0.0037379195243749,3.8268070211235066
7069,7069,Day2,7A242,Stationary,2.4863522705276293,0.014849556038568,1.2320165603236628,0.0027432448481372,7.983831405377437,0.0105348879219531,2.048088995456472,0.0037768813754371,3.8981857834737426
7070,7070,Day2,7A242,Stationary,2.144647845211206,0.0192625479030967,1.171806868925198,0.0022358389272585,6.606133323775572,0.0094560122990711,1.5376155653107462,0.0024054090576822,4.296349147870715
7071,7071,Day2,7A242,Stationary,2.1426537808688755,0.018063204983832,1.222744591009788,0.0027615583811043,6.465117639903554,0.008790680169956,1.5530552219868023,0.0026260825886863,4.162838222605386
7072,7072,Day2,7A242,Stationary,2.2513729068599497,0.0164839597985547,1.2304432139892858,0.0027559433257127,7.417556481673487,0.0099660483881367,1.8599192992086928,0.0031474181866863,3.9881066263623937
7073,7073,Day2,7A242,Stationary,1.7669487795773686,0.0216834005156175,1.1908161757874396,0.0024601570652904,5.321711306232812,0.0097314098097316,1.186828321781669,0.002281046974549,4.483977344123241
7074,7074,Day2,7A242,Stationary,2.2021932261970543,0.0174974083013857,1.0103167817407184,0.0016038784861135,4.769497317561819,0.0102689599079319,1.075279511114683,0.0020490576759432,4.43558839191267
7075,7075,Day2,7A242,Stationary,2.049797377114216,0.0214551765474794,1.2007111544998883,0.002555490052822,6.464045333987956,0.0088404579386727,1.521030586834224,0.0022828503447156,4.249779978088283
7076,7076,Day2,7A242,Stationary,1.8581529623313389,0.0220377098079015,1.116599277696768,0.002255976739085,5.768119805293438,0.0083590271772761,1.256687216980782,0.0023039750125334,4.589940700719046
7077,7077,Day2,7A242,Stationary,1.8353345937351733,0.0207481762643804,1.1367898246051014,0.0022920093155099,5.359437210445158,0.0101024647491241,1.187352871660407,0.002258070806696,4.513769527461927
7078,7078,Day2,7A242,Stationary,1.7240851100376526,0.0230494868458674,1.355225692361142,0.0033597160642106,6.787808693818124,0.0091282053914135,1.6490004683707091,0.0028665121298888,4.116317019924683
7079,7079,Day2,7A242,Stationary,2.982355191797467,0.0132189697200845,0.9628974198372788,0.0013459816597527,7.309399291110867,0.0090848579194663,1.6457028294638214,0.0027202708297034,4.441506182189835
7080,7080,Day2,7A242,Stationary,2.922991889697492,0.0122568375393573,1.2267772454997063,0.0028109139302539,10.812729012126123,0.0165799474953884,2.8448175961385616,0.0064630216584167,3.8008514242891627
7081,7081,Day2,7A242,Stationary,2.2322573250659796,0.0181249517710193,1.1846012504186787,0.0025685127307954,7.443900358371483,0.0097059732741342,1.805525095295018,0.0029844851382148,4.12284513672471
7082,7082,Day2,7A242,Stationary,1.5415788733149145,0.027746866269607,1.1024689065935571,0.0020574336344571,4.925197935109139,0.0102745901517723,1.0428528825618484,0.0023798555166667,4.722811834215783
7083,7083,Day2,7A242,Stationary,1.538495594888977,0.0243604168065609,1.0906396465537191,0.0021503429717239,4.432088429451268,0.0107612403767717,0.8793004219990825,0.0024265163625845,5.040471172952413
7084,7084,Day2,7A242,Stationary,2.625150424478322,0.0146713632249398,1.1618916513613409,0.0023904364832467,8.425256703554002,0.0107440918870806,2.116091735524679,0.0042597845157334,3.9815177017668297
7085,7085,Day2,7A242,Stationary,2.0378037909636006,0.0194877031943996,1.1425340310374832,0.002287981279768,5.644709734512457,0.009853915281399,1.2564548714906336,0.0024752891911109,4.492568625099668
7086,7086,Day2,7A242,Stationary,2.2284672183926033,0.0172449151852849,1.2657311056207072,0.0028855785985862,8.332376452561096,0.0121571762331068,2.1120273066127293,0.0038959448530052,3.945202993575195
7087,7087,Day2,7A242,Stationary,2.737315587743934,0.0133724195058488,1.2100135608237983,0.0024826509213764,9.202608725143898,0.0121361907380074,2.382440416417706,0.0051646504979841,3.8626815855404097
7088,7088,Day2,7A242,Stationary,3.3606358588754923,0.0122089314630829,1.1811920066523172,0.0023801758082894,10.722710052263752,0.0180666987944108,2.796248822234055,0.0061831126115825,3.8346766450121823
7089,7089,Day2,7A242,Stationary,2.6117292056956147,0.0144500536902382,1.0837987793141712,0.002047796594463,7.785775440561223,0.0101953301319666,2.0533323655695286,0.0036192327872428,3.791775540635234
7090,7090,Day2,7A242,Stationary,2.4826287635020243,0.0158403868563591,1.0252840488009958,0.0016474115050668,6.420324738552523,0.0091748798977709,1.49421092530445,0.0026731180159828,4.296799487826234
7091,7091,Day2,7A242,Stationary,3.4490152936303144,0.0152340455911249,1.2447090179604765,0.0028245141755736,11.44321666442067,0.01818955260794,3.0781097365062013,0.0068256356268725,3.71761166559619
7092,7092,Day2,7A242,Stationary,2.560723731352589,0.0147198347002491,1.27894925890518,0.0029635911788786,8.386137535413678,0.0103978529727709,2.1833629726359125,0.0039438361620435,3.8409268822990668
7093,7093,Day2,7A242,Stationary,3.0003698900881224,0.0124094963436138,1.1798096247974907,0.002478858958879,10.23601703100862,0.0159711248117911,2.6490458247123607,0.0052326452218479,3.864039245950028
7094,7094,Day2,7A242,Stationary,1.4064665285489677,0.0274403492847137,1.1821062870607817,0.0027013908067777,4.86445115623657,0.0107413595095801,1.0075558194377363,0.0021905284506337,4.8279718725173595
7096,7096,Day2,7A242,Stationary,2.19994430028353,0.0185947339000082,1.1852112750637989,0.0025949530173158,7.079340746487826,0.0096468719156046,1.7277809685778012,0.0029542987260981,4.097360067760839
7097,7097,Day2,7A242,Stationary,1.8982763768287672,0.0217859529113662,1.087921636196328,0.0019644439199663,5.530631004567731,0.0091291496222941,1.1903859773584518,0.0022539400602879,4.6460821193816315
7098,7098,Day2,7A242,Stationary,2.5235796344304835,0.0135840278279008,1.178514584284937,0.0025302156209771,7.296616971122464,0.0094641021221928,1.8553683678051307,0.0031726351055679,3.9327052771489464
7099,7099,Day2,7A242,Stationary,2.3452656775083125,0.0165650691957947,1.0776764613383452,0.0019141384444002,6.750160358928579,0.0087447619443114,1.7219978309906143,0.0029829431844535,3.9199586883599102
7100,7100,Day2,7A242,Stationary,2.4286423053434794,0.0163522933400526,1.3468673773085311,0.0031100497485426,8.787610257351638,0.0121976661068804,2.3951370146254756,0.0051294056701933,3.6689384380482903
7101,7101,Day2,7A242,Stationary,3.238300850342823,0.0132997901406437,1.1900853754475524,0.002704740884724,8.744940050051225,0.012638780714245,2.331574321134013,0.0044296418256813,3.750658930656746
7102,7102,Day2,7A242,Stationary,2.3089845487912264,0.0147135373816074,1.1338853472568402,0.002176048646576,6.96577670531648,0.0093104689146503,1.755302950841066,0.0030529092202011,3.968418501193072
7104,7104,Day2,7A242,Stationary,2.695322712306442,0.01454684262149,1.1661686793455674,0.0023088965234329,7.569473527787514,0.0100328336063075,1.8905382297639284,0.0030344757412586,4.0038722352272735
7105,7105,Day2,7A242,Stationary,1.6030463815837606,0.0266449105228591,0.9122329058561164,0.0011259959843786,3.7415516071222727,0.0139990096803972,0.6640035277842088,0.0027437594565952,5.634836940713094
7106,7106,Day2,7A242,Stationary,1.6702253336109747,0.0243731405856044,1.3889004536003149,0.0035820944342266,6.411903986498015,0.0084681473906555,1.5326559229569732,0.0024391688020917,4.183524749721676
7109,7109,Day2,7A242,Stationary,2.305432636797362,0.0162784785894492,1.2289777072010502,0.002936639196269,8.234776862650909,0.0112677279703697,2.0493510183663535,0.0039861797960808,4.018236402085616
7110,7110,Day2,7A242,Stationary,2.8174152149089897,0.0134786580920043,1.2940360007424945,0.0031461740966864,10.236955794840684,0.014365898435279,2.7404399520436726,0.0058957738260861,3.7355154551759155
7111,7111,Day2,7A242,Stationary,2.3173456747037293,0.0164613662618253,1.3608530766173166,0.0033018038805783,9.242472832567508,0.0123033665894078,2.481922667124026,0.0050566667205591,3.7239165244730987
7112,7112,Day2,7A242,Stationary,2.099731158467687,0.0181116323879312,1.1642802413885187,0.0024359901430092,6.5151650597078,0.0085912255543318,1.6390128055065285,0.0026789636166124,3.975054397268313
7113,7113,Day2,7A242,Stationary,2.5546204885793813,0.0144055576859629,1.2450967681947531,0.0029450768083529,8.641501079686671,0.0117997532256388,2.2832539820183264,0.0047046980140407,3.7847305414739054
7114,7114,Day2,7A242,Stationary,2.8139916126806037,0.0132897973127324,1.2429846680458336,0.0030496771614711,9.844200433738608,0.0147372934963548,2.710804991176071,0.0057759641785115,3.6314675772629976
7115,7115,Day2,7A242,Stationary,2.7661731722538847,0.0144243309400911,1.2489540448498049,0.002644505965219,9.848271985707775,0.0138843784117963,2.6921247239990107,0.0060020842939107,3.6581782032292627
7117,7117,Day2,7A242,Stationary,4.121545775276055,0.0207636206510159,1.1821123754839198,0.0026474581733565,9.643001234524302,0.0135517461877599,2.5466758120817894,0.0056132487389143,3.7865052115296907
7118,7118,Day2,7A242,Stationary,2.6296972002399213,0.0142554043193348,1.2086004578890224,0.0027133564938031,8.573257733121048,0.0112778628320316,2.145985595277963,0.0039806012937151,3.9950210998553235
7120,7120,Day2,7A242,Stationary,1.4678777832134986,0.0275146195804288,1.2267994986380155,0.0030908425581192,5.210462450336996,0.0094458581301146,1.1123521678196069,0.0024427950518455,4.684184200899575
7121,7121,Day2,7A242,Stationary,2.5283913573188155,0.0151578378776543,1.2104666136706728,0.0027754263219502,8.688390974231039,0.0118869020022787,2.20905941435328,0.0039231243805381,3.933072563724881
7122,7122,Day2,7A242,Stationary,2.49058309812329,0.0151010106505077,1.2486181844572202,0.0030888800292387,9.00986019406052,0.0133690144386619,2.2975061257644422,0.0046798601478196,3.921582664360774
7123,7123,Day2,7A242,Stationary,3.2977343268167347,0.0135230382085035,1.21166338901364,0.0026499115106867,11.181861187638606,0.0183196421662131,2.920307666417863,0.0066618044235508,3.82900107280635
7124,7124,Day2,7A242,Stationary,3.103109768793419,0.013216665209701,1.1895149139716634,0.0025770386537095,9.070477074879916,0.0124356432814233,2.4165766891491165,0.0052747576914167,3.753440606957794
7125,7125,Day2,7A242,Stationary,2.8990026923777994,0.0128752621651967,1.1908676870486847,0.0026164102961309,9.60529482642441,0.0135695832248195,2.6037513171537174,0.0057521648622205,3.6890215909422595
7126,7126,Day2,7A242,Stationary,2.241538114437294,0.0181562745682544,1.3124525273844834,0.003344286277054,8.416945444857328,0.0101353274901295,2.2554939574205837,0.0049961285680623,3.7317526022029655
7127,7127,Day2,7A242,Stationary,1.6750279275594535,0.0229601580073132,0.959147952197195,0.0012836516765696,4.032672739470293,0.0119777050154206,0.7904842785140489,0.0028894588895173,5.101521749491217
7128,7128,Day2,7A242,Stationary,1.7746190617754165,0.0235972140184837,0.919012737132734,0.0011301154157248,4.41756420610776,0.0111800874645791,0.8622023489523988,0.0025267024058034,5.123581734003892
7129,7129,Day2,7A242,Stationary,2.2651010782072483,0.0177576087406815,1.0756561471170971,0.0020302663056156,6.201394580586533,0.0082950429068736,1.429325975127752,0.0023291435463358,4.338684588749783
7130,7130,Day2,7A242,Stationary,2.458512184013842,0.0155190194228883,1.374412447909752,0.0034935419985624,9.002631436018909,0.0122106907243071,2.4137610927768955,0.0051928688715148,3.7297110567234686
7131,7131,Day2,7A242,Stationary,2.46883903795569,0.0153355992228014,1.1958782784732238,0.0024798153590621,7.32600093393336,0.0087876559328678,1.850234564739717,0.003440545349988,3.9594984730835736
7132,7132,Day2,7A242,Stationary,2.746368788216665,0.0138141528382449,1.2664403070429453,0.0028840689142914,9.059165416030329,0.0121816516796529,2.410211970971838,0.0050588888079973,3.7586592072138454
7133,7133,Day2,7A242,Stationary,1.9346546141373249,0.0209832818741004,0.9628431033664612,0.0013890100683517,5.096730154596295,0.010095324663859,1.0076287900016003,0.0025052577212253,5.058142646547644
7134,7134,Day2,7A242,Stationary,1.731454621334188,0.0249374427096577,1.1750193241694449,0.0024086879044299,5.206826438208624,0.0098426993632781,1.13004467958887,0.0022820591641449,4.607628824112475
7135,7135,Day2,7A242,Stationary,2.541978381835829,0.0147866410270809,1.3196523627943124,0.0033608973926667,9.680212037083756,0.0134417737902733,2.6046838590487735,0.0054894965840135,3.716463325656325
7136,7136,Day2,7A242,Stationary,2.2670658095174048,0.0179783684309829,1.2698250093158725,0.0029941860631677,7.931464758485787,0.0105218779339991,1.9874406509050944,0.0036507974565097,3.9907932621151443
7137,7137,Day2,7A242,Stationary,2.598994204520644,0.0136586075787032,1.2147134993564386,0.0025590541504831,7.944682813762135,0.0108292570892441,1.958335505212063,0.0035204753799903,4.056854809922791
7138,7138,Day2,7A242,Stationary,2.737730170224487,0.0139845944961441,1.2907228518909102,0.0030734371548419,9.204183168135083,0.0119058570489271,2.4939346863212704,0.005056130865358,3.690627191890058
7139,7139,Day2,7A242,Stationary,1.618586682397313,0.0236218842581926,0.7507231001440071,0.0006777724337687,3.1223453894557305,0.0145519223279664,0.5535522240680529,0.0031499087627088,5.640561547218847
7140,7140,Day2,7A242,Stationary,2.5336534106474193,0.0157013302845633,1.3439889345541578,0.0034760607304978,9.33653724283547,0.0125678552445629,2.508125177598865,0.0047419944601758,3.7225164542121196
7141,7141,Day2,7A242,Stationary,3.21545472114265,0.0117500524374003,1.2334047068488048,0.002654633629893,11.22837133596208,0.0198617500705445,2.9677157588586094,0.0071918449883351,3.78350632214203
7142,7142,Day2,7A242,Stationary,2.8698184942403016,0.0127096519241627,1.2407171488251625,0.0028271138144035,8.70385233940401,0.0118025293568033,2.2179181804311474,0.0042804239539871,3.9243342771607757
7143,7143,Day2,7A242,Stationary,2.5533827867134486,0.0154846334306574,1.23402195933048,0.002809462067513,8.024463522587382,0.0111656213093716,2.047237440986558,0.0034715876975177,3.9196545363689794
7144,7144,Day2,7A242,Stationary,2.6884179263831856,0.0141572711014405,1.2195379969513698,0.0028718807874181,8.93674046524203,0.0120446517586123,2.305165909517231,0.0043099535879197,3.876831783927277
7145,7145,Day2,7A242,Stationary,2.5958434563904484,0.0145740391218672,1.2569476946795362,0.0029489831660531,8.99371580181219,0.0121580924247723,2.4472416838042923,0.0051394356655313,3.675041930403562
7146,7146,Day2,7A242,Stationary,3.078903133270034,0.0137670081344268,1.2550625573085203,0.0030271073605478,10.278020253431,0.0149001760580967,2.721294119573746,0.0059244260199684,3.7768869522420143
7147,7147,Day2,7A242,Stationary,2.60284378259633,0.0144003809339376,1.297353817949562,0.0032069482224597,9.006393091294424,0.0121625994494394,2.3946787707028108,0.0048026501528467,3.7610026035563635
7148,7148,Day2,7A242,Stationary,2.1462490181408063,0.0193657800362772,1.1554576994392256,0.0024472755338556,6.875050061758703,0.009420362137264,1.6177113965692986,0.0026962603604458,4.249861919956
7149,7149,Day2,7A242,Stationary,3.2462690486654484,0.0132357699836109,1.0690912963739192,0.0019618294208695,9.452458333295326,0.0132836957127771,2.418957819648532,0.0051229735896532,3.9076573624044184
7150,7150,Day2,7A242,Stationary,2.1356106989018033,0.0184204048924617,1.0194456013667126,0.0015623930536909,6.007665196053151,0.0095179206445337,1.5087178020005274,0.0025307182603059,3.981967461434548
7151,7151,Day2,7A242,Stationary,1.5786120754305395,0.0233078894745889,1.215372894925802,0.0025545776678443,5.470818090442081,0.0095632928988249,1.196537612234945,0.0020701398326932,4.572207371085852
7152,7152,Day2,7A242,Stationary,2.147866805130914,0.017668264524489,1.3039254481064573,0.0031667215911286,7.700745386306784,0.0099251462275498,1.9533707071478053,0.0035445119866211,3.942285690129423
7153,7153,Day2,7A242,Stationary,2.914100626177951,0.0127503811353166,1.207000553997843,0.00254655379643,8.958863984553924,0.0130191487364569,2.3274338480381984,0.0044338676070955,3.849245379027799
7154,7154,Day2,7A242,Stationary,2.1123279482019024,0.0192338036342457,1.0779893390623254,0.0019543212875748,6.056955903874769,0.0086463637971664,1.3290974194888083,0.0022809255005676,4.557194841446889
7155,7155,Day2,7A242,Stationary,2.5598956887533864,0.0152414446630493,1.135905545211275,0.0023287421757556,7.363829128857995,0.0092516126458538,1.800800159852113,0.0029729990932039,4.089198398040311
7156,7156,Day2,7A242,Stationary,3.2732416211259396,0.0134905844729122,1.1699208304674085,0.0022532422314976,10.324477265530437,0.0156598235588831,2.6341949879201776,0.0055576291906883,3.919405098284734
7157,7157,Day2,7A242,Stationary,1.890515426678328,0.0225484206552974,0.9946166654736772,0.0015546580753914,5.205073623506671,0.0103263204370777,1.1612597637683697,0.0021481112191365,4.482264680053875
7158,7158,Day2,7A242,Stationary,2.7608789666714393,0.013236004191698,1.01758477183211,0.0017048094404899,5.99794471910308,0.0086002364204733,1.3947568924599618,0.0022481490638819,4.30035137415552
7159,7159,Day2,7A242,Stationary,1.838716879850176,0.0227907889434744,1.3440729159284408,0.00359858937133,7.092949514489519,0.0093623225567216,1.7498059595099509,0.0029042519651593,4.053563468532228
7160,7160,Day2,7A242,Stationary,1.5580660946212228,0.0262853689114343,1.183503309256253,0.0027784588339532,5.206033158020515,0.0100455164204401,1.1077166109853689,0.0023170255987556,4.699787929865464
7161,7161,Day2,7A242,Stationary,3.803116637232793,0.0165317612406118,1.18959871298776,0.0024941097695064,8.837358867137677,0.0115184165725834,2.399592465039191,0.0045925860286941,3.682858233593154
7162,7162,Day2,7A242,Stationary,3.955202960628486,0.0182285582132958,1.277673378826996,0.0031314528198072,9.879171100143273,0.0134261104298129,2.6423305636499648,0.0053149896918146,3.7388096841663705
7163,7163,Day2,7A242,Stationary,1.8588913909888507,0.0205834235256101,1.1411183262085816,0.0021193438152286,5.948042463427071,0.0098005592817935,1.360670959125747,0.0023606868324986,4.371403992666076
7164,7164,Day2,7A242,Stationary,2.6799759446947053,0.0142815828474332,1.1241304528836744,0.0021491028843872,7.514069059428059,0.0090097077525533,1.8466722230482375,0.0031940925595808,4.0689782223641435
7165,7165,Day2,7A242,Stationary,1.8178267783148023,0.0219975406651522,1.2986366454097225,0.0028856988462138,6.228662649023899,0.008637860238316,1.453964660195166,0.0023769889155506,4.283916122272068
7166,7166,Day2,7A242,Stationary,2.766320972236896,0.0145274425662566,1.161011629875772,0.0025607384829734,8.674759908492575,0.0116342246188068,2.192879357767114,0.004162258972035,3.95587649533333
7167,7167,Day2,7A242,Stationary,2.6827060497510664,0.0145632486190012,1.210497174050703,0.0026991094157497,9.503068233395789,0.0138447041921662,2.410715177551386,0.0046466427966937,3.942012031072146
7168,7168,Day2,7A242,Stationary,1.8698940520102547,0.0212762470509064,1.3580313956262198,0.0036417301739228,7.216135002477606,0.0096012335071557,1.7968981656174874,0.0030662554481856,4.015884227917751
7169,7169,Day2,7A242,Stationary,2.5212530286092445,0.0139523433679846,1.0597237122773515,0.0018457000963248,7.048886240117144,0.0091961740879134,1.7736259488275197,0.0029903660811986,3.974280058755855
7170,7170,Day2,7A242,Stationary,1.946293806528304,0.0217253412213086,1.3061211567733826,0.0033703401771479,7.305587738417036,0.0095348770193072,1.798683422825862,0.0032373998072951,4.061630660352353
7171,7171,Day2,7A242,Stationary,1.994594669246014,0.0207289589672667,0.9913332238607452,0.0013554458366171,5.196153366100709,0.0095197717565917,1.167776498255701,0.0022924730452499,4.449612895842795
7172,7172,Day2,7A242,Stationary,2.461833719255006,0.015991350376477,1.1641381888167135,0.0025608285139728,7.790859586709774,0.0108396765320584,1.936626795081895,0.0032005584770787,4.022901886153196
7173,7173,Day2,7A242,Stationary,2.615052352456668,0.0146104208887543,1.2034618971047744,0.002808946903124,8.539887040626967,0.0104069057607846,2.119627570183704,0.0040185291057023,4.028956388733342
7174,7174,Day2,7A242,Stationary,2.2515082322326085,0.018594514408659,1.1542793948422363,0.0024436728946418,6.6743117295451935,0.0094177303972135,1.616089795055937,0.0026756295882418,4.129913913177194
7175,7175,Day2,7A242,Stationary,2.2891547231076164,0.01610405901246,1.281676662757523,0.0033085548713983,8.11150474693287,0.0109549709418017,2.090044853406354,0.0038811330265348,3.8810194593253557
7176,7176,Day2,7A242,Stationary,1.7144778922492097,0.0249545312839909,1.2019956603408728,0.002458392430997,5.518268950043112,0.0098165471177101,1.217744930110677,0.0024150361801821,4.531547464165237
7177,7177,Day2,7A242,Stationary,2.464536706189268,0.0156556710556235,1.2131785303684206,0.0028251007018551,7.6482496302629155,0.0100723026745733,1.8885421583783295,0.0034990046291087,4.049816731033626
7178,7178,Day2,7A242,Stationary,2.12670625609953,0.019787300178409,0.9447962429887812,0.0012999720708887,4.738164593789252,0.0105633416558615,1.0101177131545294,0.0024798600997307,4.690705382239347
7179,7179,Day2,7A242,Stationary,2.0903820537822155,0.0178442903495304,1.0683291131260848,0.0021412114789858,5.6195211990453995,0.0097549399281147,1.2855636747413075,0.0022309075742403,4.3712507668484095
7180,7180,Day2,7A242,Stationary,2.0322236198329837,0.0211680768474798,1.1754898499211048,0.0025127361504239,6.6018713780990295,0.0081621897111853,1.531777905386909,0.0024509090833761,4.309940334614942
7181,7181,Day2,7A242,Stationary,1.6761098823047924,0.0244401230174911,1.172428162326526,0.0025444539403129,5.479968995567387,0.0093926368964211,1.1984625378829132,0.002088405423184,4.572499199889689
7182,7182,Day2,7A242,Stationary,2.708689787049882,0.0135066435273757,1.2476104782750654,0.0029222786614035,10.420915398711422,0.0168438092757228,2.7356389636036056,0.0058486238146624,3.809316776576448
7184,7184,Day2,7A242,Stationary,3.674701708973579,0.0165006988315743,1.30326658356002,0.0030885681342861,9.77799700222536,0.0135500724268285,2.647161634268374,0.0059292195938255,3.6937665141584057
7186,7186,Day2,7A242,Stationary,3.7971678218081615,0.0184431493248787,1.1610422463877317,0.0023118618479261,11.877956398960224,0.0204704950603138,3.233213144390778,0.007757546704483,3.6737313219102177
7188,7188,Day2,7A242,Stationary,2.564655419010762,0.0149316404238351,1.1424568033853129,0.0023849496036221,6.459826246040747,0.0089361791397675,1.466155078189974,0.0024862680237195,4.405963831612994
7189,7189,Day2,7A242,Stationary,2.4932686893547533,0.015313387734957,1.238264509728101,0.0026692595361352,9.29713640921937,0.0134183645950295,2.3816202257798413,0.0048014668121104,3.903702323562146
7190,7190,Day2,7A242,Stationary,3.698403956505405,0.0156578603579505,1.2382000785633849,0.0028809337635554,11.9665806766025,0.0211208021071911,3.389880270228723,0.008892339319475,3.530089478881532
7191,7191,Day2,7A242,Stationary,2.006387426606954,0.0200901553230167,1.0614807148699978,0.0018070715139616,5.489487402395815,0.0091672556102235,1.1797020315835427,0.0021398069062594,4.653282994712777
7192,7192,Day2,7A242,Stationary,3.723053148692604,0.0181058827611974,1.240073987255866,0.0025771339316361,12.261967065442713,0.0210424416164058,3.385496322560622,0.0082645372940238,3.6219112050809636
7193,7193,Day2,7A242,Stationary,2.310417523355588,0.0164649578904592,1.2482459142346167,0.0027589778072936,7.193586702962979,0.008762927252619,1.875039176820912,0.0034949288318558,3.8364994139266724
7194,7194,Day2,7A242,Stationary,2.2414905079620655,0.0189673679524133,1.2783821328140843,0.0029740135690427,7.589303962078022,0.0092780886587799,1.8830203052711465,0.0035392147913487,4.030388807190901
7195,7195,Day2,7A242,Stationary,2.81488362177524,0.0140370257299199,1.3333841343276016,0.0032800981234694,9.967560883862705,0.0153972859266878,2.731077246446991,0.0060107262066468,3.649681054181113
7196,7196,Day2,7A242,Stationary,1.8589042412290235,0.021257832478011,1.2287367238091151,0.0027741104086305,5.652308726478279,0.0098050231411316,1.261227977326808,0.0022440385806486,4.4815916139589875
7197,7197,Day2,7A242,Stationary,2.7554886746309246,0.0123457797106895,1.1131508477063894,0.002048838722087,7.635907658371504,0.0096269282907232,2.1661050790490535,0.0039249985195734,3.5251787792879195
7198,7198,Day2,7A242,Stationary,2.3856047366621302,0.0154490855185267,1.0998737493213866,0.0020287920034703,6.632800722054639,0.0087408358296502,1.5851102613440538,0.0024799766420177,4.1844412239376485
7199,7199,Day2,7A242,Stationary,2.742278695378169,0.013984919124073,1.2336495118784727,0.0025960610762023,8.772035362540121,0.0125354373317346,2.2421957111816218,0.0041908907435569,3.9122523153508837
7200,7200,Day2,7A242,Stationary,2.125978772372689,0.0188332574601022,1.1785580802143012,0.0023181313420691,6.836679725893704,0.0085028537082477,1.5834969661515703,0.0028135962527507,4.317456788382192
7201,7201,Day2,7A242,Stationary,2.632119087995654,0.0162325799543854,0.9617997354473448,0.0013103244735037,6.957176174400205,0.0089532790232676,1.6282122600069602,0.0027659519121137,4.272892635245521
7202,7202,Day2,7A242,Stationary,2.952404587546961,0.0118574080855002,1.179097553672248,0.0024410198214543,9.236079603621748,0.0123661621594597,2.3838529529020773,0.0051314256708385,3.8744334428756786
7203,7203,Day2,7A242,Stationary,2.2311129796744624,0.0175760052240737,1.3836435936100684,0.0036180088792107,8.623777110587037,0.0113702997540209,2.336221300011093,0.004788669967787,3.691335709740378
7204,7204,Day2,7A242,Stationary,2.378991450608752,0.0143833963766608,1.1945285078929664,0.0026342355893841,7.235866866249832,0.00931305831962,1.729940261849553,0.0029320756405163,4.182726436179744
7205,7205,Day2,7A242,Stationary,2.7926626630343487,0.0150689822980754,1.2005556054292703,0.0025400332333378,9.576292415290943,0.0137199017592134,2.4376403759487504,0.0048831952310972,3.9285091065017204
7206,7206,Day2,7A242,Stationary,3.57043702645736,0.0150821878650462,1.2002297275711735,0.0026350761419315,11.43871722483524,0.0207543141436443,3.0333715280261395,0.0069642083174968,3.770958195905065
7207,7207,Day2,7A242,Stationary,2.1052389828543467,0.0193309059388666,1.398782983540364,0.0035295373814696,8.621732904402805,0.0124374830102201,2.291059090054601,0.004369245940195,3.763208440074468
7209,7209,Day2,7A242,Stationary,2.00436292379599,0.0191666808590269,1.2698861409396018,0.0029864069886346,7.02007539104566,0.0089878577617612,1.732693073447101,0.0030654332904812,4.051540055550399
7210,7210,Day2,7A242,Stationary,2.292496011859247,0.0168180168154712,1.1824220767325768,0.002520248084154,7.311943604400448,0.0089714544502412,1.7881832941917628,0.00296999442362,4.089034736064548
7211,7211,Day2,7A242,Stationary,2.196399288672732,0.0172295743616325,1.175063585735319,0.0023731836515105,7.076263199144881,0.0090701438425612,1.6690178978882295,0.0025298270225396,4.239776702274024
7212,7212,Day2,7A242,Stationary,3.7096137948541217,0.0176888695319878,1.1636175816983525,0.0025689273212115,9.079618097182689,0.0127925811903987,2.267370173366097,0.0043767388436337,4.004470996327543
7213,7213,Day2,7A242,Stationary,2.2186468110952107,0.0181760938944646,1.1660328783912728,0.0024111889678125,7.1246509004332985,0.0099663467713916,1.7020589288542858,0.0029643409771688,4.1859014277661615
7214,7214,Day2,7A242,Stationary,2.499947717315159,0.0150285063556184,1.2881264949120628,0.0033257872158526,9.226256843637929,0.012870053136742,2.4133596331990725,0.0053016565481142,3.822992941755596
7215,7215,Day2,7A242,Stationary,2.6543593088788677,0.0150309673018775,1.192648290471995,0.00253442081035,8.516194699251358,0.0111244024015082,2.1365182038843584,0.003885361862593,3.9860155105480706
7216,7216,Day2,7A242,Stationary,2.7150673078293313,0.0145945018581135,1.182225206048315,0.0023234678452177,9.077027505766434,0.0125873890177204,2.262168357722972,0.0047249295508622,4.012534025055096
7217,7217,Day2,7A242,Stationary,3.409891680140212,0.0148840692290898,1.1843335909045631,0.0026758027128705,11.133495399896566,0.019313369246576,2.8676755965330822,0.0066117474595867,3.8824110416661375
7218,7218,Day2,7A242,Stationary,3.1793165415176947,0.0142622388065911,1.2422879231668351,0.0027861487712363,10.821422293022072,0.0168711830971953,2.8525914228198004,0.0063445288421831,3.793540920881352
7219,7219,Day2,7A242,Stationary,2.105499468103111,0.0180116560371094,1.238323993505703,0.002853718494035,7.139496279811668,0.0082908288030462,1.7263773160592877,0.0029174900646272,4.135536428449273
7220,7220,Day2,7A242,Stationary,3.557074809607923,0.0145171524679201,1.2110646893767514,0.0026863654273727,10.597399716255223,0.0163491978387373,2.7523299785712387,0.0059367174756567,3.8503376407491796
7221,7221,Day2,7A242,Stationary,1.7141646145143572,0.0217610686870269,1.154587039223117,0.0022318946597484,5.393287022261764,0.0090002105559562,1.156633757328439,0.0024419889885633,4.662916837840727
7222,7222,Day2,7A242,Stationary,3.1103140776123333,0.0130499905387734,1.110737858464402,0.0019769952334536,9.26411251261977,0.0123770234760627,2.239274802077693,0.0046779937191947,4.137103898112075
7223,7223,Day2,7A242,Stationary,2.604141727111727,0.014155226419265,1.1487159867509702,0.0023199315927554,8.036420144840456,0.0098597390547757,1.9928748223688253,0.0034226298070739,4.0325764843012
7224,7224,Day2,7A242,Stationary,1.864023879237897,0.0205850560179661,1.2144551000667745,0.0025555703084686,6.504493911587824,0.0092354621049719,1.5100626703676916,0.0027393628558711,4.307433088193629
7225,7225,Day2,7A242,Stationary,1.6171913346628408,0.0244358944035275,0.7904600800246566,0.0007314672587294,2.976055820988616,0.0145470182669292,0.5265920636102438,0.0031197177956648,5.651539448933546
7226,7226,Day2,7A242,Stationary,2.1008286745912548,0.0192986767357572,1.0170562703383947,0.0015704199796334,5.418505615213919,0.0093878885971662,1.1914970080969118,0.0020731212796977,4.547645171068023
7227,7227,Day2,7A242,Stationary,2.844545021535866,0.0130113930310203,1.1324451168806122,0.002434725772762,8.378282102764674,0.0111282958934548,1.996313444686208,0.0038863059543377,4.196877061097798
7228,7228,Day2,7A242,Stationary,3.194995743199288,0.0131408382410157,1.2228769405012685,0.002677072805007,10.76832413546267,0.0156964239125058,2.873739181649063,0.0068547023522935,3.7471473417721186
7229,7229,Day2,7A242,Stationary,2.5169284508831895,0.015015976250225,1.143009265675171,0.0023988865041049,7.190171372780438,0.0087613210988663,1.79601555326066,0.0031771769331624,4.003401507145473
7230,7230,Day2,7A242,Stationary,2.799387265626692,0.014111412146081,0.9879404850526826,0.0014178973585059,6.7483807081685825,0.0083119396004286,1.477881783467669,0.0024665567583428,4.5662520396823165
7231,7231,Day2,7A242,Stationary,2.3245828650609175,0.0163608646560599,1.241245173104827,0.0030525637515825,8.454202696494038,0.0122279342658592,2.134091175203842,0.0039706934513675,3.961500237067668
7232,7232,Day2,7A242,Stationary,2.2694794239823337,0.017457935975334,0.9370974939523946,0.0013072347620984,5.348194442501391,0.0093007615275443,1.1615460945210294,0.0021646960098958,4.604375554038389
7233,7233,Day2,7A242,Stationary,1.9694789288407653,0.0216590926135935,0.968814154224404,0.0013430096763483,5.149968934473743,0.0099761620579152,1.1298016233647024,0.0022690308517146,4.558294861655835
7234,7234,Day2,7A242,Stationary,2.4464112748814277,0.0153181730118987,1.173967107854749,0.0024131766710771,8.337624803620947,0.0104560302292184,2.1056506648276048,0.0042187365430644,3.9596429469004875
7235,7235,Day2,7A242,Stationary,2.199829786037955,0.0185000152513341,1.183347675291853,0.0027264144538951,7.553649849887023,0.0101735498604143,1.820025800934053,0.0031128040142559,4.15029822434958
7236,7236,Day2,7A242,Stationary,2.4121362007586904,0.0146436754150914,1.356240837433525,0.0037052641093156,8.997253432114903,0.0134609128476906,2.430191489883501,0.0050697285212533,3.7022816800935363
7237,7237,Day2,7A242,Stationary,2.506618407919165,0.0147576550810216,1.072946202148323,0.0019309150031081,7.811677814737212,0.0096764138672926,1.7993069434802544,0.0029622444707213,4.341492619167974
7238,7238,Day2,7A242,Stationary,2.112150081488702,0.0184989449563064,1.213064619303869,0.0026139087484105,7.346098574098514,0.0098869665392822,1.778040457435045,0.0028831733795978,4.131569978275863
7239,7239,Day2,7A242,Stationary,2.068762887106334,0.0188994347636635,1.0818278108263455,0.0019840064242427,6.115500256487553,0.0093318174704059,1.3262712764861804,0.0023825394999064,4.6110478036514095
7240,7240,Day2,7A242,Stationary,2.276736060272086,0.0151502604521983,1.19964976531878,0.0027496757247218,7.956050156223035,0.0098216122324977,1.9365604760156665,0.0036026599643259,4.108340666226977
7241,7241,Day2,7A242,Stationary,2.4243968842782544,0.0161430027821418,1.276442730270564,0.0030297019390279,7.848123109217645,0.0104611637673125,2.0279763784071396,0.0040666401323901,3.869928265822258
7242,7242,Day2,7A242,Stationary,2.16285267126927,0.0188958836330063,1.130972865450529,0.0023345656540031,6.340116930630281,0.0091188298492882,1.4797766394075564,0.0023235557049796,4.284509406209177
7243,7243,Day2,7A242,Stationary,2.589075269343656,0.0154680492621062,1.2276376270584226,0.0029181089217674,8.816798784097132,0.0119301362784706,2.318178275160599,0.004804805680098,3.8033307785555546
7244,7244,Day2,7A242,Stationary,2.3081580745435546,0.0164797588808798,1.0347183860855975,0.0016323645967116,6.384932080143725,0.0088717158322301,1.3813512844315363,0.0023128781570796,4.622236321857331
7245,7245,Day2,7A242,Stationary,2.2857658373836824,0.0168280775351967,1.1030116563240575,0.0021084353132693,6.499356507224622,0.0090742703583297,1.5475090765931954,0.0024472370014291,4.199882640774425
7246,7246,Day2,7A242,Stationary,2.3330547975687463,0.0167217252837986,1.19962524066587,0.0025683071743143,7.441921101204407,0.0091919448126471,1.7953822557726256,0.0029511440020007,4.145034338663355
7247,7247,Day2,7A242,Stationary,2.688935712177243,0.0134084531197503,1.2068812392271644,0.0025564870737644,8.927089888927103,0.011833095382765,2.343686891682134,0.0047585619434966,3.808994247742652
7248,7248,Day2,7A242,Stationary,1.694088949435605,0.0225920813403627,0.9654448518791704,0.0014031548592739,4.23086795787084,0.0117361820406996,0.8060556945823653,0.0027778016463745,5.2488531329872234
7249,7249,Day2,7A242,Stationary,2.6564173712242636,0.0144635025434194,1.217483912812688,0.0028220203357527,8.149690234901803,0.0108874057075692,2.0892404001934133,0.0039857854351398,3.9007910406803057
7250,7250,Day2,7A242,Stationary,1.7967875534109805,0.022878652439136,1.1244632723227452,0.0022860104026859,5.255825909958982,0.0096086519055731,1.1473348739665592,0.0022054197420835,4.5808996389943
7251,7251,Day2,7A242,Stationary,2.493202093327075,0.0139700413752792,1.2261390452271372,0.0027446051925955,9.102274817810846,0.0132658220014616,2.307503103970221,0.0044005585602547,3.9446425021703084
7252,7252,Day2,7A242,Stationary,2.202915043456516,0.0164503397680463,1.1141400329928943,0.0020946986415825,6.337282154529318,0.0089760845547315,1.49108511471662,0.002235706687637,4.250114290580733
7253,7253,Day2,7A242,Stationary,1.9260674449324011,0.0213610778164596,1.14807606638479,0.0020587247758362,5.835864919922006,0.0091472091334557,1.306846121548202,0.0023750328639595,4.4656098554345025
7254,7254,Day2,7A242,Stationary,2.568903746760462,0.0146770610153196,1.136926646310093,0.0023582505846624,7.817794774205978,0.0104122340950455,1.8600878720860556,0.0032382049855931,4.202916911359924
7255,7255,Day2,7A242,Stationary,2.432723636731976,0.0159189613114747,1.200477239883821,0.0025521014195314,8.157227293110246,0.011061959385468,2.036591666532092,0.0035780222124756,4.005332746451021
7256,7256,Day2,7A242,Stationary,1.7434961968194924,0.0220069279204588,0.8621081264441175,0.0009146978079478,3.931059931265005,0.0134067627162634,0.725220522438801,0.0027443321968258,5.420502881034691
7257,7257,Day2,7A242,Stationary,2.2918525431554397,0.017737842401339,1.204516899226905,0.0026555269605435,7.190265531147892,0.0092010856772725,1.7410863900976237,0.0029039952114406,4.129758047643305
7258,7258,Day2,7A242,Stationary,2.656902222110898,0.0150086121913479,1.143293290353467,0.0023528658595465,8.308805784671495,0.0109151109570316,2.0125120710426794,0.0036213826156881,4.128574384334856
7259,7259,Day2,7A242,Stationary,1.6728047972977893,0.0228870724480708,1.1717535732636262,0.0023181644103118,5.534132097893118,0.0102147128335163,1.205422686692463,0.0023027460226319,4.591030315746023
7260,7260,Day2,7A242,Stationary,3.0324064867871616,0.0128049768172457,1.228128778289333,0.0028330512796034,9.572193847690867,0.014086244722893,2.583466074968612,0.0053310110480114,3.705174974208696
7261,7261,Day2,7A242,Stationary,2.535536121637475,0.0146464674128898,1.1348524469464376,0.0021164101002426,7.356603169025968,0.0092576248583203,1.7940094779468034,0.0028051053429394,4.100648998491026
7262,7262,Day2,7A242,Stationary,2.7284032935284928,0.0140570525661041,1.2868479172984577,0.0030100258644764,8.935807465507667,0.0116817906717641,2.370136583531349,0.0046911469997865,3.7701656215077257
7263,7263,Day2,7A242,Stationary,2.202903441835985,0.0180385720660779,1.2058706678296116,0.0027017248600412,7.140483319819085,0.0095160496855225,1.7086910436580918,0.002877682534193,4.1789200840733685
7264,7264,Day2,7A242,Stationary,2.9481002372312917,0.0144119875659881,1.1361893577350275,0.0024099227164326,8.517367333273178,0.0119855449102955,2.124931415187568,0.0043576864197316,4.008302231496422
7265,7265,Day2,7A242,Stationary,3.977283929903672,0.0189433219344728,1.122277029201117,0.0020681289295124,10.312629910339249,0.0163495958250088,2.580535482847006,0.0052251684503747,3.996313935184382
7266,7266,Day2,7A242,Stationary,3.784158720540121,0.0183356218950365,1.1771877251032223,0.0023474651127349,7.9580131807960655,0.0102623455137393,1.961058021283066,0.0037285409300312,4.0580202596909185
7267,7267,Day2,7A242,Stationary,2.0360495677655477,0.0188837011313378,0.9683652167266328,0.0015125665141822,4.887656792489135,0.0098949083872456,1.0269128041868056,0.0025534364253402,4.7595635895879065
7268,7268,Day2,7A242,Stationary,2.8367252928754043,0.0139687719046184,1.2495871717449138,0.0028086151837825,10.526845709619662,0.017334335211305,2.78091812308268,0.0064137124025846,3.7853849857149093
7269,7269,Day2,7A242,Stationary,2.3286602426751304,0.0169947163163561,1.039696975368566,0.0017101829350712,5.722221837623847,0.009277528192611,1.2354260909446484,0.0021699550189842,4.631779982279995
7270,7270,Day2,7A242,Stationary,3.1403954656437927,0.0135706548226094,1.17957518469651,0.0024598247427911,9.65924703027427,0.0136473152123257,2.427091181882174,0.0050015150906318,3.979762730950909
7271,7271,Day2,7A242,Stationary,2.8576931543956934,0.0127961906841925,1.198561552834051,0.0025136978783277,8.946664261972904,0.0122310828621436,2.2482003827578745,0.0044416046939848,3.979478133082605
7272,7272,Day2,7A242,Stationary,2.5468784936770485,0.0150850303021438,1.2573314987687596,0.0029787385703758,9.139690844894696,0.0135079184423036,2.351405751191365,0.0046910276734054,3.8869050312835096
7273,7273,Day2,7A242,Stationary,1.59185121382746,0.0234426671837017,1.09513574462751,0.0020101979786479,5.135524531243198,0.0105759806276973,1.0632804527869395,0.0023263105592972,4.829887089321161
7274,7274,Day2,7A242,Stationary,2.1577104517489043,0.0191002717690966,0.8760403279399837,0.001033930502708,5.0442881398627035,0.0098115965451948,0.9909724810608584,0.0023893609167903,5.09024038130976
7275,7275,Day2,7A242,Stationary,2.7128581495806876,0.013097310812403,1.2424631683653309,0.0026539008933878,8.808654405925179,0.0114389413231488,2.2919088400641185,0.0045050642103774,3.8433703173284797
7276,7276,Day2,7A242,Stationary,2.690807096814335,0.0140291439517874,1.2299038113213854,0.0026496574809571,8.614985697933896,0.0101728322609131,2.1904091496216025,0.0040674197060336,3.9330486267472686
7277,7277,Day2,7A242,Stationary,1.593755336984243,0.023587873836816,1.0569209055886293,0.0019118066455322,4.37762099084892,0.0114918427978944,0.8732633535135622,0.0026901534305375,5.012944804377312
7278,7278,Day2,7A242,Stationary,2.4684560790030825,0.0156655524025043,1.1249706755008042,0.0021838684387418,6.8817171735225955,0.0093189339708208,1.6414379396863947,0.0025618198378602,4.192493061807371
7279,7279,Day2,7A242,Stationary,2.7656743084293747,0.0136110566373057,1.269046338765885,0.0029965894186216,9.1021924030215,0.0129445483110647,2.397012027921994,0.0047359890790879,3.7973077719231667
7280,7280,Day2,7A242,Stationary,3.514589408430986,0.0147393597587255,0.754159077904482,0.0007280097577795,6.8449415082023135,0.0090335489800518,1.4160180788643388,0.0024200958986708,4.833936522683402
7281,7281,Day2,7A242,Stationary,1.6756228517708256,0.0253283069786184,0.9169246978739314,0.0011999953696345,4.16527957006022,0.0114695460810431,0.8347862382635652,0.0027044225694853,4.98963612376313
7282,7282,Day2,7A242,Stationary,4.035568182966868,0.019465043735676,0.6754587161806687,0.0008749354849714,6.710526015030771,0.0088693999597934,1.221744996591717,0.0022253529607815,5.492574992122759
7283,7283,Day2,7A242,Stationary,1.8766550819614336,0.0207288424892042,1.093752728629031,0.0019331263709999,5.23197599262069,0.0095703369866192,1.1480079807317498,0.0023575204824987,4.557438694185545
7284,7284,Day2,7A242,Stationary,3.4585856492104576,0.0152398700820558,0.8723230405563709,0.0009458331602816,7.8599278615597665,0.0110529611492408,1.6352641602285083,0.0028412295902318,4.806518758694887
7285,7285,Day2,7A242,Stationary,2.336781416594478,0.015602926040643,1.296408461325084,0.0032234049191096,8.236405286365859,0.0115562413103591,2.172439780334914,0.0040661581591835,3.791315810418503
7286,7286,Day2,7A242,Stationary,3.847583544458219,0.0190705018464617,1.1956277228644685,0.0025683785129941,10.194052290271546,0.0152764209243871,2.6079943328811273,0.0056024119246291,3.9087708749005907
7287,7287,Day2,7A242,Stationary,2.240733252741238,0.016761883560476,1.1536596518656146,0.0025371565784393,6.52014852839276,0.0090808259931906,1.489671027914056,0.0024320561605603,4.376904971779399
7288,7288,Day2,7A242,Stationary,2.5378133615641283,0.0134478265509818,1.1664257498905837,0.0023320836608031,7.466292600483285,0.0086340904466873,1.7673905442143032,0.0028225876624412,4.224472414953674
7289,7289,Day2,7A242,Stationary,1.9651471121800617,0.0199789364082678,1.1021657190658547,0.0021300813725193,5.96154875815342,0.0089984298449879,1.301345582961864,0.0021839433673497,4.581065042373239
7290,7290,Day2,7A242,Stationary,2.289678207677246,0.0157880558738243,1.264140275078783,0.0029237379240087,7.715745681653043,0.0105678816374001,1.9252518919569035,0.0036227316616682,4.007655161325643
7291,7291,Day2,7A242,Stationary,2.3482173348929583,0.0173300626884203,1.38335139185149,0.004031768250966,9.281810127179376,0.0124112091891685,2.5944816565522024,0.0057186022536523,3.5775200428720475
7292,7292,Day2,7A242,Stationary,1.976112788358072,0.0192441342723036,1.2239970523622123,0.0026647047608779,6.354533265145344,0.0091229714675819,1.4941907370114769,0.0024880271198176,4.252826033344989
7293,7293,Day2,7A242,Stationary,1.8989188816245628,0.0209304723422015,1.0792667457902447,0.0020722036172056,5.310879571515225,0.0096558651090679,1.1288548699005263,0.0022180674535715,4.704661080111401
7294,7294,Day2,7A242,Stationary,2.812661804673211,0.0124068473491346,1.1445083941868517,0.0023421336815596,6.200128487666669,0.0088514601830309,1.412453270044039,0.0023653999773442,4.38961671806201
7295,7295,Day2,7A242,Stationary,1.6422668933671425,0.023219760463492,1.375928718702577,0.003698430834157,6.782916969322263,0.0096399814780498,1.645538883465502,0.0028317882489357,4.122003458853219
7296,7296,Day2,7A242,Stationary,2.1350029957793484,0.0184388353562235,0.93528512898548,0.0012233430116843,5.47545947805353,0.0097562985666956,1.234655699487614,0.0022498056665621,4.434806788909542
7297,7297,Day2,7A242,Stationary,3.798403741235633,0.0179786488009757,1.2067835279189103,0.0027596423011567,12.440546634847422,0.0228169143192484,3.3424138660268636,0.0083486301006438,3.7220246006325763
7298,7298,Day2,7A242,Stationary,2.798808361060386,0.013091150400847,1.1668827073333965,0.0026402999183238,8.099036101292308,0.0095955398124501,2.129893450489748,0.0042426807454395,3.8025545829205747
7299,7299,Day2,7A242,Stationary,1.773459505823601,0.0214705482668909,1.080939714996929,0.0020242150834722,5.169329876582354,0.0101405002688243,1.0954751202686568,0.0020968277621344,4.718801715291002
7300,7300,Day2,7A242,Stationary,2.421380113696837,0.0147308651968185,1.3440984012079271,0.003403809974956,9.61174923774658,0.0136595512663645,2.589191244941822,0.0057678938645693,3.712259284254822
7301,7301,Day2,7A242,Stationary,2.4242327786091864,0.0141548105787698,1.2919283742521348,0.003136381905016,8.873111036848444,0.0120431172168673,2.3848930867649027,0.0045114621268403,3.7205487684501537
7302,7302,Day2,7A242,Stationary,2.8722863505874203,0.0131104205638123,1.045300212763147,0.0017129997629908,8.57725151465875,0.0118738808841755,1.9457975315269624,0.0035374111747455,4.408090449126925
7303,7303,Day2,7A242,Stationary,2.2173726215497767,0.0171797707361536,1.2801579677128088,0.0032450556022144,7.776896160939353,0.0101760957348229,1.9481471018734735,0.0036657661857341,3.991945040218241
7304,7304,Day2,7A242,Stationary,2.643419500985441,0.0132539539138787,0.9551662715986716,0.0013024183220863,6.550982377481886,0.0093467133710886,1.5648299231400111,0.0025902746731695,4.186386188434195
7305,7305,Day2,7A242,Stationary,2.235945245292086,0.0178689607182275,1.281504153861244,0.0028597358743253,8.054711990913859,0.0109821288176752,2.0519718162997904,0.0036350853785662,3.925352154903611
7306,7306,Day2,7A242,Stationary,2.5124895212264695,0.0146696924365224,1.3042648254418228,0.0033484826813946,8.97874692924072,0.0125704603129525,2.3886275059936355,0.0049022289235252,3.7589565165396883
7307,7307,Day2,7A242,Stationary,2.730363995002392,0.0139268478479068,1.2752203665790265,0.0029025484853081,10.563845567311466,0.0181903140272807,2.816864068761887,0.0058938176097227,3.7502148877047716
7308,7308,Day2,7A242,Stationary,2.321822877166387,0.017146783528983,0.9502039864272278,0.0013219562409229,5.802119419389505,0.0100598539661049,1.3766929458485853,0.0023390698189645,4.214534139138131
7309,7309,Day2,7A242,Stationary,2.33610760033115,0.0150682662276165,1.1654921756619785,0.0024922399623985,6.975234331070825,0.0084193051776936,1.705290341463433,0.0027506131737704,4.090349989952369
7310,7310,Day2,7A242,Stationary,2.1352319089406473,0.0183024132230235,1.2387275003166756,0.0028317804082039,6.634432938594563,0.0095278528735702,1.613818437107731,0.0026508105767206,4.111015704148681
7311,7311,Day2,7A242,Stationary,3.051747030200242,0.0130097045167006,1.2355210317936884,0.0028619139142926,10.9089801038429,0.0178187712207578,2.898609928658363,0.0062606478972566,3.7635212644469824
7312,7312,Day2,7A242,Stationary,2.42150720055116,0.0158973229121143,1.3432557517991637,0.0032668513687007,9.471063282163064,0.0129123723978577,2.5367223678212287,0.0052612869128145,3.7335829108873617
7313,7313,Day2,7A242,Stationary,3.589290170731161,0.0152466583683221,1.2753652435531824,0.0029576397956756,11.816168194696116,0.020912481439454,3.2502928859102176,0.0076158939610594,3.635416440751645
7314,7314,Day2,7A242,Stationary,1.6506016321625925,0.022389268828551,1.0540357097433848,0.001741012204695,4.787502913382129,0.0100824479363508,0.97179769785364,0.0023086206957421,4.926439858785468
7316,7316,Day2,7A242,Stationary,2.5613711685678724,0.0141242602059427,1.2278807223318935,0.0026270634646043,8.707942050204352,0.0117088227029398,2.2043338727855915,0.0040218213876976,3.9503734700588824
7317,7317,Day2,7A242,Stationary,2.2859246458253693,0.0174502918010772,1.2315738905674305,0.0027833517887794,7.397494594534236,0.0096197964937347,1.801805614582951,0.0029325818019484,4.105600812131153
7318,7318,Day2,7A242,Stationary,1.8121763265817317,0.0212355534923184,1.166844821201233,0.0024344913337839,5.567222146065657,0.0096302279020425,1.2422543175457144,0.0021953139513109,4.481547833993168
7319,7319,Day2,7A242,Stationary,2.739090594633109,0.0150342621050995,1.2562253587680547,0.0030434114210653,9.20105027648938,0.0117782234794079,2.4373512725525317,0.0050817333235602,3.775020195120878
7320,7320,Day2,7A242,Stationary,2.625122721819446,0.0144562831227047,1.2174429669549005,0.0026682103601974,8.066987325101634,0.0115040818979967,2.0093862651514054,0.0039186783419741,4.014652366748308
7321,7321,Day2,7A242,Stationary,2.1424964156344086,0.0201732468232875,1.350578934370325,0.0037111658245829,8.591566653714619,0.0107366127027322,2.2556041837874035,0.0045959812563335,3.8089868406293026
7322,7322,Day2,7A242,Stationary,1.831656457201692,0.022272556933729,1.1607921791365916,0.0023687616751978,5.754914568957971,0.0090789131383925,1.2998161378765836,0.0023561978670171,4.427483550373026
7323,7323,Day2,7A242,Stationary,2.260428461127109,0.0176087161586771,1.2405449626660994,0.0026457427051829,6.867291696079836,0.0089305102977426,1.687109633183944,0.0028602051201948,4.070447800786816
7324,7324,Day2,7A242,Stationary,1.505501117969418,0.0250033722670873,1.0786941860512904,0.0019855510905986,4.421780942882028,0.0107900803578601,0.8879565292278815,0.0027867536265175,4.979726819202475
7325,7325,Day2,7A242,Stationary,1.9148922397130532,0.0214229787636827,1.139467443949632,0.0022642618317728,6.074668187492459,0.008571889731915,1.424350344778939,0.0023795565469569,4.264869390989094
7326,7326,Day2,7A242,Stationary,2.5631134768121235,0.0132684879406534,1.334367177971583,0.0032469988937667,10.131803669447232,0.0162232962452473,2.7836121455948257,0.005531865740256,3.639804376296175
7327,7327,Day2,7A242,Stationary,2.1270560995621173,0.0188471085758008,1.2957581736993629,0.0033009869426267,8.039360832384643,0.0104278487907655,2.0569879583346165,0.0038029907850967,3.9083169154249644
7328,7328,Day2,7A242,Stationary,2.8911726865658114,0.0135962791639156,1.3106708007645431,0.0031415655229084,10.844733486676922,0.0171753620671741,3.0073962462218646,0.007523364652741,3.6060208229297874
7329,7329,Day2,7A242,Stationary,2.489050732713592,0.0159962324113352,1.2351706833918084,0.0028127705482346,8.411434352442283,0.0113097326753652,2.1127162581053436,0.0043450493695275,3.981336499954588
7330,7330,Day2,7A242,Stationary,2.246045956570757,0.016568187667976,1.2353038934738565,0.0028996514024667,8.208765005137613,0.01122298592969,2.0503878708026986,0.0035701056133546,4.003518125535924
7331,7331,Day2,7A242,Stationary,2.724171124163999,0.0138979485189778,1.2313593625111718,0.0028081421148494,9.058444882981975,0.0122741173457148,2.3629986405430956,0.0044641025407883,3.8334532773578083
7332,7332,Day2,7A242,Stationary,2.6238766874299615,0.0152690623474616,1.2227314862436551,0.0027591126140509,8.847807775533136,0.0119220706116636,2.2271729076369193,0.0038602325987989,3.9726631664718206
7333,7333,Day2,7A242,Stationary,2.723710369628344,0.0140962776349799,1.211803181663477,0.0025934506718782,8.77796777877436,0.0120987601139642,2.2372539793765815,0.0043418233374163,3.923545498048626
7334,7334,Day2,7A242,Stationary,2.9581156001721194,0.0138460181277078,1.133439845645284,0.0021965873903162,9.26664302068131,0.0132322529196291,2.4228628109585753,0.0045928739525027,3.824666827510171
7335,7335,Day2,7A242,Stationary,2.44010013309997,0.0147773690072849,1.2821526592308952,0.0029044704793765,8.718881414085466,0.0111552954161817,2.251126520383652,0.004254013128059,3.873119229477842
7336,7336,Day2,7A242,Stationary,2.194750709131881,0.018229298050256,1.0819787374232128,0.0020397381267255,5.545575302462968,0.0101222325422417,1.213373144455455,0.0021604684887854,4.570379135061329
7337,7337,Day2,7A242,Stationary,2.6692416561622703,0.0140011873263193,0.8158350159890968,0.0007593667825107,4.728202887149596,0.0113792082382213,0.9116189350883572,0.0026918050900512,5.186600129901122
7338,7338,Day2,7A242,Stationary,2.4976250623654814,0.0154174029738444,1.191480888239863,0.0023816753714321,8.329125349962721,0.0116611658540786,2.0865931302699865,0.0039375631571437,3.991734291239139
7339,7339,Day2,7A242,Stationary,2.2224701552441823,0.017679143332537,1.161159638249481,0.0023342046004358,6.5635674238142565,0.0088811533351983,1.5398799257664304,0.0026519530713098,4.262389108389365
7340,7340,Day2,7A242,Stationary,2.2691941176060872,0.017662632341632,1.2778602014587286,0.00280806160579,8.156258937625324,0.011062097351502,2.0587143762838283,0.0037819067065121,3.9618215288067953
7341,7341,Day2,7A242,Stationary,2.136337998306389,0.0195542887101452,1.1380835450311242,0.0022199041790044,6.4381489679569315,0.0087714312397721,1.494370663403958,0.0024259200048588,4.308267771592738
7342,7342,Day2,7A242,Stationary,2.8919344182763544,0.0137600951434025,1.2596859776384184,0.0027978623321993,9.997090771439437,0.0150093280571445,2.640028250964821,0.0057777298856157,3.7867362850325237
7343,7343,Day2,7A242,Stationary,2.061939699520048,0.0187932965451076,1.2635048701911988,0.0030227321075416,7.431999451079085,0.0094147617600852,1.8990430544162389,0.0038305181508675,3.9135497395890604
7344,7344,Day2,7A242,Stationary,2.271638353234165,0.0175990068815565,1.3103424642746049,0.0031496329688402,9.067269510628046,0.0127697904372213,2.374895294811815,0.0045688525211197,3.817966009043161
7345,7345,Day2,7A242,Stationary,2.4637436744777053,0.0150327712047632,1.189036472212421,0.0026176270917994,7.63842510978251,0.009145904427735,1.8515604667562924,0.0034401744143274,4.12539868231476
7346,7346,Day2,7A242,Stationary,2.623714038236632,0.0148644534919239,1.2632750706901923,0.0032035598895317,9.630997773107635,0.0137459533781453,2.525646385689225,0.0052160829581896,3.8132803656436756
7347,7347,Day2,7A242,Stationary,2.2884366993380754,0.016927828076523,0.9577516404461488,0.0013428306054609,5.7638542848042436,0.0099061907477956,1.2887661848583478,0.0022065645537481,4.472381687635424
7348,7348,Day2,7A242,Stationary,2.626393295992421,0.0126670067373496,1.05544542311512,0.0019938911845482,6.975264947950976,0.009073316939767,1.6408290516790178,0.0027648143330317,4.251061340493312
7349,7349,Day2,7A242,Stationary,1.5570786168540112,0.0252447794627075,1.0368285912449542,0.0017641035425424,4.148055313862098,0.012720018760177,0.7969061689479656,0.0029490755189936,5.205199150783519
7350,7350,Day2,7A242,Stationary,2.2057652178485,0.0183418144729751,1.1493383140028794,0.0023440659616067,6.93197409356378,0.0089178115693188,1.7321219494010769,0.0029684475834781,4.002012731240244
7351,7351,Day2,7A242,Stationary,2.809785551093077,0.0142846506108923,1.3586711116379824,0.0034487149826474,10.188341314165248,0.0153921663121055,2.806981857228743,0.0062903368996539,3.629642738134375
7352,7352,Day2,7A242,Stationary,2.3431265535279646,0.0180660980238219,1.4272183305042525,0.0036181763512712,9.943418372384718,0.0140549662756628,2.7876144065501713,0.0062834939487834,3.566999205134061
7353,7353,Day2,7A242,Stationary,2.2355863159656773,0.0173350351444518,1.3580546829070983,0.0034082019767059,8.960899619000559,0.0122096793185621,2.38354258796854,0.0047253543933282,3.7594879421213987
7354,7354,Day2,7A242,Stationary,2.0943461836601616,0.0200208822335636,1.229142904907888,0.0028038703184052,7.037203024588396,0.0101647534893855,1.7002398077690126,0.0026855619616386,4.138947336977326
7355,7355,Day2,7A242,Stationary,1.5936925103923607,0.0228603065960584,0.907389918482672,0.0010471727322538,4.2637532370187445,0.0112939447086083,0.8172707966772736,0.002573918971203,5.2170630032953795
7356,7356,Day2,7A242,Stationary,3.133062307985689,0.0135882638780826,1.2725208879885823,0.0028359206465458,11.010438931196385,0.0179524789645738,2.9871531391334076,0.0071647893499664,3.685930522594695
7357,7357,Day2,7A242,Stationary,2.902172715094141,0.013540671805365,1.230940675275193,0.0025992167901623,9.41064213492908,0.0137735816125071,2.428620120063065,0.0051748992939553,3.874892601435218
7358,7358,Day2,7A242,Stationary,2.4548979763192476,0.0163786662502572,1.2793387598483488,0.0033672259080054,8.740977621415631,0.0122653847144488,2.242899911290576,0.0043953478231912,3.8971768545775314
7359,7359,Day2,7A242,Stationary,2.1669662281773117,0.0198181785424028,1.0274046384467337,0.0016147172717274,6.189033089560423,0.0091722133862758,1.5496465755634972,0.0024186805519829,3.993835231307441
7360,7360,Day2,7A242,Stationary,2.6412164867498196,0.0147178340381179,1.2690825624918447,0.0029406671040023,8.935585409807395,0.0123389745542799,2.3239080488102313,0.0046728745784912,3.8450684029353646
7361,7361,Day2,7A242,Stationary,2.6977121830329627,0.0153622449249897,1.2615666412237947,0.0028891069446071,8.952698989202144,0.0124888182236482,2.30245621354757,0.0048458404727817,3.8883254050716722
7362,7362,Day2,7A242,Stationary,1.8722324130462211,0.0207941621541205,1.0229349908333265,0.0017826114298469,5.3008381021929765,0.0106303745608064,1.1860122853813164,0.0023711758887179,4.469463063351571
7363,7363,Day2,7A242,Stationary,2.799120641286162,0.0137599925930786,1.1846939846927815,0.0026817995508943,9.292330815763696,0.0136941682960756,2.351017923160398,0.0047130578340655,3.9524712781739724
7364,7364,Day2,7A242,Stationary,2.546641888641261,0.014323536027031,1.218312745958032,0.0026021101084142,8.920058160622576,0.011761985448779,2.33008992811024,0.0042714597936857,3.8282033894961995
7365,7365,Day2,7A242,Stationary,3.29540724620739,0.0136194312485081,1.264224612155472,0.0030545154344941,11.789826190313308,0.0192410744004373,3.2943405434446715,0.0084484098044769,3.578812218965522
7366,7366,Day2,7A242,Stationary,3.525251291537501,0.0147507480614448,1.011305074878433,0.0016188795149423,7.128927490156444,0.0096235942692097,1.8109398285333065,0.0031927094080479,3.9365899285180643
7367,7367,Day2,7A242,Stationary,3.2419881542432467,0.0143799728542863,1.27661422146118,0.0029995393548299,11.539587573232671,0.017803194000057,3.4206175961352554,0.0088188342640468,3.3735392071509365
7368,7368,Day2,7A242,Stationary,2.90726191230342,0.0137576251897964,1.0679115463776996,0.0018078348157133,8.965119118640885,0.0124715446785073,2.3074958658042433,0.004673794138438,3.885215679689301
7369,7369,Day2,7A242,Stationary,3.1798933843691244,0.0134174026007519,1.163591305401202,0.0023639380083415,8.420712033701442,0.0106456772244061,2.0437448411946475,0.0039692851063273,4.120236471779526
7371,7371,Day2,7A242,Stationary,1.4399230188747014,0.0256580509456059,1.0629277976236038,0.0018103271158362,4.441694952854298,0.0118834021452348,0.870810200986589,0.0025248690816741,5.100646441465725
7372,7372,Day2,7A242,Stationary,2.055058178053192,0.0189586451253374,1.120905064339947,0.0022305500511554,5.98207154860026,0.0092832837879018,1.3544229136311905,0.0023941275480743,4.4166939944646995
7373,7373,Day2,7A242,Stationary,1.822478818370907,0.0234789582014119,1.2192321496109966,0.002290905040914,5.95753270126578,0.0091459896566363,1.3608602900914,0.0023313420641705,4.377769521708692
7374,7374,Day2,7A242,Stationary,2.8783911388984142,0.013528730534275,1.3454329617513976,0.003370523791663,11.716495008624332,0.0203491127252371,3.2976609529505003,0.0075029258251274,3.552971386625204
7375,7375,Day2,7A242,Stationary,2.3588591868066824,0.0162676796819919,1.1188956381763695,0.0023015074199386,7.440814269222197,0.0097209872058365,1.8331855749130403,0.0031518263696458,4.0589530983927595
7376,7376,Day2,7A242,Stationary,1.8836401966325724,0.019848333826288,1.2412450197164622,0.0026566232877721,6.469025160751041,0.0086889483421557,1.5355831932473123,0.0024514843945571,4.21274808763108
7377,7377,Day2,7A242,Stationary,2.8858324305134357,0.0126121933370772,1.2041025957855709,0.0027573604134335,9.652126926351578,0.0144511924728297,2.5784615707817164,0.0057195613790345,3.7433666011261617
7379,7379,Day2,7A242,Stationary,2.836959440046354,0.0139019700934415,1.2084598898157262,0.0026751273415298,9.047237894280691,0.012317316134253,2.291194563153621,0.0044712060794949,3.9486990933794774
7380,7380,Day2,7A242,Stationary,2.2232319432755245,0.0166166063581609,1.1243533161216086,0.0023269601524093,6.423484664121626,0.0092812631362971,1.4803225293946372,0.0024824839168225,4.339246709126588
7381,7381,Day2,7A242,Stationary,1.9262496103929403,0.019949041981912,1.0689979410690336,0.0019441884486303,5.671412592346471,0.0092209240780527,1.333970580717748,0.0023912104507794,4.251527488181146
7382,7382,Day2,7A242,Stationary,1.9722640471928623,0.0202890451479503,1.197047887869844,0.0025930668848892,6.412597927525592,0.0085891248552094,1.4929467561683578,0.0023087884210475,4.2952623065965865
7383,7383,Day2,7A242,Stationary,1.779180786777849,0.0215804097394295,0.8827065166305497,0.0009983640310732,4.226893289195699,0.0118826976120404,0.8409425622727535,0.0026070229859393,5.026375734594746
7384,7384,Day2,7A242,Stationary,2.9063468675192663,0.0139639075597813,1.2315615035784204,0.0027352244911782,9.96579452725335,0.0147250762463322,2.603442857179337,0.0056631223475658,3.827929043947078
7385,7385,Day2,7A242,Stationary,2.6307422934498335,0.0137912458597706,1.3815140086271775,0.0035285464353218,9.653418118615324,0.0133620176691569,2.6454416703146935,0.0053447285591914,3.6490761550100568
7386,7386,Day2,7A242,Stationary,2.4346448369185576,0.0157428510893807,1.1318905078866843,0.0023260110814378,8.006812073631886,0.0096407156514611,1.899979673854308,0.0036539438109225,4.214156700628922
7388,7388,Day2,7A242,Stationary,2.3536873783390937,0.0169357869975005,1.1912348452079369,0.0027089684418393,6.778975766957315,0.0086315093560917,1.6880331710283598,0.0029795038399396,4.0159019877716755
7389,7389,Day2,7A242,Stationary,2.503905922315301,0.0153518403039453,1.1240485288367872,0.0022197086419409,6.218987497913152,0.0090612475978718,1.4213318880299743,0.0022741338762662,4.375464696379203
7390,7390,Day2,7A242,Stationary,2.783939358730973,0.0136101813918614,1.3110613457209792,0.0032431211918436,9.84942601833759,0.0150712288777057,2.649821101565894,0.0055206833243101,3.7170154666355164
7391,7391,Day2,7A242,Stationary,2.9682515908778773,0.013424581650543,1.2487666647487528,0.0028415101769496,9.668287744164736,0.0130785596479529,2.509888850331709,0.0052288484283054,3.8520780483514105
7392,7392,Day2,7A242,Stationary,2.5642937133318373,0.0141071833853658,1.2965308419829258,0.0034348792907198,9.39563150856154,0.0119730550508315,2.470782839994994,0.0051416245459452,3.8026941730664507
7393,7393,Day2,7A242,Stationary,2.16158378521278,0.0186759605540963,1.376194054881411,0.0035571270786956,7.996412889519374,0.0103507479765135,2.094123228091265,0.0041049186194253,3.8185015963974007
7394,7394,Day2,7A242,Stationary,2.061701863821511,0.0190992541133542,1.2151229326071724,0.0026052109035582,7.507637640591205,0.0095309427302879,1.8124178174451608,0.0032387088937647,4.142332727215295
7395,7395,Day2,7A242,Stationary,2.945806049486277,0.0117960853026843,1.2047876543891012,0.0026276091417415,9.204025877286488,0.013063624059406,2.544390246941499,0.0054299983163952,3.617379797910422
7396,7396,Day2,7A242,Stationary,2.7687248319116624,0.0139418660207896,1.1609994015693383,0.0022990788571906,8.412490006483797,0.0115380758759634,2.135225487858986,0.0039870263804089,3.9398602416080624
7397,7397,Day2,7A242,Stationary,1.917127524710387,0.0206204970263827,1.022309364835928,0.0015448671751269,5.3066063199185125,0.0103088796406588,1.2099060198639424,0.0022424845283286,4.385965713696718
7398,7398,Day2,7A242,Stationary,2.994977075101948,0.0142200955648383,1.177060775793744,0.0024573149689365,9.176286280304096,0.0133502872431697,2.4243516538410277,0.0048755138473362,3.7850475469454374
7399,7399,Day2,7A242,Stationary,2.1753490765784376,0.0182317963800162,1.0390969438884532,0.0016790181004458,4.9144547851613405,0.0091481612797902,1.0437598019698833,0.0021749871875903,4.708415457163911
7400,7400,Day2,7A242,Stationary,1.7667060265587726,0.0218844940201163,1.0914014919255848,0.0019031335292451,5.184915247625231,0.0099487921334994,1.1305791877286464,0.002157561286365,4.586069957684094
7401,7401,Day2,7A242,Stationary,2.4960838087503365,0.0148092725366509,1.1058706563018568,0.0020114799405296,7.757682886468082,0.0100860636537409,1.9518582804690672,0.0035444543901148,3.974511348541027
7402,7402,Day2,7A242,Stationary,2.8520918358387672,0.0134980276910168,1.14450934427011,0.0021859077451343,9.978133255985796,0.0140894114121552,2.470183134587528,0.0051537577632223,4.039430565398929
7403,7403,Day2,7A242,Stationary,2.61547276421508,0.0144119595694002,1.3440367740342067,0.0032564071011762,9.328751849385782,0.0124553480724228,2.5106084945690093,0.0054573626964235,3.7157334046968673
7404,7404,Day2,7A242,Stationary,2.566915145311671,0.0152624715317033,1.0753057077496926,0.0019258359753175,7.267466813367307,0.0094940589299427,1.7797033783414635,0.0028371974578661,4.0835270089445945
7405,7405,Day2,7A242,Stationary,2.9420063171631785,0.0136907034436779,1.165708121041194,0.0024255735311375,8.450048365256528,0.0107139580696524,2.342849491898186,0.0047336466206841,3.606739739141444
7406,7406,Day2,7A242,Stationary,2.7221654495682897,0.0138870200751571,1.2291080644137244,0.0028062363290661,9.014591238334445,0.0123315076030913,2.2873468842068325,0.0043148224875463,3.9410687117797494
7408,7408,Day2,7A242,Stationary,2.0510904458118615,0.0193759027682818,1.248821557631339,0.0029979131736978,6.989264538903521,0.0088609184968654,1.776675585848429,0.0029996142341453,3.9339002542582278
7409,7409,Day2,7A242,Stationary,2.223865213966087,0.0175582079035013,0.964789044080616,0.0014237563749148,6.165384978128635,0.0092957282486796,1.4549941363752494,0.0023200270515891,4.237395068469579
7410,7410,Day2,7A242,Stationary,2.232779528607681,0.0181528979221442,1.095295161725895,0.0020216624499931,6.780619805613997,0.0092725579261957,1.5547483451663648,0.0028454080571751,4.361233010277584
7411,7411,Day2,7A242,Stationary,2.767180254226924,0.0146721848767142,1.3661251402223538,0.0035287193453181,6.810552659046838,0.0093266956512539,1.8189076230883563,0.0033063651621029,3.744309261557262
7413,7413,Day2,7A242,Stationary,2.1292562427344217,0.0189204744756947,1.230499010774056,0.0028354980822355,7.874187643374445,0.0100496846721792,1.935445746899216,0.0035099575735551,4.068410419661573
7414,7414,Day2,7A242,Stationary,2.9149498119748274,0.012588334426055,1.2283607657079083,0.0027500426509572,10.403319373084392,0.0158920568465736,2.7173381699694055,0.0055784876489461,3.8284963896126047
7415,7415,Day2,7A242,Stationary,2.33933758343471,0.0159218807813646,1.138890115176299,0.0023011202303357,7.005307655655657,0.0098029310463972,1.6645216084434469,0.0026718016662251,4.208601210173876
7416,7416,Day2,7A242,Stationary,2.58655352300223,0.0153909222507463,1.162154525621308,0.0025134261778035,7.694069869375858,0.0105847715662437,1.9102540242844732,0.0034022611030034,4.027773150357758
7417,7417,Day2,7A242,Stationary,2.628545300322571,0.0147869602837007,1.210972616830044,0.0026699115453355,8.03707453043773,0.0103832599410639,1.9976223337573764,0.0039546795312933,4.023320321674919
7418,7418,Day2,7A242,Stationary,2.3859666484835036,0.0167220949162261,1.1929369699305916,0.0026129962775892,7.824933509267808,0.0099429618132103,1.893808871971422,0.0036174627933508,4.131849641786813
7419,7419,Day2,7A242,Stationary,2.7648919197432407,0.0138007004447961,1.2753597246922677,0.0028527213963095,9.839618724749918,0.0142175533392976,2.6124196358690224,0.0053340731681813,3.766477096424352
7420,7420,Day2,7A242,Stationary,2.403005301530775,0.0155358561959735,1.1833569498618208,0.0026164530213803,7.454897640605888,0.0089905057348425,1.8405205879792157,0.0033739590652556,4.050428823939932
7421,7421,Day2,7A242,Stationary,3.218074459829404,0.0134804556284099,1.3282173356028275,0.0035804974575502,10.99448584605932,0.0167151759999307,3.055976043833617,0.0067179667665807,3.597700272632738
7422,7422,Day2,7A242,Stationary,2.6650639243443077,0.0137100894326656,1.221176482241918,0.0028755369407576,8.769175116155171,0.0125585477665563,2.2486153537503535,0.004309268968457,3.8998110999862656
7423,7423,Day2,7A242,Stationary,2.7374049226409563,0.0137315811335027,1.1583656939113982,0.0026091413353194,9.54831599463352,0.0129188946424114,2.4883737153403653,0.0054039438350932,3.837171215790422
7424,7424,Day2,7A242,Stationary,3.4410845569618735,0.0145254503294287,0.8799549611474394,0.0009609379486858,8.14740151681072,0.0112829658138822,1.8940498857206056,0.0034035099664089,4.301577048331533
7428,7428,Day2,7A242,Stationary,3.050356661745928,0.0125709521758258,1.2041488132664375,0.0027042481813735,11.199755049126292,0.0179467623047009,2.9177196937601257,0.0066732640337574,3.838530162125662
7429,7429,Day2,7A242,Stationary,2.119533918695147,0.0184967898876127,0.9031053541717854,0.0010233760426576,5.445799694151187,0.0095487234495974,1.227694323843607,0.0020024084560114,4.435794471299449
7430,7430,Day2,7A242,Stationary,2.396076486395974,0.0161291909085958,1.180095554738147,0.0025902594045605,7.668847131729977,0.0092187180643258,1.9383484632396624,0.0034128845612909,3.9563820835974117
7431,7431,Day2,7A242,Stationary,2.66246700410098,0.0134225821298978,1.279695219978498,0.0032195830887074,9.656767472049983,0.0130776682591469,2.582606380736322,0.0054400220196501,3.7391557397518547
7432,7432,Day2,7A242,Stationary,2.4256740271032085,0.0151140838665604,1.3047816173353946,0.0028819184870936,8.79392851274859,0.0115818003752399,2.442928392477412,0.0047425495554523,3.599748785035213
7433,7433,Day2,7A242,Stationary,2.6263379354438485,0.0145029010393803,1.320616385688238,0.0034481335974848,9.426426910698169,0.0140291413159096,2.5174746706393707,0.0055495465517923,3.7443979161482925
7434,7434,Day2,7A242,Stationary,2.762139182499696,0.0134284085599594,1.34419045979189,0.0034054713327263,9.694416788045473,0.0142250245215504,2.615541965696391,0.0056192612826446,3.7064657784851573
7435,7435,Day2,7A242,Stationary,2.4242816863409553,0.0158543467158092,1.0984141340196036,0.0020851229877098,7.514502624763176,0.0095354966074491,1.7776987543285203,0.0032487887870021,4.227095623747334
7436,7436,Day2,7A242,Stationary,2.142246263449825,0.0178248856088416,1.1336482573828934,0.0022153886598812,6.333473688585038,0.0091860275807213,1.5017843341190773,0.0025795295163131,4.217299078632454
7437,7437,Day2,7A242,Stationary,1.6244562580513922,0.0245176673016803,1.0324798856519584,0.001771575164953,4.560614982385399,0.0112336402377627,0.9066978457824226,0.0025538507067984,5.029917081638016
7438,7438,Day2,7A242,Stationary,2.3955392011328387,0.0155358105336926,1.3302769393924674,0.0031789607381427,8.94718618228339,0.0124974910729413,2.359249448583662,0.0047386368769056,3.7923866794393835
7439,7439,Day2,7A242,Stationary,2.7560693495368422,0.0131809136248331,1.3103159153860102,0.0031750835053468,10.314868609753,0.016372228389629,2.8205464104128497,0.0065376281808824,3.6570462275226983
7440,7440,Day2,7A242,Stationary,1.799108933844138,0.0218065466641396,1.1657680857692845,0.0025253466790159,5.81598174945895,0.0098582501841157,1.2948412490271328,0.0021669318811772,4.491656219500834
7441,7441,Day2,7A242,Stationary,2.609741223802883,0.015233029601691,1.245006664089603,0.0027262553684271,8.644343386161749,0.0121854737182134,2.3119469053904895,0.0043342603394645,3.73898871380081
7442,7442,Day2,7A242,Stationary,2.9477718494200342,0.0139979405262915,1.2997904118463983,0.003277757177717,11.419765623702038,0.0191038607792764,3.1448584420888315,0.0067689420973072,3.6312494930986365
7443,7443,Day2,7A242,Stationary,2.4260606769674133,0.0161070592644933,1.1607375783327998,0.0026243191052345,7.217297033692204,0.0091828751980354,1.805393460147719,0.0031580279744548,3.9976310942777413
7444,7444,Day2,7A242,Stationary,1.7486060075929226,0.0230107071141426,1.0139565955947576,0.0015811798405691,4.407131580661411,0.0106364353971597,0.8808047242061331,0.0024403062769737,5.00352854559624
7445,7445,Day2,7A242,Stationary,1.7832770015001418,0.0233402970057336,1.2004572900092851,0.0025406521680763,5.523904087021929,0.0095748743432925,1.2601063947648674,0.0022586459925477,4.383680703447803
7446,7446,Day2,7A242,Stationary,2.366825226764584,0.0165350974411911,1.132199029010507,0.0022954275102447,6.918104718190281,0.0087275006006566,1.7270285540564312,0.0030185317596763,4.00578479257977
7447,7447,Day2,7A242,Stationary,1.537619176360726,0.0243125542551825,1.1941531404506922,0.0024851526044177,5.101330941833414,0.0102366459166055,1.0782355301133435,0.0021987462301933,4.731184235133825
7448,7448,Day2,7A242,Stationary,2.4875091922580768,0.0159323683536495,1.3216027286441312,0.0032827370537131,8.49623811852784,0.0117592757700168,2.2591092190748503,0.0046942784154803,3.760879751536412
7449,7449,Day2,7A242,Stationary,2.6290810442866155,0.0145477396725459,1.3019239369985902,0.003227787598698,9.290526194142508,0.0127502969772615,2.4444177173173376,0.0050949589222273,3.800711363006538
7450,7450,Day2,7A242,Stationary,2.7409226894986753,0.0123678787090232,1.235837238534771,0.0028715667825428,8.450532994569075,0.0116151520215828,2.2272339527660767,0.0042811359695336,3.7941829074911837
7451,7451,Day2,7A242,Stationary,2.548869539672598,0.0146356920768729,1.2848349747449452,0.0030676918385013,8.594399547955273,0.0110335202845035,2.2566992111574895,0.0038687993392133,3.808393916860146
7452,7452,Day2,7A242,Stationary,1.795976438058818,0.0219641417363001,1.0099995772686958,0.0015748968392677,4.7064443706319175,0.0113444940337408,0.9520717013054776,0.0024596290904146,4.943371769351464
7453,7453,Day2,7A242,Stationary,3.085235401768398,0.0136301085590495,1.232454005231296,0.0026495854138251,9.687125897027096,0.0134784410367287,2.6433636780166463,0.0057911288769161,3.664696605158578
7454,7454,Day2,7A242,Stationary,2.6557162264994445,0.0141425631700814,1.3330264752706793,0.0034902959805004,10.655863254643451,0.0161166712404766,2.923325309429268,0.0069468305814472,3.645117161703716
7455,7455,Day2,7A242,Stationary,2.0285315503448658,0.0192821970534593,1.1644794507375422,0.0024905828557331,6.269125093139639,0.0088109887850878,1.4519624302984522,0.0024814554432258,4.317690983127584
7456,7456,Day2,7A242,Stationary,2.7735684091870287,0.0152487864398542,1.321752287100766,0.0032396292260084,9.59199743854841,0.0139535139976303,2.606684210247032,0.0061640506342658,3.6797696479081328
7457,7457,Day2,7A242,Stationary,3.5251094002301917,0.0148151690255952,1.1464662445102405,0.0023368128419029,9.5338989477398,0.0123069416627552,2.382033857795597,0.0049203733100115,4.002419577932761
7458,7458,Day2,7A242,Stationary,2.798750152577333,0.0135803759740808,1.31009073030198,0.0034296576831571,9.01392859984794,0.0116991542657142,2.476451311110709,0.0048733765807143,3.6398569838246155
7459,7459,Day2,7A242,Stationary,2.7096436556453076,0.0142397415319083,1.362987522429347,0.0034487627486564,10.698070889072604,0.0161206444496883,3.0077265504065984,0.0062695393757449,3.5568628696070754
7460,7460,Day2,7A242,Stationary,2.1873920348754483,0.0173179127777751,1.0977899490257486,0.0019500026137739,6.068681676598074,0.0085185895670152,1.3928694002780433,0.0024032555302193,4.356963887200515
7461,7461,Day2,7A242,Stationary,1.80774121503381,0.0224329724243391,0.9958317693487015,0.0014043380397653,4.499145172112436,0.011418021380116,0.9193263575782996,0.002300175198299,4.893958641590716
7462,7462,Day2,7A242,Stationary,2.266661723809081,0.0176247660218784,1.1209218679913988,0.0021585433391016,6.841391664724733,0.0094395695849222,1.6127571132624634,0.0024473439431697,4.242047118232955
7463,7463,Day2,7A242,Stationary,2.719346331015918,0.0138689513974959,1.2879344979029963,0.0031365669136757,10.309278016383711,0.0143303467366792,2.760071782808978,0.0063135528610053,3.7351485133809676
7464,7464,Day2,7A242,Stationary,1.800670734430904,0.0225003440401922,1.17188018967755,0.0024408913346677,5.742690924997345,0.0084273480958722,1.29490947876957,0.0022973745950967,4.434820363238116
7465,7465,Day2,7A242,Stationary,2.1005484504178193,0.0195723213700732,1.0127217631036969,0.0015352478598295,5.452219297405071,0.0093380610471356,1.223888409651212,0.0023407287989978,4.454833671444657
7466,7466,Day2,7A242,Stationary,2.2644102078015176,0.0172018037143791,0.9810677613902078,0.0013907463214934,5.762248918804035,0.0090202981335952,1.2895347979269436,0.0022104274349413,4.468471054885396
7467,7467,Day2,7A242,Stationary,2.1603685915220985,0.0192249825397025,1.0273631277921995,0.001669587059244,5.922427475764839,0.0093929133531817,1.3821759609313695,0.0022461427445635,4.284857820688802
7468,7468,Day2,7A242,Stationary,2.457737217087578,0.0155729703726206,1.2925730873215626,0.0029965291813837,8.351053813009996,0.0113987533729534,2.1706214612235852,0.00415343886754,3.8473100732646786
7469,7469,Day2,7A242,Stationary,1.831543473220284,0.0221322532823539,0.9650590843077832,0.0012999843114603,5.20752966137942,0.0101928232527637,1.1639598126286184,0.0021523019101932,4.47397719824969
7470,7470,Day2,7A242,Stationary,1.9771435437031757,0.022759530069872,1.171343685083153,0.0024523665235612,6.755961413722069,0.008552307147643,1.5592582023369084,0.0025888264273942,4.332804793713255
7471,7471,Day2,7A242,Stationary,2.411905298078413,0.0158049187247149,1.201989973299816,0.0025005692640086,7.634233302137335,0.0095611614356848,1.8674212803610528,0.0032745804750891,4.088115189873658
7472,7472,Day2,7A242,Stationary,2.9311167075942697,0.0127526660304122,1.1863716308276315,0.0024674249391589,9.91977547241203,0.0147538904176761,2.545879518221847,0.0049869528801851,3.8964041312294437
7473,7473,Day2,7A242,Stationary,2.2367635269662656,0.016148729397053,1.0345009710250683,0.0016861455561458,6.155709779964103,0.0087689493527533,1.4701941577254831,0.0023591684780471,4.187004653512918
7474,7474,Day2,7A242,Stationary,2.107712778214981,0.018102049220428,1.2299213227986543,0.0026542123169836,7.1937586637072535,0.0091729282278695,1.748398914970865,0.0030162940011796,4.114483601030563
7475,7475,Day2,7A242,Stationary,1.8438706612385705,0.0212564184163991,1.1282237564794793,0.0022372677554182,5.9215030459800655,0.0089734934946161,1.3207715287194728,0.0021998703639923,4.483366666543106
7476,7476,Day2,7A242,Stationary,2.2222638647925934,0.016672067311333,1.160090083743843,0.0023672428827567,7.409777051117721,0.0097431571568597,1.7414724626588276,0.0032836156837713,4.254891886033441
7477,7477,Day2,7A242,Stationary,1.9935017751645197,0.0204582699678628,1.072553406767136,0.0018219534251081,5.64637249577193,0.008783865312979,1.2382451404820745,0.0020692095389731,4.559979531656938
7478,7478,Day2,7A242,Stationary,2.758251046683202,0.0134369297278435,1.3240196821735344,0.0032474892999692,10.326995555692498,0.0151320911575468,2.893667737513592,0.0064443040096519,3.568825619407864
7479,7479,Day2,7A242,Stationary,3.3019996699430396,0.0127721731879436,1.237224283882268,0.0029138905150756,10.97060113862273,0.0195351180752871,2.924194431886342,0.0063327857657284,3.7516661063969687
7480,7480,Day2,7A242,Stationary,3.057694989028205,0.0135508755275331,1.260583084476261,0.0028507893881945,9.926729542099029,0.0155088050601896,2.6449044142908806,0.0055704999244032,3.7531524725291296
7481,7481,Day2,7A242,Stationary,3.399543580422103,0.0130997302917263,1.1982046397256163,0.0025030216481191,8.626314316085077,0.0107970775312549,2.1853711609182827,0.004094717353326,3.9472994200492426
7482,7482,Day2,7A242,Stationary,2.2015731593185466,0.0186724308842106,1.1751240273910903,0.0024589161610007,7.49055604819092,0.0094208918325509,1.7896410031187633,0.0031504981856279,4.185507615849946
7483,7483,Day2,7A242,Stationary,1.9749145928792284,0.020540755126414,1.0307754359291896,0.0016760740259225,5.396401518818068,0.0097984658746531,1.1347099014006583,0.0023395632830165,4.755754322895113
7485,7485,Day2,7A242,Stationary,1.5601872838258624,0.0245965409558472,1.060262262040844,0.0018438603743493,4.317735229454127,0.011734271491562,0.8527514173224903,0.0025249467650911,5.063298801673246
7486,7486,Day2,7A242,Stationary,1.9915153522224975,0.0201168492553046,1.181796792186414,0.0023518709950592,6.352021940792849,0.0090491026020181,1.4678507625076134,0.0024714953791121,4.327430351258139
7487,7487,Day2,7A242,Stationary,3.5499250776703413,0.0142415208874646,1.141804598904601,0.0021563452783207,10.262181765027446,0.0161470734804607,2.5900379382469936,0.005444306309711,3.96217430389192
7488,7488,Day2,7A242,Stationary,2.5252976423124553,0.0158824338858664,1.022413466878846,0.0015771931867663,7.393406342633054,0.0092042796286318,1.877923199940328,0.0035632317673886,3.937012090200485
7489,7489,Day2,7A242,Stationary,2.8429260007627586,0.0125430020400252,1.2345400262402526,0.0025665854496304,6.696301440283593,0.0090248418907964,1.6405248466704128,0.0027130545456566,4.081804340771989
7490,7490,Day2,7A242,Stationary,2.571333787423186,0.0144107883695592,1.188976800615544,0.0027036697509732,6.448752575625006,0.0087227395713598,1.525357858992319,0.0025895593106213,4.2276981349708835
7491,7491,Day2,7A242,Stationary,2.8309299373770456,0.013591226716932,1.2094881870147165,0.0027291894878157,9.371078482288512,0.0134924506579515,2.382659156248393,0.0046027943134227,3.933033584645698
7492,7492,Day2,7A242,Stationary,2.1099551684031135,0.0189802388745025,1.1643696073952654,0.0024535575212752,6.723407455323885,0.008960375136171,1.5823416723908366,0.0026540345553728,4.249023818708613
7493,7493,Day2,7A242,Stationary,2.75982683047307,0.0138777302633815,1.1485181976959322,0.0023437001667351,8.82201009803396,0.0120171704002094,2.272235105842059,0.0044729512992447,3.882525217285843
7494,7494,Day2,7A242,Stationary,1.8770935668429696,0.0216239164101402,1.2088498922871629,0.0027074159024752,6.0088697407603,0.009535761971749,1.3852881157779884,0.0022003346191243,4.337631769392371
7495,7495,Day2,7A242,Stationary,2.4428718536236564,0.0152996423732887,1.2354578387074522,0.0029465408314009,7.879428099680154,0.0105588863815277,1.9985303532561085,0.0037228747435744,3.942611172676254
7496,7496,Day2,7A242,Stationary,2.8567892486083566,0.0142467775846517,1.2043541784407974,0.0024996703266456,9.14703384492254,0.0131167507262173,2.3077790016840254,0.0044772810479436,3.963565765286795
7497,7497,Day2,7A242,Stationary,2.014294815693612,0.0192431218230963,1.058883361730503,0.0017677853647805,5.244798238632438,0.0107777199000888,1.1471049252491283,0.002140806595054,4.5722044454594
7498,7498,Day2,7A242,Stationary,2.524914525888507,0.0152217001491555,1.3143154588554762,0.0032822962201518,9.366931072105588,0.0131801658757528,2.4789547750774408,0.0051642029248484,3.778580862497974
7499,7499,Day2,7A242,Stationary,2.5721540678122574,0.0140404304000417,1.1637684542563609,0.002476494040926,7.508472497045704,0.0097638207806848,1.8548618434913964,0.0034262272383496,4.047995554705329
7500,7500,Day2,7A242,Stationary,3.0898548948478037,0.013060111967739,1.369828378830372,0.0036055180169893,10.748086042281058,0.0167258616161984,3.049745737142767,0.0071692196883649,3.5242564359974087
7501,7501,Day2,7A242,Stationary,2.0484896227449045,0.0188065124677368,1.095413553636286,0.0019770030439008,5.907299453872313,0.0088340493560228,1.3439395941373804,0.002324311450687,4.3955096491252394
7502,7502,Day2,7A242,Stationary,1.4513422925642605,0.0267924154443827,1.170003877741188,0.0024013946397092,4.995977340632611,0.0099595233875881,1.043831880605315,0.0022022311868482,4.786189647451137
7503,7503,Day2,7A242,Stationary,2.7237904393012986,0.0139313131602557,1.295634266124692,0.0030923086894804,9.248686482167845,0.0131428284237786,2.4469933803117656,0.0049215864946271,3.7796123833361133
7504,7504,Day2,7A242,Stationary,2.4959404261573193,0.0163243284770297,1.2494925320868568,0.0026935788720318,8.659814783489066,0.0119643024451199,2.1934976582668093,0.0039925547754217,3.947948041271953
7506,7506,Day2,7A242,Stationary,2.1332627279252914,0.0186585754954979,1.2378776410259316,0.0028425808139462,7.087345511549123,0.0089422739420184,1.7602447074968506,0.0028180313876769,4.0263410430176245
7507,7507,Day2,7A242,Stationary,2.2672519598745735,0.0169147028372665,0.9887631439918434,0.0014767865496656,4.356073962653428,0.0114545647556164,0.8645187626644693,0.0027420250866932,5.0387269204289975
7508,7508,Day2,7A242,Stationary,3.170944009274144,0.0141206698564045,1.089993172162994,0.0019968846606459,9.98892470145588,0.0153244707133717,2.415323583743558,0.004918438783499,4.135646572859546
7509,7509,Day2,7A242,Stationary,2.8026542679100475,0.0139287700499796,1.1461777535426458,0.0024509171864859,5.764073543600565,0.0101819633324457,1.381168977264637,0.002278797824261,4.173329721766657
7510,7510,Day2,7A242,Stationary,3.1621691663761835,0.0127706744246062,1.1818695274813495,0.0025558936944714,9.21301895195995,0.0125831325222239,2.3572129303036045,0.0048914393565917,3.9084373047170295
7511,7511,Day2,7A242,Stationary,2.2280555090606637,0.0186855897547578,1.2032815419932386,0.0028241945022113,8.02580824846817,0.0100703487694706,1.95619107735882,0.0036091114924321,4.102773160229487
7512,7512,Day2,7A242,Stationary,2.2072085002373263,0.0170666702760905,1.3286441109022904,0.0033781873809315,7.648973415922924,0.0095131246092257,1.926370024830162,0.0035493858137737,3.9706667552602175
7513,7513,Day2,7A242,Stationary,2.382090535704438,0.0173024148733956,1.2384208238165189,0.0026240074191814,8.097392348464918,0.009938645055597,2.0420512610015416,0.0037944248634138,3.9653227630012986
7515,7515,Day2,7A242,Stationary,1.9387136733938624,0.020756111133888,1.1850229086434945,0.0024255624153505,6.3458164370184535,0.0087288475342236,1.460044067014324,0.0023432928851893,4.3463184299602355
7516,7516,Day2,7A242,Stationary,2.777871653227902,0.0137739237324249,1.1419648619542144,0.0022343340876423,9.29595826084434,0.0131382554340087,2.271772599212728,0.0042728531817552,4.091940480339367
7517,7517,Day2,7A242,Stationary,1.8498787377151285,0.0228585545570729,1.238033678777361,0.0028755880876968,6.212237353587507,0.0090476437495075,1.4540965019332484,0.0024938824838392,4.272231825967686
7518,7518,Day2,7A242,Stationary,2.8222315485675553,0.012959017540371,1.2026288458618843,0.0026622547618078,7.065595463405071,0.0097398718297595,1.7354252139392314,0.0028614564880617,4.071391499128284
7519,7519,Day2,7A242,Stationary,2.6647128354802545,0.0133905426041289,1.1294229183654905,0.0023885814061912,7.638508579516797,0.0100457542444762,1.8773878757177804,0.0033688003494719,4.068689628985897
7520,7520,Day2,7A242,Stationary,2.4409302915136912,0.0163461866087023,1.1431837619910488,0.0023422769146562,7.542085147337669,0.009524004420118,1.82518086851539,0.0031694360267774,4.132239865889255
7521,7521,Day2,7A242,Stationary,2.669628392995953,0.0148111648910609,1.1312297349520974,0.0022883931394778,5.660071190723964,0.0094194556629216,1.3016290576997818,0.0022556870746186,4.348451778363302
7522,7522,Day2,7A242,Stationary,2.2038387809700075,0.0191526036994603,1.127181794229285,0.0021255669879646,6.356978443306547,0.0091415009122098,1.4778326100632109,0.0023803200609838,4.301555128787314
7523,7523,Day2,7A242,Stationary,2.7141603368783582,0.0135763407379087,1.1129820963578103,0.0021766926348555,7.48976464036385,0.0094944409030429,1.812560664234211,0.0031854009946958,4.132145636917594
7524,7524,Day2,7A242,Stationary,2.762126225290348,0.0131061235996054,1.2192324316605427,0.0027254947646045,9.786788829113949,0.0154118353746388,2.5185853128000164,0.0052629786394792,3.885827801573879
7525,7525,Day2,7A242,Stationary,1.91457772180065,0.0204281378460352,1.038238739994893,0.0016320008535121,5.693460937160427,0.0088775581482567,1.316447242039722,0.0024216120277733,4.324868293497959
7526,7526,Day2,7A242,Stationary,2.328274836514034,0.0160477122705038,1.0829082040163367,0.0020387579951714,7.269246334526622,0.0089870186055283,1.6650499909230485,0.002599960577646,4.3657826336474095
7527,7527,Day2,7A242,Stationary,1.6235724402685423,0.0245922629762399,1.1098212301108834,0.0021102742667083,5.105181753063355,0.0090766251319691,1.0904346247721703,0.0021449178731415,4.681786176892544
7528,7528,Day2,7A242,Stationary,1.9739152592776823,0.0210218170387676,1.2292015141569967,0.0027582530843594,6.777317197173224,0.0081580869500648,1.593802211708494,0.0026503109368687,4.252295013387014
7529,7529,Day2,7A242,Stationary,2.4253849662254416,0.0162722647527232,1.0386978623395406,0.00185859924882,6.4803794473953715,0.009685420928953,1.5077533062381503,0.002449075993764,4.298036967044656
7530,7530,Day2,7A242,Stationary,2.7400177885868016,0.0135055737329995,1.2126388618962047,0.0027339034626737,9.372546435756984,0.0123000446553735,2.398917044554852,0.0048499766249662,3.9069906385596473
7531,7531,Day2,7A242,Stationary,2.243384087719693,0.0171820436873189,1.1841290338752406,0.0026344979380544,7.303521317375,0.0090705815365914,1.7404042217591582,0.0031176782926716,4.196451161209422
7532,7532,Day2,7A242,Stationary,2.5716702108404723,0.013999647590696,1.3118934168408325,0.0032209897998496,8.91924614604313,0.0129559353045486,2.344552217215855,0.0047838984949538,3.804242908539139
7533,7533,Day2,7A242,Stationary,2.0917052423206233,0.019191275215702,1.264472386195699,0.0030579250263329,7.35401450149102,0.0093093126401142,1.811372449185203,0.0031529591857656,4.059912970852032
7534,7534,Day2,7A242,Stationary,2.9920365029703415,0.0133425772673246,1.2096935526851895,0.0028036323585163,10.659348918592404,0.0165364314418302,2.7909307760610313,0.0061265389392792,3.8192810119197693
7535,7535,Day2,7A242,Stationary,2.623725461596621,0.0143921009813098,1.1407771642816045,0.0023039413743509,8.754217294787093,0.0131428058027043,2.218787373322319,0.0041350604832644,3.945496265231984
7536,7536,Day2,7A242,Stationary,2.1354101970557227,0.0182976587225561,1.1055556977311884,0.0022354148988348,5.285814602249697,0.0097915045530727,1.1722195531385493,0.0023839849541559,4.5092359943128715
7537,7537,Day2,7A242,Stationary,2.1141606933190897,0.0174711932972347,1.184937955523438,0.0025964246779583,6.865201958436282,0.0090794073033237,1.6150160970727034,0.0025922080778771,4.250856676215054
7538,7538,Day2,7A242,Stationary,2.144399236213527,0.0181378348752056,1.1910586548286857,0.0025122566566407,6.37111110293655,0.0095429192523955,1.473137680582157,0.0026288255671703,4.324857877791032
7539,7539,Day2,7A242,Stationary,2.2607211134840908,0.0166876966780408,1.2266366655683982,0.0028293161526958,7.417806630764699,0.0104976064586078,1.7901957631671022,0.0033518942837666,4.14357288928088
7540,7540,Day2,7A242,Stationary,2.5920619403624148,0.0139759494769864,1.296575903054737,0.0028096404900335,8.964291704032805,0.0123523883908267,2.4285644019966814,0.0051893666504591,3.691189616656933
7541,7541,Day2,7A242,Stationary,2.3315439187422125,0.0160382598339486,1.1838484502659203,0.002499916338202,7.403481280329988,0.0101908108314747,1.761304021984308,0.0030594278701836,4.203409058243749
7542,7542,Day2,7A242,Stationary,2.2275208549885637,0.0167864243746161,1.0772870480136454,0.0019634343856504,6.476277698200903,0.0084230261985994,1.5096120204158163,0.002454701197761,4.290027908241641
7543,7543,Day2,7A242,Stationary,2.927268402839204,0.0134608918685082,1.194300586024182,0.0025274283647115,9.56739626523407,0.0141241425919228,2.4395756338767143,0.0050565673872937,3.9217461153399786
7544,7544,Day2,7A242,Stationary,2.215322175108848,0.0175862872125215,1.3091784347765318,0.0032679856893492,7.485554780610642,0.0093515607747456,1.8609124289964831,0.0030840897055207,4.022518558085674
7545,7545,Day2,7A242,Stationary,2.1180391055951704,0.0185019184127858,1.438473795005064,0.0039535002273361,9.116106597007857,0.0122470374426839,2.4927119463983467,0.0052263355747822,3.6571039065221624
7546,7546,Day2,7A242,Stationary,2.577838932752621,0.0137630422693274,1.2401188166646318,0.0027863391254737,8.426940649247008,0.0111772419800323,2.1261716717114822,0.0042917232563922,3.9634337910558566
7547,7547,Day2,7A242,Stationary,2.1595898054818288,0.0183228662289932,1.2341024103608582,0.0027942808971338,8.109959445825927,0.011118225574098,2.0065672129566137,0.0035662058974717,4.04170834321376
7548,7548,Day2,7A242,Stationary,2.11365906068918,0.0178524507082941,1.0806250500153949,0.0020046749644796,6.417683376994785,0.0079403655631392,1.5325859067136476,0.0025209208748201,4.187486880103408
7549,7549,Day2,7A242,Stationary,2.1796950767053014,0.0182990020625452,1.2119830328289265,0.0023759154422224,7.299195148253458,0.0087318302156066,1.747241399572699,0.0031196438016423,4.177553914438229
7550,7550,Day2,7A242,Stationary,1.4135507352328514,0.0234543190748471,0.9209373882283166,0.0011760313092312,3.521343925000761,0.0137238506131703,0.6056475765220513,0.0030289883365175,5.81417983247317
7551,7551,Day2,7A242,Stationary,2.7959717936720825,0.0122631534770115,1.251617545619045,0.0029813389055301,8.823405718130697,0.0121350074919672,2.3462847914319744,0.004900526480072,3.760585991245178
7552,7552,Day2,7A242,Stationary,2.2822376681513497,0.0178649391460227,1.1702295243856309,0.0023247773424028,7.021355258302721,0.0102650048183511,1.6723181164683063,0.0029367173330917,4.198576328964735
7553,7553,Day2,7A242,Stationary,2.4365747323973763,0.0161528351050106,1.2516284400127156,0.002823226741143,8.283153001070653,0.0119088673582203,2.0733792954786714,0.0036762323042916,3.995001309761975
7554,7554,Day2,7A242,Stationary,2.2094386517752853,0.0174787489228407,1.301869705645041,0.0028625000934318,8.012277187073876,0.0102674719211349,2.0261054589717795,0.0036872522346351,3.954521296803571
7555,7555,Day2,7A242,Stationary,2.906395896606874,0.0133997989002959,1.150993344050323,0.0023242215114834,9.60371150317612,0.0146856644767807,2.452827009477393,0.0054994645441892,3.9153643799863067
7556,7556,Day2,7A242,Stationary,2.040956330433269,0.0193390484834019,1.0328105376537111,0.0016464668439988,5.127210597322292,0.0103359182186793,1.1176692639034755,0.0021389443133542,4.587413077295726
7557,7557,Day2,7A242,Stationary,2.5009881328910293,0.0161889118104423,0.7875492754491278,0.000764072907837,4.607892719312933,0.0113433900310026,0.8131366797331512,0.002490284918142,5.6668120306971215
7558,7558,Day2,7A242,Stationary,2.5470053445502123,0.0138484039290276,1.2074101040662777,0.0027290089753825,8.538137215517933,0.0117743107284282,2.1651370511413894,0.0040387474345424,3.9434627064447985
7559,7559,Day2,7A242,Stationary,2.465756475317592,0.0158751140980188,1.1503297148349343,0.0024554067789602,6.889345109194923,0.009206922525093,1.6706913091022926,0.0029719489095028,4.1236493370500344
7560,7560,Day2,7A242,Stationary,2.8263077491750264,0.0136971607277519,1.2416258421380608,0.002789701295529,9.18581732453555,0.0136525402724945,2.427747569945568,0.0050121137550048,3.783678928671115
7561,7561,Day2,7A242,Stationary,1.730751731685475,0.0233942599700829,1.1914353031463876,0.002567290383885,5.808832169770423,0.0085476478661884,1.2897276651363212,0.0022429140429888,4.503921507457501
7562,7562,Day2,7A242,Stationary,2.750400182279777,0.015208460080504,1.259931486299699,0.0030857563126635,9.40274024172296,0.0130371635189204,2.441022388591422,0.0051226136790783,3.8519680465318293
7563,7563,Day2,7A242,Stationary,2.9650856081559778,0.0128227061187421,1.1928378685097678,0.0025969414332868,9.173087467511998,0.0126556303359271,2.293201549479405,0.0045147640727453,4.000122653673613
7564,7564,Day2,7A242,Stationary,2.4785028647169907,0.0164300226468939,1.293822701838099,0.0031791705555468,8.699813379680812,0.0114115216216929,2.2503317523354776,0.0042878672917634,3.866013698047776
7565,7565,Day2,7A242,Stationary,2.8415231326799537,0.0133918354447843,1.1747621569863265,0.0024241952033179,8.798167964141175,0.0113236223694491,2.2575122964080956,0.0043331171894919,3.8972846252664266
7566,7566,Day2,7A242,Stationary,1.8425409921969655,0.0211473908583922,1.171227780223886,0.0025572876560298,5.761379917711887,0.0090653688864658,1.2966156953098988,0.0023913019294139,4.443398254819739
7567,7567,Day2,7A242,Stationary,2.389821071538706,0.0161937933237522,1.1467653204096218,0.0023596471152695,7.852659404628293,0.0103246849346741,1.8952410735519176,0.0030466953032497,4.143356491272866
7568,7568,Day2,7A242,Stationary,1.880428590391758,0.0217226006104795,1.1437084578961567,0.0023609838364649,5.787840898752272,0.0098476253360641,1.261766795478774,0.0022004712697096,4.587092416357407
7569,7569,Day2,7A242,Stationary,2.456205393404157,0.0151012245512423,1.1801101176365962,0.0025333223517949,7.731450025011489,0.0098506540471949,2.0384410937758433,0.0036464017529142,3.7928248447397497
7570,7570,Day2,7A242,Stationary,2.028189548045091,0.0194841940059085,1.279738393240886,0.0029361955413536,7.257685780386298,0.0095552227023945,1.780006042028876,0.0033291270971602,4.077337721906767
7571,7571,Day2,7A242,Stationary,2.3388035718388687,0.0163536617582553,1.2116933296236685,0.0026130627003311,7.946518875677754,0.010398030688856,1.994569986085804,0.0034003623877412,3.9840762325277987
7572,7572,Day2,7A242,Stationary,1.802796719695084,0.0219099614386099,0.9511542196754136,0.0012376190082301,4.707438488096339,0.0107702330987898,1.009612131076579,0.0021459728651837,4.6626207661319
7573,7573,Day2,7A242,Stationary,2.427072059719923,0.0154316480483178,1.2856880949990797,0.0033294936903226,8.082987804515179,0.0101111060705808,2.101177374133997,0.0043447412060594,3.846885038844754
7574,7574,Day2,7A242,Stationary,2.28619010826569,0.0177820176877506,1.315855866418043,0.0032455135660091,8.401144348932036,0.0106001173181194,2.183048790542999,0.0039565804107636,3.848353910057312
7575,7575,Day2,7A242,Stationary,1.894480295450734,0.0199368303678334,1.3421798253824415,0.0035011853397102,7.305261002303451,0.009007547518347,1.8219142815575649,0.0030857798582252,4.0096622965478605
7576,7576,Day2,7A242,Stationary,1.6327812145731204,0.0242959675464778,1.052699070936964,0.00181289253728,4.836284850979272,0.0102330619914087,1.0302689513560863,0.0022901229825311,4.694196447067085
7577,7577,Day2,7A242,Stationary,2.421627651062509,0.0156493275030301,1.2162177038079935,0.0026235511713439,7.962247271072045,0.0105479247324714,2.0328199284679336,0.0037099169805681,3.9168482951035006
7578,7578,Day2,7A242,Stationary,3.013608589567355,0.012229923634149,1.166817299706128,0.0024592139676961,9.613547750104017,0.0140315476224186,2.4432150483643613,0.0049731435932886,3.9347939333215542
7579,7579,Day2,7A242,Stationary,3.126691065401438,0.012804662190302,1.116627217371488,0.00218056211425,8.715568667751166,0.0110134656925004,2.215182524721315,0.004492918317856,3.934469765125853
7580,7580,Day2,7A242,Stationary,2.1553389889589094,0.0171040514322569,0.9685829348132587,0.0011922335066493,5.670546412007528,0.0099635317935287,1.2870271068731804,0.0024570563551212,4.405926170260753
7581,7581,Day2,7A242,Stationary,1.5113333454816829,0.0263278848265648,1.066086483257739,0.001952049213326,4.576137350684379,0.0106792458532514,0.9189882035586996,0.0024655123374817,4.979538728531767
7582,7582,Day2,7A242,Stationary,1.703719012425632,0.023489425139794,1.095613067629458,0.0020111257472536,4.777773655979985,0.0101780870320897,1.0056322752877462,0.002388890412199,4.751014633667061
2450,2450,Day1,DSM319,Exponential,6.022636607489653,0.0428025037130004,1.352732266943846,0.0033620261059556,22.85960621925669,0.0575953811872063,7.054611945279151,0.0212867657893915,3.2403775567774527
2451,2451,Day1,DSM319,Exponential,4.3475989041521155,0.0231084674839357,1.3235259362556713,0.0034181731285548,16.995897390458897,0.0350231229041322,5.144069826262696,0.0129786008910692,3.303978749216721
2452,2452,Day1,DSM319,Exponential,7.626771104169833,0.0680772829872783,1.2980048241328117,0.0028712750650003,28.16327310542193,0.0737451510132154,8.65708093736684,0.0276322368888062,3.253206630408164
2453,2453,Day1,DSM319,Exponential,6.6976973344554445,0.0563305867592482,1.3150673873261685,0.0034512904383602,24.768419719415633,0.0608434079787212,7.625053134336347,0.0232214547073108,3.248294704712425
2454,2454,Day1,DSM319,Exponential,5.659665086854369,0.038293807756388,1.3901616917651882,0.003776354885706,23.17028368312988,0.0573622976192951,7.323213423379129,0.0217524866845351,3.163950351243278
2455,2455,Day1,DSM319,Exponential,4.397947663717157,0.0241002703225387,1.2924871930507802,0.0032604784386927,15.061613666529055,0.0318326765730689,4.480510221333318,0.0133447301750055,3.361584489823348
2456,2456,Day1,DSM319,Exponential,6.099440250607896,0.0462296726677837,1.4066490407483867,0.0039240442974038,26.461904443084183,0.0715029029043485,8.527441208699948,0.0264536456324393,3.103147098344925
2457,2457,Day1,DSM319,Exponential,4.711664532006094,0.0292210550433148,1.4202145966045168,0.0039603910358519,18.458508695959143,0.041049621356203,5.859505331037559,0.0164805954159912,3.150182080761183
2458,2458,Day1,DSM319,Exponential,3.6544025872101855,0.0155328435861636,1.4301111234328403,0.0039626451899978,14.462877568089796,0.0307910266057857,4.4020391803708865,0.0109069161790512,3.285494966192293
2459,2459,Day1,DSM319,Exponential,6.593391423362948,0.0563146540079322,1.3298198864273811,0.0035672119245416,23.599970028802957,0.0589986191976738,7.385829068604417,0.0204481041901491,3.1953041167878355
2460,2460,Day1,DSM319,Exponential,4.053247382457622,0.0198608788022431,1.342811207396165,0.0033339764544767,14.185998965795696,0.0268512757074267,4.323238992991721,0.011169010425141,3.2813358199239535
2461,2461,Day1,DSM319,Exponential,5.836523444884302,0.0412564310801568,1.4134210117458887,0.0038549919960667,21.41611251107258,0.0530933426507801,6.853285457640596,0.0202165268993963,3.1249409707859415
2462,2462,Day1,DSM319,Exponential,5.492754744526002,0.0345886023321125,1.400505634095936,0.0037725853568051,20.28601073199416,0.0467938147609031,6.3625275180248595,0.0182164101815805,3.1883572486758553
2463,2463,Day1,DSM319,Exponential,5.251832744827161,0.0356336556528474,1.306512603923999,0.0030139423710801,19.3027631636379,0.0407302281257187,5.729636760220594,0.015586155868378,3.3689331403435654
2464,2464,Day1,DSM319,Exponential,7.491071219468813,0.0587259412934823,1.2444146839028734,0.0029682663317573,25.466091161945965,0.0662076978859883,7.416794059863945,0.0204807400005897,3.43357129190845
2465,2465,Day1,DSM319,Exponential,5.689317610284964,0.0426924920414906,1.3632576782737311,0.0037198993896971,22.136809611687173,0.0523350783506257,6.871553013146329,0.0232376285788353,3.2215147826606416
2466,2466,Day1,DSM319,Exponential,6.579820940491732,0.0523784940051693,1.259781252973698,0.0028667231471439,22.591450598813697,0.056606990975886,6.620100482837535,0.0190855454288854,3.412554032583272
2467,2467,Day1,DSM319,Exponential,3.457476143704488,0.015455279471879,1.3452782737441704,0.0034367828035188,12.0061046265865,0.0212361710625754,3.5434672010443573,0.0086147066722996,3.3882364208275924
2468,2468,Day1,DSM319,Exponential,6.834612984810384,0.0598271938843513,1.460774340298397,0.0038738629576616,28.23627824161327,0.0770791047307559,9.458738939903936,0.0286816195832258,2.985205366276875
2469,2469,Day1,DSM319,Exponential,3.199352998663116,0.013244433449066,1.399165960188142,0.0034872145210281,11.636418104131971,0.018615507379674,3.455912259349809,0.0080190015853859,3.3671046111342053
2470,2470,Day1,DSM319,Exponential,3.889021561067451,0.0184292781683829,1.4411467492613088,0.0038091841515183,16.669834665884856,0.0347130690752444,5.206885388185532,0.0147930242543461,3.2014982898814814
2471,2471,Day1,DSM319,Exponential,5.641301699674343,0.0422675972186666,1.369291992648216,0.0036033063669804,15.018500019994285,0.0297074447292554,4.474000287493969,0.0121856416821586,3.356839305973006
2472,2472,Day1,DSM319,Exponential,4.883835810464279,0.0287883243580827,1.2830498851990064,0.0031395893761986,18.930032195159946,0.0441785309573195,5.519441695082713,0.0145872441848633,3.4297005459854333
2473,2473,Day1,DSM319,Exponential,3.751545654320079,0.0167421143523896,1.36345237647448,0.0034333645752043,15.253227795136434,0.0321684594194631,4.526868245525062,0.0112989266659347,3.3694879037433183
2474,2474,Day1,DSM319,Exponential,4.515463210972143,0.0246409935998001,1.2917595924095595,0.0031380541581212,16.625344639815594,0.0360985561496032,4.861368105350468,0.0136481793724445,3.419890096682369
2475,2475,Day1,DSM319,Exponential,3.593153506029671,0.0154626893275899,1.348229195239074,0.0033236724218194,13.616982641944796,0.0281527532298371,3.9533228524662825,0.0098362658587307,3.444439816861867
2476,2476,Day1,DSM319,Exponential,4.316680606476215,0.023334428980627,1.301091144390439,0.0031212733828111,15.323818676527608,0.0329346833599699,4.401490506274737,0.0118306629955693,3.4815066974885145
2477,2477,Day1,DSM319,Exponential,4.1827036460691325,0.020930904839819,1.3221226245304656,0.0029580359487601,13.915278088221614,0.0265514707277722,4.12041081896282,0.0110603405020229,3.3771579339082347
2478,2478,Day1,DSM319,Exponential,4.9489151834361635,0.0328080092999993,1.2615938162030125,0.0029154205378047,18.863002775801927,0.0424691958738576,5.411103488365643,0.0159292306733284,3.485980783098877
2479,2479,Day1,DSM319,Exponential,5.900042687732907,0.0455771441810896,1.3340151874770882,0.0032720576689181,22.101418798854017,0.0518556215289887,6.758119285589635,0.0205648455614779,3.2703505020961914
2481,2481,Day1,DSM319,Exponential,6.235623508894567,0.0453267747609585,1.3512528428244868,0.00344689031879,21.711693222820575,0.0514371826768584,6.6732850058234545,0.0199616709558467,3.253524044585811
2482,2482,Day1,DSM319,Exponential,3.55013732660446,0.0163552830449448,1.2967183545696277,0.0031743034707871,14.41415661138564,0.0281082224656258,4.121801942314877,0.0110016189425459,3.4970522148112706
2483,2483,Day1,DSM319,Exponential,3.897492386964198,0.018215308767669,1.1916037744901946,0.0026052057862416,13.601827159206069,0.0259695957642977,3.75221240804021,0.0097944205534158,3.6250152390254304
2484,2484,Day1,DSM319,Exponential,6.505510998014026,0.050753415198589,1.3446535265993007,0.0033316377453074,22.56274408900571,0.0549960474058195,7.3409192569989,0.0222285090521354,3.07355840584872
2485,2485,Day1,DSM319,Exponential,5.926196175037863,0.0482090180257696,1.45711070481132,0.0040279478300303,27.09250241894261,0.0706108162309695,9.008000556979018,0.0277521451118198,3.007604434255111
2486,2486,Day1,DSM319,Exponential,5.283005588752694,0.0369655936670411,1.3450988004284887,0.0032472076849762,21.049964838981147,0.0521704709705388,6.8091061927830525,0.0198660648913223,3.091443170807342
2487,2487,Day1,DSM319,Exponential,6.4133685567985115,0.0527544098264793,1.3170716093911827,0.0030497007153268,25.881781450747635,0.0602626005964168,7.919843106826991,0.0239246451107949,3.2679664359054357
2488,2488,Day1,DSM319,Exponential,3.537616522224238,0.0151004017098975,1.3906174159172109,0.0036707305584389,14.603093832953771,0.0284528391645463,4.35708960140433,0.0116125988351223,3.3515706971568955
2489,2489,Day1,DSM319,Exponential,5.2733705857823585,0.0356614629955793,1.3863455111778136,0.0037287041188425,17.864096515701906,0.0404554276722126,5.8878083231465554,0.0175232761265971,3.0340825541948004
2490,2490,Day1,DSM319,Exponential,4.993288976708299,0.0317401021765584,1.443118724907131,0.0038457473032168,21.400649373883216,0.0494451793533145,6.985845279583795,0.0208270298999933,3.0634301959745422
2491,2491,Day1,DSM319,Exponential,5.765675997919158,0.0415905937179066,1.4403556479841129,0.0042335952525144,25.550502289470497,0.0673156586513387,8.538276134014042,0.0251991461551833,2.9924661475499286
2492,2492,Day1,DSM319,Exponential,6.8750248886584435,0.0568635209079955,1.407869846163356,0.0037431957690109,26.189397089033697,0.0637962919801404,8.841675294883165,0.0279374846644517,2.9620401355600525
2493,2493,Day1,DSM319,Exponential,3.815768223350589,0.0178406057775649,1.4633275453995125,0.0041057643227511,16.085801588015023,0.0358018004947236,5.122383272716375,0.014031530575893,3.1402963682342344
2494,2494,Day1,DSM319,Exponential,5.273234791488293,0.0330386650619812,1.4549742791303344,0.0039593230613017,21.09965779428975,0.0482219924435923,6.827536165145936,0.0199604780800373,3.0903765698088765
2495,2495,Day1,DSM319,Exponential,6.865927368507157,0.0565190643813252,1.2706758680830226,0.0029940870760655,23.41997778925237,0.0610733581728021,6.915369862899751,0.0197184092257855,3.3866558482863147
2496,2496,Day1,DSM319,Exponential,5.702711040145997,0.0435041498372862,1.2546980168654154,0.0029420670538039,21.503497801123775,0.047032149107626,6.231831670348492,0.0167824261693163,3.450590282057678
2497,2497,Day1,DSM319,Exponential,5.524491863720217,0.0342711637528411,1.307308943415506,0.0032600892700517,19.38356362717955,0.0453367520396455,5.9347057352723045,0.0173322193722459,3.266137276524995
2498,2498,Day1,DSM319,Exponential,5.197589017764527,0.0356513503301702,1.2333734035106811,0.0028362608298129,18.83435046148097,0.0441843857746251,5.353022128137381,0.0152441802420818,3.518451822285761
2499,2499,Day1,DSM319,Exponential,6.286373343061892,0.0523556276730176,1.4247105568758909,0.0035883003639956,27.134308473785236,0.0712983111528451,8.911364730673064,0.0284351251910644,3.0449105489295594
2500,2500,Day1,DSM319,Exponential,6.149762407026291,0.0459792221928173,1.49161608965631,0.0043397790383335,25.74643426487758,0.065608038314027,8.706753770152835,0.0252451521159338,2.9570647045443708
2501,2501,Day1,DSM319,Exponential,4.234477798193187,0.0201522182328714,1.5367218934278084,0.0044300260654928,19.899361901051627,0.0495195524240683,6.648849365266763,0.0202926024163207,2.9929031036565275
2502,2502,Day1,DSM319,Exponential,4.519683102580843,0.0262776246854207,1.4342124170463093,0.0040387138476742,20.252309101987645,0.0451751727347886,6.470130646054406,0.0194620355719693,3.130123672902624
2503,2503,Day1,DSM319,Exponential,5.376804493272105,0.0366862170469344,1.3709424344023813,0.0035596580509962,20.38723169411979,0.0483673473090665,6.741516024316323,0.0190694403769993,3.024131607873367
2504,2504,Day1,DSM319,Exponential,4.649081044703775,0.0268708136626703,1.4419594491815286,0.0039854904312704,19.612318429346256,0.0465020920888742,6.315192864724185,0.0177901736490015,3.1055771137090713
2505,2505,Day1,DSM319,Exponential,5.7078418908251205,0.0434612490908947,1.3967359369095464,0.0037980058151166,24.617933256495107,0.0619276729796211,8.022681973641767,0.0251927917122349,3.068541584644193
2506,2506,Day1,DSM319,Exponential,6.2589646100183725,0.0481602673219267,1.342346817060934,0.0035285892641489,23.007196746151873,0.0584504696675102,7.255156458139393,0.0231434474815312,3.171151012234978
2507,2507,Day1,DSM319,Exponential,3.964680981744716,0.0198179279091704,1.498070522970479,0.0042603229208219,16.072919399456808,0.0341694686953224,5.144793647037691,0.0132991988416642,3.1241135217758242
2508,2508,Day1,DSM319,Exponential,3.8099582841342863,0.0171246793683205,1.4377427268088594,0.0036715835657121,15.091643703773904,0.0295191017710525,4.982331640488357,0.0134857059905086,3.029032347251508
2509,2509,Day1,DSM319,Exponential,4.657971879166167,0.0286650167062906,1.4697967145538544,0.0040843776883201,20.246713001701327,0.0427169213670687,6.585050378038912,0.0199193061194696,3.074648155953969
2510,2510,Day1,DSM319,Exponential,3.0026407624123985,0.0126384025298841,1.545846521767079,0.0048242300219391,13.850154624449772,0.0253520945578158,4.3850253983902485,0.0109632202362075,3.1585118365640916
2512,2512,Day1,DSM319,Exponential,4.407025138420859,0.0250091094064837,1.3413810341864454,0.0036367041251079,15.190816673031224,0.0293663325855874,4.517938041621299,0.0130664128216452,3.362333996855759
2513,2513,Day1,DSM319,Exponential,4.783884615874044,0.0288802337221684,1.3864484727810489,0.0039036453438001,17.251596095374403,0.0364975364544021,5.275522805697951,0.0157273674018275,3.2701206554810867
2514,2514,Day1,DSM319,Exponential,4.391945602685415,0.0228812021178399,1.3051069921574368,0.003410581789278,14.758307563350831,0.0287528752539686,4.317686598064219,0.0114505746258017,3.4181053275074516
2515,2515,Day1,DSM319,Exponential,5.844738867257551,0.041443781220928,1.299527441519638,0.0030628257697515,21.870605550336233,0.0546539208922901,6.522213498091803,0.0182459457825393,3.353248947881711
2516,2516,Day1,DSM319,Exponential,3.728646519451158,0.0173414924742207,1.3647969336127508,0.0035168140969271,14.133451915506456,0.0273847289108932,4.17126184005809,0.0104696525932164,3.388291710622901
2517,2517,Day1,DSM319,Exponential,6.407650321724431,0.0513912687919817,1.3165753758002052,0.0032535169558787,22.770162817195764,0.0535360276976323,7.137392115064396,0.0215178816704176,3.1902636775603748
2518,2518,Day1,DSM319,Exponential,5.132515828301237,0.0312989865961783,1.3552376326886533,0.003462600909755,19.15238700626794,0.0417615614730405,6.0879600084876815,0.0171944113765702,3.1459449437194333
2519,2519,Day1,DSM319,Exponential,3.588675756040472,0.0161896120345999,1.229617192637127,0.0027715199361625,12.03661936185869,0.0211004583942293,3.61174845789515,0.009160537449155,3.332629473557905
2520,2520,Day1,DSM319,Exponential,5.236037879372827,0.0340010086954904,1.245756289061121,0.0030165213237362,15.762067485832011,0.0329797616327787,4.798601577041471,0.0115553197604053,3.2847210239842317
2521,2521,Day1,DSM319,Exponential,7.502552309946692,0.0669211471997269,1.2874179987135508,0.003034027747574,28.969214949686553,0.0747754091187478,8.737464343446623,0.0254332917042463,3.315517387079741
2522,2522,Day1,DSM319,Exponential,6.272170648504002,0.0479432597205058,1.3649155752291189,0.0035996228019823,22.07321040104711,0.0561427518947402,6.865543299255554,0.0194848268589349,3.2150711806654186
2523,2523,Day1,DSM319,Exponential,5.601100187326759,0.0387407069478259,1.3859934778831815,0.0034069177219191,23.28281600231097,0.0559519541976339,7.382744685380491,0.0214550991721357,3.153680236080252
2524,2524,Day1,DSM319,Exponential,5.053894740273118,0.0312087791233612,1.4692013078635149,0.0040537453391627,19.252538541536676,0.0453377917190292,6.2273476139466455,0.0185039966130218,3.091611346445326
2525,2525,Day1,DSM319,Exponential,6.2879793366152645,0.0444142342444172,1.418552346861844,0.0038448831770197,25.491850918063797,0.0625244848184986,8.24668760924888,0.025464290572618,3.0911624310194563
2526,2526,Day1,DSM319,Exponential,3.6230390870210822,0.0151655522109876,1.4632531545683212,0.0044751977274477,14.967738162810871,0.0306525783920827,4.640840457401037,0.0119258489400648,3.225221444305608
2527,2527,Day1,DSM319,Exponential,3.519588087901558,0.0152394018149677,1.3413850057947916,0.003445842839026,12.49479541639782,0.0209019855208753,3.837315206275545,0.0101204450404925,3.2561295449390846
2528,2528,Day1,DSM319,Exponential,7.085612456282959,0.0581739624055757,1.38400089783819,0.003434413063462,27.921366254064168,0.0706043349282154,9.628781800462574,0.0311108474432507,2.89978180341804
2529,2529,Day1,DSM319,Exponential,3.639821054468113,0.0164611627658608,1.460812359549765,0.0039396633648667,15.468501603235826,0.0339806122367816,4.854542156949126,0.0128638540577913,3.1863976257973468
2530,2530,Day1,DSM319,Exponential,3.293214825070496,0.0140686287412818,1.3473447419959568,0.0036597002612978,12.11436443828595,0.0201680514556415,3.6758206881706177,0.008585459365763,3.2956897155707088
2531,2531,Day1,DSM319,Exponential,3.7798453481587218,0.0169935331377927,1.389747406137482,0.0035834164041319,13.510216767026623,0.0258385220771318,4.17113312337057,0.0111224728958119,3.238980000741241
2532,2532,Day1,DSM319,Exponential,7.306983322797254,0.061383785157183,1.4309332235753631,0.0042058319114886,19.753563723605165,0.0469223739316303,6.367806280970919,0.0184941785081417,3.102098721601386
2533,2533,Day1,DSM319,Exponential,5.675364298848851,0.0434323217326808,1.3747383300187566,0.0034799653572192,22.663455256007232,0.055833684863217,7.0752911056272385,0.0211608761277025,3.20318343339713
2534,2534,Day1,DSM319,Exponential,4.784469248487896,0.0264055821206182,1.4334476911672127,0.0039511139251244,20.181165424600405,0.0456324087479408,6.421298979834775,0.0171466145702105,3.1428478082046385
2535,2535,Day1,DSM319,Exponential,4.917498090276423,0.0294715388182284,1.278925690153969,0.0031680765190078,17.755069515115288,0.0399655571201341,5.434920972832672,0.0165238107448165,3.2668496200527777
2536,2536,Day1,DSM319,Exponential,4.387811881423456,0.0256245799055806,1.2869206490598877,0.0030459785589407,16.199006599633243,0.0337347238254674,4.685810441167947,0.012510250618245,3.4570341252634225
2537,2537,Day1,DSM319,Exponential,4.145863188503217,0.0202860187873209,1.3164514385173374,0.0034549083954283,14.50361967037557,0.0288211628653309,4.6249952197747835,0.013494429427823,3.135921007737135
2538,2538,Day1,DSM319,Exponential,4.755466146561916,0.026696117523106,1.5096369421325255,0.0043222833881799,21.76534451924303,0.0521145769889313,7.305458285651372,0.0218252043559608,2.9793263705293174
2539,2539,Day1,DSM319,Exponential,6.0676396390804275,0.0419220618511512,1.4556296378847386,0.0038012897414146,15.455024374739873,0.0297791626720715,4.985333551981367,0.0138035012868453,3.100098361241534
2541,2541,Day1,DSM319,Exponential,5.443670898695676,0.0402295810078458,1.5129269913579515,0.0044793291482012,23.42339050716211,0.0547821730205307,7.929159457663105,0.0255205143556173,2.954082413429669
2542,2542,Day1,DSM319,Exponential,5.414975214010938,0.0383560599925297,1.419022594532111,0.0037109231723322,20.11024575455628,0.0448065921889914,6.515165984931481,0.0179540780653252,3.0866820279127207
2543,2543,Day1,DSM319,Exponential,6.243036657271123,0.0464924501406803,1.3105120361053333,0.0032429259773699,23.070964985581107,0.0601191678839111,7.500548894843762,0.0228366731903037,3.075903551730887
2544,2544,Day1,DSM319,Exponential,3.570036715253289,0.0153839886256648,1.3799893005166324,0.0034669322628113,12.196244422861902,0.0197749896431681,3.734544368527412,0.0095422427534897,3.26579181268934
2545,2545,Day1,DSM319,Exponential,5.9942004639631765,0.0464027279201401,1.401423924153809,0.0036996448547892,22.214395424252626,0.0491765367977748,7.398007361072863,0.0217388237158312,3.0027538957505286
2546,2546,Day1,DSM319,Exponential,4.490011239295793,0.0257823315091221,1.4404661375652947,0.0043333337037937,18.098943488461614,0.0384533640484392,5.71125773759279,0.0160830287044737,3.1689943476601092
2547,2547,Day1,DSM319,Exponential,5.28787217474999,0.0343705268310771,1.2165409539786218,0.0026506638330532,16.09906007869318,0.0331261388923255,5.050787574345047,0.0150211341981319,3.1874355913257357
2548,2548,Day1,DSM319,Exponential,3.824157442318476,0.0174199615927415,1.440624426364313,0.0039577392534065,15.83317409831558,0.0330802239710374,4.97678149435927,0.0139203978059649,3.1814083291100976
2549,2549,Day1,DSM319,Exponential,5.028732089121785,0.0314216594948155,1.496167847229006,0.0040723220155992,23.28040962604181,0.0564779578167669,7.799256977809288,0.023128895286351,2.984952245102325
2550,2550,Day1,DSM319,Exponential,4.134033064606254,0.020333149611525,1.4543017324116894,0.0038115109589432,16.412597592677486,0.0384258320408648,5.248728134050247,0.0155668604512789,3.126966604767258
2551,2551,Day1,DSM319,Exponential,4.959901798434709,0.0318853024710838,1.2669149611153494,0.0030508804828434,18.40816889312541,0.0395161998739619,5.515444450635261,0.016147912876276,3.337567635370742
2552,2552,Day1,DSM319,Exponential,4.359681755115522,0.019966839384852,1.4835117021354651,0.0042582711898769,18.779014070518535,0.0434005729255407,6.086193140029204,0.0178130152300596,3.08551070241396
2553,2553,Day1,DSM319,Exponential,5.921118830226378,0.0446298076646912,1.4617904463029838,0.0040201631642851,25.590526243490704,0.0681941064164189,8.50000001886607,0.0256844915517366,3.0106501396107728
2554,2554,Day1,DSM319,Exponential,4.009015152112165,0.01918510345441,1.4741237651281176,0.0041996897191175,15.65154641707398,0.0340705260017135,5.018079895789891,0.0140356978194205,3.1190309325695353
2555,2555,Day1,DSM319,Exponential,4.241669853852982,0.0206486592871276,1.344468009167913,0.0033225979822971,16.644499911147282,0.0365815715172642,5.048977478223367,0.0161086428446808,3.29660807221587
2556,2556,Day1,DSM319,Exponential,5.770935417596407,0.046616118744921,1.4912056105589482,0.0039627936927476,25.13232346855846,0.0652981515650468,8.53773084357525,0.0258097324108068,2.943677181797181
2557,2557,Day1,DSM319,Exponential,4.061614304215651,0.0205016925626705,1.2379660153637375,0.002942429311287,13.841291127862636,0.0249699387702216,3.778513317383299,0.0086586857396497,3.6631579579685125
2558,2558,Day1,DSM319,Exponential,3.353019053828609,0.0137214184795498,1.2445060964540655,0.0026045882653174,11.762193653360884,0.0204363722923263,3.2793009365615307,0.0078018442748678,3.586799101668901
2559,2559,Day1,DSM319,Exponential,5.995884437527147,0.0442594635928728,1.3421853585546566,0.0033794719705774,25.401359490548312,0.0633403601243036,7.866662263415016,0.0250003331552433,3.228988183296084
2560,2560,Day1,DSM319,Exponential,6.185422311168051,0.0431313649464044,1.342769928758332,0.0032813082251914,21.40992798510106,0.0516919964539415,6.632916628286376,0.0181561704078769,3.2278301062608636
2561,2561,Day1,DSM319,Exponential,6.101495071667765,0.0442712266710948,1.306030161240068,0.0032424985884479,24.250550993250656,0.0614414982396995,7.318099101948044,0.021641298254098,3.3137773423695878
2562,2562,Day1,DSM319,Exponential,5.115034018278545,0.0347564768444498,1.485892449916887,0.0043916515430137,22.38522289605553,0.0535615348138602,7.423471575128147,0.0213147719765449,3.015465563450899
2563,2563,Day1,DSM319,Exponential,4.451567808571014,0.0232910326367758,1.4519774444355895,0.0041539613579404,16.656248037925454,0.0364548299226568,5.462561961296755,0.015904926907397,3.0491641387206223
2564,2564,Day1,DSM319,Exponential,5.236425695414465,0.030076177239934,1.5032268727599918,0.0043256779646878,23.12108791612481,0.0543878126360998,7.822532121422542,0.0237369587601209,2.9557037998995392
2565,2565,Day1,DSM319,Exponential,4.492225307233035,0.02475250252627,1.3881851576651023,0.0038650481244239,17.8493605051334,0.0401074080677165,5.602291442973548,0.0162102244246237,3.1860821035150275
2566,2566,Day1,DSM319,Exponential,4.974691634455021,0.0289859581932028,1.2563161711504742,0.0029319319299594,17.234370854805437,0.0376250723513183,5.163346383822672,0.0138828230235316,3.337829689056423
2567,2567,Day1,DSM319,Exponential,3.6697762185364753,0.0163048542016207,1.444632323787164,0.0035718982913078,14.149958637126042,0.0276907314707754,4.409114871522448,0.0112748325558917,3.2092515276745615
2568,2568,Day1,DSM319,Exponential,4.44646972297703,0.0251287461982362,1.3165634045797243,0.0036811818607447,15.771570973978426,0.0335833441391237,4.787490397973786,0.0128256422337559,3.2943295261027448
2569,2569,Day1,DSM319,Exponential,4.717745174012723,0.0268970317698069,1.2873487170159137,0.0031920648440062,15.671415907958892,0.0325881758807536,4.6943446201716235,0.0117059553563693,3.338360767255718
2570,2570,Day1,DSM319,Exponential,4.093540105127213,0.020865097371543,1.38173787109765,0.0036063252049274,15.542937842549753,0.0288082106072305,4.817447287128283,0.0130184711870945,3.226384621598011
2571,2571,Day1,DSM319,Exponential,3.910196731451877,0.0182850699013087,1.340968494961165,0.0036349962763715,13.401290775417449,0.0253563456910089,4.132950418753293,0.0115143579144116,3.2425481599317028
2572,2572,Day1,DSM319,Exponential,7.127646508558041,0.0636179674484637,1.383383628976336,0.0037354873561248,28.201272045648803,0.0769367117423417,9.207606044401686,0.0303784124300068,3.0628234863279635
2573,2573,Day1,DSM319,Exponential,5.892779971765844,0.0467705429838826,1.416439173333126,0.0034918008685131,21.875535418940483,0.0493675072824279,7.10922504364788,0.021193717762128,3.0770632923607275
2574,2574,Day1,DSM319,Exponential,5.791911179776971,0.0410521466751485,1.464707996879255,0.0042487745861823,21.851683634310735,0.0534017714993202,7.275905928670949,0.0227305835592727,3.0032938645074356
2575,2575,Day1,DSM319,Exponential,6.348314142374827,0.0500948896716759,1.445351286781911,0.0040671229628411,23.3081442362153,0.0557940123456582,7.647212487161033,0.0222163950053319,3.0479268459386386
2576,2576,Day1,DSM319,Exponential,5.406746727061395,0.0355110213153278,1.4485789968788958,0.0040614761448003,21.45728018588993,0.0523202521009844,7.022271142974707,0.0197707161611509,3.055604055869652
2577,2577,Day1,DSM319,Exponential,4.2331982291269945,0.0213895012113593,1.3718515878533302,0.0037903994737584,18.38610700844163,0.0429980195063886,5.597787037507925,0.0150831846462717,3.284531348771519
2578,2578,Day1,DSM319,Exponential,4.517296093079653,0.0236749579406896,1.3868590402693797,0.0035775989598557,16.127549035792097,0.033939840989125,5.052854519247225,0.0136489923746669,3.191769914284962
2579,2579,Day1,DSM319,Exponential,4.72504743603492,0.025391896945115,1.314339139910806,0.0033127967900782,17.615479752175997,0.0369715818440041,5.613322070783472,0.01657415729295,3.138155895928726
2580,2580,Day1,DSM319,Exponential,6.268870774128441,0.0487690040343901,1.2954786119138748,0.0031333427990597,24.62485848482189,0.0648047276230576,7.81952014056868,0.024420825299939,3.149152127259695
2581,2581,Day1,DSM319,Exponential,6.845731599930984,0.0588703000005066,1.3343590239251824,0.0033297433922304,27.43473207260484,0.0684348009696377,8.521453958690973,0.026810460820476,3.219489561945511
2582,2582,Day1,DSM319,Exponential,5.8296015611901195,0.0429879225520755,1.2094747586650738,0.002626483889317,18.599633420674294,0.0427093912307725,5.516421981959524,0.0150254828209337,3.371684305787535
2583,2583,Day1,DSM319,Exponential,4.387461588364933,0.0225671578103917,1.3056591022847055,0.0031599542647698,16.877612979764372,0.0359823503599521,5.007412504654804,0.014355715094129,3.3705257883338424
2584,2584,Day1,DSM319,Exponential,5.210595619413722,0.033143186023354,1.3039098847728516,0.0032965041166,17.90017652379825,0.0364625330121394,5.325191520331573,0.0149900041945696,3.361414599917281
2585,2585,Day1,DSM319,Exponential,5.695422772277455,0.0393188577108041,1.1948587344557131,0.0025172960391784,19.247585835414096,0.0449293427759216,5.382135415653125,0.0137242573048944,3.5761987294922775
2586,2586,Day1,DSM319,Exponential,4.68313432840039,0.0273215784144109,1.3963289843476916,0.003648087327298,19.946352253171792,0.0420762568669731,6.221188731106032,0.0180217850622351,3.2061962938754367
2587,2587,Day1,DSM319,Exponential,5.331660339966954,0.0382222985176992,1.365351293395657,0.0035155216209775,21.684721457985724,0.0545355126289768,6.766260125133547,0.0209790851845544,3.204831185463436
2589,2589,Day1,DSM319,Exponential,4.224680605405886,0.0203537398852258,1.3511718666198893,0.0033134923343764,17.570852295381254,0.0340565426271345,5.270985688539123,0.014476141990081,3.333504079433593
2590,2590,Day1,DSM319,Exponential,6.459735675758897,0.0522427855470868,1.293968891137364,0.0031761384980139,18.27859304465245,0.0399929355523391,5.428988599528653,0.0151476241500247,3.366850511758195
2591,2591,Day1,DSM319,Exponential,3.434573120432057,0.0149702171394233,1.346430697552609,0.0033965614158269,12.61885572774334,0.0240615477659632,3.70923935959594,0.0090950967141703,3.402006315687849
2592,2592,Day1,DSM319,Exponential,4.200699223397737,0.0210351888612606,1.391943330562318,0.0037470096678211,15.858626402287705,0.0332988725238931,5.045591882186316,0.014107679146101,3.143065624922476
2593,2593,Day1,DSM319,Exponential,4.127379939202618,0.0222311889541853,1.334280211083741,0.0033561564244933,16.76703108643209,0.0348312961782347,4.9557677192867615,0.0133955335537411,3.3833367575276947
2594,2594,Day1,DSM319,Exponential,3.723456744114519,0.018651176579425,1.4476653996372375,0.0038357216549887,15.19099334936311,0.0306153528644804,4.674693062240684,0.0121807360480927,3.2496236965944734
2596,2596,Day1,DSM319,Exponential,3.231058212813559,0.0135913824902578,1.33287305948849,0.003416651621764,12.466320962887949,0.02198914836669,3.5999202282467873,0.0084814330143014,3.462943668882137
2597,2597,Day1,DSM319,Exponential,2.9132329747836905,0.0128088493987615,1.4342769078107858,0.0037825246033073,12.6810101429831,0.0230369122522649,3.759231539484355,0.0092594002295206,3.3732985078973146
2598,2598,Day1,DSM319,Exponential,3.8916279110874656,0.0181083848447377,1.3034940271677309,0.0033490249055829,14.974525382906828,0.0302598906293228,4.552191579681239,0.0117836359397312,3.2895200302521976
2599,2599,Day1,DSM319,Exponential,3.9660288710200384,0.0189005025252339,1.425784346095549,0.0039483376806146,17.086368166795882,0.0373755780346812,5.411987791941155,0.0159377057124112,3.157133538297838
2600,2600,Day1,DSM319,Exponential,4.941689110138579,0.0311314339722698,1.359762645854101,0.0034515570073795,21.000753800145116,0.0472132035193797,6.45275463889296,0.0193596024760774,3.2545408860839657
2601,2601,Day1,DSM319,Exponential,5.160018692662575,0.0329982848306154,1.2984118957108055,0.0032631367155631,20.006680045582957,0.044923675200742,6.00824861688045,0.0175876237228492,3.3298688721657212
2602,2602,Day1,DSM319,Exponential,5.407075167797904,0.0356441804957066,1.3255854945778325,0.0032080066489388,21.08297774578578,0.0500242171829286,6.494958693151479,0.0196560835376417,3.246052629713633
2603,2603,Day1,DSM319,Exponential,4.668493259189312,0.0262332456508937,1.3192566828897565,0.0032416714247852,16.456047835799833,0.0335760230911926,5.056786967088247,0.0141245610740193,3.254249772217596
2604,2604,Day1,DSM319,Exponential,6.319703429963534,0.0469595260146087,1.3734493502851168,0.0033329935299507,26.77901264112707,0.0704894491410974,8.477199042876164,0.0272808919755714,3.158945838794582
2605,2605,Day1,DSM319,Exponential,6.558732222842834,0.048120549531154,1.4092545859012615,0.0036193452417257,18.37731970876325,0.0394497526747535,5.746064374253383,0.0165561567627642,3.198244661355907
2606,2606,Day1,DSM319,Exponential,5.924070022444281,0.0439607251804402,1.4780736802913397,0.0044613144183182,23.19612733966897,0.0599972608943549,7.675933825526684,0.0224926362005321,3.0219290404157917
2607,2607,Day1,DSM319,Exponential,8.602194193868636,0.0745647507495375,1.3925962600490436,0.0040085929978001,21.770634151615173,0.0475613607552168,6.933102616918798,0.0207587636807204,3.140099801564809
2608,2608,Day1,DSM319,Exponential,6.146332085850881,0.0449042101983357,1.4040714377797872,0.0035702826260472,23.12215327228649,0.0566655746864551,7.619765554165124,0.0226086917862691,3.0344966794480226
2609,2609,Day1,DSM319,Exponential,5.245470224074622,0.032591031061181,1.3750509996070126,0.0037114796131059,21.501687830891363,0.0523074955218766,6.900687782353609,0.0193341644613602,3.1158760559889886
2610,2610,Day1,DSM319,Exponential,3.9665445135914,0.0200576855947034,1.4401642953933165,0.003662906882843,15.033922648690687,0.0317538116891852,4.778513742466486,0.0132527932289554,3.1461503427487796
2611,2611,Day1,DSM319,Exponential,4.181835895622779,0.0213474546593267,1.5271111608895214,0.0049673013578815,17.38372505315986,0.0405058191461967,5.709516635743503,0.0175752219504629,3.044692950771326
2612,2612,Day1,DSM319,Exponential,4.414462484220067,0.0249623377411863,1.4456832251867051,0.0041946437322144,17.584051215002027,0.0379341843021912,5.5626221262042135,0.0161034188033229,3.1611083435216045
2613,2613,Day1,DSM319,Exponential,3.578612166816584,0.0149723445330067,1.4461445883046202,0.003934621388375,14.691970292298322,0.0315607469203683,4.783954793663341,0.012851838247214,3.0710930445577773
2614,2614,Day1,DSM319,Exponential,4.383627987414056,0.0239723130920725,1.3691740217539867,0.0037339656139179,15.641679823874204,0.0291160590849741,5.039511558285033,0.0134111429200653,3.103808701095059
2615,2615,Day1,DSM319,Exponential,4.263553371323474,0.0215725684865149,1.518421149874986,0.0042889591699585,20.239242220537257,0.0451425446457466,6.729393954675261,0.0191288387211838,3.007587660472159
2616,2616,Day1,DSM319,Exponential,4.1089161200128785,0.0209565347869512,1.5141408553027418,0.0041652628547743,18.720117738149916,0.0428407263716031,6.142241161091328,0.0189324219167254,3.0477666452978873
2617,2617,Day1,DSM319,Exponential,4.2246482165201815,0.0206178283984584,1.5296079231011743,0.0045379622263329,18.881622693572353,0.041978996590509,6.344802907628978,0.0185153346293873,2.97591949954334
2618,2618,Day1,DSM319,Exponential,3.532863069010227,0.0157852102533905,1.479008985469925,0.004198061758145,15.335532921325829,0.0301375641985482,4.827010802256268,0.0132285148018671,3.1770247777688025
2619,2619,Day1,DSM319,Exponential,3.934873798951791,0.0185509736296343,1.40262075953674,0.0034868919860176,15.831739018556153,0.0348436412153787,4.8122758173504065,0.0130781181030461,3.2898652569903937
2620,2620,Day1,DSM319,Exponential,6.543603624161854,0.0519490080136276,1.3974000867616068,0.0039310441232071,27.965874438810353,0.0756633494718696,9.100050887154207,0.0274966170314387,3.073155830181947
2621,2621,Day1,DSM319,Exponential,4.273573686735815,0.0228059137905833,1.430644091929411,0.0039443496295215,18.165557052450858,0.0444371181128865,5.7010242287620825,0.0166132897600946,3.186367277796207
2623,2623,Day1,DSM319,Exponential,3.884789189600754,0.0172987503580429,1.3925556705503603,0.003664715753488,16.077415543261257,0.0346093960303316,4.978170923715158,0.0142203399881804,3.2295828708233354
2624,2624,Day1,DSM319,Exponential,4.79939102041966,0.0292105505593602,1.3854379529948606,0.0037356189089584,18.991581832470537,0.038906305535225,5.851746857347445,0.0181550709189631,3.245455125698873
2625,2625,Day1,DSM319,Stationary,2.5991097274542927,0.0146116655422041,1.2692763909766362,0.0029878115746113,8.375219225311618,0.0113474686165904,2.290980648034214,0.004737251094594,3.6557354740198313
2626,2626,Day1,DSM319,Stationary,3.917037792869929,0.0183168722861732,1.1712945607150032,0.0025225777475192,13.04319937480476,0.0253206688372502,3.5483439190864257,0.0088835753288929,3.675855461655173
2627,2627,Day1,DSM319,Stationary,2.4812889881412965,0.0148465906496609,1.212696565374073,0.0026321409587296,8.52871243080264,0.0118282690250935,2.444863777433109,0.005066991193913,3.48842029953793
2628,2628,Day1,DSM319,Stationary,3.391764570575893,0.0148786022255335,1.3786023320671366,0.0039693043821337,12.810176452141222,0.0223360998432822,3.777178428198911,0.0098030328141252,3.391467121729157
2629,2629,Day1,DSM319,Stationary,3.512693206151619,0.0138663068997747,1.4177257528380556,0.0037775726835198,12.566725445609771,0.0231297656778329,3.8118774144025185,0.0094460618375677,3.296728640361984
2630,2630,Day1,DSM319,Stationary,2.884861155916896,0.0136520878375623,1.3860839048873008,0.0035220648793538,11.988744493171016,0.0213705211963495,3.5067664146101243,0.0086197835750738,3.418746239619128
2631,2631,Day1,DSM319,Stationary,1.826418052698079,0.0219815954011539,1.1983822792316938,0.0026620659875615,6.561633970591656,0.0087673588357297,1.621678920257111,0.002783960637188,4.046197979530581
2632,2632,Day1,DSM319,Stationary,2.0617918318672044,0.0195170510936588,1.2624651948927623,0.0031205640234905,7.724964793517518,0.0097926733366776,1.9254427714171616,0.003630062438657,4.012045908708988
2633,2633,Day1,DSM319,Stationary,3.586471532183793,0.0148600159391466,1.4267852227385402,0.0040444259071465,13.175478593941744,0.0229390726936753,3.9639041777756,0.0105696989454848,3.3238640499466734
2634,2634,Day1,DSM319,Stationary,3.385258550553147,0.0142806616621724,1.4503219782143226,0.0043336880611186,13.885596693965494,0.0275018228458368,4.283317150221353,0.0106260609323057,3.241785795209658
2635,2635,Day1,DSM319,Stationary,1.7440192167333102,0.0233056289720731,1.2431016546731035,0.002925002118566,6.5764333650067925,0.0090998050229341,1.6078612439892008,0.0025778033660528,4.0901746898819855
2636,2636,Day1,DSM319,Stationary,1.9977770715117065,0.022313489333881,1.4624987310784632,0.0040839837108963,8.681548213271231,0.0117181092509411,2.350753972237838,0.0045631683008744,3.693090946904449
2637,2637,Day1,DSM319,Stationary,1.969652583180072,0.0201286907671997,1.3389835613024188,0.0033240264780089,7.317110387465672,0.009458410773124,1.832373574098958,0.003317637122388,3.9932416025284314
2638,2638,Day1,DSM319,Stationary,2.8784157738645018,0.0138851345528963,1.2570607653611348,0.0027144625196038,9.46260045354448,0.0140648415805219,2.6714282009919845,0.0053883481995304,3.5421503935725176
2639,2639,Day1,DSM319,Stationary,1.8502283429485864,0.0228078339118745,1.2670100456580742,0.0030589602296568,6.53657064278036,0.0091239935114138,1.579246308990177,0.0026267564253626,4.139044432505314
2640,2640,Day1,DSM319,Stationary,1.9458809757271216,0.0208074942316849,1.4055413776363226,0.003538574015975,8.137208091214834,0.0102807902378786,2.1241429500105165,0.0040060961087003,3.830819432926841
2641,2641,Day1,DSM319,Stationary,2.620517051923236,0.0131612489563194,1.3694917722285782,0.0035792775745017,9.665017546187402,0.0128662922659455,2.6649670515466815,0.0056086210321638,3.626693073213818
2642,2642,Day1,DSM319,Stationary,2.0423661955544508,0.0192327463500184,1.4808703231393887,0.004126334473376,8.71425046973924,0.0124459544208885,2.371587952123648,0.0049311703804171,3.6744369787913747
2643,2643,Day1,DSM319,Stationary,3.10270813966461,0.0134464765994472,1.163536961030166,0.0026413935051268,9.912779252874882,0.0151807952133355,2.756186978119901,0.006025395840798,3.596555433854042
2644,2644,Day1,DSM319,Stationary,1.819285277382556,0.02068617611707,1.302589644961923,0.0029250445328587,6.8189145100587805,0.0084861552491252,1.6443218628118863,0.0027821163741022,4.146946327404562
2645,2645,Day1,DSM319,Stationary,2.4582890203971974,0.0146849897404386,1.337676619594683,0.0034912872835861,9.716807953318082,0.0148904290151855,2.6202136827442244,0.0051614389982049,3.708402874662265
2646,2646,Day1,DSM319,Stationary,3.509186615708155,0.0150302644535725,1.1665370135668691,0.0025167940738334,9.815912404415066,0.0152913335636235,2.6845341042237796,0.0062372618071986,3.656467760633382
2647,2647,Day1,DSM319,Stationary,3.423695733775163,0.0145661102112979,1.434053292921476,0.0037332105654581,12.894011186400592,0.0224573159932888,3.866339665901019,0.0093816535192621,3.3349400985429836
2648,2648,Day1,DSM319,Stationary,2.9642707751514146,0.0135468080500008,1.2853176049149118,0.0032030685745564,10.365853663818417,0.0157323857628397,2.815341300902428,0.0062526564419005,3.6819172369956537
2649,2649,Day1,DSM319,Stationary,3.5328963712217463,0.0144529072205795,1.220656991915082,0.002800956649367,12.208722096506758,0.0214804641165891,3.4044823343464494,0.0084928919236954,3.586072976011032
2650,2650,Day1,DSM319,Stationary,2.495238306477392,0.0148161644140199,1.2069123208522488,0.0026215144393752,8.248252537878043,0.0113830497365916,2.190832737711362,0.0042032466109555,3.7648937757313785
2651,2651,Day1,DSM319,Stationary,2.8082699202558743,0.0131168180235298,1.3103269953895305,0.0032406095738592,9.821996654228474,0.014901673382776,2.6241232094813483,0.0058092050361906,3.7429632186248485
2652,2652,Day1,DSM319,Stationary,3.219869402500706,0.0133491596711674,1.2216024430958805,0.0027281221325603,10.625894718217657,0.0176265042942549,2.995148403589091,0.0068023246911801,3.5477022459002803
2653,2653,Day1,DSM319,Stationary,3.2941809214695024,0.0136596412729559,1.3366084145363817,0.003434540399347,11.166188832082302,0.0199633011228833,3.2080051981891993,0.0075178856437946,3.4807265394660845
2654,2654,Day1,DSM319,Stationary,3.0151175500939527,0.0134602100316672,1.2907861280164938,0.0033200796618101,10.366406557853574,0.0156042185594663,2.83619955917231,0.005940277587153,3.6550342603109387
2655,2655,Day1,DSM319,Stationary,3.163544181491644,0.013935370732618,1.3993570409702354,0.0037402098608531,12.29465547224762,0.0205836505180934,3.627194758238016,0.0087661258336139,3.3895768746148054
2656,2656,Day1,DSM319,Stationary,4.7556307955183215,0.0254002382117741,1.3573623962063717,0.003869901746792,12.43289970340943,0.0222382813485672,3.6097652560053906,0.009588556801757,3.444240503651981
2657,2657,Day1,DSM319,Stationary,1.77922456604009,0.0217442414136871,1.1256584228262214,0.0020280380470546,5.080556009326466,0.0095476516755838,1.0890965110588169,0.0022234018387882,4.664927265616858
2658,2658,Day1,DSM319,Stationary,2.4181969829627494,0.0155216816335663,1.34975571702417,0.0033369627268066,8.442257269243283,0.0110147713100426,2.285260351884027,0.0043990757136194,3.694221213037399
2659,2659,Day1,DSM319,Stationary,3.915842485836726,0.0188121092679351,1.2021676397803114,0.0023529738111924,9.665870482425936,0.0140950008191805,2.5204248665409636,0.0053919138173001,3.835016314408688
2660,2660,Day1,DSM319,Stationary,3.2732663389441714,0.0144109903777257,1.3219396132280212,0.0033669765553261,13.118911653884002,0.0253926407384024,3.845392013027424,0.0095892154502235,3.4115927867535314
2661,2661,Day1,DSM319,Stationary,2.4203203100596955,0.015343635491661,1.323146788805739,0.0032855976523902,8.99697536104509,0.0121548916978439,2.3601286074579204,0.0046365747643036,3.8120699578044075
2662,2662,Day1,DSM319,Stationary,3.520905841170188,0.015212882677166,1.3280878623286896,0.0031046672281366,12.099816858314796,0.0212362721461983,3.5161350082785336,0.0088836474653771,3.441226468786462
2663,2663,Day1,DSM319,Stationary,2.829138078574282,0.0135505197309568,1.1826281346418088,0.0025455994099712,8.839965682709826,0.0119259598361385,2.4178897740875978,0.0051190460498174,3.6560664499462674
2664,2664,Day1,DSM319,Stationary,3.196974901293408,0.0135639119314304,1.3033518668409094,0.0030027650884527,10.114613179640086,0.0143788495768132,2.821568222808188,0.0066292474780039,3.584748757048815
2665,2665,Day1,DSM319,Stationary,3.149422786933613,0.0117910977631415,1.3343187534157313,0.0035783937272812,10.318765832697729,0.0173228486330592,2.8911863150687216,0.0067355667952408,3.5690421537058423
2666,2666,Day1,DSM319,Stationary,2.999669702480317,0.0128771151774783,1.4039716978257553,0.0037357614511548,12.365170623929233,0.0221229091642437,3.635574763624872,0.0093993144193386,3.401159769191616
2667,2667,Day1,DSM319,Stationary,2.4349308615866874,0.0163728425688301,1.4041241162270404,0.0038614940127392,9.501572006574458,0.0139175779458362,2.621925381008647,0.00526329875532,3.623891082254687
2668,2668,Day1,DSM319,Stationary,3.257967086702587,0.0149867022535403,1.051483409080134,0.0016959505114053,8.551612596515552,0.0114172234555334,2.3630436408024353,0.0050914440106919,3.618897446012305
2669,2669,Day1,DSM319,Stationary,2.938257276165182,0.0118660472610957,1.3221846384308555,0.0033450165913353,10.381415508220424,0.015183618686317,2.9761077139561785,0.0069347830805168,3.488252612476944
2670,2670,Day1,DSM319,Stationary,3.4789945570021654,0.0147380447987052,1.0778750052089072,0.0018102063936066,9.641030566415072,0.0130709753347692,2.601887616173469,0.00577128303485,3.7053985370028752
2671,2671,Day1,DSM319,Stationary,2.97866058771319,0.0128249138799911,1.3325423127053428,0.0035602203881767,12.072598187127683,0.020799205349617,3.3972748312456416,0.0075466602926665,3.5536124649359486
2672,2672,Day1,DSM319,Stationary,2.9979753096731754,0.0127222551330194,0.9932689910850218,0.001453732182839,8.008206966724845,0.0106201033382256,1.7414744377366118,0.0027178002482241,4.598521111302147
2673,2673,Day1,DSM319,Stationary,2.9405731512607542,0.012461733483967,1.320417651779334,0.0033432188328906,10.903718241018831,0.0173839092218529,3.2338738433394556,0.0073353058995236,3.3717203481750917
2674,2674,Day1,DSM319,Stationary,3.9326164616947015,0.018963900939085,1.0146183538182325,0.0016592468653547,10.834573654794474,0.0166214906470682,2.494851629098126,0.0051049499390675,4.3427727438489425
2675,2675,Day1,DSM319,Stationary,2.8698367976426336,0.0132202823156652,1.3291587225501975,0.0032816630464823,10.759144438067976,0.0175976514470198,3.037880987538788,0.0067624890758761,3.5416609413605613
2676,2676,Day1,DSM319,Stationary,2.9155041591390263,0.01321517953629,0.986959280453726,0.0014780495756664,7.219350789751592,0.0098761295139774,1.543813884198222,0.0025200337417397,4.676309018623027
2677,2677,Day1,DSM319,Stationary,2.682356333285305,0.0134615716329305,1.0311327044374052,0.001803691132114,7.017456357089896,0.0092975704057591,1.5274521747609864,0.0023434682335975,4.594223290943939
2678,2678,Day1,DSM319,Stationary,4.097612682441456,0.0196325713839964,1.025966011424373,0.0017208841936151,11.790148156849002,0.021270373410064,2.7598149058159933,0.005970183792525,4.27207930937782
2679,2679,Day1,DSM319,Stationary,3.633575520202589,0.0162309706016696,1.0019422875134685,0.0015192117170586,9.81820074453238,0.0146449514748632,2.217770851384602,0.0043367293788543,4.427058250135565
2680,2680,Day1,DSM319,Stationary,3.558031954301001,0.0141327570863297,1.3480643031462871,0.0035331040446131,12.076828766693826,0.0216827132458615,3.4741033283388396,0.0081796373574168,3.476243400183616
2681,2681,Day1,DSM319,Stationary,2.9245507611411266,0.0131962767150324,1.3632587542750805,0.0035661848332969,10.212194622171404,0.0156620866188013,2.925206036657554,0.0064892090814116,3.49110267591278
2682,2682,Day1,DSM319,Stationary,2.662399602593167,0.0153520432568552,1.4051080245305545,0.0039193066762206,9.996503535668532,0.0153770854084702,2.8113448098841363,0.0060048504325855,3.555772845978476
2683,2683,Day1,DSM319,Stationary,2.4792453026488137,0.0160209344000357,1.239485320581634,0.0029350030963506,8.195464029091266,0.0098507114981473,2.1714266872050487,0.0040893350106016,3.7742301305323163
2684,2684,Day1,DSM319,Stationary,3.528313776875341,0.0148853608570472,1.286524308842752,0.0031111735820016,12.220708824125516,0.0220140458181493,3.4320470064283723,0.0089879991591599,3.560763824398559
2685,2685,Day1,DSM319,Stationary,3.397269179754701,0.0137818089757367,1.177638265795025,0.0024180075902907,10.78651292778076,0.0170302277649995,2.9012711777425615,0.0069829890008201,3.7178575413876325
2686,2686,Day1,DSM319,Stationary,2.9425008189137576,0.0131974563571013,1.3835942499264449,0.0035803529760575,10.964633581993974,0.018346944746235,3.2927563772700976,0.0077815057857023,3.3299255473872456
2687,2687,Day1,DSM319,Stationary,2.0145697591071148,0.0203068823386492,1.2908648087454515,0.0031820169892211,7.156752310925787,0.0089773735298746,1.827766316112919,0.0032319295772619,3.9155729306500935
2688,2688,Day1,DSM319,Stationary,3.70115510469593,0.0165845039602697,1.2768755757912909,0.0032134876535926,11.67429714394702,0.0188891226316401,3.2678572577036564,0.007346687440479,3.5724623884430686
2689,2689,Day1,DSM319,Stationary,2.880559452701803,0.0142563016209274,0.9907663764824168,0.0014594928681477,6.430088372514953,0.0093722377712256,1.4311748719098587,0.0025132014588574,4.492874000739126
2690,2690,Day1,DSM319,Stationary,2.1231481300066206,0.0191231516041754,1.300174023778614,0.0030380988672375,7.263446347333175,0.0089913010291156,1.8068114554980088,0.0030485453030614,4.020035585467971
2691,2691,Day1,DSM319,Stationary,2.3936412156860967,0.0151275148717974,1.0694326374817191,0.0019617935859958,6.182214230636613,0.0085468149381843,1.5201692824493402,0.0026507101901155,4.066793285465979
2692,2692,Day1,DSM319,Stationary,2.4827661567585055,0.0148882038020644,1.154492097747836,0.0021841362637427,7.38464059580652,0.0095558648459337,1.8593701348844016,0.0030795527373428,3.9715818046446296
2693,2693,Day1,DSM319,Stationary,1.6258203270996618,0.0268524460039417,1.2135319012326804,0.002810137080335,5.740538342536043,0.0085250352073759,1.3186388496623138,0.0021214496005006,4.353381780012109
2694,2694,Day1,DSM319,Stationary,2.566813750272142,0.0162414948684716,1.5561711552672302,0.0044791079277447,12.18803453026909,0.0211903618191961,3.732334879541727,0.0092855821012718,3.26552544817886
2695,2695,Day1,DSM319,Stationary,2.934606888718028,0.0128105733116712,1.1986403579816958,0.0025860625752296,8.992606357492004,0.0128760716335455,2.506204085096333,0.0051200374753402,3.588138097359437
2697,2697,Day1,DSM319,Stationary,3.0746041921175067,0.0128717619978317,1.3096046849178111,0.0035193739347693,10.740813767837407,0.0186922707503919,3.0347289848619963,0.0069012963612325,3.539299166882885
2698,2698,Day1,DSM319,Stationary,3.1596784440021475,0.013285719306839,1.3696042052691462,0.0033338165594819,13.136735890430169,0.0228784594237484,3.814202130306222,0.0094569095696192,3.4441635345045256
2699,2699,Day1,DSM319,Stationary,2.11054365918489,0.0200147191073669,0.9612135925927084,0.0013663647245841,5.349223680364609,0.0102438223351242,1.295007420864834,0.0024573709175612,4.130650986379894
2700,2700,Day1,DSM319,Stationary,2.1190160289003988,0.0185622224413802,1.062535484836914,0.0019210224062026,6.3300674181103735,0.00970968213787,1.5410657446383835,0.0024010813322018,4.107590763167438
2701,2701,Day1,DSM319,Stationary,2.9461229325584273,0.0136235120329786,1.4327739209366452,0.0039989629943178,12.732344308459476,0.022550491297288,3.778569536028407,0.0089990430193645,3.3696202192542515
2702,2702,Day1,DSM319,Stationary,3.713401140813072,0.0178366936153724,1.175064925696606,0.0023557346983095,10.999227432692118,0.0172718170294913,3.278560749978348,0.0080787249025031,3.3548951114493635
2703,2703,Day1,DSM319,Stationary,2.46609774403654,0.0157253355726478,1.2186549129971995,0.0024068745071163,7.395021746023268,0.009678180001026,1.9552277365722015,0.0035980519156524,3.782179235544099
2704,2704,Day1,DSM319,Stationary,2.4052895090844104,0.0173526190105784,1.129788552452214,0.0021824473900504,6.910896030679122,0.0084058756643436,1.7948112468645845,0.0027610836583266,3.850486251828428
2705,2705,Day1,DSM319,Stationary,2.5279527597598612,0.0156389273573103,1.340750837742602,0.0034277385637889,8.719063071356265,0.011917485612109,2.336591030497845,0.0049877341212691,3.731531516449646
2706,2706,Day1,DSM319,Stationary,2.679676161779293,0.0137177193457756,1.4304883989510402,0.0039571797735135,11.367448877660015,0.018344741973507,3.3327050844789725,0.0078797011546339,3.4108775272676657
2707,2707,Day1,DSM319,Stationary,2.33057727762138,0.0162483548045222,1.4849232419688396,0.0046869216369662,10.395920826914589,0.0155070076933986,2.9926310653360764,0.0068753183043024,3.4738397750833725
2708,2708,Day1,DSM319,Stationary,1.866694113374236,0.0208964269200815,1.2376467283546648,0.002924064914134,6.109308238510537,0.0100288353115056,1.427699530982546,0.0024574594685679,4.279127439585343
2709,2709,Day1,DSM319,Stationary,2.6668921857294614,0.0134631076732525,1.264824984078117,0.0030120270395208,8.402406991589329,0.0115653713748988,2.240371811783352,0.0044799785715942,3.7504520220243944
2710,2710,Day1,DSM319,Stationary,1.967143181206124,0.0201262921570639,1.267445307392136,0.0032572502378506,6.40481577637954,0.0089343533672438,1.5632921843722716,0.0026072082070571,4.097004923587811
2711,2711,Day1,DSM319,Stationary,2.4354212084091764,0.0154710851875947,1.3695047936645297,0.0035386754342104,9.819456046446811,0.0148950422186581,2.700281251178815,0.0054899560839898,3.636456773589826
2712,2712,Day1,DSM319,Stationary,3.46464124703994,0.0154128625862444,1.1220036961398607,0.0021234363568419,10.1477013820642,0.0160535192965158,2.6707431583697265,0.005840414094846,3.79957966016416
2713,2713,Day1,DSM319,Stationary,2.631014041391469,0.014721300595334,1.2379008349336391,0.0025956050738328,8.236339625553239,0.0113960792100126,2.140794103970643,0.0037868055188234,3.8473291804554526
2714,2714,Day1,DSM319,Stationary,3.224453583216853,0.0132940151892176,1.308133109742681,0.0030060211072921,12.347335607474925,0.0220217474154561,3.492023858986174,0.008992398658167,3.535868054194704
2715,2715,Day1,DSM319,Stationary,3.980970461425529,0.0180755496172983,1.3052881855342262,0.0033921046189737,14.2360260186851,0.0266253777520343,4.135042835309732,0.010096599761313,3.4427759483218905
2716,2716,Day1,DSM319,Stationary,2.2195008627181783,0.0180288383547497,1.3519268210231143,0.003347378427035,8.222989857055254,0.0107033166952614,2.1336185504336935,0.0041062014336744,3.854011231475183
2717,2717,Day1,DSM319,Stationary,2.7054728125877583,0.0145013789010685,1.3288622179771907,0.0031729469133569,10.3624659144798,0.0157572684105216,2.918831264886536,0.0064297316518069,3.550210674779318
2718,2718,Day1,DSM319,Stationary,2.0170091947864472,0.0180403631005199,1.3074700635346863,0.0034145520535326,7.067329364418916,0.0095602031413003,1.7410809889778138,0.0031223501373153,4.059161755920462
2720,2720,Day1,DSM319,Stationary,3.1161512667975257,0.0135987483937859,1.2564964775558642,0.0029340244499954,10.271431813839856,0.0145926435162062,2.786341940183137,0.0060564560451867,3.6863500727282412
2721,2721,Day1,DSM319,Stationary,2.631649475410013,0.0139374653384183,1.3522084377683568,0.0033931786241832,10.340499653768752,0.0157985187410761,2.9081162051338247,0.0064449179934809,3.5557381219891475
2722,2722,Day1,DSM319,Stationary,2.018537274092066,0.018579744042599,1.2043085717644058,0.0026693179583405,5.942738186150091,0.0087882676714037,1.4068483469050974,0.0022831174029214,4.224149816306372
2723,2723,Day1,DSM319,Stationary,2.0144913999004497,0.018913290441199,1.425897374507346,0.0036738069139082,8.069697410128992,0.0103751059968763,2.13216910251834,0.0043767529390041,3.7847361171296123
2724,2724,Day1,DSM319,Stationary,3.330697418943566,0.0144553043150379,1.2480144692625788,0.0030285581338109,11.40832784471558,0.0192921724900986,3.0956725532431117,0.0073580499366216,3.685250183442012
2725,2725,Day1,DSM319,Stationary,3.5043557407217034,0.0149695517148142,1.3111461067309969,0.0032732661296353,12.859661553882532,0.0237612903533934,4.005501759404929,0.0102743587329302,3.2104995394616944
2726,2726,Day1,DSM319,Stationary,1.9332098503494568,0.0214306755845023,1.0783784821738889,0.0018936382463236,5.880669457505335,0.0092302710824226,1.3284084140773205,0.0024270889910343,4.4268535152194906
2727,2727,Day1,DSM319,Stationary,2.733442518525416,0.0129739713768493,1.3248981156310298,0.0033973638452499,9.453703596661544,0.015117312496804,2.7071300606859605,0.0060532707224651,3.49214976182787
2728,2728,Day1,DSM319,Stationary,2.080128155600705,0.0203431473921391,1.3301857672746396,0.003359518108504,8.222156311908183,0.0098771548252203,2.1156772933050725,0.0040894615002381,3.8862998331204284
2729,2729,Day1,DSM319,Stationary,2.5907832199854064,0.0149867025678041,1.1465860836718067,0.0023217239638825,8.923206569522554,0.0110975450795031,2.5649887150421895,0.0053814545990293,3.478848276093013
2730,2730,Day1,DSM319,Stationary,3.409965121586468,0.0140887135158717,1.3519158275494605,0.0035510329481998,12.94292261804081,0.0233576900654489,3.8340763339475954,0.0097066206051075,3.3757602850631496
2732,2732,Day1,DSM319,Stationary,2.218174320747052,0.0186305400269649,1.1995133331275305,0.0025824621521254,6.8210129580285885,0.0089201851582781,1.6367802861703102,0.0026762940571523,4.167335723469758
2733,2733,Day1,DSM319,Stationary,3.272890078176204,0.0118205726209795,1.4214496002715291,0.0037640476074078,12.87383053953885,0.0245942151304104,3.8166922772341634,0.0087107943316547,3.373033402857437
2734,2734,Day1,DSM319,Stationary,2.7735442947246316,0.0141483366138898,1.4698625689134437,0.0039566367663254,11.6400571386332,0.0197150657542398,3.493470070008989,0.0083869857878475,3.331947005517997
2735,2735,Day1,DSM319,Stationary,3.6113431884644704,0.0156735521032513,1.376571263227492,0.0037016741737121,13.08242151854082,0.0253202139867978,4.114019704295022,0.0101780960144092,3.179960831223734
2736,2736,Day1,DSM319,Stationary,3.2973931616228236,0.0142276931534858,1.4092521463210457,0.003984653090992,11.922926595070436,0.0219971232624762,3.5593180668873576,0.0090435407028905,3.349778348271386
2737,2737,Day1,DSM319,Stationary,2.28103488925522,0.0166656487789561,1.2063097347469618,0.0026679272642168,7.499869517294945,0.0094355876575135,1.873895475461024,0.0032455476345271,4.0022880760997595
2738,2738,Day1,DSM319,Stationary,1.968777051123376,0.0211524570566508,1.2610668021643232,0.0027073824798771,6.866923600987843,0.0091257853693749,1.7148421440919188,0.0030286339466348,4.004405667685622
2739,2739,Day1,DSM319,Stationary,2.7938422201532913,0.0135156618680236,1.2201853197023715,0.0027646112559461,7.592995484650039,0.0095679018341448,1.8576911260158937,0.0033830998199848,4.087329361869965
2740,2740,Day1,DSM319,Stationary,2.775571198069159,0.0138823628384774,1.3286096923066697,0.0032419188169652,9.990163629403488,0.0142503206612165,2.76505924369646,0.0064960919202505,3.613001657081377
2741,2741,Day1,DSM319,Stationary,1.8023712812170307,0.0234961954891835,1.3523213771953924,0.0033732850225952,7.033001767958445,0.0091894137806854,1.7308999195769272,0.0029648292984837,4.063205323666244
2742,2742,Day1,DSM319,Stationary,2.6337662904340564,0.0143046265179354,1.3691443840325657,0.0035783885748955,10.597756755352348,0.0160903228079463,2.9664949152648914,0.0067136267490647,3.5724843824335455
2743,2743,Day1,DSM319,Stationary,2.229119793623286,0.018174463411179,1.4425004692503016,0.0039594386019201,8.922066729460749,0.0118878324248037,2.430848116199055,0.004654075468007,3.670351376544065
2744,2744,Day1,DSM319,Stationary,2.0106713493511,0.018654250941446,1.3818116136491168,0.0037728040069175,7.802442376297306,0.0103205642585829,2.0080426129492777,0.0039227111863115,3.885596015732756
2745,2745,Day1,DSM319,Stationary,2.4123281827478396,0.0142115898759117,1.3113298427715092,0.0032701805345957,7.6439922414725805,0.0100663843026832,1.9850303894319372,0.0036500268867632,3.850818749258588
2746,2746,Day1,DSM319,Stationary,2.46119687222889,0.0151750929162179,1.2475990634570562,0.002961940469181,7.973591207465808,0.0103764108067376,2.158366911409604,0.004142727772094,3.694270499290758
2747,2747,Day1,DSM319,Stationary,2.2564060672023643,0.0169650632653505,1.1609152178673263,0.0021882986419833,6.528990415766972,0.0093612688145388,1.6744388554104208,0.0026719011608405,3.8992110071207438
2748,2748,Day1,DSM319,Stationary,2.976359130328921,0.0120287153370466,1.3161552850460772,0.0034457621559629,10.764046315436012,0.0166730125117533,3.008749896694396,0.0063135987915208,3.577580950567569
2749,2749,Day1,DSM319,Stationary,2.334342118921118,0.016365245268656,1.3075051837773377,0.0031586715129158,8.629915098110105,0.0111069608131477,2.245564116078344,0.0045176739840444,3.8430944974225003
2750,2750,Day1,DSM319,Stationary,3.9015246552996823,0.0193942655313503,1.2138200387705629,0.0026638599787047,12.043145025955422,0.0212925635674142,3.646693215556392,0.008911335720637,3.302483733641396
2751,2751,Day1,DSM319,Stationary,2.627217335259916,0.0147006341203135,1.3260419937100627,0.003057118049444,8.759558221709113,0.0115772555725068,2.4828196913315956,0.005326806464745,3.5280686117851565
2752,2752,Day1,DSM319,Stationary,2.020038895035291,0.0192593532983742,1.3097124357955527,0.0031081533914776,7.261105305845944,0.0093453357784118,1.8286352250618303,0.0032230576349658,3.9707784288145436
2753,2753,Day1,DSM319,Stationary,2.4445006416384563,0.0148160005969896,1.4873752235938364,0.0041386886602418,9.6841563516546,0.014458139063864,2.8202906521342617,0.0059256695484112,3.4337440874493175
2754,2754,Day1,DSM319,Stationary,2.816968604391107,0.013769474781371,1.445107790021508,0.0037830986243876,11.35853698876426,0.0193627814701518,3.2973447561551095,0.0081908512459138,3.444752620289835
2755,2755,Day1,DSM319,Stationary,2.3862628647823083,0.015545114648237,1.3462263481587746,0.0033659366800039,9.31627608858979,0.0144460969223909,2.495288166002546,0.0049947934431587,3.7335471772442514
2757,2757,Day1,DSM319,Stationary,2.8718921153780266,0.0132179191032195,1.2328216911274623,0.0030398112403174,9.499877523480093,0.0136510415994383,2.6649341746459805,0.0059109992801222,3.564770047178404
2758,2758,Day1,DSM319,Stationary,3.4995944303833357,0.0149224508517246,1.0199540532659843,0.0015307454411547,10.139594758606512,0.0139114191911501,2.32289175821935,0.0045136338342555,4.365074146364522
2759,2759,Day1,DSM319,Stationary,2.5294886549751103,0.0152083515639086,1.2535162061338847,0.0030690518199105,8.705397896968842,0.0124981303846378,2.256060106402048,0.0047356828226824,3.8586728572813436
2760,2760,Day1,DSM319,Stationary,3.3944108742330044,0.014072711499877,0.827110701976615,0.0008036661924704,8.12196366634567,0.0102259057027414,1.819554130249871,0.0031348655027413,4.463710934079393
2761,2761,Day1,DSM319,Stationary,1.9169265982473296,0.0229454364400107,1.16693237861355,0.0024915511537274,5.9892500450857735,0.0092100658655101,1.374275180663961,0.0022195420866089,4.358115557462193
2762,2762,Day1,DSM319,Stationary,3.989911557110706,0.0193212870090209,1.1777710514403357,0.0024405265110485,9.401959531970164,0.0136066363567011,2.678853022193296,0.0056811193478054,3.5096959236204612
2763,2763,Day1,DSM319,Stationary,2.5012391052115945,0.0155192762851682,1.3531411284866477,0.0036469674969816,8.896333768978213,0.012366267037949,2.44341111100227,0.0051484523371125,3.640948397475773
2764,2764,Day1,DSM319,Stationary,3.3613942429794896,0.0143244917386035,1.319272178344844,0.0034864468036508,11.565650867898144,0.0189786489688411,3.313503919283303,0.007413037291902,3.490459389708447
2765,2765,Day1,DSM319,Stationary,2.760617130742117,0.0147960338353704,1.3740485385839163,0.0034265924360883,10.060843538054884,0.0150986517202571,2.7867794030351587,0.0058311654763907,3.6102044988194404
2766,2766,Day1,DSM319,Stationary,3.4801573711191987,0.0149363683618144,1.3509625685081934,0.0034904085053131,11.656985636566413,0.0187295929547986,3.4746490408370954,0.0088257130708361,3.3548670670227083
2767,2767,Day1,DSM319,Stationary,3.265865112056059,0.0143312023339292,1.3341025398859891,0.0034844033674169,12.44645139404934,0.0210019422522492,3.5768965635446275,0.0087349717785155,3.4796788704773656
2768,2768,Day1,DSM319,Stationary,2.9254179271377216,0.0133801668984164,1.345701697559521,0.0035152531183884,11.920074429925528,0.0203242228047828,3.364015282121564,0.0086289052863241,3.543406741722042
2769,2769,Day1,DSM319,Stationary,3.041650006145486,0.0126579262878401,1.3657027851854695,0.0036409277397699,11.109936558176829,0.0187184319906979,3.180564227726164,0.0068589385784988,3.4930709656253347
2770,2770,Day1,DSM319,Stationary,2.982908104179779,0.0138979909857148,1.3131543681601323,0.0033171826422221,11.341954517325128,0.0188227553297869,3.263035567887334,0.0076744040156449,3.47589055692351
2771,2771,Day1,DSM319,Stationary,3.2321845997669625,0.0132993777237973,1.3487931707928016,0.0033540350389755,10.723157586178678,0.0171556782086915,3.190642639836148,0.007545687033142,3.360814355169952
2772,2772,Day1,DSM319,Stationary,4.090827803602554,0.0210152999990716,1.2697195885688006,0.0030117871607606,12.80783673192416,0.0228792331725662,3.8984995344732094,0.0092452290301159,3.2853246790639514
2773,2773,Day1,DSM319,Stationary,2.420358091623714,0.0158528829261417,1.2708406449704557,0.0028659610099126,8.84725553728015,0.0117497216261161,2.298546604609363,0.0041862681682394,3.8490651090295107
2774,2774,Day1,DSM319,Stationary,3.326061020027919,0.0134592316752047,1.3724975837796731,0.0035030394744788,11.41654492395184,0.0192762505160547,3.242475007844462,0.0070882541279703,3.520935364600188
2775,2775,Day1,DSM319,Stationary,3.6618750483218734,0.0158706081330418,1.1624957656547603,0.0025057786126498,8.17878710226264,0.0106487462768323,2.131573651769894,0.0038612008308361,3.836971382842722
2776,2776,Day1,DSM319,Stationary,3.9448672501970097,0.0180303185383221,1.3077795960247425,0.0030824812898329,12.560674642135524,0.0237148053021776,3.562132365033696,0.0091387276096061,3.526167293903102
2777,2777,Day1,DSM319,Stationary,1.9716589121825736,0.020829425726973,1.2823883183246445,0.0033551721224246,6.676220124302681,0.0094119398068741,1.6292754804842189,0.0025356174876815,4.097661938862859
2778,2778,Day1,DSM319,Stationary,2.497208759514958,0.0152364429257447,1.1506613914755106,0.002278172948984,8.103470018192466,0.0107859789945144,2.225143430404752,0.0045284084525114,3.641774236871756
2779,2779,Day1,DSM319,Stationary,2.944575410492032,0.0141317653782727,1.237726385028176,0.0029070134772948,9.557738657391235,0.0151507736781201,2.6371176597425032,0.005919534512824,3.624312560374907
2780,2780,Day1,DSM319,Stationary,2.6854712723220735,0.0136572383208095,1.3494766271584573,0.0032517533926076,10.237137621217586,0.0161066048950014,2.8678403847650262,0.0065654435826755,3.5696329808314475
2781,2781,Day1,DSM319,Stationary,2.5692303237822145,0.0146380605916266,1.1727103346607357,0.0026257685462353,8.465887393133194,0.0114405155834956,2.177121554221325,0.0044562615546474,3.8885690037463827
2782,2782,Day1,DSM319,Stationary,3.0969287639983984,0.0137332167008225,1.199474718801955,0.0026713912230908,8.902895005650317,0.0133018682287423,2.2590894487766757,0.0046101711731723,3.940921865874475
2783,2783,Day1,DSM319,Stationary,2.917225114634154,0.0133491321591302,1.4070015075064903,0.0035468611038824,9.638161434710822,0.0143604025428519,2.6516578718858717,0.0053282649529368,3.6347680961783038
2784,2784,Day1,DSM319,Stationary,3.86742204995636,0.0169970473460939,1.3608992551034331,0.0035451188660098,14.24201123598111,0.0261008236049628,4.172745147354314,0.0114448702326661,3.413103540486078
2785,2785,Day1,DSM319,Stationary,2.5459495888910024,0.0148318471203207,1.2331959403063435,0.0027559896433627,8.294190652111071,0.0114088395971149,2.2126915490842527,0.0040303167588297,3.748462209088165
2786,2786,Day1,DSM319,Stationary,3.529836172473966,0.0142296545018215,1.3331909246776594,0.0033289969479483,11.95589645911812,0.0211300825033737,3.4319001499122006,0.0085736479657761,3.483754170244141
2787,2787,Day1,DSM319,Stationary,3.277436786819223,0.0129951523957139,1.3305179274252317,0.0032358436922262,12.519325861021084,0.0225443363791155,3.5634444265411154,0.0091540053372433,3.513265358588197
2788,2788,Day1,DSM319,Stationary,2.990156785407434,0.0124984652661733,1.3120683869267944,0.0031983071255641,9.904846695245867,0.0141456434775091,2.8012354530079673,0.0061804340643715,3.5358850983447465
2789,2789,Day1,DSM319,Stationary,2.7030811355126776,0.0149077765530891,1.3257061755738773,0.0034193570147147,9.629341980501136,0.0139812102422763,2.6778523265340253,0.0055147874798909,3.5959197171131922
2790,2790,Day1,DSM319,Stationary,2.366995754018538,0.0167266949356607,1.3363476957299811,0.0036347007165065,8.882872226692934,0.0125310449651716,2.426035324272341,0.0049273617072694,3.6614768704397327
2791,2791,Day1,DSM319,Stationary,2.8724349950006416,0.0128943249570276,1.1898813238357784,0.0023860306227431,8.327424616990074,0.0113693610051333,2.2973276868455748,0.0042950685973643,3.624831000241125
2792,2792,Day1,DSM319,Stationary,2.3432873286716576,0.0169751676461101,1.2354803155881124,0.0027556552296875,7.449171577488072,0.0099909421437205,1.953506861365378,0.0035974166164509,3.813230311503268
2793,2793,Day1,DSM319,Stationary,3.0281894525403676,0.0130274159263918,1.2784615906772074,0.0031918661850545,9.896647484648096,0.0147848605502714,2.7088012738344243,0.0055923465943093,3.653515516344603
2795,2795,Day1,DSM319,Stationary,3.241002355545482,0.0131847721661712,1.3097457204010734,0.0031520730329213,10.04929898178023,0.0153787057412195,2.759544360351083,0.0059707154738278,3.6416515444244237
2796,2796,Day1,DSM319,Stationary,2.18732706310738,0.0172561481135809,1.3737396374480937,0.0036237442756354,7.866441646109332,0.010051057969359,2.0146141998274354,0.0038228191690725,3.9046888713398045
2797,2797,Day1,DSM319,Stationary,3.483245301379658,0.0138323345899054,1.3941291127928277,0.0038823990910627,12.45905090025468,0.0235405864693063,3.647915235760282,0.0095317213993753,3.4153893648951574
2798,2798,Day1,DSM319,Stationary,3.054709893881665,0.0131603085202851,1.5010595362444796,0.0043601909365514,11.997933725337,0.020322918952339,3.681563018795504,0.0094497753092444,3.258923903810388
2799,2799,Day1,DSM319,Stationary,3.290755603835775,0.0133407418562651,1.3502056047256783,0.0033163996371814,11.217695375067024,0.0183588017933105,3.2301713939191647,0.0074889648307538,3.4727864274274935
2800,2800,Day1,DSM319,Stationary,2.5336969882392544,0.0139681922390295,1.2846286655404366,0.0031140010510983,9.7008650439693,0.0136881313780002,2.5565468525007247,0.0050226396934972,3.7945187800803466
2801,2801,Day1,DSM319,Stationary,3.5343985506517113,0.0146858527159022,1.2997409663017965,0.0030999108466643,9.45863312824958,0.0133349563783342,2.581554832896476,0.0059341743095318,3.6639288105444185
2802,2802,Day1,DSM319,Stationary,2.1161735100374783,0.0170182083173296,1.054143417614018,0.0017471258137474,5.8727155035914045,0.008681384590761,1.3109677504931163,0.002211025060344,4.479679611784807
2803,2803,Day1,DSM319,Stationary,2.4262747134424703,0.0145950215121481,1.3498907030150278,0.0034857124781587,8.488860072909505,0.0111986319535654,2.304060507458597,0.0045041192418703,3.6843043164143316
2804,2804,Day1,DSM319,Stationary,2.0430950591388224,0.0205528431099251,1.1743377460045152,0.002669649800105,7.631509941302669,0.0097005784445748,2.0725055849687,0.0040831456395524,3.6822626663357934
2805,2805,Day1,DSM319,Stationary,3.2362039128838345,0.0144191287708842,1.3510225420313895,0.0035758893565496,11.561547568967026,0.0203618744088836,3.520990183369467,0.0080451673585575,3.283606873877456
2806,2806,Day1,DSM319,Stationary,2.17974927787145,0.0184854407874772,1.0382880662255345,0.0017288914634637,7.058044321264668,0.0095582141702675,1.5426692024969153,0.0025411882490802,4.575215678021407
2807,2807,Day1,DSM319,Stationary,3.402376675947906,0.0138211636939111,1.3149273641093204,0.0030661284007563,11.48031402298898,0.018287613033741,3.305896050263693,0.0084657153969584,3.4726784655171654
2808,2808,Day1,DSM319,Stationary,3.1904124538292007,0.0124412019695922,1.4303538437920449,0.0039081739996174,13.062647246256674,0.023209329388687,3.90184785255888,0.0100886155241749,3.3478105092411607
2809,2809,Day1,DSM319,Stationary,3.5450670484926556,0.0152787395955456,1.3195697300956817,0.0032961037597155,12.392133048406851,0.022939292014859,3.5638959271118047,0.0087316248765252,3.4771310110757034
2810,2810,Day1,DSM319,Stationary,1.994559438858928,0.0187040221115923,1.2817043078924577,0.0028149570089065,7.161384131087062,0.0089640409778549,1.7543452285604666,0.0031261564164109,4.082083739563255
2812,2812,Day1,DSM319,Stationary,2.7587164201521697,0.0140826585657814,1.2698159051968196,0.0031188109893629,10.415623264379429,0.0147824225655189,2.7806443165588917,0.0057069899726317,3.7457589244168386
2813,2813,Day1,DSM319,Stationary,2.427961614200287,0.0147429557041324,1.514436031670622,0.0040930896212671,10.29422328874486,0.0145436501920641,2.992805473673816,0.0064929719166825,3.4396566630534107
2814,2814,Day1,DSM319,Stationary,3.0449755161415624,0.0128159916046294,1.0473366201559655,0.0019610937952569,8.088274918861092,0.0108758769221541,1.9180781346206417,0.0034299293114488,4.216864147956514
2815,2815,Day1,DSM319,Stationary,2.3806512627171834,0.0167642658329367,1.1790650819563615,0.0025744285331137,6.89828006179089,0.009402982562267,1.6775792124010642,0.0026899499591849,4.112044314090903
2816,2816,Day1,DSM319,Stationary,1.7359691064117446,0.0220546758521509,1.281652657724078,0.0030373637128522,6.16686684387521,0.008680935708384,1.435889644011591,0.0025445988382297,4.294805571998004
2817,2817,Day1,DSM319,Stationary,3.610003934496031,0.0160338768680348,1.3251286691923747,0.0034864029772851,14.039311692163423,0.0285185663388196,4.060421864623753,0.0101223927548301,3.4575992742232793
2818,2818,Day1,DSM319,Stationary,1.7230421581876656,0.0232925741015042,1.239546588707808,0.003028176583766,5.462807544687249,0.0094033021032488,1.2241826331896486,0.0022142210067525,4.462412222311733
2819,2819,Day1,DSM319,Stationary,1.979666183632517,0.0200203705142295,1.0394653872825173,0.0017134189159022,5.429422997391886,0.0102959877863551,1.1460681128447288,0.0022204429190477,4.737434831787763
2820,2820,Day1,DSM319,Stationary,3.1267455501973007,0.013832371776681,1.2036728526921008,0.0025630223317331,10.078003849006366,0.0136393536954072,2.740398459184237,0.0062657289745887,3.6775687912211095
2821,2821,Day1,DSM319,Stationary,2.150818699190761,0.0185081922403692,1.3188773248131955,0.0032756927023604,7.911712026540318,0.0099145847883799,2.010940933099674,0.0038521410838897,3.9343333741509587
2822,2822,Day1,DSM319,Stationary,2.6770966389191733,0.0147388648701124,1.0340179658693378,0.0016125840456387,8.38285153428014,0.011628136295955,1.891718708945467,0.0032982075559051,4.431341454012016
2823,2823,Day1,DSM319,Stationary,2.895188106600566,0.0134210689873453,1.3550222875911375,0.003051720934478,11.384340339753049,0.0188729526776352,3.2483849952376693,0.00783774065542,3.5046154801364944
2824,2824,Day1,DSM319,Stationary,2.246473775533888,0.0176111619184141,1.2069182827727345,0.0027046702045615,7.060639926271847,0.0094998949518688,1.7233965343575015,0.0029875697024388,4.096932879642885
2825,2825,Day1,DSM319,Stationary,2.664438934659275,0.0131653100457736,1.321377022700175,0.0034568864099989,10.630448729603016,0.0172737620165901,2.919377240630049,0.0065064404037916,3.6413412359509905
2826,2826,Day1,DSM319,Stationary,2.7452616179436435,0.014077874223397,1.3386827367084064,0.0038389788637247,10.353922142113635,0.016046793660039,2.9360995233444664,0.0069495497590479,3.526420701952105
2827,2827,Day1,DSM319,Stationary,2.730703947058834,0.0147042002333995,1.3906864636002256,0.0034124086168822,9.976075420573633,0.0151782417595428,2.843422051514168,0.0062158777682584,3.508475083838227
2828,2828,Day1,DSM319,Stationary,2.9576641017948635,0.0127884293439863,1.5210514720255992,0.0045422829434776,12.048306265748105,0.0199419337367232,3.693275475690239,0.0094208976315108,3.262227890947232
2829,2829,Day1,DSM319,Stationary,1.998643207282248,0.0197581321636066,1.2758816896529268,0.0031446173519943,7.427507550758448,0.0096122391879879,1.8294910784320304,0.0029173480686812,4.059876343930691
2830,2830,Day1,DSM319,Stationary,3.152849736699487,0.0138119562388124,1.3758780865173668,0.0038238177951261,11.913746428346125,0.0218196175587785,3.4461721033851447,0.0078716118141247,3.4570956037405547
2831,2831,Day1,DSM319,Stationary,2.865092305448383,0.0138204864437201,1.4008758607817022,0.0037298291259772,9.698469025269263,0.0133798849797911,2.798618014171561,0.0061895414237358,3.465449366851223
2832,2832,Day1,DSM319,Stationary,1.9478916353420987,0.0214557554535942,1.1888190524566336,0.0025465173983755,6.393706275253263,0.0084940412925421,1.4787558855247458,0.002286020683722,4.32370639254255
2833,2833,Day1,DSM319,Stationary,2.3929058841944055,0.01538505234877,1.223080420828708,0.002646723219979,8.567744740472866,0.0112022959124811,2.2337421930706376,0.0042694720514527,3.835601425738001
2834,2834,Day1,DSM319,Stationary,2.0598580058652094,0.0190517660408042,1.266477016583271,0.0029554094056878,7.237935736587886,0.008827229979238,1.7788804484825824,0.0030338981266012,4.068815159985584
2835,2835,Day1,DSM319,Stationary,1.9553083949268657,0.0191978615176676,1.168053545483838,0.0024620965361498,6.410228350636012,0.0081011999799447,1.45859808114705,0.0023670600349873,4.394787319063913
2836,2836,Day1,DSM319,Stationary,2.3839974581298264,0.0150150937929293,1.1429604242976308,0.0022789730447235,7.500278513400166,0.0099655108941607,1.789324939230723,0.0031962052542636,4.191680532114379
2837,2837,Day1,DSM319,Stationary,3.2996863697011194,0.0123556976357389,1.4068672490772924,0.0043153127336033,13.910376018735992,0.0269653841323953,4.162173264768418,0.010827649818659,3.342094414108914
2838,2838,Day1,DSM319,Stationary,2.3592875984980055,0.0162304818106212,1.0825783636638957,0.0020028839795753,6.148684098477444,0.0092742613150215,1.487630898177823,0.0022861793689269,4.133205424819339
2839,2839,Day1,DSM319,Stationary,2.5791879182264683,0.0155038899986773,1.4064707625399824,0.003618865357012,10.29765657749735,0.0162847772003949,2.8949258654980285,0.0059851074505386,3.5571399945766116
2840,2840,Day1,DSM319,Stationary,4.421716572150626,0.023183532549156,0.987619167899703,0.0014259004109859,12.176567593845922,0.0217056573229657,3.154734938331995,0.0078777572703601,3.8597751734679955
2841,2841,Day1,DSM319,Stationary,2.748719494351826,0.0141965179050266,1.3535565760266632,0.0034400322565168,10.671723647289843,0.0149759904160479,3.0067520128644127,0.0068319243629794,3.5492530150909642
2842,2842,Day1,DSM319,Stationary,3.9753365063807937,0.0200619124099649,1.3140611083286944,0.0032209915936862,13.429560874804883,0.025529883842988,3.882094419086892,0.0098583945168439,3.4593596716186137
2843,2843,Day1,DSM319,Stationary,3.4949944371878776,0.0152977625683724,1.081786511868927,0.0017894100526087,10.977682732874433,0.0171553665627975,2.837199455167647,0.0069128619630619,3.8691966872049792
2844,2844,Day1,DSM319,Stationary,2.797584702713791,0.0142121119477627,1.2637697602765692,0.0028918889970335,9.304311217422404,0.012461994707287,2.4410070735751557,0.0048658963317842,3.8116690927056975
2845,2845,Day1,DSM319,Stationary,3.0904130308134374,0.0138532066154645,1.3470777431279444,0.0034133292075102,11.179259916710548,0.0196259416192617,3.2313420019205936,0.0078762302728571,3.4596337713761023
2846,2846,Day1,DSM319,Stationary,2.5264140081075657,0.0163284161132894,1.3910476609245488,0.0036103281150731,9.909428800903036,0.0154968934790201,2.7504792468419077,0.0060088809819853,3.6028007890919422
2847,2847,Day1,DSM319,Stationary,1.8506881934866597,0.0233000996323174,1.2237433138268152,0.0027972858583724,6.166229195569118,0.0084116962239634,1.4170044810417148,0.0023495298600571,4.3515947042284555
2848,2848,Day1,DSM319,Stationary,3.3946169134239863,0.0145671718473893,1.3536562991498196,0.0034413983310634,13.443020996266831,0.0231983948592504,3.981706451088315,0.0100211993087523,3.3761959002759903
2849,2849,Day1,DSM319,Stationary,4.362852445741066,0.0238471489977283,1.2578066909847665,0.0029761547985253,10.663886488317257,0.0180291428566837,3.0084211835401944,0.0070262335296371,3.544678699466012
2850,2850,Day1,DSM319,Stationary,2.777734090243999,0.013212115883157,1.5007239782296702,0.0044063504053535,11.771346212774247,0.0207599159344536,3.559784786707224,0.0091674919996371,3.306757828936805
2851,2851,Day1,DSM319,Stationary,2.754795278319254,0.0133929597861453,1.4264652803934634,0.0040497524263247,10.832736690617033,0.0171256031303126,3.133300008833768,0.0074462877243179,3.4572931605898276
2852,2852,Day1,DSM319,Stationary,2.9933159309923068,0.0129210969005984,1.2826241380944283,0.0031962178645276,9.864313353783034,0.0145610783198168,2.9034753641393043,0.0064790331276847,3.397415895315225
2853,2853,Day1,DSM319,Stationary,2.3961060321505188,0.0172750416812338,1.2755427431710793,0.0029228779173487,8.070389832517911,0.0114016946940788,2.196432606708985,0.0041255940284917,3.674317075728603
2854,2854,Day1,DSM319,Stationary,3.521525476100785,0.0148488180630278,1.3514235231193974,0.0034739654120123,13.561374886529933,0.026530114930443,3.9486724670930777,0.0102694476698045,3.4344137174065255
2855,2855,Day1,DSM319,Stationary,2.6669668707818537,0.0135899897112468,1.2690494458474475,0.0029326188729021,8.619774231282223,0.0121675124605215,2.315343412432807,0.0045087881619605,3.722892329922301
2856,2856,Day1,DSM319,Stationary,2.3315261646085483,0.0169495280595521,1.2412587724964586,0.0026715499252619,7.673237947477433,0.0108293205496386,1.9642888827864573,0.0037079353192969,3.9063693811637834
2857,2857,Day1,DSM319,Stationary,4.160732258298418,0.0214847068891192,1.3238183964600667,0.0033028710448007,10.688807601914595,0.017376054626473,3.200254167005789,0.0075480283872401,3.339987089811439
2858,2858,Day1,DSM319,Stationary,2.571214042891948,0.01369657858308,1.3547109785028868,0.0033060153645379,9.449143382593927,0.0132122804998892,2.632111394854722,0.0056420920954963,3.589948131019534
2859,2859,Day1,DSM319,Stationary,2.9119065651175613,0.0143727704791569,1.285670935492548,0.0028451191847232,10.662251187648454,0.0172784103698079,2.9773789175390677,0.0066625660627303,3.5810864128981157
2860,2860,Day1,DSM319,Stationary,2.1018282539903383,0.0184922410550419,1.2588460545392657,0.0027690980150369,7.168351855574154,0.009693040174128,1.76872797915032,0.0028210507132065,4.052828891765348
2861,2861,Day1,DSM319,Stationary,3.2104637798445284,0.0136882500616994,1.335034567955771,0.003491418903036,10.785798829452991,0.0164108358218576,3.0577286775214763,0.0075030329712023,3.527389107066134
2862,2862,Day1,DSM319,Stationary,2.975347489066875,0.0131689997076343,1.567418320691098,0.0046758748565822,12.863653496126128,0.0230543272521791,4.018442718996335,0.0113857479488368,3.2011538786694502
2863,2863,Day1,DSM319,Stationary,2.769021178711818,0.0145238702911838,1.1907812460093592,0.0025427529579217,8.338919644696192,0.0117145474514411,2.227525905565476,0.0042304578720415,3.7435791987250933
2864,2864,Day1,DSM319,Stationary,2.311662776820796,0.0165774223365896,1.392553255848409,0.0038126801039232,8.994667123056272,0.0120934438520558,2.4206920111858343,0.0049335134623374,3.7157420611513556
2865,2865,Day1,DSM319,Stationary,2.933280352466496,0.0129004438827729,1.3012284349716157,0.0032959007650461,10.34545332051458,0.0156543584796518,2.849067150499375,0.0062663024805285,3.631172160579389
2866,2866,Day1,DSM319,Stationary,2.6118241580626433,0.0150080535838663,1.2634055080552409,0.003265676058784,9.397711243470516,0.013087678407903,2.44945590906275,0.0047906092387894,3.836652543407658
2867,2867,Day1,DSM319,Stationary,3.0638060978055948,0.0123958752060525,1.4298462799015024,0.0039107977873337,11.995387470636052,0.0197544674182527,3.541781121878143,0.0089571633702849,3.3868234817049094
2868,2868,Day1,DSM319,Stationary,3.163306193394945,0.0133570372742232,1.3732893825838233,0.0035710822519043,11.621450257647,0.0192538428257109,3.318898702459175,0.0079513791155217,3.5015983612383095
2869,2869,Day1,DSM319,Stationary,1.9823436377667856,0.0201517487801314,1.278456112895174,0.0029952910323005,7.52002392393699,0.0098130937520957,1.9226800203733505,0.0036268167305056,3.911219674752086
2870,2870,Day1,DSM319,Stationary,2.7830778910026472,0.0143370975170356,1.362702051854184,0.0037885892994602,10.375620650586352,0.0166603640419786,2.9177438151186843,0.0065518647794819,3.5560423765868925
2871,2871,Day1,DSM319,Stationary,1.94958405694183,0.020641493145889,1.1515315837731892,0.0023276274897809,6.028157035083397,0.0085304129453816,1.4351978528653966,0.0023834186802408,4.200227183344847
2872,2872,Day1,DSM319,Stationary,2.5353020413272827,0.0152839473230921,1.384366462553421,0.0035529977818802,9.875667630424548,0.0140714578270795,2.778170408908626,0.0060514607818998,3.554737894679433
2873,2873,Day1,DSM319,Stationary,2.538247240925019,0.0139496695048913,1.3853797762883764,0.0036442698461518,8.995175518055676,0.0126862823841006,2.5437580181048043,0.0052690872635514,3.5361757895341874
2874,2874,Day1,DSM319,Stationary,2.794497506524972,0.013166496754886,1.4905111010254364,0.0042944009218759,11.008804215802368,0.0181755813439389,3.2250692365554863,0.0073749180001873,3.413509418966846
2875,2875,Day1,DSM319,Stationary,2.4848657513394237,0.0162172924513987,1.245791516024136,0.0029225947728687,7.815424598180042,0.0102536365640344,2.0844813347561097,0.0038629426057032,3.7493377694813796
2876,2876,Day1,DSM319,Stationary,3.284538119432096,0.0124381292397982,1.3026157974645522,0.0033249471636711,11.157125453333965,0.0160965573934354,3.239944589637473,0.0081670131331403,3.4436161312815443
2877,2877,Day1,DSM319,Stationary,3.136011997349043,0.0137046417539501,1.2257435926482776,0.0027898186965336,10.024530039308752,0.0154112955862705,2.848650156154753,0.0059675676382081,3.5190456847254112
2878,2878,Day1,DSM319,Stationary,2.6947492492668883,0.0139949918343224,1.259756387758278,0.0029368661545927,10.1175006193631,0.0154006182121944,2.7002944981043235,0.0060714789148127,3.746813774003482
2879,2879,Day1,DSM319,Stationary,2.2189957999777006,0.0164907510079333,1.1926611805394982,0.0024915215342252,6.613923997331711,0.0084839896850178,1.5931416306868975,0.0027520792522086,4.151497814089547
2880,2880,Day1,DSM319,Stationary,1.8822557848666697,0.0215070751390124,1.2039829280563932,0.0025180068300186,5.898393227688155,0.0085785814982281,1.4099464465459746,0.0024892563131993,4.183416499355548
2881,2881,Day1,DSM319,Stationary,4.282756114722509,0.0232993090688273,1.2652672401114995,0.0030824314245093,14.101802085760983,0.0275658363511844,3.999750235849736,0.0104185576487642,3.5256706679748704
2882,2882,Day1,DSM319,Stationary,2.003173379580959,0.0201137419675182,1.2402616609691894,0.0027411036525957,6.818745733353369,0.0082800575335235,1.6618537767685475,0.0028746048762537,4.103096089845118
2883,2883,Day1,DSM319,Stationary,1.9119156583436492,0.0218103015513215,1.139649372893038,0.0023361285760486,6.301938252934712,0.0087943068494,1.5214947531482887,0.002813187193882,4.141938866298877
2884,2884,Day1,DSM319,Stationary,3.912621025927831,0.0179571657369313,1.2976414204769935,0.0030974260793981,13.605739441966314,0.0269820580869809,4.168297946116247,0.0110170457847076,3.2640995480285357
2885,2885,Day1,DSM319,Stationary,2.7319781604395303,0.0127636248165661,1.2369043620113402,0.0026669346450442,8.60366519463893,0.0120775339521904,2.393155390298908,0.0048287509969018,3.5951134763398387
2886,2886,Day1,DSM319,Stationary,2.8772287236925123,0.0135664285236648,1.2779317561126768,0.0031375273155462,9.359366743971492,0.0122188363928091,2.831388192583326,0.0061303741444782,3.305575254035411
2887,2887,Day1,DSM319,Stationary,3.28325601501622,0.0129722469403332,1.41099627972918,0.0038630040764368,12.170860851575316,0.0205718641907445,3.8128745038221337,0.009474631887809,3.1920433886231767
2889,2889,Day1,DSM319,Stationary,1.9823864974487493,0.0195574387802515,1.09352288453952,0.0019433293095219,5.4727183384088764,0.0103842827220413,1.2261994672609733,0.0022071856372264,4.4631550449402635
2890,2890,Day1,DSM319,Stationary,1.9664714616825056,0.020217369207462,1.3130018529598408,0.003004269665956,7.013987201500678,0.0093659654764972,1.7284241013778323,0.0030543372345186,4.058024414210263
2891,2891,Day1,DSM319,Stationary,3.1478783434442863,0.0139377624495974,1.234141737714996,0.0027193243967969,8.555880768221664,0.0115601399982325,2.1705999452804816,0.0042915119274167,3.9417124223303555
2892,2892,Day1,DSM319,Stationary,2.5260807029241397,0.0166476334211097,1.235171515639699,0.0028533607005555,7.798633087608541,0.0103073451880275,2.020579649214159,0.0035655078050528,3.859601917024936
2893,2893,Day1,DSM319,Stationary,3.0973191387603505,0.0134718282380239,1.3587787062688854,0.0036217149209749,12.65950180063292,0.022155461777631,3.643169409676181,0.0097197420109368,3.4748594910271127
2894,2894,Day1,DSM319,Stationary,2.3428895846730717,0.0159547062152314,1.339398673999264,0.0033618267743434,8.974159605842116,0.013234260877821,2.393896634658956,0.0049551236479831,3.748766540674222
2895,2895,Day1,DSM319,Stationary,2.623048529314391,0.0149866036900825,1.353223509533305,0.0035100020416925,9.384837630098367,0.0132619459016881,2.672665507763548,0.0066179665073024,3.5114149536623005
2896,2896,Day1,DSM319,Stationary,3.2691450804118904,0.012859217645815,1.1198123373044495,0.0022374376223852,10.197331056161197,0.014216081027374,2.5241475245872027,0.0051046209018055,4.039910883508626
2897,2897,Day1,DSM319,Stationary,3.3166822969146468,0.0139488683709257,1.3140332724117156,0.0034244339354333,12.24062064145572,0.0218099268130809,3.4544596671187144,0.0088995270019824,3.543425548709718
2898,2898,Day1,DSM319,Stationary,2.1340338863654607,0.01742152169248,1.294208259881607,0.003100494505051,8.15540507117793,0.0104435087851517,2.0745977219340173,0.0040250644777422,3.9310778108708018
2899,2899,Day1,DSM319,Stationary,1.846715937908115,0.0231049017994277,1.1093396714895505,0.0021259595338907,5.6507204683981325,0.00892463651295,1.28104618545031,0.0021631728901199,4.411020096368974
2900,2900,Day1,DSM319,Stationary,3.5407596900640996,0.0152145542271622,1.410269447784029,0.0040301113372145,13.142129542061513,0.0253127348000641,4.068149650819642,0.0111612272787343,3.230493140637947
2901,2901,Day1,DSM319,Stationary,3.181746400292756,0.0137056674076684,1.32728842378724,0.0032340605722757,11.88532474188958,0.0207985026936523,3.4213975398722676,0.0088913566983093,3.473821619201053
2902,2902,Day1,DSM319,Stationary,3.7136198887491942,0.0160015819807954,1.435533874795936,0.0038904491886492,13.876515203007434,0.0271648505017173,4.281333999183011,0.0108349319180638,3.2411662359571647
2903,2903,Day1,DSM319,Stationary,3.413406328947061,0.0144352451888941,1.3217278681903155,0.0030128126292075,11.154117350481082,0.01759791857706,3.2698321815926024,0.0074945589643261,3.4112201272202185
2904,2904,Day1,DSM319,Stationary,4.655006526837733,0.0270830519961017,1.4284730881689405,0.0036719727198491,12.655960049605284,0.0238304247638321,3.8194958714925966,0.0098573418498979,3.313515834397156
2905,2905,Day1,DSM319,Stationary,3.4158660537292715,0.0130916964558348,1.408600648506802,0.0038413791197146,12.977827721204074,0.0224833744952903,3.9784727046296617,0.0106175622002329,3.2620125069859243
2906,2906,Day1,DSM319,Stationary,3.10105876814939,0.0138668190858519,1.386599062118321,0.0037952497444835,11.42385096640402,0.0197334833098506,3.2931046856728257,0.0073141699165096,3.4690215030531206
2907,2907,Day1,DSM319,Stationary,2.7967140687109606,0.0140398275749769,1.3507748153924843,0.0032867201100423,9.58027847522743,0.0141039245941118,2.6999467877035412,0.0058805900132631,3.548321218351123
2908,2908,Day1,DSM319,Stationary,1.9723731486186968,0.0201836571915551,1.178636292427922,0.0023953432491755,6.041207572993199,0.0089369918206398,1.392364632867725,0.0023863839668708,4.3388114222283
2909,2909,Day1,DSM319,Stationary,2.0760436537941143,0.0198084530587117,1.2696845381785034,0.0031709826411127,7.442681276388267,0.0093865961689091,1.9217834848680055,0.003305309308024,3.872799061388258
2910,2910,Day1,DSM319,Stationary,3.756634460073301,0.0163201572155103,1.3599618585650033,0.0035904708401168,13.329853366843372,0.02438968718251,4.072080972012885,0.0106429609392755,3.2734745351230683
2911,2911,Day1,DSM319,Stationary,1.9239031520720344,0.0200544729878363,1.0688842245664292,0.0018938229194815,5.722224418743183,0.0098452993437332,1.3200699127121411,0.002259180145419,4.334788910525673
2914,2914,Day1,DSM319,Stationary,3.0435573907972375,0.0141973625957741,1.2684041597864344,0.0030198296243973,11.88738465783997,0.0190698644918523,3.251852024439803,0.0077742562482185,3.655573675708018
2915,2915,Day1,DSM319,Stationary,2.763678256263733,0.014419470732704,1.2454383202215769,0.0027986909259248,10.033081916482026,0.0161794338630083,2.8293039902296613,0.0060732589471515,3.54613076259353
2916,2916,Day1,DSM319,Stationary,2.7234463731339855,0.0142963315448109,1.2797427141931137,0.0031333382251091,10.904576248953113,0.0185179134951068,2.984879842300447,0.0067546304103208,3.653271429696465
2917,2917,Day1,DSM319,Stationary,2.292406719298834,0.0173599331443517,1.3488537642222531,0.0033993918978624,8.950579915756439,0.0126297191712179,2.3773171533254485,0.004781917071143,3.7649919377547723
2918,2918,Day1,DSM319,Stationary,2.031548784077782,0.0193748568888841,1.1855088329976162,0.0024649120881191,7.1056136141629045,0.0102052805089174,1.772185804436831,0.0029069715079354,4.009519541558985
2919,2919,Day1,DSM319,Stationary,2.351111279345381,0.0164419685440557,1.4064808812809817,0.0040003342668317,9.695671040374744,0.0138015887294934,2.69071466184127,0.0054299627148899,3.6033813536140418
2920,2920,Day1,DSM319,Stationary,2.20977602080876,0.017416799969535,1.3230616613648536,0.0034190168442564,7.452949817802149,0.0094176754816804,1.959969006334445,0.0034508808551794,3.8025855478912574
2921,2921,Day1,DSM319,Stationary,2.411464338988414,0.0172520585208988,1.0790498439442489,0.0020123910369951,7.338130991320255,0.0089819300419811,1.9060228438193487,0.0036382499005922,3.849970117155509
2922,2922,Day1,DSM319,Stationary,2.758775242208201,0.0131901329001968,1.1893126045132734,0.0025596699146632,8.31626470942727,0.0111185981991744,2.150295028802716,0.0038305908403795,3.8674993887037745
2923,2923,Day1,DSM319,Stationary,1.8751373513601295,0.0209331250180923,1.3328723952814114,0.003553986140942,6.7664288633833864,0.0087224169094988,1.6688870074816178,0.002857743093958,4.054455953608301
2924,2924,Day1,DSM319,Stationary,3.302567264978875,0.0149513846932747,1.2968697560267948,0.0035459316355836,13.039253995157084,0.0254984591642729,3.727866573794451,0.0107054905768034,3.4977791551924917
2925,2925,Day1,DSM319,Stationary,2.438875533396398,0.0155324253971567,1.383490849332035,0.0035766560620898,9.484785931041367,0.0141562660415072,2.6010103881031172,0.0053373321854969,3.6465774894342107
2926,2926,Day1,DSM319,Stationary,2.5025331972553655,0.0159090488052352,1.026447440377323,0.0014965817162536,6.869323334668549,0.0088912288312453,1.7504158959163858,0.0028446976877425,3.924394968472501
2927,2927,Day1,DSM319,Stationary,1.8989725433422495,0.0208638156799681,1.205534906954339,0.0024568772535254,6.398200039684419,0.0081962748728074,1.4813516659474213,0.0022881175061642,4.319163495585197
2928,2928,Day1,DSM319,Stationary,3.438687856472538,0.0148879209363777,1.2994286078030983,0.0033909092275391,12.205225395666892,0.0197500995663961,3.574154739612098,0.0088550726294581,3.4148564583388805
2929,2929,Day1,DSM319,Stationary,2.760182310190782,0.0130720826998526,1.1899483556764971,0.0023942159818789,9.282410207298849,0.0125634889948963,2.5227192039138617,0.0050727709792472,3.679525724820144
2930,2930,Day1,DSM319,Stationary,2.4475152237179216,0.0146518357544213,1.314709335413601,0.003205279548754,8.13645661796652,0.0111663483409848,2.225596409528079,0.0044875983934681,3.655854486075395
2932,2932,Day1,DSM319,Stationary,2.443771880735688,0.0160667359025116,1.2862716181085978,0.0031982758382809,7.891957950027502,0.010310167961136,2.0915695546613944,0.0040389397979357,3.7732228088896314
2933,2933,Day1,DSM319,Stationary,2.8747377427443306,0.0133861459308989,1.3861167001093797,0.0035634895104414,11.139792605197655,0.0180277260311231,3.150180763718859,0.0071318898352076,3.5362391687157917
2934,2934,Day1,DSM319,Stationary,1.8397025561318048,0.0217168105756084,1.3566717825331716,0.0036126796219139,7.110388356619343,0.0087813222348478,1.7581561109478248,0.003049689088146,4.044230379966726
2935,2935,Day1,DSM319,Stationary,3.204677365175549,0.0141629418965466,1.4805394472117903,0.0040311362080598,12.966841482516488,0.0217068449667671,3.9372615101296673,0.0112594730775593,3.2933655661824317
2936,2936,Day1,DSM319,Stationary,3.4542923277035387,0.0152690365046611,1.398895349730778,0.0036079903459674,12.86865229649544,0.0240949530844361,3.8041128250813143,0.0090830813868815,3.38282613797617
2937,2937,Day1,DSM319,Stationary,2.6967498274783503,0.0133470159744499,1.2096057968108374,0.0030110112487083,9.869288710311949,0.0152786703160066,2.6193895337516113,0.0055806791349658,3.7677819900947283
2938,2938,Day1,DSM319,Stationary,2.0300712783681547,0.0195517415421942,1.084075812544696,0.0018725164136584,5.9559045560265975,0.009841290648999,1.3449217166131826,0.0022631390877039,4.428439575669069
2939,2939,Day1,DSM319,Stationary,2.654046426697211,0.0132839594758579,1.2235100080047896,0.002866723327627,8.318381757574382,0.0118658366294964,2.226036448683513,0.0043515277807184,3.7368578409818523
2940,2940,Day1,DSM319,Stationary,4.046226080832069,0.0201961997476537,1.3146363201315807,0.0036030976176613,13.2151749152989,0.0251001016195794,3.801284109000657,0.00933785559291,3.4765028175631736
2941,2941,Day1,DSM319,Stationary,2.4467867974608652,0.0140241306306153,1.3061926095425431,0.0032853091162516,8.851448199389388,0.0117950316728101,2.404787090590766,0.004975072195677,3.6807616915537085
2942,2942,Day1,DSM319,Stationary,3.3897565124261537,0.013837080190938,1.3063968520721696,0.0031585716224906,12.848792518754232,0.023947678375127,3.697541339151556,0.009464426808752,3.4749557449714783
2943,2943,Day1,DSM319,Stationary,2.8607183270829064,0.0134107342573966,1.3065530915897303,0.0030497618314583,10.96503508105764,0.0175075670802103,2.992774688544885,0.0068473256971447,3.663835811973183
2944,2944,Day1,DSM319,Stationary,2.635356968885799,0.0155556032781383,1.412726021155373,0.0036907983902514,10.618560829855989,0.0160416577798591,3.1266379714902013,0.0065930853153607,3.3961593656444427
2945,2945,Day1,DSM319,Stationary,2.5781552096588647,0.0139325684623963,1.3070044295787184,0.0031369945323622,8.561356453578803,0.0126994816181339,2.277853571058553,0.0046663111137555,3.758519231594071
2946,2946,Day1,DSM319,Stationary,3.8697358690793937,0.016888660943918,1.146243341200169,0.0022560999917264,8.535574518338152,0.0111527726195534,2.2932782032473895,0.0044290947224852,3.7219969675948508
2947,2947,Day1,DSM319,Stationary,2.7186741059479655,0.0133809869364686,1.2373515649554947,0.0028301485058598,8.862008781388372,0.0121360499909744,2.297492633930523,0.0046940828696869,3.8572523152021403
2948,2948,Day1,DSM319,Stationary,2.7102744300567565,0.0148248953322231,1.2173094030086682,0.0028813932715693,8.974990779588534,0.0125316366094012,2.400672182825335,0.0048271339708451,3.7385324176272694
2949,2949,Day1,DSM319,Stationary,3.6947727951013527,0.0159016828918609,1.197650225307644,0.0024532225075252,8.612775376036803,0.0118504238402722,2.400170969066823,0.004964784010334,3.5884007793767356
2950,2950,Day1,DSM319,Stationary,2.1087243921875745,0.0184272019502914,1.359528803351164,0.0035005159860922,8.113471695559968,0.0110599877078171,2.100511535054514,0.0041635850726537,3.8626170626334604
2951,2951,Day1,DSM319,Stationary,2.145380643777113,0.0187475544102267,1.3847774884794135,0.0036595365355902,8.697175479243306,0.0113338195424575,2.309785794881532,0.0046486404127724,3.7653601898999387
2952,2952,Day1,DSM319,Stationary,3.0068683840346595,0.0139292501853063,1.2224777512155114,0.002819651866601,9.475320418776496,0.0133752799237636,2.526682587647504,0.0048366551044699,3.750103184744942
2953,2953,Day1,DSM319,Stationary,2.1053640819718757,0.0182805897498679,1.3474094401228,0.0032759285579795,8.01333440621573,0.0110516174554507,2.118275427980659,0.0039793261598663,3.782952065801377
2954,2954,Day1,DSM319,Stationary,2.5694854557835836,0.0148186542147444,1.2704221161889746,0.0031562167586415,8.798736952472275,0.0123460023835047,2.2660522874010223,0.0042565103036247,3.8828481590615507
2955,2955,Day1,DSM319,Stationary,3.1062444851902966,0.0131297586826231,1.3502644247775482,0.0037612468604543,10.985317316821964,0.0180944550747081,3.1060741543735566,0.0067196963789353,3.5367208800710426
2956,2956,Day1,DSM319,Stationary,2.8759263257051852,0.0129997027046092,1.336118182158668,0.0032236035064884,10.059597344682956,0.0152046968677725,2.806940374275522,0.0063113717839485,3.583830079496919
2957,2957,Day1,DSM319,Stationary,2.7590659829153803,0.0131508860062294,1.3164410619728928,0.0032211199517076,9.726093411300717,0.0139376772091149,2.70409243792271,0.0057926735432895,3.596805077703751
2958,2958,Day1,DSM319,Stationary,2.4141318836816064,0.0161078923769814,1.3253131472789943,0.0033163726230073,8.461880374131905,0.0120080295545815,2.236729539618179,0.0044033452423397,3.7831486660548106
2959,2959,Day1,DSM319,Stationary,2.3044240256828057,0.016034546237134,1.2931408805910394,0.0031733125514631,7.889466330809766,0.0107366797243314,2.0233829324210157,0.0038873777513136,3.899146426707213
2960,2960,Day1,DSM319,Stationary,2.3403927104674667,0.0159437181324127,1.281799278624837,0.0029881363183203,8.012478632066319,0.0110897458555766,2.086147945414071,0.0037404021212992,3.84080076855525
2961,2961,Day1,DSM319,Stationary,1.9361437003681536,0.0208829402787708,1.159749202300996,0.0025020151877268,6.696132054255498,0.0091722413988781,1.6713132892654463,0.0029461062242526,4.0065091908642065
2962,2962,Day1,DSM319,Stationary,2.3009643722764075,0.0167828688659256,1.279241983334682,0.0031555617145668,7.742468141531959,0.0114481623447339,2.010435914513572,0.0037764219823873,3.8511389921151804
2963,2963,Day1,DSM319,Stationary,3.630897857173277,0.0164926966903296,1.0668662277772198,0.0017740487152339,9.371904968061704,0.0135577098617754,2.3699949454089073,0.0048084903002686,3.954398715582375
2964,2964,Day1,DSM319,Stationary,3.242619900547539,0.0131250341072739,1.2725688554413843,0.0030912856129721,12.053990224662265,0.020428011856717,3.4273262684413823,0.0079277875440212,3.51702443261813
2965,2965,Day1,DSM319,Stationary,2.119324842974134,0.0181028032723511,1.339932026896603,0.0034133017317203,8.371421492284579,0.0119356203483325,2.1729443701203928,0.004384508611329,3.852570552379469
2966,2966,Day1,DSM319,Stationary,3.0141594915047216,0.0129327191074951,1.1642720174651873,0.0023666925707816,9.232415420854954,0.0129478425221374,2.437068601224705,0.0049837901581293,3.7883280824410805
2967,2967,Day1,DSM319,Stationary,3.33086112508606,0.0154372633162602,1.3120133455861556,0.0032553693116394,12.002131977846805,0.0194312567439451,3.36374462186552,0.0086412246235613,3.5680865603853325
2968,2968,Day1,DSM319,Stationary,4.414503275137728,0.0265849588575091,1.321067772685233,0.0033114998241856,11.63922579490376,0.019535397199422,3.339324124493231,0.0076186176895854,3.4855034614736917
2969,2969,Day1,DSM319,Stationary,3.851701475942415,0.0166232141398711,1.291575017969722,0.0032300592120353,13.037538137089756,0.0237307435315569,3.640937542376153,0.0093075016039669,3.5808189471388685
2970,2970,Day1,DSM319,Stationary,2.1247272843550262,0.0179955757906073,1.1181824391425403,0.0021840888806739,5.822731849877465,0.0095375812571876,1.364237266709711,0.0024522693254183,4.268122556071806
2971,2971,Day1,DSM319,Stationary,2.5080226510082695,0.0154519807358071,1.3729877365031846,0.0035919155648092,9.023339107082872,0.0119821366977512,2.5240227518959406,0.0051192697235309,3.5749832683976073
2972,2972,Day1,DSM319,Stationary,2.476415621326465,0.0153745069488467,1.2037178007998814,0.0026506677582339,7.801315549382528,0.0099005306041543,1.9522681634263608,0.0034852020435634,3.996026619463332
2973,2973,Day1,DSM319,Stationary,2.2799821626386247,0.0168136087093982,1.26514377053642,0.0030307050571206,7.977596389613902,0.0102932112942546,2.014097479997746,0.0034492549195388,3.9608789886489655
3708,3708,Day1,QMB1551,Exponential,4.723292310343019,0.0277452296301173,1.3389077175042083,0.0032559175203443,17.39966462742929,0.0409327901810687,5.371225342247024,0.0155229055179514,3.239421829982324
3709,3709,Day1,QMB1551,Exponential,4.346545891457777,0.0233835105468567,1.3078589822855102,0.003155666055145,16.309388610083445,0.033530358769373,4.760617061681997,0.0132757514380698,3.4258980293451904
3710,3710,Day1,QMB1551,Exponential,3.930028483685678,0.0167851393424969,1.2372403000207417,0.0025199831628658,13.61751788286542,0.0256025484497495,4.101649078194457,0.0103404284283205,3.320010469754726
3711,3711,Day1,QMB1551,Exponential,5.479591215111538,0.0367473660136057,1.4028991676800942,0.0037970945408786,21.91224164818872,0.0532387160670779,6.940579610608598,0.0194257522927899,3.157119848419591
3712,3712,Day1,QMB1551,Exponential,4.853137360020324,0.0301560584791573,1.4077736172494877,0.0041418262797808,20.275453885071386,0.0450474835932621,6.472439242370364,0.0194659585753711,3.132583115240804
3713,3713,Day1,QMB1551,Exponential,5.0114031317380325,0.0349644689300318,1.4239662084256175,0.0040320690207315,20.368793130669843,0.0492297237862091,6.482521892651363,0.019879830223982,3.142109424074613
3714,3714,Day1,QMB1551,Exponential,6.754117851958815,0.0574384315617108,1.2605720036244763,0.0028517121770755,18.377605782677517,0.0417653210184321,5.268392351996505,0.0136568099471415,3.4882758448529665
3715,3715,Day1,QMB1551,Exponential,3.9248729534524767,0.0181564501708658,1.2526026115473303,0.0028640867766166,13.262458900001215,0.0265571207310849,3.808066556266171,0.0091527310427991,3.4827277055275854
3716,3716,Day1,QMB1551,Exponential,6.407863823846119,0.0523596269817308,1.3948413894969058,0.0037449031356683,25.305240136826423,0.0662124931614884,8.077486916358477,0.0236109190029504,3.1328110337855706
3717,3717,Day1,QMB1551,Exponential,5.146837422272419,0.0317380807100194,1.3843705442274483,0.0038077081333423,20.97688188810846,0.0518811374979589,6.714927947047656,0.0196058649955049,3.1239176434248024
3718,3718,Day1,QMB1551,Exponential,5.880419233252182,0.0472406377015644,1.393080438805855,0.0034517599784014,21.497372494375863,0.0526867409356683,6.876406909190477,0.0203825194565962,3.126250784496788
3719,3719,Day1,QMB1551,Exponential,5.759803939862504,0.0420720443389911,1.3682523792475998,0.003644945730816,22.831285565221755,0.0564318338769058,7.11048034870976,0.0239635797986077,3.2109343455768964
3720,3720,Day1,QMB1551,Exponential,7.485062819152069,0.0670047479203484,1.141582424350725,0.0022102121509426,26.078811976145374,0.0600924163807078,7.05383082494305,0.0199950169724065,3.697113330805736
3721,3721,Day1,QMB1551,Exponential,7.076473261076043,0.0560135873658174,1.2451680561894032,0.0028907548262967,26.3960068919024,0.0678530158841061,7.81878929110114,0.0232433160857625,3.3759711266224675
3722,3722,Day1,QMB1551,Exponential,6.719617315584371,0.0552592955298365,1.328872076202128,0.0036397604554915,26.36432322919175,0.0671887220863068,8.131839260407716,0.0246180065622739,3.2421107187342373
3723,3723,Day1,QMB1551,Exponential,3.798178571022156,0.0175415076171647,1.1366217488659984,0.0018764488060782,12.890820735439956,0.0229329275027907,3.280933205227018,0.0078216995137375,3.929010415360772
3724,3724,Day1,QMB1551,Exponential,4.131844186031188,0.0196704278894927,1.1092163029602715,0.0021807509816745,13.939615793288054,0.0304363628329678,3.5061424514809905,0.0090887807758511,3.975769948365896
3725,3725,Day1,QMB1551,Exponential,4.890658948073953,0.0301909538569962,1.3218044395752688,0.0032427900887137,18.25254389816113,0.0437650815152071,5.454603554212948,0.0161486499763553,3.3462640715773913
3726,3726,Day1,QMB1551,Exponential,5.309704415557485,0.0349637677961388,1.352982190408216,0.0033644429542402,20.91571109095125,0.0486485686573716,6.476593798951393,0.0193317880969248,3.2294307378575526
3728,3728,Day1,QMB1551,Exponential,4.240848163349743,0.0218715918904673,1.3464544768438085,0.0034316508004605,15.80200513687249,0.0335529698256237,4.663149137828326,0.0130868384697247,3.3886982101180743
3729,3729,Day1,QMB1551,Exponential,4.894142003045532,0.0295783544239688,1.303261700271244,0.0031768979018873,16.642977091605026,0.0362842120512818,4.915195104855597,0.0143549805598289,3.3860257297139333
3730,3730,Day1,QMB1551,Exponential,4.45597174372021,0.0232508404363257,1.2425919780246395,0.0028526926959392,14.139385962021413,0.0282490086643575,4.081718385047244,0.0102561433009468,3.4640768000602167
3732,3732,Day1,QMB1551,Exponential,7.895796882418531,0.0707002818985942,1.3903479315033047,0.003554183297291,25.12765336686912,0.0599124141877348,8.124903531527544,0.0255120028973862,3.0926709799525374
3733,3733,Day1,QMB1551,Exponential,6.6690918907841095,0.0542509596999192,1.3950257049761694,0.0034161461440041,24.518333458136183,0.0606319772531915,7.800257421509675,0.0251914018220718,3.1432723477209117
3734,3734,Day1,QMB1551,Exponential,10.05926716910468,0.1105207262738608,1.3469651846052426,0.0034776961033514,23.23320667898503,0.0527074062103864,7.598726245138849,0.0239549956788784,3.057513315978196
3735,3735,Day1,QMB1551,Exponential,5.3026599705096995,0.0377622326384351,1.2266947008262887,0.002675497589158,18.291243680387037,0.0368121604482149,5.120410974868379,0.0147945727421138,3.5722217943369707
3736,3736,Day1,QMB1551,Exponential,4.229466043322325,0.0219162077755911,1.2822787648019882,0.0029462699535694,15.171614933678816,0.029948309094024,4.308786891287327,0.0109245397494378,3.5210873307187454
3737,3737,Day1,QMB1551,Exponential,8.063604507409334,0.0762204852710845,1.23904438236485,0.00290540002343,31.212982899709424,0.0793727069170139,9.160288257940184,0.0291900533866235,3.407423655325896
3738,3738,Day1,QMB1551,Exponential,6.555166383546022,0.0508260394135024,1.3157670201347496,0.0032185516132656,22.220285156064794,0.057429205000208,6.7500223535533665,0.021184044625721,3.29188319567083
3739,3739,Day1,QMB1551,Exponential,6.517785468326596,0.0523775726878861,1.295928576441669,0.0031730033811305,24.108462892807314,0.0567880753364599,7.221140132485226,0.0226243965049948,3.338595076468922
3740,3740,Day1,QMB1551,Exponential,4.7185683992628515,0.0274337355617735,1.2571676976207782,0.0028318449532668,17.284002257712558,0.0370839049487941,4.932585707987965,0.0138337730405008,3.504044994032718
3741,3741,Day1,QMB1551,Exponential,4.831554962874292,0.032092693608686,1.2477234735611191,0.0029415687275322,17.74337635624965,0.0363185618583877,5.066752956777944,0.0139476169106825,3.5019225345324596
3742,3742,Day1,QMB1551,Exponential,4.631189018649437,0.0268075486531482,1.257181224026147,0.0029036590210781,15.315846087269026,0.0299891205228432,4.292226028304034,0.0107290693948018,3.568275758609269
3743,3743,Day1,QMB1551,Exponential,4.122366281270421,0.0212876213641186,1.191280483800646,0.0026067283958952,13.365147109284596,0.0261567529663462,3.6406791908748217,0.0089146057534565,3.671058725191624
3744,3744,Day1,QMB1551,Exponential,5.2535392848713975,0.0323892373232594,1.307166522466077,0.003195238981753,18.12372756151929,0.0422413548587146,5.343323993158248,0.0143452033603652,3.391845148212134
3745,3745,Day1,QMB1551,Exponential,7.225820660200827,0.061907851123124,1.2539897718239927,0.0030964747259663,24.545223547176807,0.0572496809670296,7.17993886600858,0.0222015766736709,3.418583919060833
3746,3746,Day1,QMB1551,Exponential,5.560963250301683,0.0381789103867478,1.3303783279424006,0.0033515452252501,20.88237940918106,0.0483289144352785,6.334233640809145,0.0190866383596138,3.2967491559900073
3747,3747,Day1,QMB1551,Exponential,4.367408410154318,0.0238693466413727,1.3388095897916923,0.0036177179106479,17.81193358326746,0.0380004309637031,5.31051122146457,0.0146559380391301,3.354090188393418
3748,3748,Day1,QMB1551,Exponential,4.564165862271216,0.025575138726005,1.2732700236039158,0.0032523845891312,16.157149013066654,0.0350123586406059,4.60118007186976,0.0128852418793332,3.511522861677732
3750,3750,Day1,QMB1551,Exponential,5.984429183451621,0.0437805497266381,1.3414642465735471,0.0036277414613023,21.397935783271173,0.0481059248530996,6.745843274091216,0.0210044694680008,3.172017924794414
3751,3751,Day1,QMB1551,Exponential,4.932505548094551,0.0295975820007512,1.3367911237534742,0.0035260023718036,16.9065262857883,0.036070631604474,5.388974930740405,0.0148044819944551,3.137243446680029
3753,3753,Day1,QMB1551,Exponential,8.05820969971927,0.0719494890485726,1.3613582459692797,0.0034835662721173,29.06681151516601,0.0734042956285121,9.227581814608309,0.0302215403519409,3.1499922839101733
3754,3754,Day1,QMB1551,Exponential,4.566491990911957,0.0270418582734065,1.3889634012171592,0.0036872647676026,17.671627222993017,0.0377936721101447,5.5461828887270945,0.0156714450265662,3.1862683899067807
3755,3755,Day1,QMB1551,Exponential,7.608369620436379,0.0661337498953652,1.3721205588330954,0.0035411776994788,29.70291494775255,0.0788507278895032,9.67124764347227,0.0325427379116566,3.0712598873218706
3757,3757,Day1,QMB1551,Exponential,5.146054989327188,0.0352564892691711,1.281107228920446,0.0031494761762858,18.713266251268287,0.0407871788672316,5.608637930052064,0.015150987126428,3.3365081655564413
3758,3758,Day1,QMB1551,Exponential,5.980474380413965,0.0463888605052203,1.3886241756814115,0.0038411431888237,23.32664596972613,0.0580042533748954,7.493988367646525,0.0233474990491622,3.1127144619590363
3759,3759,Day1,QMB1551,Exponential,5.299290838177095,0.0339758571437786,1.1800242007777246,0.0024048810964229,17.980391883760618,0.0407828465366333,4.910711168918968,0.0131648315031544,3.6614639438708383
3760,3760,Day1,QMB1551,Exponential,5.915488713264145,0.0410069046591756,1.3852542678999713,0.0039749404079798,21.1952235687246,0.0514743273792258,6.832932279378647,0.0192925997569795,3.1019220888066505
3761,3761,Day1,QMB1551,Exponential,6.102156122079105,0.0484507364068026,1.3488363367416418,0.0034673819345601,25.05538080908899,0.0583652116360266,7.789868895185491,0.024652526940836,3.216405968600371
3762,3762,Day1,QMB1551,Exponential,5.688246557777575,0.0427963246101078,1.3610500518876103,0.003443911988501,20.61250286990082,0.0494246855642398,6.331843985392279,0.0185404020421414,3.255371250058336
3763,3763,Day1,QMB1551,Exponential,8.508760737193384,0.0833872027289701,1.3960144060689428,0.0038011743967707,27.493971264686714,0.0711211945180306,8.839663283404462,0.0262079250509774,3.1102962164072188
3764,3764,Day1,QMB1551,Exponential,6.515476390001686,0.0516999360518667,1.341706774314404,0.0036261042218619,25.581322663752967,0.0644351652592188,7.930429992891889,0.0232920307725396,3.2257169770972975
3765,3765,Day1,QMB1551,Exponential,5.771983788410867,0.0407752626231023,1.342229576189418,0.0035336800796,20.259896595947737,0.0458075002396028,6.134083720618785,0.0180152948540393,3.3028399217713953
3766,3766,Day1,QMB1551,Exponential,4.026382752124653,0.0199195273410508,1.1739628288978914,0.0026137382056537,13.50949029029983,0.0260714869287543,3.829055588320263,0.0092663936132761,3.528152041330431
3767,3767,Day1,QMB1551,Exponential,3.4770059822175345,0.0154301065896875,1.308574204010543,0.0030797236832614,13.481891902285748,0.0248766040138346,3.8279860175738696,0.0101142608607939,3.5219281994217955
3768,3768,Day1,QMB1551,Exponential,6.5695556178609325,0.052787450229905,1.2247336840356051,0.0027968508045909,24.99736164657071,0.0620147112481793,7.1585705537923365,0.0200155207475731,3.4919487708796924
3769,3769,Day1,QMB1551,Exponential,6.167866652407071,0.0466799585481439,1.1476988319233483,0.0023801461151669,20.99688346642642,0.0496617143798419,5.631337722048784,0.0158073807740431,3.7285782708815005
3770,3770,Day1,QMB1551,Exponential,5.586284162427215,0.0388466303724842,1.1563200810010934,0.0023374867960497,17.231740814694646,0.0399339708165757,4.935655821686076,0.0132572551728552,3.491276830726841
3771,3771,Day1,QMB1551,Exponential,6.991444212800761,0.0519310461708796,1.133346274340122,0.0023399105738403,19.978992682423872,0.0428344215811459,5.437832816101446,0.0144961367780674,3.6740726237971106
3772,3772,Day1,QMB1551,Exponential,5.198363190647957,0.0335711818453236,1.080873453956538,0.0020685431789101,14.945233602444084,0.0292300963567982,3.9014107348259417,0.0099174088645702,3.830725503735216
3773,3773,Day1,QMB1551,Exponential,5.47306953939148,0.0415600069798064,1.226972474768794,0.002623153087304,18.943283255334507,0.0421236470008689,5.463985548190843,0.015881498183562,3.466935094952207
3774,3774,Day1,QMB1551,Exponential,4.933089744452358,0.0300578997968212,1.2745246131908956,0.0028019865751941,19.023538496315716,0.0423895220723883,5.582300050570174,0.0161352950281194,3.407831597008595
3775,3775,Day1,QMB1551,Exponential,5.93422215101035,0.0442082126125909,1.309599463908331,0.0031195199109515,21.372304849728636,0.0493244520312033,6.495394283519453,0.0180200329030122,3.2903783691708863
3776,3776,Day1,QMB1551,Exponential,6.5954313650079,0.0518329577850844,1.1814694466392557,0.0025711560922246,21.98064337937321,0.0507712245668372,6.3147232249310985,0.0178349726294185,3.4808561826734765
3777,3777,Day1,QMB1551,Exponential,5.102572282610388,0.0289199448099999,1.406378628316569,0.0037978118738814,19.870777870397877,0.0452894043237461,6.2240116840822415,0.0183430253582269,3.19259970562345
3778,3778,Day1,QMB1551,Exponential,5.8159303374084645,0.0393060000588067,1.2071701182172745,0.0027635598728165,17.973906066514367,0.0424881777888904,5.235171226684574,0.0143644359656399,3.4332986044273506
3779,3779,Day1,QMB1551,Exponential,6.115924471651366,0.0452048034987674,1.186582830282702,0.0025906291363293,19.19501697049648,0.0453713406550172,5.328523443763026,0.0144148400912702,3.602314444719957
3780,3780,Day1,QMB1551,Exponential,4.0768571812083,0.0202270711061428,1.2269383413494033,0.0028528116436223,13.816957287256184,0.0279390480496993,3.7659226588732673,0.009681591781389,3.668943453923746
3781,3781,Day1,QMB1551,Exponential,4.609284823810276,0.0259667403219894,1.1642817917006514,0.0023651730007112,14.994935822136734,0.0312604020258385,4.079963030487124,0.0117022067084119,3.675262670295918
3782,3782,Day1,QMB1551,Exponential,7.651891831972573,0.0709805059022775,1.238881585752477,0.0030160866604402,25.49404196906137,0.0670998433517431,7.395563641945526,0.023504349381406,3.447207434530945
3783,3783,Day1,QMB1551,Exponential,6.53555716347933,0.052285849650576,1.1994237737679685,0.0027009384171403,24.618115808651,0.0640489757225837,6.979926586394217,0.0212800125427956,3.5269877847481137
3784,3784,Day1,QMB1551,Exponential,6.38752715879031,0.0500659087915587,1.2066031230266807,0.0027426528471774,22.00049596210107,0.0513993187236702,6.213003275908476,0.0186040623408733,3.5410404574242107
3785,3785,Day1,QMB1551,Exponential,7.827858248255674,0.0691961046815211,1.19029777509907,0.0026597404036625,29.393382899730575,0.0812100311073433,8.3008823287587,0.0245224146987478,3.5409950093975144
3786,3786,Day1,QMB1551,Exponential,6.155948084533739,0.0472825341041588,1.2247470574011865,0.0027842738763168,22.18490024364209,0.0546961556592474,6.303732173803681,0.0178824529382207,3.5193278572074376
3787,3787,Day1,QMB1551,Exponential,5.084573956950392,0.0308454728924572,1.2531400903307397,0.0028676401093568,18.97172218030104,0.0431487006248904,5.423046712668187,0.0150413738209157,3.498351237872112
3788,3788,Day1,QMB1551,Exponential,5.160227303164687,0.0345078210809431,1.229805894088825,0.002901003058002,18.7672374206921,0.0393032969047434,5.271587734987139,0.0143236246248795,3.560073048985855
3789,3789,Day1,QMB1551,Exponential,5.829497894398378,0.0404115294782845,1.2043498813757672,0.0024923942624476,22.04221336098587,0.0511725794252065,6.178593663983281,0.0182051945990258,3.5675130231457013
3790,3790,Day1,QMB1551,Exponential,7.432415273458632,0.0683871378789177,1.2169795529613947,0.0027769679251464,24.347180561106025,0.0581644135672193,6.9537750250855135,0.022710632983964,3.501289655370554
3791,3791,Day1,QMB1551,Exponential,6.353044700699267,0.0467325169028074,1.1878170260711831,0.0025229842744269,22.5344703234606,0.049934797594958,6.320974822810898,0.0177190070020725,3.5650308623503837
3792,3792,Day1,QMB1551,Exponential,6.790012186875669,0.0585321235422545,1.267120926804515,0.0029890482173048,23.838340058219817,0.0629078706291609,7.021177296557132,0.0197100044411581,3.395205540516554
3793,3793,Day1,QMB1551,Exponential,7.215650931100714,0.0579526098294901,1.2333279735531404,0.0027189446783222,27.01810797608224,0.068578105839869,7.916978575662073,0.0267146991676834,3.41267918283116
3794,3794,Day1,QMB1551,Exponential,9.434895267771696,0.1044021322156568,1.24690739142225,0.0028526903413992,31.524164607447503,0.0900644475042167,9.32837196895795,0.0317707250066586,3.3793854610805143
3795,3795,Day1,QMB1551,Exponential,3.8109497272084583,0.0177397031175359,1.2777085490350255,0.0031306620340188,12.045050557725174,0.020828739961655,3.40937239350084,0.0083243129053439,3.532923121183889
3796,3796,Day1,QMB1551,Exponential,6.365549899090183,0.0540239273716321,1.240978875630933,0.0024462839327999,12.745397872818122,0.0241600280569808,3.6214397121706416,0.0086167009062541,3.519428427866525
3797,3797,Day1,QMB1551,Exponential,3.95793561423624,0.0189414168544304,1.3774671856927043,0.0036576653806409,14.46039670121795,0.0271527224970445,4.293248001825651,0.0109901002336463,3.3681717653088863
3798,3798,Day1,QMB1551,Exponential,3.952439900411355,0.0195549125886284,1.3834931241722654,0.0034620106575412,15.79186053369738,0.0324516496529622,4.7621306026797505,0.0138470730455993,3.316133439265813
3799,3799,Day1,QMB1551,Exponential,5.242258557172893,0.0355216044954693,1.3143205427304512,0.0033707634718462,20.91625372936165,0.0501764629834118,6.275022239526379,0.018515317729673,3.333255713041162
3800,3800,Day1,QMB1551,Exponential,4.287718474128589,0.0217751686888601,1.1511230697893866,0.0024388765511628,13.603728413777354,0.0263577146830071,3.858856900455147,0.0090673148952879,3.5253259617304833
3803,3803,Day1,QMB1551,Exponential,5.124884186597524,0.0340412657665891,1.230989833750356,0.0028764391292913,19.94710586311952,0.0471878297317747,5.656926924766636,0.0152410227306752,3.5261381538780254
3804,3804,Day1,QMB1551,Exponential,5.011762515675301,0.0299405766269341,1.2637762760456894,0.0029860168250865,18.429289458502243,0.044015861970706,5.541190684235514,0.0168517978671469,3.3258717320327746
3805,3805,Day1,QMB1551,Exponential,5.962472793200819,0.045001432595252,1.2520952371216711,0.0026753359872723,20.658864937027506,0.0501173377464191,6.0646443879479,0.015849351974211,3.4064429198985344
3806,3806,Day1,QMB1551,Exponential,5.346395395797903,0.0344448192575258,1.2790953054985408,0.0029969712152608,21.401122484088926,0.047589866765014,6.280212175758565,0.0167915363169264,3.407706918994972
3807,3807,Day1,QMB1551,Exponential,4.350066861791838,0.0233696625123481,1.3299438111471755,0.0033918247617858,14.581544412101096,0.0273877028573676,4.2685508016853975,0.0111977583567337,3.4160409678956403
3808,3808,Day1,QMB1551,Exponential,4.5372660079208424,0.0249426116261467,1.362088943122746,0.0038010968051574,18.175499008086057,0.0420274548223016,5.500587875953809,0.0154620246931833,3.3042829999210586
3809,3809,Day1,QMB1551,Exponential,4.255105252246376,0.0212453323341378,1.4255436439147628,0.0038116775243791,17.199870918964248,0.0412505781080684,5.347948706634246,0.0159760071242841,3.2161622824892535
3810,3810,Day1,QMB1551,Exponential,4.941964930567365,0.0291897073217398,1.4208647554233511,0.0036783424447508,19.10474598668855,0.0428085732135216,6.203210269398795,0.0175930894679502,3.0798159593161993
3812,3812,Day1,QMB1551,Exponential,4.202233103340772,0.020203445424576,1.417151525570661,0.0042177790580611,15.515117502312943,0.0301522393685023,4.841114840207889,0.0142555921005145,3.2048645847960686
3813,3813,Day1,QMB1551,Exponential,5.059514783828154,0.0322181724364666,1.4879462861772013,0.0042907691439288,21.804106972302336,0.0530204913387929,7.273114053880642,0.0214092552261219,2.9979052728684406
3814,3814,Day1,QMB1551,Exponential,4.400112157733495,0.0239339027949672,1.4600390921853663,0.0043244594171289,18.598639124142423,0.0430338253268752,5.9393444018276655,0.0165574231837777,3.1314296437194677
3815,3815,Day1,QMB1551,Exponential,4.408130524363416,0.0244974827379044,1.3967678111198134,0.0035776306958294,17.68325467567917,0.0399836432028375,5.589060759057819,0.0164750470774873,3.1639045338737986
3816,3816,Day1,QMB1551,Exponential,4.726234992676964,0.0272136596777196,1.4280885623684445,0.0040388319379174,18.365615360138943,0.0411193280697474,5.764202972867517,0.0172230139042071,3.1861500100858873
3817,3817,Day1,QMB1551,Exponential,4.3329651265719855,0.022893257955826,1.3947884915130848,0.0037391364661301,17.13959205112062,0.0361197598404676,5.329636312151654,0.0153393677499031,3.2159027459419853
3818,3818,Day1,QMB1551,Exponential,4.995942108891788,0.0324738950775468,1.3656416608873585,0.0037775425496308,19.926359813099108,0.0496682291973564,6.123141034596709,0.016848903067769,3.254270920841451
3819,3819,Day1,QMB1551,Exponential,5.145726747243267,0.0317014806872878,1.3471445037011684,0.0033320368281926,18.29976512686946,0.0432259232168307,5.7071991164333555,0.0161904027494135,3.206435372856883
3820,3820,Day1,QMB1551,Exponential,6.353721633236409,0.0508730948283959,1.2022793654972674,0.0024896119374534,20.058943262621703,0.0444543630590884,5.685640550365602,0.0167074131295202,3.5280005981616016
3822,3822,Day1,QMB1551,Exponential,4.99595786249593,0.0299414477025386,1.2534494825372648,0.0028713445048788,16.491720699653058,0.0377132919113931,4.683149787357266,0.0125821345548479,3.521501862736586
3823,3823,Day1,QMB1551,Exponential,6.159653933320016,0.0499940756887923,1.2085825705042816,0.0028080103055063,21.229777961171248,0.0537358688519999,5.9554215996438415,0.017068884449288,3.5647817045296804
3824,3824,Day1,QMB1551,Exponential,4.452682627147629,0.0238342691220146,1.3761518917250373,0.003368166971265,16.2173396549539,0.0355004167223267,4.882128902931145,0.0125826350378758,3.3217762122620917
3825,3825,Day1,QMB1551,Exponential,5.316343329925253,0.036503551515254,1.2458207484523696,0.0027635330456873,20.35148377207942,0.0433999908847418,5.84334471222318,0.0172751523086746,3.482848398368136
3826,3826,Day1,QMB1551,Exponential,5.719344205912923,0.0397693816172241,1.3189054753952272,0.0034507782000715,22.16748057124194,0.0532819657173574,6.701439714782162,0.0206579396983717,3.307868385705909
3827,3827,Day1,QMB1551,Exponential,5.720614121331224,0.040906992584864,1.349154500046876,0.0035335309353054,23.94699685401225,0.0638193092392363,7.426482402225913,0.0235622917607109,3.2245409814523636
3828,3828,Day1,QMB1551,Exponential,5.430219307306684,0.0360385236242969,1.3457010017116544,0.0032584974487528,20.027171556696427,0.0483802442674533,6.085000847888019,0.0182538903231927,3.2912356230233644
3829,3829,Day1,QMB1551,Exponential,5.7446130825569055,0.0394864162559184,1.2528702331730432,0.0029997899321291,19.35716628734553,0.0451156121033363,5.659250010159187,0.0165248439102223,3.4204472770414043
3830,3830,Day1,QMB1551,Exponential,4.333575386331899,0.0232410412309445,1.298885174303861,0.0030679478442069,14.325500836453134,0.0264410068778817,4.340830219949348,0.0116016514642467,3.300175337569479
3831,3831,Day1,QMB1551,Exponential,6.520822992557927,0.0509055970634526,1.2542691144629314,0.0029718476297377,22.84172782785223,0.057158430363526,6.636887247102125,0.0194232485061445,3.441632647567676
3832,3832,Day1,QMB1551,Exponential,6.258291151329899,0.0493910776798402,1.305023811010432,0.0032960967022698,25.4488478870519,0.0662666259251593,7.742611059948569,0.0245324451187214,3.2868560347419735
3833,3833,Day1,QMB1551,Exponential,8.541492769646647,0.0801274202130812,1.172257907756476,0.0022824413073123,29.558895240504953,0.0788552494644104,8.271463191556238,0.0247884627250682,3.573599320453916
3834,3834,Day1,QMB1551,Exponential,4.586596128493975,0.0246721712619294,1.3258005200526064,0.003329595051197,18.292569218336094,0.0399596831238449,5.456959341302874,0.0153810110877707,3.352154207908879
3835,3835,Day1,QMB1551,Exponential,7.629569059191325,0.0655543217050531,1.2510890158820154,0.0029298555449285,28.69864030521329,0.0760579437488878,8.46936948592229,0.0254619463957604,3.388521465844171
3836,3836,Day1,QMB1551,Exponential,6.014404475771265,0.0441413211816819,1.3121868844402953,0.0033028645224908,24.10273473212819,0.0551283868337754,7.591676299041722,0.0225429101103591,3.174889679525801
3837,3837,Day1,QMB1551,Exponential,4.365149235460325,0.0232313197250152,1.199260960289333,0.0026067197326883,14.674983241957175,0.0294851631140419,4.187756967948284,0.0110571624695764,3.504258569509806
3838,3838,Day1,QMB1551,Exponential,6.070747556342114,0.0476696808446885,1.2118983856865044,0.0028118290812183,22.879829936992227,0.0529734444770167,6.469647157508762,0.0182167238181504,3.536488061862474
3839,3839,Day1,QMB1551,Exponential,4.465798739842903,0.0241456282277098,1.316804314855531,0.0034303048204955,15.23529104202117,0.0306680771950194,4.413250249446942,0.0131365387266895,3.4521702103637613
3840,3840,Day1,QMB1551,Exponential,3.77142204525976,0.0168108402954813,1.2989477964869365,0.0031842106303603,15.036939773689015,0.0321003481539541,4.298502522320761,0.0119076525032107,3.4981809817737584
3841,3841,Day1,QMB1551,Exponential,4.99281031783846,0.0300568756907101,1.1939236956488135,0.0025481092116904,15.62366890299484,0.0310027006964928,4.5008763020577005,0.0119418670827425,3.471250453128882
3842,3842,Day1,QMB1551,Exponential,5.387872699145666,0.0352646822881559,1.2642846138014625,0.0032239041657308,18.24219899213757,0.0400542466097985,5.514211806680045,0.0168527298061938,3.3082151414710883
3843,3843,Day1,QMB1551,Exponential,3.5514154199429693,0.014647354710239,1.1729796718334904,0.0022799858159595,11.955477519115142,0.0205887696855716,3.430528896085415,0.0084806101833033,3.485024578209374
3844,3844,Day1,QMB1551,Exponential,6.405234536990836,0.0516403547865613,1.3104260269428292,0.003174442536473,23.48266637423901,0.0556349696901425,7.127686964821805,0.0205443698565193,3.2945703830900612
3845,3845,Day1,QMB1551,Exponential,5.107348602753898,0.0309688487669365,1.2535128742962407,0.002653640726406,17.754835555393672,0.0353720608417148,5.03411802921106,0.01423894412825,3.52690092929271
3846,3846,Day1,QMB1551,Exponential,4.850055904402461,0.0323755578064401,1.2638063538252826,0.00318608553844,16.259198923533294,0.0343146004791933,4.622835352608014,0.0125528983070335,3.517148607587878
3847,3847,Day1,QMB1551,Exponential,3.896036032289356,0.0176899994610924,1.2288454511130318,0.002507724201356,13.687278983108463,0.0270432446177879,3.7380900975936022,0.0104520792204206,3.6615701135506757
3848,3848,Day1,QMB1551,Exponential,6.314518332376212,0.0456903753868274,1.336187776791509,0.0033273692083018,25.515856146127227,0.065560127190533,8.009670863029998,0.0237747738895113,3.1856310430806856
3849,3849,Day1,QMB1551,Exponential,7.265497098761721,0.0597590466239122,1.278680686257296,0.0031845543250219,28.248200108571893,0.0739789919262799,8.464389541893954,0.0248852337077991,3.3372991600586475
3850,3850,Day1,QMB1551,Exponential,4.695407002727399,0.0282611729769189,1.3414359094305273,0.0034211278218335,19.041480823148927,0.0436536044257889,5.735400272255735,0.0167625417165232,3.3199916168466315
3851,3851,Day1,QMB1551,Exponential,4.573671763209798,0.0258943035256452,1.1669486024784577,0.0024626140188613,16.735326979585246,0.0350437367198885,4.481625394847621,0.0130381646214465,3.7342092444462915
3852,3852,Day1,QMB1551,Exponential,4.877806152499139,0.0307548272553191,1.2364852850699164,0.0029539578017989,16.133992558474663,0.033469776683774,4.893261451052568,0.0133994231840021,3.2971858789609847
3853,3853,Day1,QMB1551,Exponential,4.364064700594842,0.0222126865099356,1.3482431334234697,0.0034293441661772,18.474098580974537,0.0429022804248193,5.563241551473411,0.0157420363957564,3.32074356470855
3854,3854,Day1,QMB1551,Exponential,7.705036691712164,0.0662275780944654,1.229012609413659,0.0026172442866,25.711511940464217,0.0722835325567456,7.394675657680271,0.0236629254286131,3.4770303838491796
3855,3855,Day1,QMB1551,Exponential,8.256244653858696,0.0770842744068708,1.1575333156855656,0.0022479716943307,30.26440127652468,0.08651235159944,8.367396937307358,0.0258187749119725,3.6169434178013087
3857,3857,Day1,QMB1551,Exponential,3.885862023726709,0.0189502408332561,1.2976145955335254,0.0031998880169222,15.684481757901956,0.03245265443938,4.498997459563525,0.0111822754365195,3.486217073664141
3858,3858,Day1,QMB1551,Exponential,5.083165442911257,0.0317820424617717,1.2921163652033651,0.0032471159111503,19.85765105894924,0.0469849790359008,6.0920855665438065,0.018154527508017,3.2595817708146515
3859,3859,Day1,QMB1551,Exponential,4.170852775246766,0.0235758191675762,1.3214237528363182,0.0032679393360712,15.988578931706076,0.0331943858360555,4.872030382146759,0.014394762560334,3.2817075587818976
3860,3860,Day1,QMB1551,Exponential,6.492744959054811,0.0503557253156475,1.2389844645747683,0.0028807681755057,21.648320438417013,0.0521411589359348,6.189784764128349,0.0185248162696984,3.4974270129513214
3861,3861,Day1,QMB1551,Exponential,10.560757313682734,0.1120258823530049,1.0693918613939055,0.0019383702428545,23.923706317030327,0.0608585090261321,6.337091578002104,0.0196962764210723,3.775187090569513
3862,3862,Day1,QMB1551,Exponential,6.421565766500635,0.0494340273963739,1.3226280528981325,0.0031131392521756,25.3514178298314,0.0616865588729894,7.746972741564891,0.0227645460377475,3.272428944252411
3863,3863,Day1,QMB1551,Exponential,7.482403111555826,0.0649698586756255,1.3233596862609178,0.0033443744335262,30.191819869676387,0.0793481332075163,9.348036184052368,0.0313859260811112,3.229750000452849
3864,3864,Day1,QMB1551,Exponential,4.709182019001401,0.0280230513281195,1.2568941283091124,0.0027425657219327,18.731655776412648,0.0421265033001081,5.363061173150453,0.0146650855187086,3.4927171575425096
3865,3865,Day1,QMB1551,Exponential,8.784166529555916,0.0841706420142988,1.239249759427723,0.0027789577361667,31.575322031670392,0.0898696232950505,9.304280600342882,0.0298591326620421,3.393633896908352
3866,3866,Day1,QMB1551,Exponential,8.467695988072979,0.078467267972043,1.2282642544173423,0.002917784928634,30.071469125787168,0.0822895147040538,8.757942373486253,0.0276105042906044,3.43362262999416
3867,3867,Day1,QMB1551,Exponential,3.773202764945705,0.0163530183761104,1.3582999257369728,0.0032474035892355,14.159494235558745,0.0277432589984883,4.211085684533977,0.0110448410784359,3.3624331814387474
3868,3868,Day1,QMB1551,Exponential,4.885766978313255,0.0285511283623511,1.176516427539977,0.0026361458085875,14.954621733930844,0.0321399862347126,3.96775569691104,0.0102761718824316,3.769037933855971
3869,3869,Day1,QMB1551,Exponential,4.160128619100938,0.021947846079717,1.388434910639106,0.0038356057695529,16.543145836602736,0.0362688071835509,5.016140524068087,0.0146378120927313,3.297982932740141
3870,3870,Day1,QMB1551,Exponential,7.657445623353651,0.0698738563753656,1.2032612035897725,0.0025331969463514,24.759734359187437,0.0642322484335053,6.994400039628434,0.0206771726593878,3.539936837885349
3871,3871,Day1,QMB1551,Exponential,6.119401539185905,0.0465731860007072,1.2699301802474898,0.0027957710962871,22.008426931713743,0.0543311687564826,6.42789840765125,0.0180576707645612,3.423891532809027
3872,3872,Day1,QMB1551,Exponential,4.8795969554541925,0.0303686317324597,1.2392008562790366,0.0028430466902281,16.001684405431178,0.0340645898211663,4.450820889238879,0.0125397855811616,3.595220927474252
3873,3873,Day1,QMB1551,Exponential,4.692165059716628,0.02810643489997,1.1711474256338297,0.0025952466273176,15.064599038546392,0.030106377890014,4.248841859051101,0.0110830407734218,3.5455777217160978
3874,3874,Day1,QMB1551,Exponential,7.718382081874948,0.0708099737976385,1.3970101777614472,0.0040483384563841,28.27512288455548,0.0720832041231877,9.130910223082076,0.0275200294729273,3.0966379247797935
3875,3875,Day1,QMB1551,Exponential,4.159071382066548,0.0202186180564344,1.1252571008567651,0.0022713574672043,14.089294577074488,0.0273296605237745,3.61358746247323,0.0091214704011495,3.898977047986386
3876,3876,Day1,QMB1551,Exponential,6.8217243724457965,0.0625752591945156,1.1540662881708297,0.0022180983457213,24.158721137391097,0.0604778249978203,6.698994217771821,0.0205193998383918,3.6063206433736297
3878,3878,Day1,QMB1551,Exponential,4.4627735529578185,0.027646552381333,1.1916200129726675,0.0025178053032516,14.32525147605699,0.0261606458275457,4.319586367034746,0.0117581012757395,3.3163479691901157
3879,3879,Day1,QMB1551,Exponential,4.273528874404279,0.0256374935972675,1.1683114988722674,0.0025496044893902,15.084496286876783,0.0306185866342483,3.998696816927024,0.010003363716816,3.772353088391716
3880,3880,Day1,QMB1551,Exponential,6.561273026784939,0.0500383549853699,1.3328487022459723,0.0033703176225551,25.377672634577113,0.0635404496705613,7.814328799490025,0.0240085077774289,3.247581882686239
3881,3881,Day1,QMB1551,Exponential,5.413496605384908,0.0377270878239455,1.2980805954206485,0.0033605418756875,19.74241037562784,0.0457633280080284,5.820734814964668,0.0160941372102461,3.391738500931463
3882,3882,Day1,QMB1551,Exponential,15.149321568382604,0.1727400932217626,1.2347929772011748,0.0029246845843953,33.224442060001664,0.0997778307507235,9.78122414407944,0.0291946384115923,3.3967570490767627
3883,3883,Day1,QMB1551,Exponential,5.315190616497219,0.0340147267345582,1.2236846897729343,0.0028643558075393,18.96080425121734,0.038752370750617,5.355636004824121,0.0144902373819754,3.540345952215252
3884,3884,Day1,QMB1551,Exponential,6.363939398920074,0.0535789640557576,1.2650129801263486,0.0029233078535653,24.80007783236888,0.0635934372557622,7.310808099828631,0.0217758920301461,3.392248503000675
3885,3885,Day1,QMB1551,Exponential,5.022689340677834,0.0292790729070375,1.251027766874219,0.0027379639189811,18.474724161609515,0.0442253168476253,5.256704950107076,0.0147936214891741,3.514506584820439
3886,3886,Day1,QMB1551,Exponential,6.141338367023185,0.0461777937624452,1.2237164113254952,0.0027024750114107,23.652040106018955,0.05894520258678,6.7937928146726065,0.0196136960714161,3.4814191058251676
3887,3887,Day1,QMB1551,Exponential,9.020851336619724,0.0907778957387065,1.196089950106872,0.0025873758155268,30.08311775989382,0.0790515543130114,8.559490589686082,0.0267119475417463,3.5145920711850582
3888,3888,Day1,QMB1551,Exponential,5.723579841666787,0.0395785552007764,1.3624492954757157,0.003421214337332,24.98184804651976,0.0716557504023162,7.802942782095506,0.0239721805830954,3.2015931353287206
3889,3889,Day1,QMB1551,Exponential,4.230853390776276,0.0224208102833439,1.3853678550059276,0.0032583511351206,16.412574988602863,0.0357850776816291,5.015145951973884,0.0136449547731777,3.272601664193467
3890,3890,Day1,QMB1551,Exponential,10.563574903340609,0.1047156931836856,1.196187820285547,0.0026337293315536,25.449537104784735,0.0643937430384756,7.202440633674833,0.0232938430376147,3.5334601698479893
3891,3891,Day1,QMB1551,Exponential,4.683490857270936,0.0269632974151442,1.3892131925069462,0.0035878967390081,17.58379812452171,0.0382728546290229,5.393985715527644,0.0159217438649592,3.2598896348396518
3892,3892,Day1,QMB1551,Exponential,4.681065089737191,0.0268878450760534,1.240082014856639,0.0031675954121486,15.097674650515408,0.0283725680550258,4.233690913521759,0.0111303789520373,3.5660786200276817
3893,3893,Day1,QMB1551,Exponential,5.0486315106429736,0.0325311692496616,1.3163126997822792,0.0031301122700234,18.102148461915284,0.0429598041780608,5.4193482107354995,0.0148366099682724,3.340281479986042
3894,3894,Day1,QMB1551,Exponential,4.9473856397328575,0.0304237985797693,1.3165796771949676,0.0031244271133258,19.22444048111533,0.0457212793271293,5.813030250660036,0.0172518776861348,3.3071289245282194
3895,3895,Day1,QMB1551,Exponential,4.9329995955822055,0.0311993495086801,1.3439592383155965,0.0034091019547536,18.25811389933581,0.0420495255814225,5.490467729406058,0.0149852431872346,3.325420492237538
3896,3896,Day1,QMB1551,Exponential,4.962551283194562,0.0287773531306808,1.3125224352304494,0.0034240750316121,17.774751588402076,0.0388207355096851,5.232158929248971,0.0152165442546267,3.39721171102757
3897,3897,Day1,QMB1551,Exponential,5.013458828909479,0.0304702773061486,1.223673359446555,0.002782757685489,16.505751816347235,0.0350726572811437,4.618715223584896,0.0124963991191028,3.573667354952447
3898,3898,Day1,QMB1551,Exponential,5.937070763121179,0.0436204088351049,1.2473311008592385,0.0029381688427501,18.75352990556565,0.0427340097134945,5.423327435777612,0.0159493775362858,3.457937977679328
3899,3899,Day1,QMB1551,Exponential,5.4145587732412555,0.0383138625023259,1.3068672850388832,0.0034945293227333,19.610001335175355,0.0455409417065707,6.21306208358771,0.0190137436187867,3.1562538843731676
3900,3900,Day1,QMB1551,Exponential,4.996755307753136,0.0304454872742488,1.25298707774433,0.0029379653626501,16.63892437715312,0.03800002183777,4.742531247039553,0.0136750576461996,3.5084480228864483
3901,3901,Day1,QMB1551,Exponential,6.256618023865141,0.048795079068071,1.227287615785127,0.0027965302163577,22.58285699922919,0.0522245708125162,6.501494976047796,0.0192116064420489,3.4734868030240516
3902,3902,Day1,QMB1551,Exponential,5.225493450652585,0.0333226035499107,1.312687361016202,0.0032076974671403,17.852306747435584,0.0399199749607008,5.306019020820297,0.015364563103805,3.364538777072771
3903,3903,Day1,QMB1551,Exponential,8.323662950576733,0.0777350290583204,1.2352537627238749,0.0029592915443811,30.5822199044623,0.081046109306768,9.013369986365014,0.027929187491901,3.3929839727788376
3904,3904,Day1,QMB1551,Exponential,4.147374020881476,0.0207710729211365,1.3606376620388034,0.0038182665385984,16.855795655842403,0.0387404718552375,5.072566052881865,0.014162584406005,3.322932709031193
3905,3905,Day1,QMB1551,Exponential,4.717374483837488,0.0290252385445369,1.369988377205848,0.0034930525579203,17.34114669985392,0.0402944359633392,5.242373636978389,0.0152211230053117,3.3078807236351526
3906,3906,Day1,QMB1551,Exponential,4.175211483629495,0.0200531997017183,1.3941296682220978,0.0036273781690858,16.181420331631678,0.0361552472561996,4.902268298694278,0.0124590295036811,3.30080267861749
3907,3907,Day1,QMB1551,Exponential,4.132133017808603,0.0197363152515105,1.2991203244877674,0.0032210573466611,15.153183781137724,0.0293701495801931,4.331074906293383,0.0118148964064216,3.4987120077556244
3908,3908,Day1,QMB1551,Exponential,5.048326375781319,0.0300383455308035,1.3816840295095156,0.0033551726795713,17.746489142409086,0.043353142785416,5.469202165051753,0.0149279337572466,3.2448040147079036
3909,3909,Day1,QMB1551,Exponential,5.181983781660896,0.0293284289737231,1.22253409630343,0.0027631572717026,16.17517899467144,0.0325727675171785,4.699182302897832,0.0133264476469754,3.4421263002920184
3910,3910,Day1,QMB1551,Exponential,6.803914568648276,0.0561168219409217,1.3496529093645662,0.0033970974478471,26.592244018680105,0.0674576140816557,8.329814923166921,0.0266399660317795,3.1924171501964143
3911,3911,Day1,QMB1551,Exponential,4.241845036504366,0.0213626297079281,1.2523775305085996,0.0029381267670115,16.73458840060514,0.0370634265928925,4.782531460550437,0.013275825586048,3.4991068095721634
3912,3912,Day1,QMB1551,Exponential,5.489594398835372,0.0398085987754504,1.332229724236526,0.0031985950620625,22.631647476173704,0.0504380325420954,6.960444117184423,0.0195863622375775,3.2514660121039025
3913,3913,Day1,QMB1551,Exponential,4.741906853071616,0.0298571157590866,1.3017922882035804,0.0032668563546701,16.66275474410625,0.0363921655545367,4.828692649758734,0.013475544389626,3.450779735367668
3914,3914,Day1,QMB1551,Exponential,7.425387390338512,0.0651203449195453,1.2768762095456565,0.0031514364125072,29.573435776016087,0.079502284327442,8.875924333884472,0.0280246680930404,3.3318711002433172
3915,3915,Day1,QMB1551,Exponential,6.401447658684981,0.0498831576660986,1.2206346514048168,0.0026461999201234,21.843123354189547,0.0513153453526633,6.4413164372494345,0.0184826233036658,3.391096147345461
3916,3916,Day1,QMB1551,Exponential,4.091886790161868,0.0187487954384808,1.1981107496990258,0.0026276130694434,13.980035144148165,0.0275737534345125,4.03908377569444,0.0102993878874895,3.461189695612237
3917,3917,Day1,QMB1551,Exponential,7.84088319493834,0.0742114727413202,1.1652061946358676,0.0023560763019038,28.552045753447587,0.0723844179113316,7.9100148857727,0.0235805232626404,3.6096070823839472
3918,3918,Day1,QMB1551,Exponential,4.975393708743483,0.0306172140399128,1.316407689983547,0.0030079997858306,18.13085345857066,0.0407644988132069,5.448042523514503,0.0166607853915982,3.3279574049423064
3919,3919,Day1,QMB1551,Exponential,7.359725507291065,0.0622262092013735,1.2635096648540642,0.0031662270743349,28.07435680910687,0.0685932604259686,8.321070688171432,0.0250294956562208,3.3738875513958955
3920,3920,Day1,QMB1551,Exponential,5.413118238317938,0.036485564911696,1.3349869602837117,0.0034158727729101,22.20671235530034,0.0568280805148453,6.789373519758369,0.0189627781013437,3.270804337200565
3921,3921,Day1,QMB1551,Exponential,4.731070578318295,0.0293589667613409,1.273999120299851,0.0031271094364932,18.372370145209576,0.0416637799699736,5.290427601092223,0.0143629132819781,3.472757124852545
3922,3922,Day1,QMB1551,Exponential,6.586918902389479,0.0548028423639134,1.3442306630174348,0.003632289014911,25.35508941963372,0.0604818004086973,7.919660461972193,0.0237558060035716,3.201537432239825
3923,3923,Day1,QMB1551,Exponential,6.7142323259578065,0.0512630925780596,1.308353089169891,0.0031847016772959,25.75220594905475,0.0693758641614119,7.825418886876696,0.0254421252849734,3.2908405698564525
3924,3924,Day1,QMB1551,Exponential,4.27799840723725,0.0207794233941653,1.2106415474613224,0.0025377626404836,16.130235369530975,0.0329955566539324,4.412902262135281,0.012465311266846,3.6552441933590436
3925,3925,Day1,QMB1551,Exponential,4.243268043526831,0.0212707260619415,1.2689580616476668,0.0032323208180576,13.723331405031416,0.0278515992596133,3.9552228230476736,0.0091529750482002,3.469673396164564
3926,3926,Day1,QMB1551,Exponential,3.935631055272741,0.0184259619312439,1.1714880563084642,0.0024669510679117,13.76144999169408,0.0253276358710871,3.6367572094346032,0.0088131623945585,3.783989196747488
3929,3929,Day1,QMB1551,Exponential,4.330009321098021,0.023666329231226,1.2516064264518254,0.0026045634770146,16.794256040132705,0.0381348930824418,4.734972559592312,0.0142481788275373,3.546853931837509
3930,3930,Day1,QMB1551,Exponential,5.499169808571083,0.0401258307037778,1.186258401805517,0.0025483547562668,19.260846961909163,0.0454306217283598,5.451642104585965,0.014816499792804,3.533035843586794
3931,3931,Day1,QMB1551,Exponential,4.685986412132259,0.0275104703350873,1.3008960010475048,0.0029269906674034,18.485691102363933,0.0430301289178562,5.412000681351463,0.0156690129246928,3.4156852873395724
3932,3932,Day1,QMB1551,Exponential,7.979961335011163,0.0720081251677704,1.2280766020046072,0.0028578893970876,29.489564772272896,0.0753565281963935,8.614241370892232,0.0264980762351496,3.423350182863343
3934,3934,Day1,QMB1551,Exponential,4.797691570664776,0.0281836753012229,1.223582797088926,0.0027034571997832,17.406017361018005,0.0397587220937668,4.890994438633474,0.0135220323924768,3.558789031434921
3935,3935,Day1,QMB1551,Exponential,4.2429078252945605,0.0216102959244885,1.3327111980288444,0.0034189112614831,15.166924587178356,0.031881976686239,4.4189999242023905,0.0127826459380903,3.4322074784637877
3936,3936,Day1,QMB1551,Exponential,7.883180353254651,0.0712554811479946,1.1652081699067172,0.0023846662899068,27.148041521276433,0.0726591653756039,7.496280740411084,0.0227305140918373,3.621534793237703
3937,3937,Day1,QMB1551,Exponential,7.189205122905362,0.0656084686966818,1.2330467498581184,0.0029476008484461,26.813931044088857,0.0682163708604535,7.850129155230025,0.0238410533937889,3.415731195482879
3938,3938,Day1,QMB1551,Exponential,7.357573645679307,0.0620844536362505,1.3224324127356584,0.0033517174770048,25.310505457738035,0.0668729328054344,7.828974192076322,0.0230850395789344,3.232927435545095
3939,3939,Day1,QMB1551,Exponential,6.923358529326536,0.0597223732058949,1.294467795868086,0.0030291491084779,26.263256897225205,0.0704871964447916,7.92005420535778,0.0243725848015054,3.3160450946735396
3940,3940,Day1,QMB1551,Exponential,4.1121562916501535,0.0196875411550127,1.2446150278565309,0.0027898421557434,13.330085825040722,0.0270995619448276,3.641594280628112,0.008988851243955,3.660508227385922
3941,3941,Day1,QMB1551,Exponential,4.94763777447073,0.0350095917826723,1.2650833518412314,0.00281190366907,16.971572038261613,0.0356597013504013,4.903366847464404,0.0123318002720546,3.4612078937226243
3942,3942,Day1,QMB1551,Exponential,8.46377835058803,0.0787902869431151,1.1500581697765495,0.0022294123399498,26.564404999683227,0.064428473730611,7.22661016305536,0.0227737053355991,3.675915041811524
3943,3943,Day1,QMB1551,Exponential,8.22546634557984,0.0780824425908242,1.2593892231710586,0.0029422633802231,15.688818272042491,0.0313460625863623,4.485360079949527,0.0112898935772231,3.4977834538133745
3944,3944,Day1,QMB1551,Exponential,4.456127428639162,0.0253225684811521,1.3252307752231482,0.0034821406861774,17.96824038373808,0.0426151224790586,5.598745749029787,0.0155514857449935,3.209333159458405
3945,3945,Day1,QMB1551,Exponential,3.710355100576405,0.0153053543467181,1.3193534008468957,0.0031849102865372,12.668307276521883,0.0210324432246999,3.7539150666040184,0.009664679551893,3.374692035316152
3946,3946,Day1,QMB1551,Exponential,4.475970575408719,0.023778138013495,1.234147631992074,0.0028696289019071,14.54496217539464,0.0303763955274223,4.069274855719462,0.0109497857365539,3.574337613236263
3947,3947,Day1,QMB1551,Exponential,4.493859800883049,0.0248159803160426,1.4001406652265591,0.0035382646278076,19.34685051918454,0.044042996751057,6.030999926634696,0.0197531122806668,3.207900970740038
3948,3948,Day1,QMB1551,Exponential,4.626186236960275,0.0263422668436195,1.3022051476787984,0.0031729972873102,18.311474261757745,0.0402594138245286,5.384050846435384,0.0143540823030736,3.401058939456564
3949,3949,Day1,QMB1551,Exponential,5.672699375338863,0.0415899316904829,1.221284020950151,0.0028221891869612,19.216005405246047,0.0430964844192691,5.577195900573113,0.0156912507140039,3.4454600031660014
3950,3950,Day1,QMB1551,Exponential,6.8558981101102745,0.0561535509606686,1.282916465697991,0.0027296136250142,27.89098539606472,0.0706459948283333,8.381343920864996,0.026142693563652,3.327746201492974
3951,3951,Day1,QMB1551,Exponential,5.896268731162372,0.0434138975523588,1.223498590545878,0.0027019577631734,20.57632642668533,0.0485875256624834,5.809911939031272,0.0163331846390028,3.541590069283592
3952,3952,Day1,QMB1551,Exponential,5.65939747690604,0.0381547704860779,1.1889178202741126,0.002601641930545,20.56037764531292,0.0476472071736596,5.664839744988391,0.0147254498975329,3.629472071739084
3953,3953,Day1,QMB1551,Exponential,6.514134320179035,0.0518750176648363,1.2460842375692138,0.0029660683636933,24.835727356419525,0.0636807604007191,7.239286401827041,0.0216212563333554,3.430687222175865
3954,3954,Day1,QMB1551,Exponential,5.542169497666236,0.039943596078066,1.2927443496564766,0.0033639108612389,21.86326672098886,0.0551206253799025,6.486688806659898,0.0215004473077645,3.3704818240304353
3955,3955,Day1,QMB1551,Exponential,5.269234834218041,0.0328687503761073,1.3226295838903317,0.0033293575114895,22.341037750881288,0.0552244598307099,6.758445633614489,0.0172400735667541,3.3056473281021366
3956,3956,Day1,QMB1551,Exponential,4.889168935620386,0.0304341793108641,1.2877354331110815,0.0029725599595834,18.660005029956768,0.0423743860449966,5.4644115466488925,0.0152635237985205,3.4148242442317893
3957,3957,Day1,QMB1551,Exponential,5.658042247863372,0.039345431353498,1.1626903192024782,0.0024321060562662,20.143906090630647,0.04667149407409,5.471019269367507,0.0149426945751179,3.6819292893770856
3958,3958,Day1,QMB1551,Exponential,5.478752067324337,0.039383417967704,1.24284260077481,0.0029409772986898,19.051892068582124,0.0441503357132721,5.500662084881984,0.0154957000473238,3.463563435562481
3959,3959,Day1,QMB1551,Exponential,3.852805681109268,0.017304407836234,1.2015583310964002,0.0025176357353399,12.61773699235704,0.0229130762501288,3.433858894612628,0.009024012965361,3.67450654776554
3960,3960,Day1,QMB1551,Exponential,3.920014608716696,0.0186509640172825,1.3225710077007289,0.0031418731175671,13.368166400383537,0.0262481904268351,3.8191821675628272,0.0092353291925732,3.5002693806863623
3961,3961,Day1,QMB1551,Exponential,4.723163603386454,0.0273649901775232,1.271544448715476,0.0030884301905067,16.993917038709405,0.0375676909111109,4.963940180170952,0.0138581011424766,3.4234733743556425
3962,3962,Day1,QMB1551,Exponential,4.54223565770335,0.0244567567221906,1.4046271626514724,0.0042259093463797,17.384815023934376,0.0427273575420287,5.368143163706873,0.0160807850289159,3.2385155339131475
3963,3963,Day1,QMB1551,Exponential,6.128699057136996,0.0474242060597839,1.3485190091863717,0.003609031832713,23.401462991047445,0.0569855447326111,7.225493713026668,0.0231331110139676,3.2387354996735396
3964,3964,Day1,QMB1551,Exponential,4.199025929515361,0.0207283967897722,1.3241585531519129,0.0033887441794165,15.183677370419533,0.0289764739542517,4.433231368742167,0.0123198480756795,3.4249684050953495
3965,3965,Day1,QMB1551,Exponential,5.755632347363707,0.0425579225253799,1.4101394294485607,0.0036600062339348,24.360300886388004,0.0606082469413463,7.967463641123882,0.0262204651675036,3.057472488566231
3966,3966,Day1,QMB1551,Exponential,6.324587168826599,0.0543510214811823,1.321917238316768,0.0032997810454537,22.392025716678553,0.052987244735658,6.778739027900161,0.0200846651926533,3.3032730164882738
3967,3967,Day1,QMB1551,Exponential,6.018347302247755,0.0432610527440515,1.3013949878593247,0.0032622086502881,21.482347794926294,0.0503448118335033,6.400923862815605,0.0208307852796402,3.356132373284745
3969,3969,Day1,QMB1551,Exponential,5.515926796383583,0.0359331362225296,1.3332948533919975,0.0035200087584462,22.914223318053292,0.055422271580832,7.022798752205664,0.0209296468152199,3.262833540667327
3970,3970,Day1,QMB1551,Exponential,5.231485723587556,0.0373981389891958,1.1155273014750504,0.0021074301457063,16.885285716147422,0.0373199796972604,4.599196146452485,0.0119531815959085,3.6713558583866037
3971,3971,Day1,QMB1551,Exponential,3.918258661674996,0.0177141684582764,1.2772157280766196,0.0032875381624999,14.658966025764975,0.0283863018860156,4.13569088864572,0.0107459972866912,3.5445023384146643
3972,3972,Day1,QMB1551,Exponential,6.258680101234215,0.0473272175340359,1.2613190324352996,0.0030275041061976,24.091450714183164,0.0597761328778751,7.048630623475175,0.0207332687990421,3.4178909352899804
3973,3973,Day1,QMB1551,Exponential,4.262699710242604,0.023841152100207,1.2540226679997126,0.0028058571637076,16.568436548389517,0.035064281795459,4.674134020658534,0.0130352338183164,3.544707206759811
3974,3974,Day1,QMB1551,Exponential,5.153212792042314,0.0327360416697776,1.234562467389103,0.0028958629000205,17.4684484339618,0.0376207335304952,4.902684567672791,0.0125930664532271,3.5630373916251625
3975,3975,Day1,QMB1551,Exponential,6.669263927701662,0.0501110047940621,1.2496097713576717,0.0031879674552761,21.806399662797887,0.052132842121993,6.333037877606866,0.0190347659818795,3.4432763681871594
3976,3976,Day1,QMB1551,Exponential,5.9336592007955264,0.0448194756774793,1.2594852813449298,0.0029026511960271,18.812245150922617,0.0422211514777459,5.399275275531994,0.0142096461522327,3.4842167125974206
3977,3977,Day1,QMB1551,Exponential,6.9654122565267755,0.0578342639382384,1.2143157960857016,0.0028479099699421,22.950655842586297,0.0560580783244025,6.5374421588451845,0.0192719279437984,3.5106476332695307
3978,3978,Day1,QMB1551,Exponential,8.062819233487646,0.0750497816501446,1.263856864471733,0.0027938138239685,27.45243439483456,0.0738769593875881,8.139417699565564,0.0236637997145706,3.3727762117798448
3979,3979,Day1,QMB1551,Exponential,3.685625306061672,0.016259621176029,1.271581442261636,0.0031391210057973,12.73594735716094,0.0217954450412657,3.5167393451273656,0.0087714761547144,3.6215215593977104
3980,3980,Day1,QMB1551,Exponential,8.234876813243103,0.0724935936325691,1.2756300857186684,0.0031278486739054,23.559220521599418,0.0542905342789811,7.089287421167723,0.0209467617114312,3.3232141852867385
3981,3981,Day1,QMB1551,Exponential,7.44822749390328,0.0633927098718453,1.3241741889410417,0.0030292008423626,26.562529271068225,0.0641128425558254,8.184922775372483,0.023807813194645,3.2452999252469312
3982,3982,Day1,QMB1551,Exponential,6.23871634422133,0.0522497164844027,1.3239802612979386,0.0033426392664311,22.589449848032192,0.0542621514160432,6.8405063073907275,0.0197017870117493,3.302306705517652
3983,3983,Day1,QMB1551,Exponential,3.971093651998817,0.0179379024424482,1.315979197157646,0.0034439403484755,15.837038107711772,0.0337365827098751,4.692559268206365,0.0121260857304504,3.374925536905399
3984,3984,Day1,QMB1551,Exponential,4.378145538713049,0.0226549220542881,1.2623926607210825,0.0028520534902132,15.53177382243988,0.0330120647019338,4.391981261695798,0.0115037230649624,3.5363934627632885
3985,3985,Day1,QMB1551,Stationary,2.5873520145570637,0.0154845720107875,1.2202274892130844,0.0026049570624555,7.809587562267134,0.0105059866763232,2.001044383282951,0.0033819782702732,3.9027557946788654
3986,3986,Day1,QMB1551,Stationary,2.5328068386289178,0.013714560735824,1.4145524701015064,0.0036989708435464,9.523285656341107,0.0127296465582283,2.679384899567188,0.005908479021225,3.5542805581532697
3987,3987,Day1,QMB1551,Stationary,2.5533679417152717,0.0154733181649264,1.3054747535966706,0.0031817060618199,8.431012281105456,0.0116148247035768,2.2701755318541847,0.0046291095406736,3.7138151490071594
3988,3988,Day1,QMB1551,Stationary,2.4310014561743745,0.0160927857998831,1.3227206486180707,0.003673647725813,8.48505948132628,0.0113928512920061,2.2551376251020647,0.0042351952602873,3.7625461909191715
3989,3989,Day1,QMB1551,Stationary,2.4956730092806603,0.0149776011506445,1.352112269262219,0.0035210394450149,10.06088168660137,0.0138578530650245,2.750462863492872,0.006317981495312,3.657886757949111
3990,3990,Day1,QMB1551,Stationary,1.9203606220991845,0.0204185045672136,1.3710320024063791,0.003430540702916,8.063233720833516,0.010809293439941,2.0852733767454645,0.003460793196993,3.866751386534266
3991,3991,Day1,QMB1551,Stationary,1.9808595036861272,0.0202053649849851,1.0891435268167915,0.0018658805244158,5.848873657508153,0.0091420577087174,1.3697837619739912,0.0022083203493471,4.26992480118129
3992,3992,Day1,QMB1551,Stationary,2.532072524159732,0.0143937348370416,1.265862175826579,0.002964793041811,8.772438194821811,0.0109778150089587,2.263263537713738,0.0040857920259776,3.8760126908081562
3993,3993,Day1,QMB1551,Stationary,3.029764073153864,0.0120580575251042,1.2552735892470146,0.00308928631434,9.90297041608276,0.0146622797377098,2.6401933727678286,0.0055488358268213,3.750850418089281
3994,3994,Day1,QMB1551,Stationary,2.4662366048175937,0.0156727351080165,1.1480735811719278,0.0023678466249967,7.70162731640301,0.0106414799103045,2.048735263781042,0.0038953996889314,3.7592105981469155
3995,3995,Day1,QMB1551,Stationary,2.205771497428055,0.0178907971844169,1.2583578981651655,0.0028962755536261,7.952061650466127,0.009696102388577,1.9884462820494833,0.0035277225867956,3.9991332540650633
3996,3996,Day1,QMB1551,Stationary,2.5282675308987788,0.0135749710915651,1.083392169485456,0.0018259147808205,7.368063597928583,0.0093372611773243,1.8963891298848936,0.0034038831194132,3.885312081690643
3997,3997,Day1,QMB1551,Stationary,2.086077389294835,0.0184269213498714,1.3422652506940391,0.0032713143151764,8.301059115563548,0.0105919184952988,2.152415159258039,0.004137641917813,3.856625465518935
3998,3998,Day1,QMB1551,Stationary,2.095870617239004,0.0196844285135995,1.1832650503790731,0.0025471546616194,7.076141633046572,0.0092585521931262,1.6779839155925576,0.0028944826775235,4.217049738851476
3999,3999,Day1,QMB1551,Stationary,3.704825448960251,0.0159481197555487,1.236576303406794,0.0027362358739209,9.290516487394603,0.0136809720404701,2.382072560287198,0.0046563739620406,3.900181985335694
4000,4000,Day1,QMB1551,Stationary,2.2522118722800704,0.0171730579691029,1.139024529397157,0.0023750398711053,6.85217421550605,0.0091155284712594,1.603980956547582,0.0027389975780332,4.271979781016047
4001,4001,Day1,QMB1551,Stationary,2.9954031110079296,0.0126235808465137,1.0921412540325346,0.0020339828560374,8.518521804264358,0.0108335144970862,2.1672920768156247,0.0041342323903766,3.9304909086275606
4002,4002,Day1,QMB1551,Stationary,4.224043350069112,0.0236538821598964,1.1876955508331903,0.0026493710190149,14.329985417875548,0.0299300662400103,3.968882081754565,0.0115015534563502,3.610584825322032
4003,4003,Day1,QMB1551,Stationary,2.0055942159697344,0.0199840444389248,1.248435668916002,0.002743375704372,7.391870994038125,0.0089358871155013,1.7950900165547428,0.0030513624952265,4.117827477100619
4004,4004,Day1,QMB1551,Stationary,2.1355415825429542,0.0181769300223454,1.3666338151390904,0.0035558868844009,8.354353493443497,0.0107809708905658,2.183318076100772,0.0042150132367673,3.826448186772534
4005,4005,Day1,QMB1551,Stationary,2.373687570728511,0.0156626981746805,1.2303702314893237,0.0027078517139319,7.349698727465372,0.0095094115275572,1.8127018011287648,0.0031897436472503,4.054554766199677
4006,4006,Day1,QMB1551,Stationary,3.2149085383880074,0.0142963887273487,1.361331229552336,0.0032824112023641,10.321052429542288,0.0168823372263681,2.839347066433187,0.0064351762598928,3.6350091017607387
4007,4007,Day1,QMB1551,Stationary,3.070466695696833,0.0133350128322417,1.248255830311353,0.0029241549106309,11.003560999706458,0.017464564927386,2.995139698803599,0.0069925292183411,3.6738056004872837
4008,4008,Day1,QMB1551,Stationary,2.7322045793717136,0.014117607868173,1.219126824058027,0.0028761331111655,9.427385055336924,0.0133905818838339,2.4586412111161646,0.0052175260380225,3.83438828435529
4009,4009,Day1,QMB1551,Stationary,2.2367922695223323,0.0180196258639341,1.3663072911662335,0.0035512302674528,8.603486812099494,0.0112805765968046,2.295229948154851,0.0046726484778715,3.748420422544542
4010,4010,Day1,QMB1551,Stationary,2.5934923398477268,0.0156695298915575,1.2543033403985104,0.0029437218278887,8.838642801202369,0.0120940434075648,2.399284850504804,0.0048511826534092,3.6838655482456524
4011,4011,Day1,QMB1551,Stationary,2.9458298801947147,0.0129875531780383,1.2849913710318024,0.0031740695013861,10.402930732186544,0.0156315898357255,2.9581167293199107,0.0063972815590739,3.516741117440028
4012,4012,Day1,QMB1551,Stationary,3.795194249011381,0.0168691471349642,1.330586405661938,0.0035084307258434,13.84668657889994,0.0248551097547195,4.0001015246416785,0.0107473523681274,3.4615837857116136
4013,4013,Day1,QMB1551,Stationary,2.650275902721325,0.0145705683245047,1.3950426544410366,0.0038443958883912,10.228867279582476,0.015764609561913,2.9204788723450363,0.0063689038750237,3.502462344940395
4014,4014,Day1,QMB1551,Stationary,2.4500716644498515,0.0155838312168723,1.2006510955865566,0.0025345438480874,7.610247011056059,0.0099881798429604,1.900854665073171,0.0031507271973492,4.003592252942238
4015,4015,Day1,QMB1551,Stationary,2.907843423468021,0.012784511910657,1.2511468138801924,0.0028695789756912,7.681571210980892,0.0094680976538361,1.9575503906923932,0.0037270592128624,3.9240732946158747
4016,4016,Day1,QMB1551,Stationary,2.918431788436646,0.013037146081131,1.378697046184688,0.0035762707254407,10.888968357634862,0.0183871161282436,3.1566633994830178,0.0067562011075314,3.4495183615136797
4017,4017,Day1,QMB1551,Stationary,2.1062913404147543,0.0179426228180462,1.0578638800430122,0.0018603363745237,5.683603105902998,0.0087427112026757,1.275686079976523,0.0021553339193107,4.455330504200215
4018,4018,Day1,QMB1551,Stationary,2.3425914880232903,0.0164770604186208,1.075438428178543,0.0018731319922958,6.545518648845974,0.0091205174691636,1.5166438026213227,0.0025286995995943,4.315791643056129
4019,4019,Day1,QMB1551,Stationary,2.388216720222963,0.0166707325169941,1.309536912731761,0.003210617332911,9.175529453700753,0.0116918178135682,2.428213470286441,0.0050575677817907,3.778716149127685
4020,4020,Day1,QMB1551,Stationary,2.8303674242097756,0.013519754357556,1.192391630783144,0.0024004861047942,9.5587916608494,0.0133050104164196,2.431032425766827,0.0045323782848295,3.9319885492001383
4021,4021,Day1,QMB1551,Stationary,2.962650909487269,0.0135994516598163,1.2721133850932138,0.0030372408927691,9.867085305005766,0.0141006342820957,2.66359510969734,0.0055360133535104,3.7044238702356482
4022,4022,Day1,QMB1551,Stationary,3.23969099760534,0.0136619601250249,1.1974781344525467,0.0026193477988719,9.944418339904198,0.0160182128964372,2.575611348363896,0.0056988287033771,3.860993370067726
4023,4023,Day1,QMB1551,Stationary,2.4135465537519014,0.0146047882398172,1.307236767920011,0.0031913283560949,8.033020680751655,0.0101068234768037,2.0854406824733744,0.0041635328641428,3.8519535694605955
4024,4024,Day1,QMB1551,Stationary,3.265595612817279,0.0136034372150888,1.1661674251713858,0.0023554612873271,7.896208724252065,0.010020164169665,2.214127744974913,0.0042471524452851,3.566284168640655
4025,4025,Day1,QMB1551,Stationary,1.970618636490157,0.0206706242262952,1.1673461581535358,0.0024733168429144,6.417716059096299,0.0084026636010791,1.4931188238394844,0.0024569333801916,4.298195131311416
4026,4026,Day1,QMB1551,Stationary,2.4580850946362,0.014778092399136,1.2031377456067394,0.0025145511289812,7.37644350749773,0.0090794354350242,1.969551191639404,0.0034213395416851,3.7452408136483966
4027,4027,Day1,QMB1551,Stationary,3.681174644327797,0.016171599981618,1.3263084071985811,0.0033193293056906,14.878751424725747,0.0306051867731274,4.321052183321806,0.0117876250272789,3.4433167648736234
4028,4028,Day1,QMB1551,Stationary,3.165496565914101,0.0129992532743086,1.151989056643631,0.0024817206679659,10.273862699526576,0.0154433340073048,2.7879510288612437,0.0057910874714949,3.6850943912465355
4029,4029,Day1,QMB1551,Stationary,2.7170045501151168,0.0139156162714294,1.2430232494011095,0.0030301213608902,8.359584157440858,0.0109451785197098,2.221375714625472,0.0042318526491798,3.7632463983474764
4030,4030,Day1,QMB1551,Stationary,3.1287852036323156,0.013481699814037,1.1607702299471174,0.0024941736203857,9.069486290018798,0.0133445462386398,2.3280642798960467,0.0048050005757626,3.8957198769545016
4031,4031,Day1,QMB1551,Stationary,3.648482613536974,0.0156152737595685,1.3514253723411211,0.0034050416008908,11.930373821434276,0.0206650837268153,3.536258303162844,0.0083535216293812,3.3737280477400935
4032,4032,Day1,QMB1551,Stationary,2.959569083398306,0.0138852158653773,1.3178096046907763,0.0030162265826552,11.030188928493953,0.0184615360361472,3.042302055450927,0.0071109321003938,3.6256061125590864
4033,4033,Day1,QMB1551,Stationary,4.012821832175603,0.0187513001234667,1.2911768474204015,0.003092436507146,14.174274003440724,0.0288351227472245,4.028597206696202,0.009945102094062,3.5184142956463136
4035,4035,Day1,QMB1551,Stationary,2.509605263682497,0.0151019755329026,1.2962371445829328,0.0030739029316822,8.61351730804045,0.011761494616865,2.302410510080362,0.0044650346499841,3.741086687334401
4037,4037,Day1,QMB1551,Stationary,3.321054712412837,0.0134999541834154,1.3318029190544445,0.0034685191774107,12.361670775547852,0.022041843642647,3.628932896934785,0.0085720841154037,3.406420324274737
4038,4038,Day1,QMB1551,Stationary,3.3729655783331527,0.0149424129437244,1.393377155141931,0.0035602445652103,12.80341983857444,0.0220873791433285,3.792830819736869,0.0096418934994586,3.375689675360392
4039,4039,Day1,QMB1551,Stationary,3.2637592305922407,0.013492064251264,1.4065706437235084,0.003837662867996,13.817526008244291,0.0267995256064143,4.152352999566387,0.0114637460086573,3.3276376092512363
4040,4040,Day1,QMB1551,Stationary,3.771011751870697,0.0163181233973151,1.2144895483224465,0.0025180545664349,11.84324791576825,0.0209934837514953,3.2889305320819298,0.0077353864069614,3.6009419476158233
4041,4041,Day1,QMB1551,Stationary,2.9421849040252845,0.0131098778638691,1.2202853593935776,0.0028064536832074,10.597753218566956,0.0155994293957771,2.8014007894917077,0.0056104051380053,3.7830192874650526
4042,4042,Day1,QMB1551,Stationary,3.1811163006724796,0.0129875765199141,1.372656389942701,0.0036264752949123,11.943671302673687,0.020709120311015,3.598280566649433,0.0087554437240049,3.319271824819133
4043,4043,Day1,QMB1551,Stationary,3.0479294940127524,0.0134826720237447,1.12489497815202,0.0022091073177417,9.369997165044303,0.0135738336502831,2.3961779323071313,0.0046458325339627,3.910392896416717
4044,4044,Day1,QMB1551,Stationary,2.9938084888730527,0.0134498919152272,1.2286066220762952,0.0026706424005385,9.73602953203558,0.0142665295900794,2.5824536489015295,0.005447531663522,3.770069420675523
4045,4045,Day1,QMB1551,Stationary,2.8031067191448185,0.0142367909601497,0.9521295481111558,0.0012192977919854,7.327649510162328,0.0096981763144737,1.7804751512119836,0.0030578732734793,4.115558425611465
4046,4046,Day1,QMB1551,Stationary,2.8047583324673067,0.0131411829173603,1.3587659611580962,0.0035462293471237,10.22185071222323,0.015723143486209,2.9570658838310027,0.0071281213902306,3.4567544700696335
4047,4047,Day1,QMB1551,Stationary,2.0514104006480047,0.0198588067042938,1.0775890408651456,0.001929348967336,5.872361923737226,0.0092347252150722,1.4166329991461266,0.0024780680048818,4.145295166268739
4048,4048,Day1,QMB1551,Stationary,2.6833913260600637,0.0139297801991048,1.1064316137098198,0.0022177189576866,7.858550106756813,0.0102521863009056,2.0045973744793915,0.0036661544214198,3.920263593479831
4049,4049,Day1,QMB1551,Stationary,2.119809341125385,0.0195755039180404,1.0593180692620117,0.0017762474081418,5.798112380070484,0.0089697399502857,1.3324249265622878,0.0022753543073004,4.351549017496886
4050,4050,Day1,QMB1551,Stationary,3.8698735637852817,0.0171770486346057,1.272937472470323,0.0029615565393151,12.494603496559575,0.0229021466068542,3.458649443047889,0.0089298523406124,3.612567189101672
4051,4051,Day1,QMB1551,Stationary,2.728200703755192,0.0138028664957691,1.3247027328675154,0.0032829923268049,9.29948227979608,0.0124277108194055,2.5572998133412286,0.005264878374034,3.636445844668437
4052,4052,Day1,QMB1551,Stationary,2.954339661343968,0.0128624342798664,1.2716342321908003,0.0029507313211595,9.84505668765464,0.014075094643827,2.609076734388972,0.0053464721254393,3.773387174816185
4054,4054,Day1,QMB1551,Stationary,2.4804161951762875,0.0144703106108751,1.2671999428291223,0.0031334990712226,8.037255998195535,0.0107411342487745,2.0505974720800006,0.003623860128816,3.91947035321517
4055,4055,Day1,QMB1551,Stationary,2.6404101073186035,0.0147393832063737,1.267182171353323,0.0030237232467176,8.481878170883691,0.0114332849522071,2.27356498584247,0.004674718798656,3.7306513003589075
4056,4056,Day1,QMB1551,Stationary,3.087251067437897,0.013762534183902,1.3375489416323736,0.0033820131864728,10.4054358501662,0.0159361870275057,3.016328849349798,0.0069499124012657,3.4497020616333667
4057,4057,Day1,QMB1551,Stationary,3.274415654260894,0.0142965225859708,1.3548743460350343,0.0034212181311746,12.208184739004343,0.0225112712592711,3.4768959132891686,0.0082897255385861,3.5112310070436688
4058,4058,Day1,QMB1551,Stationary,2.408859835167666,0.0158542344051151,1.3926662854249476,0.0036215507324914,10.296859325132123,0.0150224886421894,2.8652899745241887,0.0059309494325882,3.5936534929041604
4059,4059,Day1,QMB1551,Stationary,1.7674680525551425,0.0220390174223716,1.18908088994548,0.0025272460115635,5.645502713772129,0.0096083382989577,1.2577060941141815,0.0021834729673268,4.488729712125891
4060,4060,Day1,QMB1551,Stationary,3.1125711956034037,0.013000783967729,1.1447148245471042,0.0024631815507385,7.447589092690493,0.0095282522409544,1.904461604579459,0.0035560530478144,3.9106008095842193
4061,4061,Day1,QMB1551,Stationary,2.730454631928336,0.0134086140393699,1.5232024151306307,0.0040850837206449,11.513713398461883,0.0209053649465258,3.448143412051337,0.0078509937837792,3.3391051422690836
4062,4062,Day1,QMB1551,Stationary,2.849148327427314,0.0128399305621677,1.2756439556607393,0.0030995022549021,10.193571959589216,0.0154737440861778,2.863624209130347,0.0064598809780426,3.5596751581747865
4063,4063,Day1,QMB1551,Stationary,2.5611743457287948,0.0145245203861599,1.0165952235609406,0.0015591358923186,6.124218228808486,0.0092622796152869,1.4352939975849988,0.002340556724748,4.266873713060175
4064,4064,Day1,QMB1551,Stationary,3.1077930040314463,0.0131978458691455,1.2412502545740174,0.0027912345544944,10.988196802911816,0.0191994077065573,2.972673124536348,0.0071139206079675,3.696402645893218
4065,4065,Day1,QMB1551,Stationary,2.4950398077244245,0.0145604439387331,1.170184893173466,0.0025716522317466,7.917780694785872,0.0109385258729704,2.0898338664602143,0.0040289390791467,3.788712979466212
4066,4066,Day1,QMB1551,Stationary,2.735547096453861,0.0140254438694162,1.2120587681048378,0.0028541165912452,8.675844497785999,0.0107039405541403,2.210615189775158,0.00426197694747,3.9246290073074275
4067,4067,Day1,QMB1551,Stationary,4.155909886147338,0.0194492134264948,1.3261015623076635,0.0033018644630854,11.657992212996648,0.0208323859220618,3.302183968632048,0.0076649464569499,3.53038847130799
4068,4068,Day1,QMB1551,Stationary,3.2246108338526263,0.0137130004481309,1.2821208975134777,0.0028954738734226,12.091400796532806,0.0197825152704079,3.335935106049725,0.0079087028200909,3.6245911302666007
4069,4069,Day1,QMB1551,Stationary,2.331462272209616,0.0179545544099945,0.9934842144136748,0.0015859946767058,5.662715418559139,0.0087982952057314,1.4227629584247965,0.0022978009718057,3.980083530448797
4070,4070,Day1,QMB1551,Stationary,1.9290625578469447,0.020551738990174,1.2774676395494162,0.0028684339884872,6.087121922248671,0.0085677668578381,1.4521053795415233,0.0024723591389279,4.191928497758594
4071,4071,Day1,QMB1551,Stationary,2.7636234890292153,0.0139998268167974,1.3092668751906222,0.0032009399130742,8.064597607644348,0.0107068162986128,2.050130976010419,0.0037619740527494,3.933698725599551
4072,4072,Day1,QMB1551,Stationary,1.939694383438218,0.0203162803799073,1.214928691339087,0.0028130333041927,6.927927548037271,0.0094800696315124,1.7378825921258598,0.0031500240688351,3.9864186334720713
4073,4073,Day1,QMB1551,Stationary,3.083070102289406,0.0134041133172169,1.0233528159019225,0.0015812111144448,7.309752895948286,0.0093300972469806,1.7983488067142348,0.0030785831036446,4.064702503016611
4074,4074,Day1,QMB1551,Stationary,2.9556010404355453,0.0144135057223523,1.325595122199093,0.0034576566879116,10.578491738042503,0.0157873086715718,2.8934602253443304,0.0066512590878597,3.656000398893899
4075,4075,Day1,QMB1551,Stationary,2.6816916123305585,0.0133233544989035,1.167601097961961,0.0025485509046786,8.253051446795974,0.0110253496362724,2.190557942360673,0.0044687135231539,3.7675567887065355
4076,4076,Day1,QMB1551,Stationary,3.20233591189758,0.0124364228639628,1.281597613046104,0.0030268373626937,10.335989980922028,0.0151154693958277,2.864232657954741,0.0057412590582995,3.608641900027296
4077,4077,Day1,QMB1551,Stationary,4.8086844934031925,0.0304083935096204,1.3739308387640192,0.0035308417905456,12.561853342693071,0.0225545012770101,3.707633198657505,0.0093010770249798,3.3881057455310266
4078,4078,Day1,QMB1551,Stationary,2.303684806969252,0.0169511491847504,1.3792651205521824,0.0032114265826168,9.571136645555477,0.0131118537787759,2.6119415196399576,0.0053765893585923,3.664376316846025
4079,4079,Day1,QMB1551,Stationary,2.6137454067684023,0.0137448359082517,1.1042656231591486,0.0021017936381802,7.722291252723728,0.0098746610975667,1.9962535476495544,0.0038650928863997,3.8683919995113714
4080,4080,Day1,QMB1551,Stationary,5.078593254792222,0.0327938674171328,1.1476636466641448,0.0023168529187401,10.910076645955591,0.0181983438852356,2.888653156739098,0.0066176611213804,3.7768731841352685
4081,4081,Day1,QMB1551,Stationary,2.961236324964105,0.0125045316713408,1.350233578353769,0.0034910447517509,10.825243267937545,0.0176927058392982,3.0229231210973917,0.0073377638823277,3.581051463858508
4082,4082,Day1,QMB1551,Stationary,2.962144831166963,0.012900118613811,1.2662324689793945,0.0028329306459816,9.403368704082634,0.0137724721981018,2.7987831354453485,0.0060448247566267,3.359806118949745
4083,4083,Day1,QMB1551,Stationary,2.695105550812729,0.0139200652616006,1.3783488522827272,0.0037080939152969,9.848453219933642,0.0149312226917978,2.7889547341926124,0.006058527841319,3.531234515638246
4084,4084,Day1,QMB1551,Stationary,2.0887034673192444,0.018217491204653,1.0629189070623295,0.001932785674048,6.139863691715628,0.009671362171326,1.424029087614312,0.0023209697169779,4.311613958673972
4085,4085,Day1,QMB1551,Stationary,2.6296740279847435,0.0135069294750811,1.198513460700382,0.00255504492984,8.272944226828237,0.0100595003750031,2.1393432802244288,0.0044169862932977,3.8670485018937026
4086,4086,Day1,QMB1551,Stationary,2.4921166180607064,0.0158971357572624,1.2817219139200162,0.0031785041640149,9.740487528229965,0.0142340451541247,2.577487532295371,0.0055293354914726,3.7790629076508524
4087,4087,Day1,QMB1551,Stationary,2.441798555342912,0.0152353647268895,1.418857647275391,0.0039376713603599,9.865765788099266,0.0149360489223071,2.8120591445918564,0.0062346349533816,3.5083777690355755
4088,4088,Day1,QMB1551,Stationary,2.3677167039943168,0.0185402924863057,1.2407833759511204,0.0026547225984068,8.027454726456506,0.0115034173229214,2.155054127366866,0.0041797373635802,3.7249434362304306
4089,4089,Day1,QMB1551,Stationary,2.530221712519756,0.0150130808593486,1.251161856402844,0.0028043289182884,8.997461787127747,0.0114085344889111,2.6299002814805728,0.0056379952759997,3.421217850154526
4090,4090,Day1,QMB1551,Stationary,3.1447823259866095,0.0131370972403633,1.4160975714930963,0.0035410367415249,12.41626177466485,0.0231233423873825,3.7195928138575782,0.0088673246018224,3.33807015875697
4092,4092,Day1,QMB1551,Stationary,2.58243774208296,0.0150796683130834,1.3019345206704684,0.0031655311389084,9.922226275385167,0.0143150511200587,2.8634733699518864,0.0067180134045347,3.4651016417700737
4093,4093,Day1,QMB1551,Stationary,2.5670383293067127,0.0153529109530095,1.45487576016989,0.0041164265352785,10.827007598008963,0.0181165583671013,3.1365190909330396,0.0072878661841198,3.4519182839688014
4094,4094,Day1,QMB1551,Stationary,2.934476497174837,0.0138537297698195,1.0749936469335764,0.0020453423819792,8.149021076096128,0.0103134110460744,2.226090436625937,0.0046122121272802,3.660687338672331
4095,4095,Day1,QMB1551,Stationary,2.761300971107578,0.0121727472326392,1.1750082091919525,0.0024236941956915,7.869276931939437,0.0096971999076563,2.071132948601067,0.0037868592973258,3.7995035216134667
4096,4096,Day1,QMB1551,Stationary,3.735800637469581,0.0167261909509456,1.3822337490034915,0.0035772069070009,14.148453883033868,0.0314409689966122,4.189211677656271,0.0112494565012024,3.3773547320362365
4097,4097,Day1,QMB1551,Stationary,3.551565046321006,0.015049546693369,1.2509271872006886,0.0030153203774194,12.086349776960745,0.0195921044739171,3.4006847794559554,0.0081684843422671,3.554092943273128
4098,4098,Day1,QMB1551,Stationary,3.333433529260048,0.0129145494074261,1.3459114999555823,0.0034524841197798,11.661324121941288,0.0192487468219918,3.370585467090963,0.0080752080306223,3.459732511101633
4099,4099,Day1,QMB1551,Stationary,3.158602465047343,0.0134482504967345,1.299119514999883,0.0032839852672582,10.974135005908051,0.0174858371948088,3.0305838322329937,0.0066624010887982,3.621129001345623
4100,4100,Day1,QMB1551,Stationary,5.5367708343725335,0.0400109829566081,1.2261376664261847,0.0027696994463142,12.572215912196087,0.0213539782804956,3.659886482210868,0.009156818891602,3.435138213522254
4101,4101,Day1,QMB1551,Stationary,2.978163872055403,0.0132459396770779,1.238974606498766,0.0026872672682416,9.397995331774302,0.0136872912523832,2.449780105847169,0.0048971682380388,3.8362607767705508
4102,4102,Day1,QMB1551,Stationary,2.8753668663074117,0.0131677190418481,1.1521181614907068,0.0022797788416411,9.2133120041543,0.0140687605964722,2.656518730122154,0.0057245489766724,3.4681901165178863
4103,4103,Day1,QMB1551,Stationary,3.318711258146222,0.0145062261525307,1.237195783384607,0.0027099929960684,10.495828699011124,0.0161574374531746,2.7795828919497514,0.0063420248572198,3.776044502723492
4104,4104,Day1,QMB1551,Stationary,2.8688981302448977,0.0122026139543936,1.2499262348408489,0.0028663785938096,10.430160748427948,0.0166132888109678,2.788900122931202,0.0063130360242584,3.7398832115456306
4105,4105,Day1,QMB1551,Stationary,2.484057701367954,0.0145257818140813,1.2833578806287438,0.0031857772808882,8.584532539224423,0.0113887919533059,2.280069125931629,0.0045831235291225,3.7650317008335485
4106,4106,Day1,QMB1551,Stationary,2.5339933852353087,0.0150242294222563,1.138071492697726,0.0022578886136022,7.8509510218126195,0.009968709509939,2.081136017866001,0.0036722058990546,3.772435321100729
4107,4107,Day1,QMB1551,Stationary,2.294041871172986,0.017213698983238,1.3376477974909615,0.0034561647048721,9.17826221663104,0.0115717124971068,2.439105243163898,0.0051937611810958,3.762962767742408
4109,4109,Day1,QMB1551,Stationary,2.48263968615292,0.0163955537805373,1.151216893610718,0.0023940915135976,8.048369003309967,0.0104744256337166,2.1861898053822544,0.0044006470342268,3.6814593973018335
4110,4110,Day1,QMB1551,Stationary,2.8286035593191454,0.0127425372509182,1.2407710129097864,0.0029150838258763,9.431422968726418,0.0138884472266605,2.629079837466796,0.0056014368094827,3.58734749486113
4111,4111,Day1,QMB1551,Stationary,2.7872417302141477,0.0131228584199687,1.2626362789354642,0.002952537941582,8.900035442632088,0.0123992132090447,2.364836305692298,0.0050924258288152,3.7634890081859735
4113,4113,Day1,QMB1551,Stationary,2.169981505919257,0.0175274742624618,1.1806548245475723,0.002410546059774,6.763476844602414,0.0094943539667017,1.6248066572976962,0.0029231377037853,4.162634867493169
4114,4114,Day1,QMB1551,Stationary,2.9514055440033893,0.0133720081423745,1.2148723555360883,0.0026248811745526,10.060341962200855,0.0154092398440011,2.661931137452282,0.0058655869612192,3.7793396758676283
4115,4115,Day1,QMB1551,Stationary,3.646246312791489,0.0149831776842858,1.363051626423213,0.0034515326059448,13.929165663555096,0.0267798392533037,4.074961212190479,0.0110558937450866,3.418232699218143
4116,4116,Day1,QMB1551,Stationary,2.3134247498007587,0.0166133901614477,1.1937693344745677,0.0027640268099025,7.068786659778405,0.0090637575672685,1.808323642678868,0.0031403205260761,3.909027395840844
4117,4117,Day1,QMB1551,Stationary,2.3361083867338186,0.0180776626174047,1.1727089218170734,0.0024317843722591,7.273540722314896,0.0087360117004725,1.860430214501719,0.0031850894333132,3.909601481215986
4118,4118,Day1,QMB1551,Stationary,3.3666957945014344,0.0131436954701784,1.249144605191379,0.0028956907386651,10.686014710432834,0.0157855304727664,2.9154498924777243,0.0064664360233811,3.6653055633040625
4119,4119,Day1,QMB1551,Stationary,2.411291798590056,0.0170891732634036,1.27242448015989,0.0028492629761651,7.853795887772616,0.0096856645996676,2.0578687708851686,0.0037419263121522,3.816470709351596
4120,4120,Day1,QMB1551,Stationary,2.3161290420579963,0.0163257585281438,1.3926731652347184,0.0035208564687478,8.930314968688469,0.0122576335414245,2.455612678339058,0.0053193878580277,3.636695252253221
4121,4121,Day1,QMB1551,Stationary,2.6716723190190867,0.0152160481803696,1.39935787411944,0.003456701670733,9.794479345729652,0.0150867255435024,2.866421994211058,0.0060804840752859,3.4169704828913177
4122,4122,Day1,QMB1551,Stationary,4.332500251471298,0.0220577598211969,1.293946109747621,0.0033532346782568,10.576889982592828,0.0165834345491745,2.928489324711423,0.0066455282986847,3.6117222259757042
4123,4123,Day1,QMB1551,Stationary,1.9100565199747983,0.0204342747535926,1.0814700803276185,0.0021673002025715,6.037520931889976,0.0099124240276479,1.4214391736225949,0.0025556442514628,4.2474704819785645
4124,4124,Day1,QMB1551,Stationary,2.288741691144652,0.0168852661859831,1.3770349549769727,0.0037881632647636,8.000118985982157,0.010667330313042,2.11950997488878,0.0039839188883472,3.77451348696859
4125,4125,Day1,QMB1551,Stationary,2.611395205748423,0.0150141537989244,1.2450923918965509,0.0026628643460416,8.974072106405307,0.0115425210495492,2.3549232134119293,0.0047822465642502,3.8107705827924754
4126,4126,Day1,QMB1551,Stationary,2.052136389920354,0.0177855306820723,1.2250713453161717,0.0025473177016176,7.030756824745847,0.0093459641380919,1.798617460149322,0.0031200672316039,3.90897841287616
4127,4127,Day1,QMB1551,Stationary,3.8398429047370426,0.0174869943796861,1.21885281347933,0.0025798995581561,11.128014065726024,0.0190132214056269,3.088937539884109,0.0068529167564659,3.602537740579735
4128,4128,Day1,QMB1551,Stationary,4.043866931784533,0.0181651015448944,1.3747168108109018,0.0035425828920615,13.824634527810456,0.0261419463073536,4.252420281342587,0.010795164822024,3.251003807988071
4129,4129,Day1,QMB1551,Stationary,3.371013023385958,0.0140181061850467,1.3896876217152505,0.0035955796264886,13.997863716970157,0.0262158216464284,4.317230142103126,0.0118008025676421,3.2423251149986503
4130,4130,Day1,QMB1551,Stationary,3.145871419861187,0.0124699874027909,1.4310910296079966,0.0037279174074283,13.159035894028587,0.0256077930865563,4.015790724953419,0.0104721596854935,3.2768231203535203
4132,4132,Day1,QMB1551,Stationary,3.338955978755458,0.0142628615962276,1.1572157166407668,0.0023431598077855,8.972700158006022,0.0125832181303255,2.402743289277757,0.0048911431017188,3.734356557376188
4134,4134,Day1,QMB1551,Stationary,3.5250036762790597,0.0142891148001648,1.355324815139913,0.0035095636266501,13.273640754646378,0.0231782987028218,4.068811723052519,0.0100683541560442,3.26228925252117
4135,4135,Day1,QMB1551,Stationary,2.2377346661711743,0.0163225896735886,1.324191761050188,0.0034478558711628,7.890376714306847,0.0106797743702084,2.0411273366135685,0.0036957590250371,3.8656954775774843
4136,4136,Day1,QMB1551,Stationary,2.6645124743345385,0.0149839669081251,1.2003762165101608,0.00266154161147,8.233161464066876,0.0111506039756559,2.376225738035965,0.0050020079818675,3.464806113442689
4137,4137,Day1,QMB1551,Stationary,3.2267537025283692,0.0127849154056194,1.4269821660405104,0.0040409576490787,12.910825382217824,0.0217343901636873,4.051051281503157,0.0101316037152309,3.1870308433684444
4138,4138,Day1,QMB1551,Stationary,3.3090366878895296,0.0141815532440618,1.1548140497008017,0.0023703544116678,9.448918569853756,0.0124123096461211,2.4275625540193047,0.0050115366150847,3.892348130930436
4139,4139,Day1,QMB1551,Stationary,1.8857505770472616,0.020989305942281,1.2517008303761112,0.0028238480315243,6.665634313385019,0.0085677853036986,1.5821433959711757,0.0028324611827457,4.213040569115681
4140,4140,Day1,QMB1551,Stationary,2.876523397008222,0.0142966032535468,1.2932281431363124,0.0032591079052546,8.197133828622613,0.0100984542685819,2.0884297049981697,0.0036660366947594,3.9250226181923598
4141,4141,Day1,QMB1551,Stationary,2.8284597862003658,0.0135598808343296,1.436635609613144,0.0038402124404306,10.295999958908178,0.0161543268115801,2.968039806766914,0.0067560881137439,3.4689561559902433
4142,4142,Day1,QMB1551,Stationary,2.397425059310178,0.0162015588733218,1.052983383240984,0.0017550483378382,6.321241787352736,0.0095257973601269,1.56042939333203,0.0026119124214927,4.050963032588617
4144,4144,Day1,QMB1551,Stationary,3.216027136239657,0.0130815354457566,1.1194345651058415,0.0022787272854797,9.816414381289686,0.0151872573772909,2.7303764504585843,0.0059880689219592,3.5952604189949544
4145,4145,Day1,QMB1551,Stationary,2.498093302724724,0.0153007057175314,1.0948851636165156,0.0020000543696293,7.782278682404252,0.0105380411211875,2.1102218285699776,0.0043101449086223,3.6878960197649104
4146,4146,Day1,QMB1551,Stationary,2.749724591012777,0.0139180095802148,1.3264903736646825,0.0035496118170072,10.76598472681601,0.0160016117419346,2.9551597699179464,0.0068177960918808,3.6431142696271004
4147,4147,Day1,QMB1551,Stationary,3.078633339517164,0.012952863836506,1.3785595931996597,0.0033744157715735,10.936726965733891,0.0182251357136025,3.123753585318579,0.0070118882497797,3.5011490717884195
4149,4149,Day1,QMB1551,Stationary,3.7609928448480785,0.0168967727668984,1.3004188790844473,0.0030315913883054,14.742215033321685,0.0287733835401763,4.21157470217214,0.0109493197584966,3.500404498516509
4150,4150,Day1,QMB1551,Stationary,2.736921268125515,0.0134514868871698,1.4040586106149022,0.003793691987007,11.900547825555376,0.0194602723301497,3.4478285377966107,0.0090170824496585,3.4516066257635334
4151,4151,Day1,QMB1551,Stationary,3.1994417434373523,0.0137346155774203,1.294526381442543,0.0033936502386441,11.432652716665338,0.0181949970915853,3.1834920909740005,0.007148017084674,3.5912301302961547
4153,4153,Day1,QMB1551,Stationary,3.580570102530838,0.0160509744413843,1.3030806601041771,0.003041374972762,13.172903595351546,0.0242232468459034,3.828785637966104,0.009532907016029,3.4404912786784134
4154,4154,Day1,QMB1551,Stationary,3.5877187475604715,0.0149592774028615,1.3753116606349396,0.004089593462385,13.071320850609656,0.0234389666414242,3.8570771692457777,0.0097385872823616,3.388918675216875
4155,4155,Day1,QMB1551,Stationary,4.250868644749438,0.0217370381558005,1.3379197054513572,0.0035832339669959,13.867178413871171,0.0244170499189665,4.077065165415179,0.0106736502515315,3.4012648440116453
4156,4156,Day1,QMB1551,Stationary,2.3771082107712975,0.0163115367272487,1.062724609510748,0.0018932329507335,7.016554323688255,0.0095049006360992,1.6001828920361012,0.0028341526388615,4.384845231509922
4157,4157,Day1,QMB1551,Stationary,2.1754720134995176,0.0178434792904727,1.0149602658855137,0.0015458111805939,5.926204307653233,0.0093193783557772,1.4486371485002174,0.0023754807698024,4.0908824641068104
4158,4158,Day1,QMB1551,Stationary,3.4740855712847942,0.0146403342952246,1.244390552541265,0.002788551265992,12.79610718121941,0.0211221942091279,3.505155069455897,0.0089581125784173,3.65065365944159
4159,4159,Day1,QMB1551,Stationary,3.092791423842584,0.0137886214454182,1.5214386281881858,0.0042377413085255,12.96292167044992,0.0240142991509908,3.999281875875926,0.0103231429474826,3.2413123337576124
4160,4160,Day1,QMB1551,Stationary,2.404318069277654,0.0175541547509175,1.414026089217355,0.0037137796511842,9.36359305826728,0.0141709029881595,2.6521966542381934,0.0058070623136118,3.5305048150574803
4161,4161,Day1,QMB1551,Stationary,2.9133574477875555,0.0135726580809328,1.321446735947886,0.0036171368961277,10.111452347327326,0.0146872362890048,2.915740266060395,0.0068774327191465,3.467885142248772
4162,4162,Day1,QMB1551,Stationary,2.5136768181627462,0.0149005339247918,1.381032837852827,0.0036422057452881,9.48122084620162,0.0133848458336881,2.643034770065651,0.0058266931282547,3.5872478688451435
4163,4163,Day1,QMB1551,Stationary,2.070783322758847,0.0199686308458983,1.1873151786908689,0.0025164787106038,6.9341694032032555,0.0093446538758368,1.6255056051129964,0.0027948527153405,4.265853886564254
4164,4164,Day1,QMB1551,Stationary,2.6023613581282543,0.0143922251030243,1.1044154626258391,0.0019671251724317,7.625971714755739,0.0094673823062647,1.9522830023895452,0.0036424808891679,3.906181483638254
4166,4166,Day1,QMB1551,Stationary,2.9563550476747897,0.0128804546279383,1.2532191553461642,0.0029424748884806,10.584283778427134,0.0171406819597991,2.82233158016428,0.0063103918030355,3.7501914561757665
4167,4167,Day1,QMB1551,Stationary,2.203036642502065,0.0177994779321211,1.3482672550358237,0.0034635144882985,7.624463455906167,0.0105449095332922,1.9694826988360012,0.003704766651584,3.8713025813389264
4168,4168,Day1,QMB1551,Stationary,4.257294435442785,0.0226059935360435,1.2116780565870864,0.0026207246047963,13.269552708917104,0.0251250623326315,3.581220907508353,0.0084328295083769,3.705315324473921
4169,4169,Day1,QMB1551,Stationary,2.141576817226764,0.0185348105655919,1.1598715045817536,0.0024321103550329,6.651564897798324,0.0084376268660455,1.5497098675779717,0.0026460572443257,4.292135603546229
4171,4171,Day1,QMB1551,Stationary,2.5821687908258575,0.0148522008073007,1.322266591656672,0.0033523031810351,9.592654141124488,0.0130987235106769,2.615525812918008,0.0052552411595611,3.6675815217523913
4173,4173,Day1,QMB1551,Stationary,3.2453939624343104,0.0132327513172886,1.3415685923616685,0.0033691494841409,12.815582972201526,0.0198155473673106,3.6855064211586264,0.0092219815877753,3.477292265352408
4174,4174,Day1,QMB1551,Stationary,2.7146870803306804,0.0138427246912515,1.128451049182083,0.0022925526290211,8.27201431942117,0.0102465803018986,2.2482006646663906,0.004093918982106,3.6793932363011073
4175,4175,Day1,QMB1551,Stationary,2.442941776933416,0.0145330852674762,1.3596346612889083,0.0034382031886215,9.088498393076463,0.0114426031007433,2.4396864829186717,0.0050843209849009,3.7252730859924323
4176,4176,Day1,QMB1551,Stationary,2.199788320923348,0.0177936470710915,1.2415955890841648,0.0028425022359206,7.651140123930829,0.0100434700759572,1.8873332768100917,0.0033936370453416,4.053942257014899
4177,4177,Day1,QMB1551,Stationary,2.1477427357255703,0.0195306843895912,1.369168595318028,0.0034602678475096,8.10643099269405,0.0106893408809228,2.169385417728654,0.0042487840027466,3.7367407960091668
4178,4178,Day1,QMB1551,Stationary,2.4256389411787596,0.0165742143991195,1.2504320912713824,0.0029703796319724,9.062945226760997,0.0116860039205698,2.3221622664537303,0.0048309078461631,3.9028044498377774
4179,4179,Day1,QMB1551,Stationary,2.792021249595337,0.0137265844540463,1.1006930422957666,0.0021321303905833,7.932438421767774,0.0102239193690617,1.9130383924401788,0.003435215246781,4.146512925780617
4180,4180,Day1,QMB1551,Stationary,2.6558165091107893,0.014663925783674,1.3006632445015365,0.0032015396358571,9.144292913531322,0.0138691019387569,2.5807194760900294,0.0053654362947173,3.5433114673066153
4181,4181,Day1,QMB1551,Stationary,2.5614986379917557,0.0145711322739622,1.335294293546651,0.0035239679785101,8.69520975168253,0.0120974079596784,2.310586213840059,0.0047616918976268,3.7632050687395044
4182,4182,Day1,QMB1551,Stationary,3.4634759457915716,0.0138424689388494,1.3896546655475572,0.0038638283174983,13.305356155523135,0.0247436093663291,3.906168638838869,0.0104081300566391,3.4062421225823543
4183,4183,Day1,QMB1551,Stationary,2.6837217591247886,0.0145448129909577,1.3010735866213594,0.003077746313779,9.197330532241308,0.012594929974816,2.4487002857011486,0.0051065249201534,3.7560050063896613
4184,4184,Day1,QMB1551,Stationary,2.4989796172344523,0.0146989777658087,1.2663704021914963,0.0028194914363993,8.005711269365126,0.0108095316812022,2.02377196626794,0.0039553992254975,3.9558366272503247
4186,4186,Day1,QMB1551,Stationary,1.870984713767735,0.0210041080137304,1.0731798088307392,0.0019811535929387,6.096268268631875,0.0085585134069103,1.3153661852610088,0.0020861473234222,4.634654848924971
4187,4187,Day1,QMB1551,Stationary,2.8180238164287643,0.0138973318363055,1.268399226151233,0.0027226681376851,9.90279067638865,0.0153491194418886,2.7048505700421455,0.0056266084837115,3.6611230158397805
4189,4189,Day1,QMB1551,Stationary,2.553080295076568,0.0157736983554476,1.4557885103775234,0.0038244544124967,10.111091904013152,0.0154114361982729,2.8658159303680004,0.0060622184831967,3.5281721330632645
4190,4190,Day1,QMB1551,Stationary,3.5793259388704333,0.0149646484216571,1.2923829857252482,0.003079800925966,12.329628982697818,0.0199626534177121,3.4217083072675747,0.0086607108099404,3.603354779397814
4191,4191,Day1,QMB1551,Stationary,5.340529649763567,0.0347976514256232,1.2361667588371943,0.0029397654383618,12.366881394711251,0.0201872248504855,3.3555247853932553,0.007677198810986,3.685528251361701
4192,4192,Day1,QMB1551,Stationary,2.814700086575847,0.0134665227230676,1.1911712511182608,0.0027025329750161,9.679609175924702,0.013870373276906,2.4777094566720237,0.0049196045004325,3.906676446610503
4193,4193,Day1,QMB1551,Stationary,3.42450380472985,0.0146809007184086,1.3042539254667826,0.0029646927004825,11.71484071247426,0.0197436485292405,3.2769315573951197,0.0077945435866018,3.574942139403899
4195,4195,Day1,QMB1551,Stationary,2.568056738231942,0.0139365602283922,1.1351345065465084,0.0024280817964649,7.6616786835273745,0.0104279828795241,1.844210039131135,0.0031510508665902,4.1544501553288535
4196,4196,Day1,QMB1551,Stationary,2.477172420755604,0.016742472269537,1.15719863093597,0.0025217491159433,7.633026727083956,0.0104433849788385,1.8229434022985689,0.0033491317684961,4.187198964849589
4197,4197,Day1,QMB1551,Stationary,3.3724329502614037,0.0147835596187657,1.1809146629001546,0.0024613160046884,10.090319584425476,0.014882273595706,2.5765256518223456,0.0058193406889161,3.9162503883043875
4198,4198,Day1,QMB1551,Stationary,2.2040538362619864,0.0186485190432878,1.0886977234140218,0.0018490107715694,6.505004223711632,0.0087739300851553,1.4558133493581904,0.0026011923456915,4.468295490338392
4199,4199,Day1,QMB1551,Stationary,2.795195435036252,0.0139827694054577,1.2355159378662468,0.0027000887135997,9.072643047965949,0.0129389583241661,2.472439310992529,0.0052537978608615,3.6695109188843356
4200,4200,Day1,QMB1551,Stationary,3.3732914703743124,0.0131878083441756,1.2994085123859804,0.0031126365605007,11.346022516444975,0.0191661001289017,3.2638566830813036,0.0082371578129079,3.4762624766151053
4201,4201,Day1,QMB1551,Stationary,3.2654206918845863,0.0147441364731817,1.1555340169307475,0.0024512987168757,11.401601919494675,0.019341028301016,2.980731411508916,0.0066955957852009,3.825102079131282
4202,4202,Day1,QMB1551,Stationary,2.7590269871634723,0.014840889007215,1.2441015185506563,0.0027330041635248,8.940176862487123,0.0113143240471255,2.433082300215053,0.0052266381163682,3.674424355352438
4204,4204,Day1,QMB1551,Stationary,2.9745817109008414,0.0138721368062586,1.2130875362695448,0.0027633582564743,9.083769822836356,0.0133747951574751,2.49025201103389,0.0053426095509198,3.6477311463208104
4205,4205,Day1,QMB1551,Stationary,2.13369764770956,0.0171177098489304,1.2092136656524206,0.0026071232313214,7.252532226386332,0.0093275510858029,1.7467606670483224,0.0028598424183788,4.151989659030774
4206,4206,Day1,QMB1551,Stationary,2.8717806688837726,0.014081141996495,1.1396387663914689,0.0020807854748253,8.680420357891343,0.0100292434786511,2.3927176779027572,0.004797180406853,3.6278498036173765
4207,4207,Day1,QMB1551,Stationary,4.027424824118948,0.0200244070573578,1.175878441431963,0.0024119430458652,13.45550563217674,0.0263033137267731,3.535967470327144,0.0088758761707154,3.8053250616957315
4208,4208,Day1,QMB1551,Stationary,2.423560143132112,0.0159352620587351,1.3143373324728291,0.0032358216331375,8.710376789746844,0.012413657993947,2.293354833371897,0.0047058720437667,3.798093806940491
4209,4209,Day1,QMB1551,Stationary,3.227442992117618,0.0130184467537595,1.235561055526032,0.0030315118394161,10.94191820315686,0.0169307238606188,2.899855244763005,0.0068902310219813,3.7732635871798847
4210,4210,Day1,QMB1551,Stationary,2.0036206482848913,0.019114987252434,1.2749753914659714,0.0028552238617454,7.223457027938017,0.0094049715698701,1.7684654374336293,0.0031270805990333,4.084590444934332
4211,4211,Day1,QMB1551,Stationary,3.0338749390042272,0.0137315305303076,1.163491640277197,0.0024833450051064,9.369102524388827,0.0132230906821039,2.4755793200185146,0.0051102688699111,3.784610110702798
4212,4212,Day1,QMB1551,Stationary,3.6715967506577374,0.0159005624283221,1.3084359244057844,0.0033078172301119,13.01304109531228,0.0243387640905988,3.745599009901025,0.009543408980784,3.4742216294146613
4213,4213,Day1,QMB1551,Stationary,2.4033140355554012,0.0142627072162456,1.0802057376441412,0.0020308737158148,6.810593846993861,0.0087863607029933,1.616456118169694,0.0025876997192999,4.213287184501777
4214,4214,Day1,QMB1551,Stationary,3.098518819358831,0.0137267176561547,1.1775162300046664,0.0025338037057285,10.15339701812394,0.0153452272838397,2.757327383570406,0.0059131148032789,3.6823327830504176
4215,4215,Day1,QMB1551,Stationary,3.239509186181493,0.0131606107668045,1.2787857828942726,0.0030926116047125,11.88635614074814,0.0202235267554537,3.258293785279685,0.0075741618706015,3.6480308173708282
4216,4216,Day1,QMB1551,Stationary,3.461779786136881,0.0144665914018288,1.1937928531904072,0.0024848093153773,11.312717096733609,0.0194705143661187,3.181969049061951,0.0069859421619074,3.5552567992666724
4217,4217,Day1,QMB1551,Stationary,2.910165627276442,0.0145567701135643,1.281236665552827,0.0032375741233489,10.483485418753189,0.0163199620701378,3.003857615156741,0.0070936783827802,3.490007437721432
4218,4218,Day1,QMB1551,Stationary,3.2334471509403113,0.0146181042722218,1.365149110460762,0.0035623588500609,12.913230448569536,0.0248486031202589,3.7387171757844953,0.0081886958702091,3.453920112547682
4219,4219,Day1,QMB1551,Stationary,2.093709323963428,0.019400896628347,1.382145861203163,0.0035795017540905,8.940905229253222,0.0114079433554369,2.3882581799061113,0.0046770465145828,3.7436929158156227
4220,4220,Day1,QMB1551,Stationary,2.7406208026544685,0.0145798769838212,1.2992971371726512,0.0033459106722366,10.433107492716982,0.016212576230138,2.8290281588626867,0.0068065116462584,3.6878768633081593
4221,4221,Day1,QMB1551,Stationary,1.924246784696616,0.0203910940181033,1.1354445241817113,0.0021868765198121,5.5379278968893715,0.0093150382466777,1.2709233527391408,0.0021485117917134,4.357405098390729
4222,4222,Day1,QMB1551,Stationary,3.372894528285648,0.0145448115536383,1.2596308572561925,0.0030317935858206,12.806027963953792,0.022078588268217,3.5685168246529586,0.0084859100633586,3.5886135874388625
4224,4224,Day1,QMB1551,Stationary,3.475515583138266,0.0140412539989087,1.058221769990305,0.001865400958781,9.50687736887464,0.0134760751004927,2.4804106852656216,0.005156297822595,3.8327835891646185
4225,4225,Day1,QMB1551,Stationary,3.467554157594085,0.0150424619041446,1.167742624396395,0.0025005988261622,11.771879275390496,0.0195314630164921,3.391539790915068,0.0079825968184418,3.470954198126727
4226,4226,Day1,QMB1551,Stationary,3.481968923536091,0.0131012448937931,1.2722118939837228,0.0029952996867424,11.770480824967636,0.0202254629573056,3.310835835928786,0.0073419117522083,3.5551387650320248
4227,4227,Day1,QMB1551,Stationary,2.3546436867212877,0.0166152992870101,1.0884364758072012,0.0020908734481627,6.374292263227017,0.0091670098786587,1.4837561625640132,0.0024753048550808,4.296051079047843
4228,4228,Day1,QMB1551,Stationary,2.7847360128836085,0.0131087644799854,1.0882304885826417,0.001887680164206,7.447587900262976,0.008536917880019,1.758791367493194,0.0031385840462901,4.234491957325232
4229,4229,Day1,QMB1551,Stationary,3.4921315565786526,0.0151610490963639,1.3909487336908732,0.0034554353868995,13.563111595647374,0.0251314013661988,4.031649192127401,0.0097471854613694,3.3641596650155114
4230,4230,Day1,QMB1551,Stationary,2.577519123759769,0.013623841016852,1.3375045960298524,0.0034914533132516,9.04760422859746,0.0131827473627502,2.43573533443946,0.0050691974007948,3.7145268209855002
4231,4231,Day1,QMB1551,Stationary,2.7264988907256074,0.0133874161938179,1.2192827254767304,0.0026400829243236,8.57665340424727,0.0111396202430736,2.303794569996882,0.0047618445590899,3.7228377546956706
4232,4232,Day1,QMB1551,Stationary,2.24035033496272,0.0164097543552611,1.4076397764719213,0.0036369857170425,8.936551569631279,0.0120698088462949,2.4333054764466624,0.0050255983476839,3.672597483601302
4233,4233,Day1,QMB1551,Stationary,2.172344874345481,0.0177011969452666,0.9473870818138468,0.0013057294850953,6.041295124525754,0.0090948626643717,1.5390122173301444,0.0025787695152344,3.9254367551455203
4234,4234,Day1,QMB1551,Stationary,2.3913273476029797,0.0174303346743365,1.211722471244719,0.0027324820562252,7.474048329459517,0.01048128138142,1.9125899208367187,0.0034736978711978,3.90781539107441
4235,4235,Day1,QMB1551,Stationary,2.4351778056105804,0.0149912046024927,1.3033765704073148,0.0034160958085265,9.129025506801923,0.0127783440063789,2.418303713882477,0.0050719397084011,3.774970635158843
4236,4236,Day1,QMB1551,Stationary,2.7831131274284764,0.0125553319500017,1.3838585188086627,0.0035943048879972,10.704516111672016,0.0167178398601873,3.0146731071502124,0.0066451340872272,3.550804923519902
4237,4237,Day1,QMB1551,Stationary,1.9131622652220523,0.020389363990632,1.1263847330204586,0.002243026603561,6.849409681454799,0.0100589154282578,1.7264226895034644,0.0030036222621782,3.967400175576211
4238,4238,Day1,QMB1551,Stationary,3.499289799582116,0.0154583753236541,1.3856842536977474,0.0035051183776395,12.80606803727984,0.0227876298906879,3.7924023385904566,0.0099613887115806,3.376769365151152
4239,4239,Day1,QMB1551,Stationary,2.5729829406512263,0.015196145015925,1.240911476568901,0.0026872549955466,8.381848334976697,0.0107931555774761,2.117089258443122,0.0038518289942011,3.959137906703372
4240,4240,Day1,QMB1551,Stationary,2.592137953535856,0.0149768416878137,1.176944112297781,0.0025018055102639,8.007730165709583,0.01073977817567,2.00744472580264,0.0037169657065847,3.9890165157637596
4241,4241,Day1,QMB1551,Stationary,2.466822764109721,0.0151757991019699,1.2015206418323658,0.0025106887870114,7.831992756915725,0.0100409375039825,2.05987599049904,0.0039569160416436,3.8021671173604443
4242,4242,Day1,QMB1551,Stationary,2.1946777267342914,0.0163961594452446,1.1564049099990816,0.0023894451615781,7.186378383860175,0.0087646757876937,1.9353941281361635,0.0032000947290015,3.7131343323754167
4243,4243,Day1,QMB1551,Stationary,1.6699512650274435,0.0239807638454071,1.1607389779955533,0.0023826844236415,5.998773264591048,0.0082441239865696,1.3825299372061848,0.0024344381025122,4.3389825443587595
4244,4244,Day1,QMB1551,Stationary,3.5619453813256357,0.015733849098635,1.2705329839000952,0.0030522251436485,12.729787003495735,0.0236857922916951,3.5325317047925906,0.0097379535088233,3.6035874741690828
4245,4245,Day1,QMB1551,Stationary,3.5798411833506942,0.0148222852600944,1.3129645104273144,0.0032714280358412,9.416081144379536,0.0136959219448412,2.5355117041801267,0.0058978680880766,3.713680804097997
4246,4246,Day1,QMB1551,Stationary,3.5620521383863935,0.0150827839161486,1.2793384072610765,0.0031142595820436,13.182653933037646,0.0249852233326974,3.727095992890777,0.0092377440385977,3.536977303021657
4247,4247,Day1,QMB1551,Stationary,2.523427028203473,0.0147010712258647,1.2217062807135983,0.0027275262843398,7.679737142302279,0.0092818795971429,2.0421443222107323,0.0035377315271899,3.760624094377691
4248,4248,Day1,QMB1551,Stationary,3.148204812429939,0.0138143198012382,1.2627799928798809,0.0030026538341394,10.20385923354638,0.0160029777882188,2.8158625316493175,0.0060995095520181,3.623706455431877
4249,4249,Day1,QMB1551,Stationary,3.0261435644384616,0.0124447254177222,1.182113080003269,0.0024528013003225,9.707068207175311,0.0142920039367538,2.68331396898614,0.0054672183741416,3.617567053043375
4250,4250,Day1,QMB1551,Stationary,2.972569248358933,0.013553308204287,1.3121262540685894,0.0034423187497018,10.019198003862336,0.0151279283947491,2.874706420429051,0.0062217882687656,3.485294335679317
4251,4251,Day1,QMB1551,Stationary,3.2912112072377577,0.0123123942610425,1.3485290038216304,0.0035251969988107,12.068944973720292,0.0193276821987093,3.427537902161182,0.008122159365322,3.521170390591568
4252,4252,Day1,QMB1551,Stationary,2.666577397077881,0.0146670525836579,1.235286926984858,0.0028438738861903,9.128219073510856,0.0125403124904153,2.383646787854219,0.0045175326753266,3.8295183330111437
4253,4253,Day1,QMB1551,Stationary,2.294710572076597,0.0156613662787429,1.2762002968131023,0.0027680697964191,7.946033810626272,0.0098836827593369,2.099609891436334,0.0042295172032482,3.7845286607934696
4254,4254,Day1,QMB1551,Stationary,2.691200511534899,0.013009749691309,1.4463233515583134,0.0041749558402868,10.37644025087102,0.0154726896734569,2.9656599641902615,0.0069098380510088,3.4988637861941077
4255,4255,Day1,QMB1551,Stationary,2.597127710235919,0.0150394234436088,1.262845584180413,0.0029091868781102,9.698747113471915,0.0141447738144682,2.544461180783494,0.0056949622197761,3.81170960151393
4256,4256,Day1,QMB1551,Stationary,2.729520911477997,0.014805708453989,1.1683368691870268,0.0024726743016038,7.665659510826464,0.0095019902436374,1.9825672757108888,0.0036941732571265,3.866531847237209
4257,4257,Day1,QMB1551,Stationary,2.730453126940211,0.0146996809393708,1.2796712285137364,0.0030941863531816,9.429926136335045,0.0148585384739693,2.524284290572176,0.0052655161163818,3.7356830890856503
4258,4258,Day1,QMB1551,Stationary,3.192532451231308,0.0128274883155164,1.3001362712762303,0.0033733889163311,11.061501339694052,0.018104022826535,3.1749594763562117,0.0072238192108866,3.483981897113517
4259,4259,Day1,QMB1551,Stationary,2.4172590067846578,0.0166179039125398,1.346832565626789,0.0036393175017003,8.608192026856079,0.0115606940271136,2.325328489842305,0.0044564047886666,3.7019251535682405
4260,4260,Day1,QMB1551,Stationary,2.465712019037244,0.0146686736993922,1.1740604351824204,0.0024655107877984,7.264529201065612,0.0092625795594208,1.858313348772161,0.0034681495764693,3.909205735332788
4261,4261,Day1,QMB1551,Stationary,2.5429768935668724,0.0153288303474047,1.1220225707591305,0.0022869327637495,7.248961338004672,0.0099754394343713,1.7579613329660468,0.0031707027191749,4.123504426445014
4262,4262,Day1,QMB1551,Stationary,2.7740255717704896,0.0130236902072611,1.3413624833046274,0.0033509898518893,10.37828179253067,0.0155379455029824,3.038061527169805,0.0063868194484252,3.4160867710269387
4263,4263,Day1,QMB1551,Stationary,2.564524442855513,0.014134246688312,1.0440087755069796,0.0017918503613651,6.790495907765502,0.0088652639785913,1.7316595863704198,0.0030371520140339,3.9213803689895346
4264,4264,Day1,QMB1551,Stationary,1.804556467661436,0.0230263975441923,1.323790345511622,0.003282104654279,6.812699053789335,0.0089504572682929,1.6646408174472491,0.0027794052598138,4.092594019313252
4265,4265,Day1,QMB1551,Stationary,2.4720389912195495,0.0140549667575075,1.2008601753601664,0.0026186562509997,7.494166783605795,0.0095507610404058,1.8743972569360547,0.0031936905905869,3.9981742162042972
4266,4266,Day1,QMB1551,Stationary,2.593353799835828,0.0141012349798357,1.1931834869967817,0.0026297611085366,8.362370075368112,0.0111671311647738,2.183270887543566,0.0042227036008984,3.8302027123976137
4267,4267,Day1,QMB1551,Stationary,2.7004734259700225,0.0148053389572147,1.380086389142485,0.0035633022096008,11.624262422482111,0.0202014464577276,3.313065398327356,0.0075587583438517,3.5086124253239226
4268,4268,Day1,QMB1551,Stationary,3.0870829534365147,0.0137800502165448,1.3525650402770202,0.0033803886864552,10.891340750855768,0.0165900257359021,3.1366661640000766,0.006996859671363,3.472266470642332
4269,4269,Day1,QMB1551,Stationary,1.98240223499398,0.0201838235389521,1.2328261486022627,0.0029320280945642,6.949460960938371,0.0094100450197386,1.7572430506631227,0.0028300130556561,3.954752279894284
4270,4270,Day1,QMB1551,Stationary,3.532053127922079,0.0150166946638957,1.4783684158240362,0.0039855764300799,13.965867246960045,0.0275380929573964,4.367304751603472,0.0118017200644033,3.1978229231272275
4271,4271,Day1,QMB1551,Stationary,2.983474020271763,0.0134467142802699,1.3905038925579445,0.0036995505584552,10.867468586353668,0.0172025171714638,3.2463737627846836,0.007870625078545,3.3475715923208242
4272,4272,Day1,QMB1551,Stationary,2.2741843613983863,0.0167389106989628,1.0199291242957151,0.0015565413975594,6.267705722135137,0.0087208939971134,1.500327445192555,0.0024904833468883,4.177558533784421
4273,4273,Day1,QMB1551,Stationary,3.4512559510237617,0.0151586785960345,1.164508606694127,0.0024649427898134,8.530051541893995,0.0120336498868096,2.417216152865764,0.0049748965556169,3.528874127281118
4274,4274,Day1,QMB1551,Stationary,2.436210151754324,0.0169058983556977,1.082071722747621,0.0020234630468638,6.778206537979528,0.0087801265390238,1.6946438870442682,0.0027557825789662,3.9997822491200865
4275,4275,Day1,QMB1551,Stationary,2.736954095472548,0.013218029545628,1.2795376514988537,0.0031957460473818,9.15188937709202,0.0132085215832992,2.4654160959511144,0.0051024063622131,3.7121074175356923
4276,4276,Day1,QMB1551,Stationary,3.4498011419580026,0.01580449835636,1.238312032196656,0.0027473011536624,11.58844050195763,0.0202300533094896,3.3139534369361,0.0080174125971575,3.4968628022340797
4277,4277,Day1,QMB1551,Stationary,3.0195226135194964,0.0139334556068052,1.2435367044272914,0.0029183812607246,10.324593771195993,0.0157795840756173,2.7519640829321856,0.0060558037824037,3.7517182129046023
4278,4278,Day1,QMB1551,Stationary,2.4115708627523356,0.0170772044182044,1.2899941365028658,0.0028134690948881,8.390965421753258,0.0111895642644998,2.144297212514237,0.0040509477183253,3.913154096728345
4279,4279,Day1,QMB1551,Stationary,2.6959312707342225,0.0153092891316804,1.1365477872608547,0.0021303210194284,7.687201700764673,0.0096415314511561,2.0250936262290766,0.0039920131378601,3.795973480534329
4280,4280,Day1,QMB1551,Stationary,2.9792872156909795,0.012767392033917,1.3077074809834148,0.0034527423208793,11.195828576501889,0.0186591586607617,3.176231383272092,0.0070856083589779,3.5248781418966284
4281,4281,Day1,QMB1551,Stationary,2.7475251253892794,0.0122608161510192,1.3085806158329647,0.0033028596332174,8.7064021532412,0.0117434942975529,2.347581735523237,0.0046379720431575,3.7086683805284792
4282,4282,Day1,QMB1551,Stationary,2.068694066823107,0.019721813916043,1.053468257609632,0.0017283486399106,5.832707319073546,0.0088385646459095,1.248610983597995,0.0023830622036776,4.671356728150851
4283,4283,Day1,QMB1551,Stationary,2.4942980411539057,0.0153518472665131,1.358047876813941,0.0033231776353641,10.256311915106425,0.0148988022688948,2.824695709600599,0.006395144788745,3.630943991682781
4284,4284,Day1,QMB1551,Stationary,2.4087161337121987,0.0156052612029412,1.2501402668007595,0.002827081310024,8.338372599698108,0.0120006278499098,2.1436692774075117,0.0040514698774207,3.8897663401615206
4285,4285,Day1,QMB1551,Stationary,2.5087946909881564,0.0147973206582335,1.1733294031155554,0.0024994872942854,8.317712657139397,0.0102571797890661,2.0962455906760584,0.0038655125437997,3.96790943491352
4286,4286,Day1,QMB1551,Stationary,2.9271488321373704,0.0129351956007035,1.1327505042410144,0.0022610325558502,8.01808356427816,0.0099960795928826,1.9774420454174704,0.0034299084730626,4.054775502958121
4287,4287,Day1,QMB1551,Stationary,2.7331249671316535,0.0136712188838978,1.2889827544248758,0.0030517602631486,9.877594983223108,0.0152401416684266,2.663414101199849,0.0060722836140014,3.7086215691256283
4288,4288,Day1,QMB1551,Stationary,2.4011612692069293,0.016004162039652,1.2850238634492344,0.0029827793132717,8.636516182474242,0.0115102078370538,2.2604429533461627,0.0047420000722336,3.8207184878032407
4289,4289,Day1,QMB1551,Stationary,2.8509651559678715,0.0126816048292257,1.1672241583155143,0.0024923292089121,8.956079288696994,0.0119171821392148,2.2640166879279926,0.0046345686913504,3.95583625176081
4291,4291,Day1,QMB1551,Stationary,2.655032815578963,0.0145118920748072,1.2788815244762268,0.0031569049035354,10.134656497010576,0.0146834013075983,2.7735073757571636,0.0055307256698869,3.6540939409774706
4292,4292,Day1,QMB1551,Stationary,2.2208053711480105,0.0178135855762609,0.8713772174082194,0.0009019530678285,5.734494289393204,0.009589048595158,1.296690310340238,0.0023881366708544,4.4224085301358755
4293,4293,Day1,QMB1551,Stationary,2.215664334577939,0.0187253311255022,1.063514246728145,0.0019659312257302,6.171411979239966,0.0090895835983087,1.4169940546833386,0.002338964747027,4.355284313891576
4294,4294,Day1,QMB1551,Stationary,2.3443179471346394,0.0168729139007717,1.0809587904774112,0.0020259745211295,6.747185073878307,0.0089845760147726,1.5958326242773195,0.0025069793163305,4.2280029692548755
4295,4295,Day1,QMB1551,Stationary,3.011288583807791,0.0133263317064132,1.2726083306752358,0.0026994712485684,9.64694177408851,0.0137976957123457,2.6654292528275056,0.00591173534705,3.6192826216846568
4296,4296,Day1,QMB1551,Stationary,2.646607104963296,0.013948262510931,1.1793027033183587,0.002400558827587,8.731901750265429,0.0125108045953986,2.214135936562474,0.0044049457204265,3.9437062585335307
4297,4297,Day1,QMB1551,Stationary,3.0101629165183166,0.0139814575180539,1.2519413841166165,0.0029462063182531,9.708024632382717,0.0140403192793707,2.5688788496817376,0.0057653705589113,3.7790901013434164
4298,4298,Day1,QMB1551,Stationary,2.5871689944097223,0.0148098752596363,1.4739146354527235,0.0041208908043805,11.754640561905548,0.0200356135310371,3.4840484253797883,0.0084399824093296,3.373845345052631
4299,4299,Day1,QMB1551,Stationary,2.992871244962742,0.013625917809026,1.0980220144551058,0.002018315838799,8.507221597488696,0.0117461629324858,2.255505826208956,0.0041831526876831,3.771757757676732
4300,4300,Day1,QMB1551,Stationary,3.1097450000155415,0.0127444321275673,1.2746948286602295,0.0031089903496469,10.298096040641044,0.0148194519276187,2.956163447993914,0.0062426628194484,3.483601709380937
4301,4301,Day1,QMB1551,Stationary,2.7461382136286554,0.0135803884073328,1.332482402737089,0.0032554318773423,9.601791436197589,0.0134678391104628,2.592017017358011,0.0053183582664406,3.70437052376473
4302,4302,Day1,QMB1551,Stationary,3.652961098329651,0.0165465737388247,1.3401185221681882,0.0033194177715818,13.431353510262207,0.0254485836334141,3.9366792709733174,0.0104812407836665,3.4118485621363295
4303,4303,Day1,QMB1551,Stationary,2.5939367899466297,0.0149883464854908,1.231688263625601,0.0028354095692765,8.761143717140923,0.0122868124762147,2.3185675158219854,0.0046416536708496,3.7786882018119266
4304,4304,Day1,QMB1551,Stationary,3.0558775628831123,0.0136173474658496,1.090972554344107,0.002008831002796,9.719916570246122,0.0145013215894292,2.6640793736112944,0.0061150197392951,3.6485086242270186
4305,4305,Day1,QMB1551,Stationary,2.900071441708571,0.0139516736407827,1.2699824167700222,0.003060557631854,9.443044683670928,0.0132352927132737,2.534142939652239,0.0048397780856949,3.7263267734087644
4306,4306,Day1,QMB1551,Stationary,2.344632261022986,0.0174050725022729,1.318552107038237,0.0032620664520959,8.109626569509468,0.0102846832065333,2.137275773255492,0.0036968862057698,3.794375377753386
4307,4307,Day1,QMB1551,Stationary,2.5438662634633125,0.0154350687353118,1.0410226108280698,0.0019111210259739,7.298487621719923,0.0084924340728577,1.794787697331707,0.0032978796631357,4.066490779143691
4308,4308,Day1,QMB1551,Stationary,2.160640962532251,0.0185957304968238,1.1849112313569454,0.0027225210174897,6.965557877634106,0.0094502975554019,1.739831712543737,0.0031827222347056,4.0035813966455684
4309,4309,Day1,QMB1551,Stationary,3.855100465506546,0.0187203934583308,1.240003082304053,0.002892923922779,13.956911465328025,0.0263685887365231,3.8862266435510024,0.0102124762904486,3.591378667656663
4310,4310,Day1,QMB1551,Stationary,2.6304195778139845,0.0137858880897778,1.0928691892462463,0.0020152421471829,7.518657448608186,0.00913606193335,1.9533901121961237,0.0035829462773127,3.849030156170515
4311,4311,Day1,QMB1551,Stationary,2.0590734801603716,0.0187494357387283,1.280600349032896,0.0032374953945957,7.715037321845616,0.0093552348634897,1.9168638282563784,0.0034330342330332,4.0248228424568815
4312,4312,Day1,QMB1551,Stationary,1.983966244863114,0.0197232654746501,1.1477397979095,0.0023002068959536,6.024409964502173,0.0090994781386367,1.3646600896792511,0.0023158385873202,4.414586467402404
9011,9011,Day2,WH320,Exponential,8.681683781681025,0.0841843890975424,0.8695913414125455,0.0008610930921129,21.76542847941113,0.0504668828941499,4.595102606931817,0.0118331821867386,4.73665777268553
9012,9012,Day2,WH320,Exponential,4.336284125712564,0.0226213949509299,0.8555904322428933,0.0008194862508474,10.218899633645105,0.0149462916676862,2.045309847769869,0.0039569547153104,4.99625992843452
9013,9013,Day2,WH320,Exponential,5.397908456747905,0.0388153664722117,0.7852593153682998,0.0007285274694964,11.937026037469888,0.0203800873454144,2.2425177680197983,0.0043597897037734,5.323046357849193
9014,9014,Day2,WH320,Exponential,5.452996566039403,0.0358011102107677,0.8228318186795277,0.000748410264784,12.18126127654681,0.0211274727602678,2.394477510609102,0.0048388220595127,5.08723144092014
9015,9015,Day2,WH320,Exponential,5.53063489370783,0.0372143201430675,0.8369560686153744,0.0007418510809274,13.46106529303846,0.0252302558739495,2.6962615563084333,0.0060935533904631,4.992492386928729
9016,9016,Day2,WH320,Exponential,4.089055124217775,0.0197372097827672,0.8298314526924001,0.0007861217827644,10.07780638278266,0.0151393871350342,1.984016123706303,0.0036437505582878,5.079498227038851
9017,9017,Day2,WH320,Exponential,6.989347368344133,0.0538007610794194,0.7511329408471172,0.0006605870341729,14.446096928002534,0.0279208776181413,2.637092382336088,0.0057745960506121,5.478039762568102
9018,9018,Day2,WH320,Exponential,3.393723895229224,0.0135560212577832,0.8428129816590887,0.000895023600215,7.299862441245404,0.0096399859608047,1.4189617767670115,0.0025485383352313,5.144509570848021
9019,9019,Day2,WH320,Exponential,4.546539036528644,0.0239915067615746,0.7740464572595286,0.0007061616741142,10.06393036480524,0.0150188051600064,1.9012393426940324,0.0033453087807881,5.293352677283006
9020,9020,Day2,WH320,Exponential,3.694605369323572,0.0160712958883104,0.8483904178158891,0.0008320885582339,8.297473272724952,0.0107975601346839,1.6280331701735795,0.0027395050752232,5.096624211802935
9021,9021,Day2,WH320,Exponential,4.541370976001085,0.0261757980036193,0.823685227646118,0.0007707610017052,10.066827864089332,0.0163212684543945,2.001948067096836,0.0035392621937068,5.028515988772845
9022,9022,Day2,WH320,Exponential,4.147573544824769,0.0216527272577745,0.8480253597182511,0.0008501897255746,9.72380456598188,0.0142935195265992,1.9454858449824064,0.0034356305392922,4.998136887534031
9023,9023,Day2,WH320,Exponential,4.165238831218929,0.019449588157805,0.9363874893616876,0.0012356928158123,9.248271197231464,0.0136553077564133,1.961074738444859,0.0034687348405382,4.715919804548288
9024,9024,Day2,WH320,Exponential,5.200173026877714,0.0360125975109303,0.8601485422921948,0.0008799371467343,13.45673101563263,0.0258642012203324,2.786051670116226,0.0062096719980413,4.830036413169342
9025,9025,Day2,WH320,Exponential,3.490864567238318,0.0147389720244756,0.9025615457516984,0.0010192601294463,8.748235341102674,0.0110357449197973,1.809624231598944,0.0032685325671018,4.834282824215349
9026,9026,Day2,WH320,Exponential,4.514808267773133,0.023714104830527,0.8592702539811466,0.0009223548384053,11.007576249897614,0.0198067941273695,2.23387940547498,0.0041113369749298,4.92756064759777
9027,9027,Day2,WH320,Exponential,6.302211047344663,0.0533152068640128,0.8925693579603207,0.001038600737721,12.427998908337086,0.0215058556614952,2.601876451161114,0.0054280547385249,4.776552285098305
9028,9028,Day2,WH320,Exponential,5.06000007647682,0.0334954430123758,0.8889681954009147,0.0010081159878331,12.127695150413372,0.0211163781476651,2.564578048595873,0.005108646226135,4.728924181914986
9029,9029,Day2,WH320,Exponential,4.2328097591608165,0.0223425755516827,0.8490515982905774,0.0008002427816581,9.38249104333257,0.0125222397030969,1.8944469981189456,0.0032332905002924,4.9526278922813525
9030,9030,Day2,WH320,Exponential,4.567366053354363,0.0242004251443498,0.8199040484504498,0.0007977206469386,10.985198987115837,0.017760342574347,2.1276437655251255,0.0040717504356521,5.163081886691954
9031,9031,Day2,WH320,Exponential,3.6524719832957535,0.0148541969776621,0.8283678707194342,0.0007224439998925,9.238022443221755,0.0131311719337781,1.8156817069011744,0.0030557466465852,5.087908529402048
9032,9032,Day2,WH320,Exponential,3.5261721856882273,0.0149131177087151,0.8472953009759,0.0008228682852652,8.930162795766918,0.012599134176454,1.7445592773927656,0.00292405093343,5.11886463904683
9033,9033,Day2,WH320,Exponential,7.2105082250579455,0.0655004868575718,0.8571405642747942,0.0008790110361226,18.685665990639343,0.0435105479781301,3.870569383829857,0.0102654829392826,4.827627188057335
9034,9034,Day2,WH320,Exponential,4.488152354713347,0.0250905428496515,0.8223086595793853,0.0007356078903226,9.29279561637008,0.0126818084478438,1.78472665547499,0.003008734825157,5.20684531037997
9035,9035,Day2,WH320,Exponential,3.803003452346648,0.0186937954849701,0.7681817015001938,0.0006858631743819,8.692492012785817,0.0119453563719302,1.5705913610180389,0.0026373211778138,5.5345344616892875
9036,9036,Day2,WH320,Exponential,6.74044911271736,0.0573230801902718,0.7987426451660533,0.0006883002204799,16.771693677830335,0.0359472633752158,3.251953419372895,0.0074366795683304,5.157421252689585
9037,9037,Day2,WH320,Exponential,11.102127151158207,0.1089166012179219,1.135267983953692,0.0021706769148539,37.38749905022651,0.1068606171519362,10.250422673639504,0.0336804753904744,3.6474104766795676
9038,9038,Day2,WH320,Exponential,3.1327194084351353,0.0140394535696302,0.9480478062305756,0.0012297635570927,8.171071631494437,0.0098022118556663,1.7876481177504862,0.0031556538359748,4.57085013004496
9039,9039,Day2,WH320,Exponential,10.00989601758386,0.1036992528804915,0.7955227307201331,0.000702956606025,25.34783122408625,0.0595544013104723,5.071276437241779,0.0131408647381922,4.9983138442109265
9040,9040,Day2,WH320,Exponential,16.68968665538115,0.2007161812208863,0.8256879269476542,0.0007491112983019,42.077704968906474,0.1217885257042585,8.65235400544331,0.0261765211608064,4.863151108060862
9041,9041,Day2,WH320,Exponential,2.180328788806496,0.0178727681879397,0.8650657366817088,0.0008859765970807,4.772359094813777,0.0107207522476113,0.8707484094423273,0.002591683555148,5.480755454804958
9042,9042,Day2,WH320,Exponential,8.259887570164116,0.0787365453698081,0.8630471089827215,0.0009161836626759,22.000422758028908,0.0513213421453138,4.679639541898283,0.0124246168389645,4.7013071329644545
9043,9043,Day2,WH320,Exponential,6.226297222149528,0.0468705112972287,0.8774535722046883,0.0008714600026146,14.694698488734266,0.0265938394552518,3.1576475818457976,0.0065918451472693,4.653685412272798
9044,9044,Day2,WH320,Exponential,5.503399278800991,0.0374267020663465,0.8413058687921589,0.0008399121454614,12.835930313216934,0.0230458848429095,2.591900199601616,0.0055739313199313,4.952324289025427
9046,9046,Day2,WH320,Exponential,5.516341355247972,0.038248289301687,0.9045243069604664,0.0010276057011409,12.934323696566029,0.0241118252518221,2.7528289232057936,0.0062014745654478,4.698557032561045
9047,9047,Day2,WH320,Exponential,8.91409710655448,0.0820254391982031,0.8337814542382044,0.0007350748659386,12.73523783856024,0.0219955695063382,2.539452614534218,0.0052012519703146,5.014953917892307
9048,9048,Day2,WH320,Exponential,5.756419645327967,0.0420061953891763,0.9030432627894932,0.0011099346287624,13.818097413489816,0.0263360417970743,2.9413501851432637,0.0064777436733303,4.6978756501979655
9049,9049,Day2,WH320,Exponential,5.201729445496647,0.0331643148922408,0.7813004791954609,0.0007193270005156,12.177989736063417,0.0199534627435828,2.274448748998166,0.0047206393602241,5.354259902065278
9050,9050,Day2,WH320,Exponential,6.297403133651952,0.0470489986020039,0.8993043745862914,0.0010195729979733,16.343235894382918,0.0340866903507711,3.5062110988611677,0.0081353409982169,4.661224162940808
9051,9051,Day2,WH320,Exponential,15.340111528621062,0.1917151041011189,0.7972952645242565,0.0007003698748033,23.389477104305413,0.0548055981765415,4.594220898675088,0.0112715471841712,5.091064974923306
9052,9052,Day2,WH320,Exponential,5.281128276903637,0.0348928414377531,0.9266778960531524,0.0010946977934995,15.628161604780493,0.03145523907199,3.436385068205149,0.0080080330402635,4.547849351744275
9053,9053,Day2,WH320,Exponential,10.630575876946477,0.116683989273671,0.7041367702903999,0.0007878108167501,21.27373572023544,0.051171151664022,3.7183697357803274,0.0104505078990573,5.7212534610335055
9054,9054,Day2,WH320,Exponential,7.984415872475625,0.0729536808959132,0.8799379881900001,0.0009634427701749,20.86394999455742,0.0419293832844286,4.455510972333477,0.012584614669301,4.682728900032397
9055,9055,Day2,WH320,Exponential,6.383133080745629,0.0475585065058125,0.9345785268067368,0.0010751834800216,18.091888832477004,0.0418515793923105,4.086235225310633,0.0102409484112856,4.427520158510129
9056,9056,Day2,WH320,Exponential,5.2512784352398105,0.0375143238116181,0.8860382721426212,0.0010312342371659,12.544597782331396,0.0215422459330494,2.60935980602838,0.0054910842267361,4.807538520885363
9057,9057,Day2,WH320,Exponential,5.914796330397448,0.0445211655294719,0.8048005374552173,0.0007307865922,13.041538059939644,0.0229614726155829,2.507430109588364,0.0056481269840027,5.2011571569109964
9058,9058,Day2,WH320,Exponential,8.1139754783718,0.0704524940319222,0.782694836880051,0.0007226525293255,13.036005223155897,0.0231967937101764,2.4550917170145907,0.0052731111043329,5.309783391313696
9059,9059,Day2,WH320,Exponential,4.84771384743239,0.0286159133761674,0.8368191353586462,0.0007702692298409,12.959341656862314,0.0248279803896242,2.5811985218951032,0.0057476189299364,5.020668324010828
9060,9060,Day2,WH320,Exponential,6.629507026628642,0.0552530947270284,0.8228659880941387,0.0007188580050716,17.545253710755137,0.0392629102364085,3.527437626795891,0.009098445035137,4.973937335553166
9061,9061,Day2,WH320,Exponential,4.051821860191223,0.0194108458393671,0.8628269450776259,0.0008465812980198,10.541196278958273,0.0165489949082432,2.1315509471950893,0.0041806182218316,4.945317536430197
9062,9062,Day2,WH320,Exponential,3.9474503210352383,0.0180806721878133,0.9107456661026616,0.0010471661529693,9.699138869940787,0.013767742757001,2.0173597767432203,0.0034723997421044,4.807837938356665
9063,9063,Day2,WH320,Exponential,3.513015864100528,0.0142380552849045,0.8329401539778397,0.0007794804431539,7.302478581431838,0.009221783287122,1.459953489568001,0.0024959063413203,5.00185699997377
9064,9064,Day2,WH320,Exponential,3.6245361727735137,0.0159046360482025,0.8504285790737443,0.0008273196631106,7.90835476478775,0.0099129409306034,1.5393585049488123,0.0024645018605012,5.1374353273545745
9065,9065,Day2,WH320,Exponential,8.598641744083585,0.0825322022626832,0.8709603355914237,0.0008272944988591,21.87140099122168,0.0488594465922467,4.628183260424419,0.0129695433314599,4.725698996892358
9066,9066,Day2,WH320,Exponential,4.0814877425066145,0.0208236967248562,0.8801589623130952,0.0009242487964559,10.543733256123565,0.0157838257988662,2.2030620018918774,0.0040432555304022,4.78594485632685
9067,9067,Day2,WH320,Exponential,5.495375854946866,0.0393126859512237,0.8317621402536035,0.0008149419234161,12.861832729366698,0.0243379584410833,2.5506471999758697,0.0053995349900905,5.04257614674753
9068,9068,Day2,WH320,Exponential,6.1783095555967975,0.0471133163783792,0.8545969359795267,0.0008787247165929,14.533578414762683,0.02810001896023,2.9721721426720813,0.0068822682813587,4.88988447408585
9069,9069,Day2,WH320,Exponential,3.951109742490947,0.0178231873003638,0.8704300415405457,0.0009410987406595,9.49141066618606,0.0130063721844954,1.9008365203344328,0.0033880634301668,4.993280886941367
9070,9070,Day2,WH320,Exponential,4.544412679612538,0.0254278587848658,0.8116031494651861,0.0007031824685712,11.010418287923148,0.0163580591376369,2.1117939683810945,0.0035949871153453,5.213774853407578
9071,9071,Day2,WH320,Exponential,4.746128058084224,0.0284385823736022,0.8768570130176901,0.0009348351247205,11.274188132456723,0.0191822892916826,2.3311328478051307,0.0046271527710871,4.83635591299393
9072,9072,Day2,WH320,Exponential,4.867827542467716,0.0306603500979749,0.865687291046356,0.0009636404012101,11.96427300767476,0.0200058229657094,2.534296233452565,0.0053115817929534,4.720944951007322
9073,9073,Day2,WH320,Exponential,12.170522582294913,0.1250935711856833,0.7657933856263778,0.0006691699007358,24.56762709606129,0.0565179432007525,4.74084607809535,0.0122795702999484,5.182118695979983
9074,9074,Day2,WH320,Exponential,5.028879698452263,0.034319145873062,0.9274827736326476,0.0011136555808476,11.811237757757828,0.0201486848242622,2.5797661868791972,0.0053618697915792,4.578414050788903
9075,9075,Day2,WH320,Exponential,6.7262896804887395,0.0506555443109766,0.865750447660973,0.0008807440508606,15.439422380933957,0.0318173215407077,3.2751471501251945,0.0076295542592078,4.7141156330468315
9076,9076,Day2,WH320,Exponential,5.511918228990309,0.0390193640030458,0.8432272885850896,0.0008418053853928,12.61630283934218,0.0207492734164442,2.530369491027894,0.0056070556938963,4.985952796252357
9077,9077,Day2,WH320,Exponential,5.700345792611566,0.0412118486757707,0.8694842344474282,0.0009038013130074,14.161578953126629,0.0264109767658609,2.933045864352393,0.0065186425438164,4.8282841824068985
9078,9078,Day2,WH320,Exponential,3.7489957564351704,0.0168745142050567,0.8948991564649916,0.0010124755880167,9.976871888471738,0.0156553468656196,2.0973150142017283,0.004192906662326,4.756973473662513
9079,9079,Day2,WH320,Exponential,14.191944751064865,0.1701925645027036,0.8177591273463183,0.0007647743612572,28.630861847659418,0.0719002652137152,5.777209652249065,0.0169411843078865,4.955828777394887
9080,9080,Day2,WH320,Exponential,8.87638647507896,0.0801676522462635,0.8386777273164789,0.0008290550170309,11.93999295401321,0.0193045254022501,2.380333259803816,0.004912636971089,5.016101381954091
9081,9081,Day2,WH320,Exponential,7.284614228083677,0.0603962282960342,0.8518227941270348,0.0008305154886152,17.875811401761716,0.0401843802111416,3.7194293785396897,0.0090258178964737,4.806062861389792
9082,9082,Day2,WH320,Exponential,5.4708794012987,0.0389520848480189,0.8361010497576651,0.0007947075024678,12.787911961878727,0.0229845295068834,2.558710092552333,0.0051796407804494,4.997796350239384
9083,9083,Day2,WH320,Exponential,4.100235037903506,0.0207531949037169,0.9668262522794216,0.0013521664472504,9.75189889483101,0.0139140118744356,2.145994363302173,0.0037555357656682,4.544233228937826
9084,9084,Day2,WH320,Exponential,5.477566760782379,0.0402984631725867,0.8225897314694317,0.0007695403700127,13.493653707983798,0.0245348805989318,2.6753595741586143,0.005931863902131,5.043678553836068
9085,9085,Day2,WH320,Exponential,4.861350355502138,0.0282240325128141,0.9005807218938449,0.0010625865903268,12.349729847289735,0.0202316309693786,2.689231334122782,0.0060356181311918,4.592289882461219
9087,9087,Day2,WH320,Exponential,6.332175441665347,0.0502470701793172,0.9451254401193742,0.0013148496923203,10.732276106277,0.0172477963992178,2.3456920195460103,0.004674706562564,4.575313390184166
9088,9088,Day2,WH320,Exponential,3.474286446164999,0.0134280908845347,0.8577830932082808,0.000852868863049,9.01078053500328,0.0128324672605282,1.8377042279406457,0.0032776183612587,4.903281168972916
9089,9089,Day2,WH320,Exponential,7.790822926594356,0.0734439429093602,0.9155145174011822,0.0010961587196678,18.54976325481204,0.0445645639579453,4.069474288742221,0.0101744453186475,4.5582701692275185
9090,9090,Day2,WH320,Exponential,5.633745122651789,0.0370380179689701,0.8358557474647821,0.0007674292854272,11.988343576206637,0.021876210803283,2.520217939076463,0.0051847199765217,4.756867805091404
9091,9091,Day2,WH320,Exponential,3.99267340613622,0.0197662812671793,0.9176048092729931,0.0010034389531873,9.33146160650774,0.0128731537227579,1.9856852094832356,0.0037312541833276,4.699366023346775
9092,9092,Day2,WH320,Exponential,5.900413062337897,0.0433542781113484,0.9391484905801526,0.0013125340939443,16.16546909113264,0.0342156393621709,3.635168434876163,0.0090490013524257,4.4469656305439775
9093,9093,Day2,WH320,Exponential,6.375606584486221,0.0529445063448669,0.8515528371831795,0.0008759787427734,14.737302404451126,0.0295085953725285,3.0352070537182,0.0071223044596794,4.855452080739462
9094,9094,Day2,WH320,Exponential,5.414475207031504,0.036441528132819,0.8536838635544893,0.0008519514283733,12.102020382108408,0.0214646965817809,2.443771258571175,0.0052800550496674,4.952190324549533
9095,9095,Day2,WH320,Exponential,7.977269096068437,0.0779680967686723,0.8352517572171625,0.0007844878999086,18.940158980842153,0.045420138034829,3.8392408390922306,0.0095014713192188,4.93330837388166
9096,9096,Day2,WH320,Exponential,7.195864290515883,0.0629510850789429,0.8754681661537433,0.0008965072871184,14.20409975425319,0.0275083676698101,3.051329395974942,0.0068833533791572,4.655052900217869
9097,9097,Day2,WH320,Exponential,7.8741002556038895,0.0736149849258086,0.8155851458444378,0.000685429068553,20.390082198182103,0.0444347728565615,4.059366060863924,0.0097450647955929,5.022972033678243
9098,9098,Day2,WH320,Exponential,4.520473391845971,0.0258764186728184,0.8741592722849197,0.0008415762150628,10.679921686459668,0.0158344201089939,2.186707164530339,0.004335959889677,4.884020073512451
9099,9099,Day2,WH320,Exponential,5.159227003634103,0.0341241844136664,1.000781438041648,0.0016019492156323,14.006395092325317,0.0287298884001233,3.256147253434202,0.0075683368899448,4.301523856930308
9100,9100,Day2,WH320,Exponential,3.850387550451211,0.0178113227229809,0.9025632335979312,0.0011218872658339,9.090914471292836,0.0131337982866712,1.8679517387242464,0.0033528425529664,4.86678230643242
9101,9101,Day2,WH320,Exponential,4.581918904484051,0.027483547039162,0.8522955434760823,0.0008801815263038,10.939909129478837,0.0187181069698557,2.1862189374813816,0.0042430275365615,5.004031820382126
9102,9102,Day2,WH320,Exponential,5.504864884779905,0.0387785054947923,0.7933008146278523,0.0007149649919577,11.205605124954134,0.0184486921464642,2.161105753423896,0.0037633267835749,5.185125765919045
9103,9103,Day2,WH320,Exponential,5.775701189532273,0.0423014174523539,0.787654719943554,0.000751243394457,12.416025086646608,0.02178218661603,2.4327308289249996,0.0051310229601576,5.1037397722020605
9104,9104,Day2,WH320,Exponential,5.645892265470875,0.0393831449682061,1.0024863011611778,0.0015195897295332,14.644104615530685,0.0301777583867658,3.4456796450967633,0.008079396005274,4.249990168519988
9105,9105,Day2,WH320,Exponential,5.344382153406546,0.0360623374324214,0.911107833041008,0.001105797400609,13.907984747348657,0.0258828237230915,2.995580353865482,0.0068246663474939,4.642834811425392
9106,9106,Day2,WH320,Exponential,8.355953309360292,0.0834242591708148,0.8418108985437279,0.0008392404148563,12.171657364549242,0.0222138830453829,2.447821856968418,0.004829114671229,4.972444105725739
9107,9107,Day2,WH320,Exponential,5.087522759543588,0.0346029365135764,0.8578307254304398,0.0008329824668165,13.225320993530586,0.0242291216153557,2.7071067231438337,0.0056534478211434,4.885408055937918
9108,9108,Day2,WH320,Exponential,5.706738873142298,0.0428576004911843,1.0258604444774553,0.0016136764434354,16.29718773230342,0.0346395137286534,3.9163369279783447,0.0098968590714555,4.161334438790537
9109,9109,Day2,WH320,Exponential,5.0900242780795875,0.0303471814043226,0.8562409121819935,0.0009033729438972,13.811261107409004,0.0254738320943987,2.811985275252997,0.0062524932150178,4.911569498231598
9110,9110,Day2,WH320,Exponential,3.561637863066936,0.0154237023873675,0.8968031812750686,0.0010302421803005,8.265092334241999,0.0106104923873041,1.6716747354009835,0.0027869393842179,4.944198867885299
9111,9111,Day2,WH320,Exponential,3.812425420440485,0.0177176281229542,0.8247366055296322,0.0007887293315549,8.317753037503843,0.0106528726840718,1.689216448331616,0.0030734999609332,4.924030337094465
9112,9112,Day2,WH320,Exponential,12.375523613478336,0.1433315798186885,0.8902317589512216,0.0009722430627613,23.211463030183403,0.0579132890090633,5.025394288747237,0.0139848491268571,4.618834204145543
9113,9113,Day2,WH320,Exponential,5.825142746446896,0.0429557429742541,0.8556606060178382,0.0008442723123149,14.254940759215234,0.026331928674345,2.9075200868432693,0.0065025734179242,4.902783242571507
9115,9115,Day2,WH320,Exponential,8.010634710900689,0.0698262783165942,0.8145009519500054,0.0008413004297132,17.129934112064134,0.0364956388702697,3.3818589650385813,0.0079896120668391,5.0652420130916695
9116,9116,Day2,WH320,Exponential,4.539692177290851,0.0252066556584698,0.8783638901549471,0.0009829433868447,10.80046327442764,0.0177781528358182,2.243383657504348,0.0044029226964876,4.814362999524841
9117,9117,Day2,WH320,Exponential,4.0816928341535315,0.0200952914126111,0.8883300704673661,0.0010427215252666,9.587596313158857,0.0134626680250425,1.9637506108258935,0.0035702209134791,4.882288137966056
9118,9118,Day2,WH320,Exponential,7.293344781341802,0.0662150455877962,0.8826141519774133,0.0009829125792708,19.06468424545504,0.0452308515947717,4.05232419628384,0.009769985101037,4.704629571083724
9119,9119,Day2,WH320,Exponential,7.9870347178322065,0.0695172921420478,0.8296563317669122,0.0007799904921259,19.551575468503355,0.0463963285236014,3.955218113213546,0.0106007211930619,4.94323572274957
9120,9120,Day2,WH320,Exponential,7.468891632997083,0.0656136260706561,0.7849029421473179,0.0006911708258956,16.223219726900126,0.0347186937642949,3.101285123318023,0.0074408255938522,5.231128091035732
9121,9121,Day2,WH320,Exponential,4.195395026431683,0.0218787381463861,0.814757816779318,0.0007331096118493,9.515001988537788,0.0124790545450761,1.8412733049484784,0.0033157804956737,5.1676206693302555
9122,9122,Day2,WH320,Exponential,2.749361972299067,0.0141719432830274,0.8205848993074775,0.0007798318045297,6.690804788841428,0.0096098512182297,1.2397217352746948,0.002370392476088,5.397021443169982
9123,9123,Day2,WH320,Exponential,5.53542629140517,0.0388256912684892,0.8652381167505561,0.0008785687070524,13.147114914281818,0.0244947571449712,2.69598661543623,0.0056283924439461,4.8765505136436005
9124,9124,Day2,WH320,Exponential,5.377708230952805,0.0376042256797801,0.8453998499914508,0.0008278914899136,12.539014503951334,0.0219733874656749,2.580490432962901,0.0055077117952313,4.859159462007431
9125,9125,Day2,WH320,Exponential,11.588833586331267,0.1304961564935168,0.6950459050281668,0.0008555024979523,23.653182419320007,0.0565136844832149,4.138014267083292,0.0112730708516977,5.716070775172102
9126,9126,Day2,WH320,Exponential,5.959960251876957,0.0427145041527443,0.8214977792170103,0.0007968958932975,13.106805057413368,0.0261795484180959,2.6053679538343326,0.005646250163995,5.030692512404637
9127,9127,Day2,WH320,Exponential,4.375713590891943,0.0239118088504143,0.8312940424936937,0.0007717229970209,9.190742834531564,0.0118934159455717,1.7973960881381026,0.0031070762108082,5.11336532619926
9128,9128,Day2,WH320,Exponential,3.982913853083656,0.0189916103667625,0.8147127145014761,0.0007649244015186,9.957291062426004,0.014894141811018,1.9036025064144009,0.0033822809204828,5.230761689414571
9129,9129,Day2,WH320,Exponential,5.207238399776326,0.033542814779891,0.8323548876055157,0.0007847136179111,12.035280500512934,0.0212984297282063,2.387066867347671,0.0047488569488872,5.041869863446948
9130,9130,Day2,WH320,Exponential,4.528226480342019,0.0251677805874929,0.8309133531954057,0.000743061556776,10.070290693390376,0.0164039325474021,1.9720086991114976,0.0037797428272641,5.106615755765994
9131,9131,Day2,WH320,Exponential,5.59197232508945,0.0383673133909235,0.7887482885580046,0.0007000656955854,12.260941674000607,0.0227520257104931,2.313619206784354,0.0048268940927409,5.299463990464449
9132,9132,Day2,WH320,Exponential,3.8451954509566706,0.0161800280866091,0.774077625479893,0.0007440273929264,7.744781705339716,0.010206651093274,1.4965825954008172,0.0023941902471233,5.1749777988467764
9133,9133,Day2,WH320,Exponential,3.800478340631379,0.0174219080758493,0.7934554337991073,0.000677047990245,9.053297317016751,0.0131772251115151,1.7002455378431969,0.0029163071079174,5.324699942163107
9134,9134,Day2,WH320,Exponential,4.10752299052309,0.0182383006451805,0.8421381748848709,0.0009005246113558,8.704659217865174,0.0108930102271135,1.7006566781935522,0.0027831645080284,5.1184106289526445
9135,9135,Day2,WH320,Exponential,3.204923137712523,0.0143909702657309,0.8520497435547703,0.0008873769100233,8.123420411175001,0.0112072996938994,1.5746641331841635,0.002610489101807,5.15882735878949
9136,9136,Day2,WH320,Exponential,3.5447069073809403,0.0144245461312121,0.8493462115227116,0.0008032717140332,9.290909238835107,0.0130738405704459,1.8294309208845512,0.0030317151298407,5.07857888088108
9137,9137,Day2,WH320,Exponential,3.360983972353888,0.0137843274459172,0.8219760421166121,0.0007821477657644,7.847422861583341,0.0099603679766487,1.5153247422263525,0.0026059589206217,5.178707007749186
9138,9138,Day2,WH320,Exponential,3.388064709757112,0.0124857452874521,0.8783022878242213,0.0009622193840376,9.014991159448018,0.0129525580933522,1.810162200744862,0.0029640368790426,4.980211804079462
9139,9139,Day2,WH320,Exponential,3.603636326142881,0.0157294618524163,0.9103907695532611,0.0010839026412139,9.99350639038142,0.0150681935218035,2.1488798669310434,0.0040977484241807,4.650565415112666
9140,9140,Day2,WH320,Exponential,11.675110659719676,0.1312833945026673,0.7704128771959018,0.0007618160319168,14.878038293035152,0.0298759112448604,2.795713214213878,0.0063200558213517,5.3217326503279
9141,9141,Day2,WH320,Exponential,3.4136029947579685,0.0143827675789496,0.8939032810360015,0.0009930357624049,8.991074469481095,0.0122051130587477,1.8388900960902403,0.0031303585215479,4.889402846095852
9142,9142,Day2,WH320,Exponential,5.710193785064555,0.0389226741869122,0.8554096337858555,0.0008239517594978,8.515045587274194,0.0108198082298561,1.694645934423255,0.002797649355195,5.024675310817743
9143,9143,Day2,WH320,Exponential,6.057371036073892,0.0448957509692555,0.8144873254575261,0.0006869461497703,13.750370310946822,0.0243282063637004,2.680420477851405,0.0054628616310032,5.129930331665339
9144,9144,Day2,WH320,Exponential,6.200715653344039,0.0531806710625952,0.8136879769445824,0.0007907238970881,14.917078507737584,0.0302489718898422,2.9599274931302606,0.00749946323956,5.03967699964234
9145,9145,Day2,WH320,Exponential,6.715766808755419,0.0574405931779912,0.9054409230851932,0.0010903426131435,15.467288660675974,0.0323810364510034,3.335208295887462,0.0080679358264543,4.637578012668111
9146,9146,Day2,WH320,Exponential,5.891031557227581,0.0435976130108142,0.909095133359622,0.0011022894106724,13.501083160597195,0.0272138325341012,2.8991414125432864,0.0059715726384248,4.656924668173844
9147,9147,Day2,WH320,Exponential,4.127322142304014,0.0213399760716042,0.911787726132376,0.001141949828388,11.487311057525256,0.0183470030796937,2.4461019302015794,0.0047550472261513,4.696170227288364
9148,9148,Day2,WH320,Exponential,4.013180836643202,0.0211648513338073,0.8626421408879228,0.0008760507816919,9.304088509927196,0.0129499238656086,1.9311467042022517,0.0034341746752322,4.817908701436887
9149,9149,Day2,WH320,Exponential,4.634328670000177,0.02587274626934,0.8572108280592686,0.0008570532891609,12.11329580646112,0.0209676831198814,2.4669641875231836,0.0047758695531605,4.910203345360595
9151,9151,Day2,WH320,Exponential,5.684632022739816,0.0420593199996972,0.7982178300366952,0.0006758787748441,12.033760890958597,0.0208130705590319,2.332015742173363,0.0042817111866906,5.160239990379963
9152,9152,Day2,WH320,Exponential,7.599903099621075,0.0733782532818296,0.8193204961091489,0.0008189774741474,14.208291455768148,0.0260635855768545,2.8011657260124148,0.0059555963728547,5.0722780604610245
9153,9153,Day2,WH320,Exponential,4.359299351769601,0.0241282188504922,0.8571893670369067,0.0009044134046538,10.360957232271064,0.0174762879228021,2.0935519271888223,0.0039200272820263,4.948985070641902
9154,9154,Day2,WH320,Exponential,8.352051559279296,0.080385725215588,0.7299014203460713,0.0007489910404056,18.449150022102604,0.0402007096190773,3.343995992995996,0.0081138816770411,5.517096928568208
9155,9155,Day2,WH320,Exponential,6.49777283587431,0.0505385240063577,0.8641024363839659,0.0008666526078094,15.154408805792524,0.0324445022262488,3.251622664872582,0.0073933021344737,4.660568081747691
9156,9156,Day2,WH320,Exponential,5.491820467434978,0.0349906144540835,0.8589327050119905,0.0008613225080525,14.84867279028903,0.0269742344788706,3.041110468693643,0.0068579193679189,4.882648277051083
9158,9158,Day2,WH320,Exponential,21.536784494252498,0.2815628538125631,0.9516164594195552,0.0012231921211074,35.74666373221559,0.0984486735683703,8.330670094483736,0.026691437410211,4.290970993544171
9159,9159,Day2,WH320,Exponential,3.010985024411143,0.0132793825980361,0.8449975100907401,0.0008004714893313,7.676246081530758,0.0098285346878289,1.471358832651277,0.002377686866205,5.217113535587199
9160,9160,Day2,WH320,Exponential,5.363367848372481,0.0372645232093187,0.9000171164195623,0.0010185303298159,14.33470152487201,0.0293120995726934,3.0846448214102584,0.0071298604051072,4.647115747452044
9161,9161,Day2,WH320,Exponential,7.2607544679658576,0.0667697450015929,0.8953182719829943,0.0010528084380144,17.595143462980054,0.0401367417835042,3.811778147281407,0.0090204721692014,4.615993581769459
9162,9162,Day2,WH320,Exponential,3.705446059526228,0.0157789597053783,0.8701009000362248,0.0008813772041998,9.799874953023576,0.0146365373991441,2.0072624104711037,0.0040414877348785,4.8822091730017245
9163,9163,Day2,WH320,Exponential,6.371997347542771,0.051707116277905,0.8769348751400569,0.0009079825793193,16.07158221925198,0.0330160674334419,3.423355791358692,0.0084882363163478,4.694686500252241
9164,9164,Day2,WH320,Stationary,2.922894093519314,0.0126218109490061,0.8175932707630438,0.0007543639691482,6.739069912998185,0.0095550210563362,1.3249683232120264,0.0023332702850688,5.086212096498381
9165,9165,Day2,WH320,Stationary,2.6884650504217373,0.0141935625072412,0.5232499429361922,0.0016193011944312,3.813894596312701,0.0125193436334109,0.490160048079556,0.0034837738088357,7.780916888790745
9166,9166,Day2,WH320,Stationary,2.6922484901333172,0.0144558575590349,0.8041830811045515,0.0007513117718281,6.080306728536631,0.0087957930724974,1.103441084170851,0.0022551274606365,5.510313886042681
9167,9167,Day2,WH320,Stationary,1.9759091727984144,0.020911081147773,0.7935138934327163,0.0007628568557725,4.11537388108304,0.0119813761154267,0.7082027206350683,0.0027922123658015,5.8110111147167745
9168,9168,Day2,WH320,Stationary,1.652451648518945,0.0224342420609784,0.867663854040165,0.0009158864104272,3.638939859607159,0.0130025422385112,0.6286063186886166,0.0031238805671213,5.788901179355989
9169,9169,Day2,WH320,Stationary,2.714565249736495,0.0141022305987414,0.7981964715788706,0.0006725125744027,5.3912929773698846,0.0093954860685338,0.9673810418588078,0.0023612466840588,5.573081075695465
9170,9170,Day2,WH320,Stationary,1.8493261161196033,0.0218568816540434,0.784405613974182,0.000630199812744,3.5992101820700175,0.0136649904806057,0.6056267492355757,0.0031590638918609,5.942951143774534
9171,9171,Day2,WH320,Stationary,1.7866673087288136,0.024029609811031,0.7878128656162576,0.0007079301985758,3.476452751787091,0.0126623820904978,0.5598648065511136,0.0030631314918803,6.209450408577706
9172,9172,Day2,WH320,Stationary,2.344069795473522,0.0154915042886208,0.8259590773391046,0.0007780534079721,5.624723541036683,0.0096752196787393,1.0487038549846444,0.002302005011069,5.363500395561188
9173,9173,Day2,WH320,Stationary,2.3864265720102247,0.0157204506890578,0.8673278599616749,0.0009197573570585,5.082645983786267,0.0094769676682055,0.9414107843581258,0.0025034347541497,5.398967239632511
9174,9174,Day2,WH320,Stationary,2.366559266829978,0.016775412520965,0.8942064044014361,0.0009629165753751,6.117956577990844,0.0095685185502023,1.198565414740652,0.0022281535245315,5.104399395100734
9175,9175,Day2,WH320,Stationary,1.9798885181397197,0.0201074171595787,0.8358227420691863,0.0008253227329355,4.57255660761316,0.0105658221052534,0.8379741978636182,0.0024488951268896,5.4566794768510904
9176,9176,Day2,WH320,Stationary,2.2731371971632788,0.017030109956305,0.7636338666895023,0.0007127391964209,4.920580880360141,0.010442261581685,0.8335917360684196,0.0026157247483446,5.902866676159406
9177,9177,Day2,WH320,Stationary,3.183541366729895,0.0128608340915953,0.844847715465058,0.0008545516705813,6.9482319260708465,0.009433258737354,1.334765515142322,0.0024406741108205,5.205582439197179
9178,9178,Day2,WH320,Stationary,2.1377712425976303,0.0186732698794945,0.780903332725188,0.0006487030043707,4.139044702225099,0.011845909056718,0.7359933136728846,0.0027975029830457,5.623753131084443
9179,9179,Day2,WH320,Stationary,2.3277723764329727,0.016541419593974,0.8306673388426441,0.0007862487325753,5.878602171531046,0.0092326796711494,1.078065867608073,0.0021996875184062,5.452915585365876
9180,9180,Day2,WH320,Stationary,2.737781839856578,0.0140919722413846,0.8310428471678772,0.0008247576299688,6.689129230130754,0.0093897796748197,1.2631450044812196,0.0022637045820537,5.2956146811331575
9181,9181,Day2,WH320,Stationary,3.0361244805015986,0.0135863768646411,0.8818898660749287,0.0010522714269295,7.277661944196228,0.0094749070857957,1.4455432908891648,0.002293154434277,5.034551362152345
9182,9182,Day2,WH320,Stationary,2.37472067346932,0.0160956618495123,0.9207555124040312,0.0012233027644298,6.299892494840322,0.0093684925728829,1.275198870195824,0.0023120330657643,4.940321578133839
9183,9183,Day2,WH320,Stationary,3.718318000075782,0.0157420218039205,0.7997864251769954,0.0007702836104298,7.1946284658437865,0.0091878513853192,1.3524179036100257,0.0022939813153482,5.319826398806964
9184,9184,Day2,WH320,Stationary,3.0248298991085374,0.0144934108190307,0.7736336705636868,0.0007007243450353,6.429991627934616,0.0084339087445241,1.1407839430221298,0.0021002143109421,5.636467507511089
9185,9185,Day2,WH320,Stationary,2.0568397952030213,0.0203642175224832,0.851280446756678,0.000834415816107,4.756227580999518,0.0115551278372611,0.8623380849767572,0.0023348551620828,5.515502172361683
9186,9186,Day2,WH320,Stationary,2.7178634276567624,0.0131614709275488,0.7733226670176773,0.0007001827131892,3.834584261040007,0.0127190640835456,0.6377256356550988,0.0029840387140436,6.012905937364365
9187,9187,Day2,WH320,Stationary,2.235096204201845,0.0175135779431893,0.8958321407256448,0.0009889892385892,5.0080024990813135,0.0106296735627788,0.951658243847588,0.0023558891544186,5.262395961426007
9188,9188,Day2,WH320,Stationary,2.3276629065334142,0.0172935265352663,0.8921565401393202,0.0010324860357065,6.354737913702084,0.0086761232919577,1.251802880190216,0.0024926538905791,5.076468519337852
9189,9189,Day2,WH320,Stationary,3.237160816805083,0.0135677382815264,0.8032986820931121,0.0007430423208952,6.642772214821835,0.0089068874018798,1.2414744763700027,0.0023667691183949,5.350711868233413
9190,9190,Day2,WH320,Stationary,4.471764656378799,0.0255011697767152,0.6956314581717108,0.0008035020846119,5.66238954032871,0.0097198608838297,0.957189861462634,0.0023511235215476,5.915638859438289
9191,9191,Day2,WH320,Stationary,2.6864515707273955,0.0138828436738716,0.8031283125642564,0.0007469679727768,5.634509764407123,0.0095847041926083,1.053103532177573,0.0023948267060043,5.350385401097523
9192,9192,Day2,WH320,Stationary,2.916288466947034,0.0137391724851017,0.8774469984765793,0.0009693089934003,7.527983335292081,0.0095621215651299,1.488370754191787,0.0025551988552942,5.057868353090502
9193,9193,Day2,WH320,Stationary,2.230298446145736,0.0160383560461366,0.8320026447998512,0.0007887281194609,4.680175272498351,0.0111186431710916,0.837800390635623,0.0026490641385009,5.586265326216418
9194,9194,Day2,WH320,Stationary,2.259290540015331,0.0170526785583827,0.8539794811244206,0.0008131090078583,4.629559004122164,0.0111950556710863,0.8568308630731665,0.0024565883476697,5.403118869361779
9195,9195,Day2,WH320,Stationary,2.5685378711008786,0.0145565801527088,0.760005123513009,0.0007402815475985,5.079256114930337,0.0089521916095518,0.8840823402186138,0.0025704103702833,5.745229696223036
9196,9196,Day2,WH320,Stationary,2.204756840086467,0.0172494393467928,0.7498945771594795,0.000700316122124,4.482211226572057,0.0117466108124963,0.8065031016286791,0.0025619771117683,5.557587091135211
9197,9197,Day2,WH320,Stationary,2.6131729335041536,0.0143842324255931,0.9710044980250974,0.0013566782411274,7.762140044049387,0.0094855749225751,1.654989835446736,0.0026739599103775,4.690143635809178
9198,9198,Day2,WH320,Stationary,1.7150501712653168,0.0236377489245455,0.822703266795088,0.0007302645943407,4.131564804494568,0.0119404980232623,0.7098250222770939,0.0029065579908835,5.82053981591217
9199,9199,Day2,WH320,Stationary,2.8128665172971252,0.0146581722150746,0.7960725382518307,0.0007103367584968,4.201802025266195,0.0124780398708932,0.7193089348955931,0.0026665238544528,5.841442836903009
9200,9200,Day2,WH320,Stationary,2.126143101366058,0.0210343773957057,0.8510725986440906,0.0008746540114803,5.044802081892864,0.0105226887125537,0.939110325661779,0.0023513666406773,5.371895020255321
9201,9201,Day2,WH320,Stationary,2.1833624852372275,0.0164360941786638,0.8029836991124879,0.000739273150547,5.010052062035016,0.0098468462057577,0.8861717857586492,0.0025217906262646,5.653590130660643
9202,9202,Day2,WH320,Stationary,2.9537445409447667,0.013003738666085,0.8307513803078305,0.0007406639342602,7.349952640009287,0.0099676081315584,1.409912815378261,0.0022276833259597,5.213054707951848
9203,9203,Day2,WH320,Stationary,1.9515466515837043,0.0194912387658839,0.9209605334965422,0.0012087426724808,4.81257884358907,0.0106199093681507,0.9188054030753284,0.0025184420153233,5.237865197005714
9204,9204,Day2,WH320,Stationary,1.9541372121905995,0.0207484655752747,0.8629979831954034,0.0009059111338713,5.118756274273919,0.0095462525090979,0.9361056404051904,0.0025473114314366,5.468139548927707
9205,9205,Day2,WH320,Stationary,2.01716976684914,0.0210416355102525,0.8561816002706303,0.0008994090042458,4.264443465654704,0.0122789995087813,0.7685702471004072,0.0029939717459595,5.54854091964035
9206,9206,Day2,WH320,Stationary,2.424847274932486,0.0154097286793415,0.7405669513283074,0.0007197558334068,4.945130959837306,0.0095594885496121,0.8553118899169602,0.0026748903196925,5.781669842468126
9207,9207,Day2,WH320,Stationary,3.1249121680681364,0.0124973023053957,0.8100242686298502,0.0007049045175179,7.518004913638618,0.0089487637378047,1.464184367742595,0.0025199396967138,5.134602635615824
9208,9208,Day2,WH320,Stationary,2.659662550396264,0.0134462323790143,0.928723071895344,0.001264037138023,6.312431618239001,0.0096414040158086,1.2773582822172531,0.0022058667802891,4.941786267891738
9209,9209,Day2,WH320,Stationary,3.243802180193557,0.0148355104592307,0.7855155372072049,0.0006622271894416,6.35582975525299,0.0089362055453322,1.1929688853371885,0.0022791087216476,5.327741430118302
9210,9210,Day2,WH320,Stationary,2.2820313779916543,0.0174409268586856,0.9069540130409304,0.0010226133612468,5.46096966840906,0.0097607794849701,1.0569844190048414,0.0024581547839755,5.166556450804263
9211,9211,Day2,WH320,Stationary,2.430601004733421,0.0163104944200626,0.8725930754090798,0.0008863525618675,5.969188811157626,0.0092741860671079,1.137459962153038,0.0023905180221541,5.247823228748082
9212,9212,Day2,WH320,Stationary,2.492478639032181,0.0145226875317669,0.887381537811146,0.0009514577837015,6.5008377119865965,0.0091567271181446,1.2703281752985442,0.0022089121756064,5.117447474121254
9213,9213,Day2,WH320,Stationary,2.5159933593283164,0.015774874900811,0.8289697142232543,0.0008011351766974,5.292630347058737,0.0099767584752557,0.9889922415992648,0.0024035536527285,5.351538793166071
9214,9214,Day2,WH320,Stationary,2.900534074963889,0.0130887890430816,0.8589082685097401,0.000855003427249,6.834090548693148,0.0098338769760179,1.3458503424826005,0.0021000644824159,5.0778978412166955
9215,9215,Day2,WH320,Stationary,1.914017781179706,0.0195538075716856,0.882995453909282,0.0009178864724891,4.066371827851256,0.0129542754488298,0.7510045066373946,0.0028249164958249,5.414577132244309
9216,9216,Day2,WH320,Stationary,2.385912924889096,0.0162192542627117,0.8121658962540864,0.0007076752065653,5.1051782507498995,0.0101605332564155,0.92463356633065,0.0023784687323869,5.521298854647336
9217,9217,Day2,WH320,Stationary,3.730569946177277,0.0148152632803844,0.890847953842954,0.0009280807692781,7.514566166538366,0.0097260176881283,1.5290942432343655,0.0024391078913806,4.914390463365705
9218,9218,Day2,WH320,Stationary,2.816588621357123,0.012733681166337,0.8255198528089576,0.0007521354094785,5.587164035951253,0.00962903739383,1.0571238945083914,0.002292130022973,5.285249973986756
9219,9219,Day2,WH320,Stationary,3.74528268737002,0.0161769490533478,0.9099858318997158,0.0012006106396893,6.25896371820079,0.0099268106667664,1.256430815852544,0.0022738605085995,4.9815426677145025
9220,9220,Day2,WH320,Stationary,2.5536732823263733,0.0156386955854846,0.8920237255997612,0.0010330153555195,5.945512349963263,0.0087870814367398,1.1460703413903637,0.0023588990711427,5.187737728864374
9221,9221,Day2,WH320,Stationary,2.4481140505265584,0.0159595590123693,0.911934406429629,0.001121990355126,6.0332446230304315,0.0089986524754793,1.1828781010825775,0.0023070335173262,5.100478753904369
9222,9222,Day2,WH320,Stationary,2.9193936885476632,0.0118885542709325,0.8348756215704195,0.0007807599022089,7.046035640703729,0.0083632804891119,1.334677451287745,0.0023883623930262,5.279204825035037
9223,9223,Day2,WH320,Stationary,2.3006089760069734,0.0176801831391617,0.8894560661669537,0.000992835838666,5.547648669144971,0.0092075231309581,1.1042642492454855,0.0020615854321352,5.023841596733329
9224,9224,Day2,WH320,Stationary,2.502969980004166,0.015049935078754,0.7493556122968675,0.0006824252386492,4.574539862711086,0.0105266326575253,0.7581152229553386,0.0027420916208874,6.034095773566306
9225,9225,Day2,WH320,Stationary,2.604719709498447,0.0137631520437433,0.7539650637777252,0.000678967217627,4.766608699982311,0.0107285864140817,0.8887702467920128,0.0022124899314577,5.363150619844926
9226,9226,Day2,WH320,Stationary,2.428817823405413,0.0153877212394537,0.8307948459610646,0.0008369190004668,5.224755805916564,0.0094648642923444,0.9594868873214492,0.0024319513921795,5.445364470276659
9227,9227,Day2,WH320,Stationary,2.246501848830962,0.0173603093743035,0.7985816124989309,0.0006946582703113,4.498969677166746,0.0105476381033284,0.7948636707392958,0.0027230959784618,5.6600519595798024
9228,9228,Day2,WH320,Stationary,2.178855413201496,0.0168217107016384,0.9054729858613256,0.0009458679923252,5.438516006397869,0.0094218182206008,1.0702979862767534,0.0022678176480078,5.081310136176972
9229,9229,Day2,WH320,Stationary,2.706938995876194,0.0146468794471337,0.747035750083805,0.0006891044359458,5.4118500391635544,0.0096203063815758,0.9303717655646552,0.0026061649805387,5.81686830949672
9230,9230,Day2,WH320,Stationary,4.507895841833191,0.0250997628068389,0.7853248228124484,0.0007057397563231,5.633027854346817,0.0099368147943712,1.01578341205145,0.0022969190018857,5.545500928165876
9231,9231,Day2,WH320,Stationary,3.6123161118184854,0.016307974136764,0.841402184562819,0.0008627601325604,8.968439261060501,0.0122067227088698,1.762599288562984,0.0032630445247901,5.088189538742133
9232,9232,Day2,WH320,Stationary,2.6066155612023456,0.013941654304551,0.8568816718112705,0.0009371260506029,6.100556594350443,0.0092250566686268,1.1519105800113656,0.0024921852267669,5.296033129837431
9233,9233,Day2,WH320,Stationary,2.4607197727749925,0.0159303421737443,0.8257188543261691,0.0007958893730203,5.310552961213154,0.0089210756210675,0.9675006969640964,0.0025739986448786,5.48893967505868
9234,9234,Day2,WH320,Stationary,2.8294757645072224,0.0131348525797343,0.8602451311048663,0.0008604727746482,7.09313246186862,0.0090547798096879,1.3893742086338825,0.0024155246584516,5.105271436442613
9235,9235,Day2,WH320,Stationary,2.2706091183650328,0.018658158530908,0.8389788793563668,0.0008376638665054,5.50997212047997,0.0085497625473017,1.0547852328754792,0.0022050933638242,5.223785798990646
9236,9236,Day2,WH320,Stationary,2.3412430961131374,0.0156006810043256,0.660587619344494,0.0009156006795187,4.479333223382643,0.0109389410203884,0.7233386412140296,0.0027295994326984,6.1925811344250405
9237,9237,Day2,WH320,Stationary,2.035085523434465,0.0190394622400511,0.8794121659323306,0.0010038268505472,5.327557135674914,0.0102030329099176,0.9974088002016606,0.0023701790148152,5.341397764485098
9238,9238,Day2,WH320,Stationary,2.173440299354029,0.0192395111068666,0.9792247421167548,0.0014383699045062,5.866109935153656,0.0097016406235132,1.1985354517393152,0.0022137298971951,4.8943983481179085
9239,9239,Day2,WH320,Stationary,2.326399738163048,0.0165231065448973,0.8954925418167327,0.0009943168323814,5.670684861129612,0.0088756316211689,1.1304275062152915,0.00224657790373,5.016407359119605
9240,9240,Day2,WH320,Stationary,2.511882082584136,0.0146783882480319,0.8374184730493087,0.0008342170463014,5.422557950139434,0.0087636635224576,1.0404900004859896,0.0022676002420496,5.211542588210054
9241,9241,Day2,WH320,Stationary,2.740545938242629,0.0136815268290288,0.8347214481417491,0.0007622003766476,6.122751521441651,0.0096269802686038,1.1521313355578904,0.0020828897200665,5.314282610390823
9242,9242,Day2,WH320,Stationary,2.670923990607235,0.0137654658297689,0.7006558500439787,0.0007875439903414,5.690101323353391,0.0098973781738986,0.9159854592525666,0.0022682899401555,6.2119996184180115
9243,9243,Day2,WH320,Stationary,3.228633588384594,0.0133569979797967,0.8702075565163989,0.0009081551259986,6.929949836425537,0.0087949340470265,1.4019894237976516,0.0024593983595532,4.942940166876561
9244,9244,Day2,WH320,Stationary,2.4933551480031766,0.0147822376670377,0.9897943844772584,0.0014491973679894,6.299893303656574,0.0094045430793145,1.3100063024416866,0.0023466412579904,4.809055721269712
9245,9245,Day2,WH320,Stationary,2.9084518182103594,0.0132262917034386,0.9412758132778491,0.0011628668175717,8.01096294786542,0.0100531007009447,1.6937962950957288,0.002817650024833,4.729590548202646
9246,9246,Day2,WH320,Stationary,2.8309900574071434,0.0124340922177176,0.9241620087130754,0.0010892571531959,6.05106756465141,0.0084802063196404,1.2451662074818743,0.0023307178624046,4.859646469918751
9247,9247,Day2,WH320,Stationary,3.1783349715985496,0.0143554500352702,0.8641360027069042,0.0009005330686292,7.424184624813607,0.0097345353539142,1.512543423914242,0.0026008596761175,4.9084108974543685
9248,9248,Day2,WH320,Stationary,1.970869399842499,0.0203160446608921,0.8228553339094297,0.0008003013323476,4.538174304575802,0.011135954179705,0.7896275880918315,0.0025850135966875,5.747233725131732
9249,9249,Day2,WH320,Stationary,2.066991037915113,0.0184760142184934,0.7902536235197376,0.0007168443382115,4.565621156018451,0.0110334810576077,0.8048371781450148,0.0026399060913764,5.672726459457644
9250,9250,Day2,WH320,Stationary,2.2417882977297623,0.0172648203871162,0.7272143946482225,0.0007470483168747,4.429292986520636,0.0105942921263264,0.7286902309620903,0.0026157398999744,6.078430584519621
9251,9251,Day2,WH320,Stationary,3.071871878076913,0.0140141567601792,0.7434586614846803,0.0007240031615398,5.927364089222279,0.0092784420283241,1.0117660079429442,0.0022916754513701,5.858433711637935
9252,9252,Day2,WH320,Stationary,1.8434710543759585,0.0222983925951376,0.970246016146002,0.0014002033118195,5.266530636877176,0.0093880441400581,1.042207638729762,0.002192855061541,5.053245093555446
9253,9253,Day2,WH320,Stationary,2.4522004705217877,0.0162308882033829,0.8630149560167172,0.0009236679231132,5.623447241876605,0.0091061075177531,1.0696031374240298,0.0023766774194337,5.257508177677741
9254,9254,Day2,WH320,Stationary,2.2133884473872407,0.0172404386235617,0.8225090065435013,0.0007633326651218,5.439723382952427,0.0099768550820289,1.001879226567841,0.0023016516846107,5.429520084558898
9255,9255,Day2,WH320,Stationary,1.8498310934208348,0.0190644114881003,0.81271809859506,0.0007215850928752,4.015851766343808,0.0116681994732375,0.7001632373441369,0.0028405783888879,5.735593576116277
9256,9256,Day2,WH320,Stationary,2.5031706763573864,0.0139425695327549,0.7870984651378378,0.000786801980929,4.896879994535111,0.0106315317622344,0.9413671472695104,0.0023747872201513,5.2018811244250385
9257,9257,Day2,WH320,Stationary,2.308024077518699,0.0167142082986913,0.7455067063188231,0.0007131142126897,4.47692302910418,0.010366019886339,0.730032318944272,0.0027065132294441,6.132499771487421
9258,9258,Day2,WH320,Stationary,4.179319744246176,0.0202021873341313,0.6658884427016544,0.0009451410323768,5.222778136787898,0.010448604672193,0.8506558494055583,0.0027688860270972,6.1397075449931915
9259,9259,Day2,WH320,Stationary,2.2422878977733425,0.0170223676595941,0.7205511550620202,0.000761989493041,4.7219291398259156,0.0100048539362657,0.7676699875311255,0.0026874547943284,6.150988336813757
9260,9260,Day2,WH320,Stationary,3.1984005349724822,0.0128878468195228,0.8493305417857097,0.0009212336095997,6.8021199124368374,0.0089592177853999,1.3091419370682948,0.0020992195604674,5.195861288860375
9261,9261,Day2,WH320,Stationary,3.16831288465548,0.0121585809763049,0.7316106262254459,0.000748535209059,6.580162176218442,0.0093179304337423,1.1595144771231294,0.0023366183165239,5.674928865523507
9262,9262,Day2,WH320,Stationary,2.689681726441718,0.0137004643942465,0.8218801782874732,0.0007446169063289,5.639530395729633,0.0094396683885338,1.0559638938523217,0.0021967018094695,5.340646994241197
9263,9263,Day2,WH320,Stationary,2.30591698827552,0.0155775443614378,0.6840103329889748,0.0007580358926714,3.979781513095665,0.0126198274406333,0.6572268120681042,0.0030446873515709,6.055415634326351
9264,9264,Day2,WH320,Stationary,2.0473973242655785,0.0207017395098171,0.8314738943752028,0.0007099131364702,4.298021714439413,0.0113458477467644,0.7642445506884331,0.0029867432874818,5.623882709491021
9265,9265,Day2,WH320,Stationary,3.058142145970989,0.0132917203124211,0.8127242285345949,0.0007943955402753,7.225489855599184,0.0087817638887263,1.36722432777268,0.0023761664279499,5.284787367242138
9266,9266,Day2,WH320,Stationary,2.3645409704604843,0.0165234694182461,0.8379569768099873,0.0008291504226453,5.24611173388035,0.0098019420738569,0.9584612272251616,0.0024573017120273,5.473473088805432
9267,9267,Day2,WH320,Stationary,2.4010775589827116,0.0147809826888502,0.8509467547544668,0.0008429041897058,6.219312490165074,0.0091331735296008,1.1690550108831372,0.0021957382376862,5.319948533017988
9268,9268,Day2,WH320,Stationary,2.6520859192548105,0.014389660602169,0.7983861266732596,0.0007592022943789,5.6572742426784774,0.0088940045944825,1.0642242632025256,0.0020975693587773,5.315866625380518
9269,9269,Day2,WH320,Stationary,3.186852443023618,0.0130223843318326,0.749681143064015,0.0006546260511678,6.903069213205104,0.0090683871435921,1.3101692443945836,0.0023078756807485,5.268837780110572
9270,9270,Day2,WH320,Stationary,1.8826186536206553,0.021325289445118,0.840368060469353,0.0007823178034626,3.9163111423757497,0.0128967361625844,0.6916746122428918,0.0027729338023242,5.662071547886275
9271,9271,Day2,WH320,Stationary,2.06089007436926,0.0186623100313356,0.8069499010723534,0.0007746307608583,4.210083558715282,0.0108247103293361,0.7188294086988087,0.002462727380021,5.856860484236695
9272,9272,Day2,WH320,Stationary,2.800324726008503,0.0120224800837106,0.7761520821034337,0.0007105499796477,5.33692591594459,0.0096618022822201,0.9917526381372652,0.0023199294841945,5.381307506243229
9273,9273,Day2,WH320,Stationary,2.6293004399141857,0.0141606380947174,0.7770279227455196,0.000715546828042,4.938797948865455,0.0103173663568483,0.8551268487429027,0.0025114475309444,5.775515008242157
9274,9274,Day2,WH320,Stationary,1.8105184197796336,0.0217281414697098,0.7347175815960131,0.0007075494820618,3.755573238024246,0.013738428780139,0.5875475603962792,0.0029226007099339,6.3919476331265
9275,9275,Day2,WH320,Stationary,2.642445377478736,0.0144028435535635,0.8067049652540003,0.0007564699681336,6.032853235634015,0.0087565906483595,1.1174648665558655,0.002186043664247,5.39869611670911
9276,9276,Day2,WH320,Stationary,2.633978005240652,0.0156979064960785,0.887098167829469,0.0010343812106134,5.682921787292245,0.0089147330119179,1.1308259081726937,0.0021812765514022,5.025461254664126
9277,9277,Day2,WH320,Stationary,2.090533810144483,0.0178998974348439,0.811245332912475,0.0007082834980878,4.425060054604294,0.0117243288192259,0.8093004707176017,0.0026967492301789,5.4677591509129115
9278,9278,Day2,WH320,Stationary,3.5962381394635754,0.0138483751848323,0.7754349740077339,0.0006784613232819,7.681564925532699,0.0102959783509968,1.4593484182260037,0.002226757887159,5.2636949679710305
9279,9279,Day2,WH320,Stationary,1.615435147707638,0.0236479452541331,0.8512300270266371,0.0009279466453044,3.5554618785881837,0.0137493710312662,0.6008561423525248,0.0029880218864425,5.917326341489207
9280,9280,Day2,WH320,Stationary,1.94064345934242,0.0203014504734112,0.7251836155539816,0.0007106481453871,3.566844395253485,0.0131901975691548,0.5912900344225488,0.0030248013465364,6.032309336545557
9281,9281,Day2,WH320,Stationary,1.971013128456163,0.0201307675113848,0.9341282350742351,0.0012284801830263,4.782122745746224,0.0111168726523026,0.9081625702506504,0.0024877193696716,5.265712222015901
9282,9282,Day2,WH320,Stationary,2.968580523053066,0.0135703045084687,0.9112261759529056,0.0010416502670814,6.7038985051704945,0.0088452362634811,1.3481356549112302,0.0021367945477145,4.972718050107444
9283,9283,Day2,WH320,Stationary,3.287135475441164,0.0136388610797595,0.7955658488190186,0.0006617379594213,7.364261529209868,0.0099648800832753,1.3479074267548077,0.0022265739353713,5.463477226280964
9284,9284,Day2,WH320,Stationary,1.77001741489882,0.0207718025261037,0.8152370808516252,0.000835532915268,3.867549309107159,0.0125653564345103,0.6623120111852054,0.0029600914727349,5.839467265867926
9285,9285,Day2,WH320,Stationary,2.6253911522340685,0.0140508953344151,0.7885579659754907,0.0007318854664359,5.253372847926425,0.0096970670429959,0.9498766588216994,0.0025393568001088,5.530584207051803
9286,9286,Day2,WH320,Stationary,1.9817232024276272,0.0195545521674873,0.7280630592983491,0.0007180854919947,3.8044596601997327,0.0128927902351443,0.6558265515579135,0.0026765955666874,5.80101499575193
9287,9287,Day2,WH320,Stationary,2.1430294901723776,0.0173810721757303,0.8165182214006063,0.000778273493351,4.976339374088217,0.0103910236556841,0.8866369104836265,0.0024034258179947,5.61260118459744
9288,9288,Day2,WH320,Stationary,1.7424081170196852,0.0216440905698335,0.7335691458732702,0.0006994942557973,3.0726994389009334,0.0154673951109174,0.5245226498839013,0.0033311230369651,5.85808723337505
9289,9289,Day2,WH320,Stationary,2.8243819556223357,0.0124643760453519,0.8297185613228583,0.000719947578496,5.944125108048067,0.0086783660289132,1.123387730472685,0.0022085642983025,5.291249803437832
9290,9290,Day2,WH320,Stationary,3.019626864913194,0.0132333177272169,0.8491761759101103,0.0007709480881166,6.9327706821554935,0.0088929970938948,1.3240592382690852,0.0023291503360748,5.235997364603232
9291,9291,Day2,WH320,Stationary,2.6303774254884047,0.0139289118122373,0.8393514110605751,0.0008072157596503,6.258744622322262,0.0091503867820886,1.1875550955107328,0.0022768104162175,5.270277266277535
9292,9292,Day2,WH320,Stationary,2.0880212499963062,0.0188613154877669,0.8553696765570422,0.0008073906054624,4.638493176023994,0.0109958429781585,0.8503480015503372,0.0026061643236013,5.454817518906598
9293,9293,Day2,WH320,Stationary,1.9410564689709,0.0205131869857588,0.7910369551697629,0.0007030159102186,4.300913321439295,0.0115540383117968,0.7224320497151705,0.0026436223985906,5.953381114715209
9294,9294,Day2,WH320,Stationary,2.6344554018069135,0.0147351104516452,0.8807083875867389,0.0009738420182121,5.9269917208457565,0.0092067702763161,1.1351765385455233,0.0022541799459728,5.221207027798408
9295,9295,Day2,WH320,Stationary,3.5909581501871783,0.0146159615370551,0.8282224603174811,0.0008206599558543,8.51515042195097,0.0117323380979912,1.6455607823580838,0.00266453982992,5.174619201697785
9296,9296,Day2,WH320,Stationary,2.0715823904865975,0.0194511977390242,0.751757007532648,0.0007095848945241,4.203602884412712,0.0110393859179471,0.706672610166847,0.0027283442806348,5.948444617685454
9297,9297,Day2,WH320,Stationary,3.172241046651679,0.0128957783501853,0.8518044044984573,0.0008163652036449,6.589045271589499,0.0088099094389335,1.2804319129787205,0.0023653070856081,5.145955208396155
9298,9298,Day2,WH320,Stationary,2.886576230221158,0.0136169730919053,0.8569308782519282,0.0009077727507378,6.4989780015839305,0.008023922703224,1.2660864725258638,0.0020888216973899,5.133123323415943
9299,9299,Day2,WH320,Stationary,2.6379120069767334,0.0136051204179533,0.8338040480165876,0.000805709764085,5.675750405879177,0.009821384423511,1.0752990027351117,0.0023190792396938,5.278299702168828
9300,9300,Day2,WH320,Stationary,3.732926066344285,0.0167182952697156,0.8358514533802136,0.0008469650696574,8.344498067070715,0.0108920051535292,1.6461291744506616,0.0027245938934407,5.069163584841633
9301,9301,Day2,WH320,Stationary,3.1538693236391797,0.0137162156771979,0.837319494852474,0.0008160917997622,5.966800801034029,0.009631011985137,1.100873505900991,0.0022462100373499,5.420060314877506
9302,9302,Day2,WH320,Stationary,2.3509858238969956,0.0162764213463585,0.8458535153290593,0.0007811451751686,5.066197806970964,0.0106016229871519,0.9760452656120996,0.0023179404198489,5.190535711265234
9303,9303,Day2,WH320,Stationary,2.810013502511797,0.013583273192863,0.8450200601556199,0.0007885818454443,6.825693328629379,0.0086527478058307,1.3181191367793388,0.0023101749650695,5.178358418577487
9304,9304,Day2,WH320,Stationary,2.0695363107456113,0.0190551546495939,0.8949175401067123,0.0009855917733707,5.173950775871933,0.0101741807828134,0.9768313645327604,0.0024541410998549,5.296667330442185
9305,9305,Day2,WH320,Stationary,3.145683287923676,0.0124573698508828,0.8466329788525452,0.0008330929904731,7.683199247982489,0.0097667610613291,1.496401474974582,0.002366811070849,5.134450464313393
9306,9306,Day2,WH320,Stationary,2.516031088956861,0.015007690365367,0.9126128422390264,0.0010603124335431,6.750130031184077,0.0092551286381386,1.353118376976601,0.002267908224021,4.988573169973882
9307,9307,Day2,WH320,Stationary,2.247963689176813,0.0170382835136208,0.8105872807528919,0.0007217382168937,5.361513193937814,0.0102181677048928,1.0153497834810967,0.0023851595835415,5.280459287198569
9308,9308,Day2,WH320,Stationary,3.4991967454176103,0.0159988426184061,0.8416359148340545,0.0008510964059199,7.954093567923112,0.0096080495588027,1.5743307369536548,0.0026269368142187,5.052365034372866
9309,9309,Day2,WH320,Stationary,1.5490674621849851,0.0248334220425162,0.7330633358993472,0.0007420156795703,2.9683780018849455,0.0145145992716935,0.4444705277416879,0.0032970104346543,6.678458562746532
9310,9310,Day2,WH320,Stationary,2.6655011634973365,0.0132638761158111,0.8458854790102268,0.0008526512179944,6.812981597079139,0.0087452051035239,1.2983666633574975,0.0021266720332177,5.247347909766245
9311,9311,Day2,WH320,Stationary,2.221161437130785,0.0177342720924214,0.73640858972964,0.0006716258088484,4.723594194186817,0.0118987222776463,0.8547338083897656,0.0025488443677709,5.526392132640224
9312,9312,Day2,WH320,Stationary,1.8459980710308164,0.0216644417319641,0.8013459640081454,0.0008214183581593,4.092396669952957,0.0119423340327014,0.697501441925287,0.0029971993838263,5.867223239936062
9313,9313,Day2,WH320,Stationary,2.3977299788338033,0.0165848373272625,0.8965433222604989,0.001064401701074,6.046426116337982,0.0091162894078386,1.1842507683158563,0.0020362717173256,5.105697440193946
9314,9314,Day2,WH320,Stationary,1.803705508924199,0.0227004430177251,0.925316674671391,0.0012119057636601,4.546779211282074,0.0106402224840897,0.8547619690352924,0.0025946565351828,5.319351323519568
9315,9315,Day2,WH320,Stationary,1.6426089777090782,0.0216396017097051,0.8329468708150248,0.0007699709154605,3.29151383521219,0.0138647562838105,0.5439564797519751,0.0033076313587876,6.051060990601681
9316,9316,Day2,WH320,Stationary,1.9639128275362563,0.0194600657111729,0.7686229844601079,0.0007004438488924,4.202304395513109,0.0107994926720036,0.7655423279863178,0.0028170096133723,5.489316843611833
9317,9317,Day2,WH320,Stationary,1.8233881821394813,0.0217498251289824,0.9397215176317696,0.0011241207579591,4.502932402632305,0.0111702082382469,0.8425717402952689,0.0024409044407363,5.344271813643201
9318,9318,Day2,WH320,Stationary,3.146011381398677,0.0144137768318508,0.8174889364255375,0.0006941583623184,7.368261570412689,0.0094741066782785,1.4208545980949845,0.0023201822016926,5.185795633340463
9319,9319,Day2,WH320,Stationary,2.289703764879686,0.0163048367182244,0.8664680035631303,0.0009757754540991,5.2708148710100815,0.0095469680749231,0.9796202946826094,0.002477799791252,5.380467207161925
9320,9320,Day2,WH320,Stationary,2.4038775247601705,0.0147900275326518,0.7646567112564857,0.0007274435663431,5.201469283287264,0.0095380159796826,0.9054560046846684,0.0023832392787845,5.744585332004854
9321,9321,Day2,WH320,Stationary,2.8568131589022245,0.0142106941643771,0.8452352900664769,0.0008777674298269,7.126428460914768,0.0093838311633224,1.364449996704413,0.0023485240520721,5.22293120167642
9322,9322,Day2,WH320,Stationary,2.500057742039982,0.0147431031069997,0.8430356677152395,0.0007815008252823,5.490538412570004,0.009518780191344,1.0181261565061317,0.0022844791788536,5.392787895177642
9323,9323,Day2,WH320,Stationary,3.0914832486008463,0.0130734002089117,0.8618533013066758,0.0008696396682908,7.0044663873199955,0.009501193014499,1.3716201797328544,0.0022336901824729,5.1067099265659905
9324,9324,Day2,WH320,Stationary,3.134697638069139,0.0128561515568669,0.8365501930342778,0.0007846689205313,7.998938591857389,0.0096519907691045,1.54341539341296,0.0026165137743682,5.182622012191616
9325,9325,Day2,WH320,Stationary,2.5473353694562846,0.0144617523076269,0.8630040681034009,0.0009454582322665,5.849521575335391,0.0099430095518227,1.1192771078994814,0.0022344786230711,5.226160290469121
9326,9326,Day2,WH320,Stationary,2.4030427492116764,0.0165690736045262,0.8407669896513685,0.0007959366114386,5.0426050726753315,0.0098849511841594,0.9611431881014768,0.0023037026855306,5.24646601578259
9327,9327,Day2,WH320,Stationary,1.9329019590843104,0.0206554143512319,0.8260386096751395,0.0007693676473243,3.6643476915069,0.0125472610406375,0.6519436666187062,0.0030169291931898,5.620650800263115
9328,9328,Day2,WH320,Stationary,1.9245847823815612,0.0194762189615429,0.859630558199893,0.0009451877408693,4.150538524725203,0.0118457611394886,0.735755074785711,0.0026354000301194,5.641195918266754
9329,9329,Day2,WH320,Stationary,2.6228784897315895,0.0133531724648503,0.8365925568689547,0.0008805125513278,6.385806948084027,0.0083878442637474,1.1954149959565006,0.00221696871359,5.341916380239551
9330,9330,Day2,WH320,Stationary,1.9103642980427615,0.021704432630063,0.7638098618320014,0.0007110489448838,3.4745536985352956,0.0147555397529548,0.5999164798025634,0.0029230252928819,5.791729041480566
9331,9331,Day2,WH320,Stationary,2.208435561305737,0.0168380769156372,0.8403107563874914,0.0008448591508999,4.789795419987475,0.0110634973310322,0.8656923067309773,0.0023792443690223,5.532907457702466
9332,9332,Day2,WH320,Stationary,3.391102557567551,0.0148027493976137,0.8436288627949278,0.000798695852349,7.681740713724611,0.010263733973389,1.4887509935616627,0.0024228090116358,5.159855977893889
9333,9333,Day2,WH320,Stationary,2.8233156548241443,0.0129084679074302,0.7999771212258452,0.0007413352610734,6.498717917924099,0.0091482543069431,1.214395070269579,0.0021404259620844,5.351403408185338
9334,9334,Day2,WH320,Stationary,2.826170752826775,0.0140548640635855,0.8491003087242434,0.0007927750879158,5.656405315702397,0.0093406373901997,1.0691695574332325,0.0021935899892702,5.290466115853311
9335,9335,Day2,WH320,Stationary,2.4369182435128507,0.0154874951889529,0.9119182386386092,0.0011625960492809,5.529769369127351,0.009254658938671,1.0781464660823232,0.0022659692751004,5.128959323329191
9336,9336,Day2,WH320,Stationary,2.145731225824736,0.0192523836849553,0.8809688982887124,0.0009372349972801,5.564424361952132,0.0098137337089979,1.0596402347846785,0.0022268718206545,5.251239221850458
9337,9337,Day2,WH320,Stationary,3.091000811158969,0.012756123639721,0.8418349140597977,0.0008140660053506,6.582344027175824,0.0093341141701738,1.2526917910831743,0.0022059098554626,5.2545598797963065
9338,9338,Day2,WH320,Stationary,2.728754714125967,0.013815503259889,0.8457916955172495,0.0008491854298014,6.484004303219074,0.0098259928205933,1.234751177253243,0.0022913263027368,5.251263916705081
9339,9339,Day2,WH320,Stationary,2.550500363403666,0.014114217602804,0.8870548939370126,0.0009704665951516,6.000808494374066,0.0092532439169046,1.1535391076037167,0.0020737849803617,5.202085005024005
9340,9340,Day2,WH320,Stationary,3.3838072857558235,0.0143136719081905,0.808501181020356,0.0007407460351658,8.386993261512798,0.0112509236656929,1.5738822310657514,0.0025770526439151,5.328856947469037
9341,9341,Day2,WH320,Stationary,2.333065690263141,0.0157452271752686,0.8150837481163741,0.0007859883875194,4.9207401155929205,0.0098390583730886,0.928867768788468,0.0025448355145185,5.297567943401775
9342,9342,Day2,WH320,Stationary,2.6215507986344604,0.0142779420759596,0.8753583172749928,0.0009147178658572,6.473603359512924,0.0090786218769324,1.269784805707066,0.0023354526426242,5.098189339183475
9343,9343,Day2,WH320,Stationary,2.3399983656292003,0.016450583370592,0.9451803091514768,0.0012212855925149,5.921458533859636,0.0086753826571158,1.1932123963632066,0.0022392615442308,4.96261902064348
9344,9344,Day2,WH320,Stationary,2.4595133229975708,0.0153083574272216,0.8200472238353679,0.0007537003658067,5.519373263034469,0.0095511053035074,1.024564066274224,0.0022851962800518,5.38704551986231
9346,9346,Day2,WH320,Stationary,2.2258373600662904,0.0173877529502829,0.8558450629154768,0.0008782439080587,5.593466775403305,0.0099418874202543,1.0428852998606393,0.0022157596766141,5.363453465257167
9347,9347,Day2,WH320,Stationary,2.111064849539623,0.0171059025011656,0.838146562198398,0.0007587961993843,4.677146564659457,0.0106141380369082,0.8374964670598471,0.0026821451349698,5.584676173117791
9348,9348,Day2,WH320,Stationary,2.0469665871988623,0.0192727486389976,0.8722975540535498,0.0008732248748385,4.843871922579423,0.0106345543361896,0.8898723069754749,0.0026643153018338,5.443333705981841
9349,9349,Day2,WH320,Stationary,2.753829802765412,0.0129438169904735,0.8800104899318533,0.0009613035797702,6.546560744433984,0.0092946386862509,1.2800202460981098,0.0023272104092607,5.11441968546192
9350,9350,Day2,WH320,Stationary,2.6414904455356765,0.0140963250818746,0.7556177113255074,0.0006914437056393,5.07730826529562,0.0089706069292113,0.9589772789154994,0.0022513456362816,5.294503193065753
9351,9351,Day2,WH320,Stationary,3.39030283287162,0.0150655239577186,0.8707490839489002,0.0009002999705094,7.567343784467448,0.0101528217187268,1.4977411519589792,0.0024635212424587,5.052504416113356
9352,9352,Day2,WH320,Stationary,2.716339473661551,0.0129609142606005,0.7890496380544927,0.0007169983506447,5.872301070005337,0.0087516325638992,1.0451205470156055,0.00235600843004,5.618778701436871
9353,9353,Day2,WH320,Stationary,2.0678383392648674,0.0210585206894207,0.8153453823370844,0.0007205390246294,3.9654705297364568,0.012376735203684,0.7149857789801659,0.0026503755297749,5.546222940815248
9354,9354,Day2,WH320,Stationary,2.144310726651289,0.0183386865916205,0.8323225174339166,0.0008446440589867,5.350280179159439,0.0096997905066389,1.0042099881266529,0.0024125603308602,5.327849993944346
9355,9355,Day2,WH320,Stationary,2.6836300003249094,0.0148413327467153,0.8379880915996437,0.0008621363071258,6.564892989115957,0.0092330722331192,1.2354586632282918,0.0024080331607565,5.313729373965202
9356,9356,Day2,WH320,Stationary,2.0476288927064186,0.0199688058803018,0.8742500916061531,0.0009053190623578,4.501422442978872,0.0105441815077732,0.8371794488796559,0.0025690707286206,5.376890759804054
9357,9357,Day2,WH320,Stationary,3.381746353872218,0.0142181419323489,0.7802904512358347,0.0007184513489063,7.173278065695721,0.0094075107709144,1.3159530049972168,0.0021924648319579,5.4510138572242495
9358,9358,Day2,WH320,Stationary,2.34680446862815,0.0178657597711686,0.8662336612774572,0.0008637969616075,5.284139508359983,0.0097035704595721,1.000464625617481,0.0024084765553858,5.281685501972289
9359,9359,Day2,WH320,Stationary,2.248427392828997,0.0167567827729272,0.8623810415535075,0.0008524007971838,4.562765070395244,0.0119314637446331,0.8607295073119665,0.0025650599948731,5.301044092986458
9360,9360,Day2,WH320,Stationary,3.434742135397862,0.0146449583974804,0.7599171998401154,0.0007204705596925,6.687271343340272,0.0082526663887021,1.2121912888237845,0.0021601853901138,5.5166799208968715
9361,9361,Day2,WH320,Stationary,2.18466237472145,0.018081415211068,0.787339326120646,0.0007335144894632,4.190058316631355,0.0108838672680725,0.7385025442553917,0.0028019929795164,5.673722249469101
9362,9362,Day2,WH320,Stationary,2.304599128715782,0.0154587745396263,0.8542403338647907,0.0008501071221288,5.362990952232593,0.0101034481662902,0.9885410658583114,0.0022814559740049,5.425157474440496
9363,9363,Day2,WH320,Stationary,3.894356741313668,0.0189381168005668,0.7853496295045435,0.0007158668093451,5.412073993529946,0.0088750537692524,0.964715357934747,0.0022668360733897,5.6100215975788545
9364,9364,Day2,WH320,Stationary,2.8451780271650233,0.0136774901351987,0.8708118826105683,0.0009835794522819,6.1178521315822145,0.008045276922882,1.1919075825294954,0.0023197835380592,5.132824240113281
9365,9365,Day2,WH320,Stationary,2.5579132831261533,0.014422873230122,0.7453061016366881,0.0006532573053391,4.922345879195525,0.0095173998581959,0.8615573772949419,0.0026376054516842,5.71331174094332
9366,9366,Day2,WH320,Stationary,4.042545976472075,0.0197105208886601,0.6147022555859066,0.0011080641921619,7.215874984553568,0.0090539987932305,1.086481035670306,0.0022047627958623,6.641510295761144
9367,9367,Day2,WH320,Stationary,2.37597680769393,0.0149564446434079,0.8249354057274465,0.0007699356746418,5.332013151576235,0.0093434222524437,0.9618537287678994,0.0022087619826355,5.543476094235612
9368,9368,Day2,WH320,Stationary,2.531624428954141,0.0151710613645315,0.8911207491186935,0.0010066529698302,5.911137432026584,0.0096380240281223,1.135295464869324,0.0023353640643796,5.206695186355716
9369,9369,Day2,WH320,Stationary,2.1418699012592506,0.0177802726448725,0.88451055157164,0.0010127027215222,4.882718836640282,0.0103327025917408,0.9075760242298024,0.0024001275661338,5.379955735150574
9370,9370,Day2,WH320,Stationary,2.302428710473346,0.0162763443003545,0.6971418379158816,0.0007993805522139,4.006406495174914,0.0118905550054301,0.6801836426627977,0.0029509327882388,5.890183538508139
9371,9371,Day2,WH320,Stationary,2.4524433517623754,0.0156195299264549,0.8124809414043053,0.0007597002947788,5.6834336705043755,0.0099296278484664,1.04602952698022,0.0023453442712358,5.433339617966489
9372,9372,Day2,WH320,Stationary,2.4073174602368166,0.0163175526356363,0.8359615233722258,0.0007970030188961,5.464355618964295,0.0094382284326096,1.0241166871115532,0.0024835227537671,5.335676771732051
9373,9373,Day2,WH320,Stationary,2.2093544869549997,0.0161089107561474,0.917215073302962,0.0010994749571102,5.364596810924569,0.0105850807914111,1.0301942156552892,0.0024806129482553,5.207364523506123
9374,9374,Day2,WH320,Stationary,2.154784131665109,0.0169346118044235,0.8083887327377929,0.0007044001798841,4.107053921919521,0.0113258060756349,0.7276933361986168,0.0029182704034923,5.643935044636084
9375,9375,Day2,WH320,Stationary,2.9182973027801116,0.012459933793725,0.8673494683941451,0.0009008022886219,6.733622921377045,0.0079219386837389,1.3179375673755125,0.0022297209351197,5.1092123694342435
9376,9376,Day2,WH320,Stationary,2.180705807735383,0.0177557255431448,0.6945768066804408,0.0007722101932587,3.60549264498459,0.0130776296325764,0.5933334782797048,0.00315666227599,6.076671512685006
9377,9377,Day2,WH320,Stationary,2.5621805454037414,0.0156013206300969,0.8896821074797254,0.0009694610570842,5.594454630327971,0.0093306549467995,1.0914682100641546,0.0021925382430519,5.125623063267357
9378,9378,Day2,WH320,Stationary,2.3416666193651325,0.0174867474869325,0.8333015125161659,0.0007722259116943,5.719780437113519,0.0087103116983168,1.0474306081147982,0.0022170380367522,5.460772668662202
9379,9379,Day2,WH320,Stationary,3.3737236188220687,0.0123981980772202,0.8699743447897635,0.0009775065421718,8.884551236192397,0.0113198747563153,1.7939940244411892,0.0030537059058645,4.952386192568197
9380,9380,Day2,WH320,Stationary,2.61303131008929,0.0133779696010158,0.8570880920431525,0.0009441371754576,5.748456645329524,0.008925325730296,1.089853168535918,0.0022324131160772,5.274523955416727
9381,9381,Day2,WH320,Stationary,1.8952866373751904,0.020471006118461,0.8378122047181756,0.0008086538838245,4.312953716138092,0.0109845239871518,0.7542817462146696,0.0030393047487664,5.7179611435414746
9382,9382,Day2,WH320,Stationary,2.1921391411293354,0.0173813119588395,0.8299716745912364,0.0007607850132718,5.0524399110297,0.0103563739100837,0.9231066956882013,0.0024342513077736,5.473300036311586
9383,9383,Day2,WH320,Stationary,1.7082674756439933,0.0241283486424524,0.8244284733450368,0.0007614629120851,3.6297989350950286,0.0125171203001007,0.6052489656226081,0.0033372038844011,5.997199733106728
9384,9384,Day2,WH320,Stationary,2.822596838650832,0.0132893368648123,0.8377561836759746,0.0008403417839857,6.094035887663405,0.0082162906814105,1.1545287478368174,0.0021779964959563,5.278375180420145
9385,9385,Day2,WH320,Stationary,2.84900398922792,0.013622092312687,0.7608090500504611,0.0006628537161422,5.998366232826145,0.0094037887728982,1.123415390710555,0.00230002562415,5.339401865441959
9386,9386,Day2,WH320,Stationary,2.5385630722436936,0.014155347172192,0.751807172119293,0.0006829678963446,5.305647605936244,0.0093713795295002,0.9520513331161252,0.0023185086894202,5.572858753918781
9387,9387,Day2,WH320,Stationary,2.917318940545387,0.0127366428898921,0.9420657063552252,0.0012502486126439,6.880697297450226,0.0089935941803919,1.4193057695190678,0.0023160366489745,4.84793160516902
9388,9388,Day2,WH320,Stationary,2.405462056358203,0.0157858689811641,0.7872428526952329,0.0007047263559846,4.961531996423473,0.0098590959099998,0.8737878448493143,0.0024842606692207,5.678188390545872
9389,9389,Day2,WH320,Stationary,3.1040273498543796,0.0120897194732572,0.767210147203101,0.0006799129613859,6.243640597770958,0.0089723773246221,1.1459527608097366,0.0022301497804454,5.448427554168259
9390,9390,Day2,WH320,Stationary,3.3860510995794093,0.0145320106743037,0.8186109120926935,0.0007264674605766,6.611786658373014,0.0099246082575694,1.3270028624557084,0.002285150059569,4.982496153879771
9391,9391,Day2,WH320,Stationary,2.7000962759306355,0.0143302404694794,0.8393623816667297,0.0007641499132025,5.692422773618406,0.009371576234994,1.047404187351744,0.0022732845838246,5.434790926329142
9392,9392,Day2,WH320,Stationary,2.845853420918276,0.014399558904267,0.7619966314973453,0.0006737234738491,5.984630796971412,0.0087697690479154,1.1013208400420906,0.0021954992227037,5.434048443814691
9393,9393,Day2,WH320,Stationary,1.9518954891033695,0.0221615258071381,0.9265323032490076,0.0011602677033256,4.6623082995235725,0.0099022344837053,0.8733226903526201,0.0026368808792389,5.338586012967418
9394,9394,Day2,WH320,Stationary,3.2741157379662256,0.0126811232751299,0.8222980780465858,0.0008204997807822,8.052761295090754,0.0104658007976545,1.5789465524413804,0.0025426209009506,5.100084789215637
9395,9395,Day2,WH320,Stationary,1.6766006475033668,0.0241430444270035,0.8410827231910011,0.0008441039061517,3.8604795309231257,0.0119127705829286,0.6586359961697037,0.0030966244099754,5.861324849193996
9396,9396,Day2,WH320,Stationary,2.305107632357774,0.0171655186340116,0.8177322112523141,0.0007402269684401,4.746482741094569,0.0113081146082964,0.8630448516065158,0.0024822316578723,5.499694172625239
9397,9397,Day2,WH320,Stationary,2.5658180335858036,0.0139745157484021,0.8385114634556317,0.0008274272134196,6.249883686979049,0.008628464644474,1.177310382964663,0.0022166744354778,5.308611711417005
9398,9398,Day2,WH320,Stationary,2.5049285391766674,0.0142193612309056,0.8771070636564914,0.0008641423492939,5.482818478057918,0.0091173092545871,1.0472295713102826,0.0022828640803468,5.235545890093491
9399,9399,Day2,WH320,Stationary,2.4831532291634892,0.0149790949699176,0.7552136094592581,0.0006933441999909,5.275811695396849,0.0097309591324975,0.9032590784837188,0.0022864661898544,5.840862074979903
9400,9400,Day2,WH320,Stationary,3.0361913274166468,0.0124494088915928,0.8229634374206819,0.0007546565553534,5.524021753538068,0.0098370565536502,1.000315591619639,0.002423877355445,5.522278968574278
9402,9402,Day2,WH320,Stationary,2.7765854526885003,0.0140682966410879,0.8966079417119647,0.0010471270529364,6.388436153734294,0.008070271195003,1.2589971271526288,0.0023161072162562,5.074226156641437
9403,9403,Day2,WH320,Stationary,2.2594155222577728,0.0169796206424531,0.8273355088353854,0.0008253169927371,4.5376025869416665,0.0104394755844667,0.8060929149522388,0.0028627352257256,5.629130963408257
9404,9404,Day2,WH320,Stationary,2.1804584228229857,0.0186652978960659,0.7998027836339425,0.0006881832516746,4.275826666358227,0.0122246476685065,0.7561209168384342,0.0025822364300537,5.6549509094877655
9405,9405,Day2,WH320,Stationary,2.6950443256409713,0.0141636236425956,0.8662390645017808,0.0009260641945643,5.513699069099316,0.0086948842688894,1.088984903863208,0.0021828051744032,5.063154732025482
9406,9406,Day2,WH320,Stationary,1.824315335616,0.0199529835256261,0.7841270465963749,0.0007351889608043,3.650597608627441,0.0128341795901216,0.619562377068263,0.0030062980984019,5.892219643648924
9407,9407,Day2,WH320,Stationary,2.4089504284979255,0.0154157741807345,0.8306060132487298,0.0008131870234622,5.487873852195113,0.0095647938784573,1.015257584977373,0.0022762918482661,5.405400494808833
9408,9408,Day2,WH320,Stationary,2.5881503696024657,0.0143364497107175,0.7387953092422149,0.0007500383391904,5.219384300128755,0.0097053231879223,0.9824574896513566,0.0024220603163278,5.312580294930574
9409,9409,Day2,WH320,Stationary,2.65688694754206,0.0140487865422395,0.844882412997209,0.0007762741274171,5.613316349946801,0.0099484636115696,1.0601985526372553,0.0023117081261648,5.294589712449254
9410,9410,Day2,WH320,Stationary,2.7200277462642677,0.0138088479154696,0.833509075968336,0.0008073416011418,6.267647607143626,0.00876642355655,1.1751547754227236,0.0022647671185157,5.3334656321241125
9411,9411,Day2,WH320,Stationary,3.5250867003848834,0.0146858245235391,0.6542528498550668,0.0010017048808626,5.999701518842929,0.0088073884750455,0.9233233775440808,0.0024707691774118,6.497941744745322
9412,9412,Day2,WH320,Stationary,1.4002182595553685,0.0260500315714548,0.6770832721686249,0.0008960282649824,2.4280115585598803,0.0159239605785385,0.3671262148486668,0.0039614236656224,6.613560841904825
9413,9413,Day2,WH320,Stationary,1.819152073091001,0.0205085624246107,0.9536106458461506,0.0011695597740389,4.922792525293204,0.0116546003090197,0.9510946683009144,0.0022905998928709,5.175922743934144
9414,9414,Day2,WH320,Stationary,2.1178665802257064,0.0181587484201308,0.8522013828575857,0.0007733697342558,4.500826889020042,0.0120624673067837,0.8465768873128048,0.0027101384886325,5.316501024858495
9415,9415,Day2,WH320,Stationary,1.7075110544530383,0.0234038552075743,0.7616073137763432,0.0006933870935849,3.824126246749838,0.0124272920161758,0.6194993695575866,0.0030304284108415,6.172930005531443
9416,9416,Day2,WH320,Stationary,2.0905768421766,0.0178010732742856,0.8077820391191367,0.0007589004568876,4.321016915060558,0.010630418721983,0.7852850121625327,0.0027305314900636,5.502482344800216
9417,9417,Day2,WH320,Stationary,3.0696135544441696,0.0122122809468261,0.8744990025147683,0.000929639392208,7.816887702019034,0.0103008046690139,1.5525837545825565,0.0026359591356659,5.034760719959203
9418,9418,Day2,WH320,Stationary,3.105681760353312,0.0128408686235623,0.8203775716420459,0.0007528302669188,7.346950047409528,0.0088935900423804,1.4100171749334065,0.0023407385786751,5.210539401944885
9419,9419,Day2,WH320,Stationary,2.3164836280784424,0.0169459503065031,0.647969685468599,0.0009741319680969,4.193096787818777,0.0105851266482435,0.6306170382652413,0.0029198453434384,6.649196792007919
9420,9420,Day2,WH320,Stationary,2.2593453666010133,0.0159445330447521,0.7706417157169829,0.000668497835159,4.594891344879532,0.0107029277767311,0.7803336013093313,0.0026441266486081,5.88836792004049
9421,9421,Day2,WH320,Stationary,2.9915275839078967,0.0129660192751304,0.8784168831183522,0.0009438342635491,7.66941066339761,0.0100279654252392,1.535482267830261,0.0026678476998233,4.994789470434588
9422,9422,Day2,WH320,Stationary,1.9472014178147528,0.0210142399206281,0.8289097416686442,0.0008494649008043,4.186437281278517,0.0118261050052452,0.7259644283689465,0.0027209151179371,5.7667250869086715
9423,9423,Day2,WH320,Stationary,3.9719731940189926,0.0182703796764698,0.6139784849713106,0.0010498262085356,6.268468236217527,0.0093389808126243,0.9697556615653808,0.0021945933523602,6.463966630624211
9424,9424,Day2,WH320,Stationary,2.68114205759964,0.0144756638490876,0.8885025695394583,0.0009554087645887,7.001038792564982,0.0093477306727841,1.3901376729827222,0.0025381398520978,5.036219741849983
9425,9425,Day2,WH320,Stationary,2.408030080358342,0.0156586855442407,0.8280242226833888,0.0007671021386353,4.815585768984225,0.0104779413439016,0.8818159473181852,0.0023442668488406,5.460987390429468
9426,9426,Day2,WH320,Stationary,1.760893040833179,0.0234708196834952,0.7039430670599905,0.000758756458381,3.405990935451076,0.0125959158698427,0.5200028342351527,0.0033606381382668,6.54994686800272
9427,9427,Day2,WH320,Stationary,2.324009780456624,0.0165235847432306,0.8762239733338449,0.0009725628443712,5.658704211286564,0.009307173117713,1.0852511017527446,0.0022905226070343,5.214188865735702
9428,9428,Day2,WH320,Stationary,3.1090288584350545,0.0129119918639935,0.8770496901879078,0.0009309971903364,6.982730489068877,0.0088574844204914,1.3678688582396843,0.0022854849009087,5.104824521010721
9429,9429,Day2,WH320,Stationary,4.026077754786817,0.018996775177987,0.7368137448575715,0.0007342316255649,7.632081134964671,0.009766060056281,1.3284559143815964,0.0023391336697997,5.7450767107446294
9430,9430,Day2,WH320,Stationary,2.6936152491248926,0.013934950187339,0.8426105068924096,0.0008274728159929,5.954986316220828,0.0098976307377659,1.1124146909507606,0.0021992524623893,5.353207184931376
9431,9431,Day2,WH320,Stationary,2.4337495700093723,0.0149109204263193,0.8461416601650883,0.0008428929942219,4.992082379860175,0.010217119168389,0.9784595592760938,0.002496355420314,5.101981305751186
9432,9432,Day2,WH320,Stationary,2.0082710059823707,0.0200037982922848,0.7809833528841816,0.0007400649254591,4.020378570191085,0.0125340473794323,0.6916868812860709,0.0030518134720818,5.812425649472913
9433,9433,Day2,WH320,Stationary,2.8506033302032536,0.0128936187558558,0.9551679163866764,0.0013629787071171,7.2373051293835,0.0093794455161255,1.5449205293273796,0.0026410922665309,4.684580851893038
9434,9434,Day2,WH320,Stationary,2.8928150125606287,0.0123251218132798,0.8718327021852258,0.0009183679090016,7.12165873983146,0.0098266310189922,1.4772003187330325,0.0025092990955694,4.821051450855071
9435,9435,Day2,WH320,Stationary,2.579964417477715,0.0134831287291528,0.844976251413708,0.0008793491383337,5.494453724146144,0.0092453736885012,1.0165284372154018,0.0023486648479683,5.405115610141925
9436,9436,Day2,WH320,Stationary,1.9284246474537712,0.0203929384681478,0.7753702407875852,0.0006789353107699,3.9326179858380894,0.0119731222309989,0.6524273791628142,0.0027598764457171,6.027671602139644
9437,9437,Day2,WH320,Stationary,2.3560604227552875,0.0173324555296221,0.7945651343521422,0.000696995061561,5.639637823132612,0.0098322395553652,1.0166517399916224,0.0022235536133795,5.547266188890883
9438,9438,Day2,WH320,Stationary,2.0052884220363554,0.0177797097896113,0.7957342146801707,0.000758684716498,3.897512021554114,0.0120470510958711,0.6836945383807354,0.0028176400084,5.700662800064186
9439,9439,Day2,WH320,Stationary,2.8597111508282547,0.0134717806923011,0.8348514901896644,0.0007484107379831,6.591794089505976,0.009118200320671,1.2439043874690028,0.0022363823708691,5.299277143734843
9440,9440,Day2,WH320,Stationary,2.6726972937140903,0.0141776158720913,0.7544683129921427,0.0007589384404181,6.047760184729363,0.0093167498443184,1.0788553206960134,0.0023225701572828,5.605719384901126
9441,9441,Day2,WH320,Stationary,3.918799216164535,0.0174333570583995,0.7023535296627351,0.0008309350823036,8.442335012848433,0.0118924402606035,1.4216005530112743,0.0025170082052789,5.938612639792269
9442,9442,Day2,WH320,Stationary,2.950767775764091,0.0128953300221423,0.7960989758902324,0.0007116526213778,6.4263740198882395,0.0092556716218831,1.192114535013014,0.0023406815740003,5.39073539592241
9443,9443,Day2,WH320,Stationary,4.578140613719668,0.026070184766976,0.8384618444972547,0.0008537072250569,7.517528968308865,0.0095279896135698,1.4495459639990145,0.0024962124168523,5.186126659667603
9444,9444,Day2,WH320,Stationary,2.5987495470618556,0.014005234440064,0.7625031750321564,0.0007022421193306,5.093469261423453,0.010405545768528,0.9974760777225392,0.0023996346012115,5.106357310395836
9445,9445,Day2,WH320,Stationary,2.0189132281780915,0.0209214064985516,0.8100528280189353,0.0007099663995105,4.220343146757718,0.0112209583956093,0.7248224369751098,0.0029248254633595,5.822588997617692
9446,9446,Day2,WH320,Stationary,2.339987730402204,0.016348695985091,0.7956601175727391,0.0007066520106592,5.380930861452772,0.0093896481153363,0.9508486475237768,0.0022878358580511,5.659082415972219
9447,9447,Day2,WH320,Stationary,1.7916274811377313,0.023131683015678,0.8342349128037545,0.0007988567280135,4.187370232006185,0.012513831506121,0.7278492401278657,0.0027312841176159,5.753073577806531
9448,9448,Day2,WH320,Stationary,2.3131080826376467,0.0169031160546025,0.8008324717588257,0.0006953328653353,4.83648061759051,0.0107512114327543,0.8499853752908367,0.0025033493247321,5.690075097981101
9449,9449,Day2,WH320,Stationary,2.806899184384177,0.0145935269797955,0.8263193332455178,0.0007753306714454,5.932969641883616,0.0090287633668041,1.100569637999668,0.0023155432312607,5.3908171160046185
9450,9450,Day2,WH320,Stationary,3.1056848378325133,0.0133628831141717,0.872011058549936,0.0008258807886226,6.355951711147957,0.009431119646669,1.2575048245172575,0.0022288664800887,5.054415368615335
9451,9451,Day2,WH320,Stationary,2.609563101176626,0.0139539476579305,0.752472296913697,0.0006934176063714,6.028535177482819,0.0093128371586613,1.051784513245512,0.002214446195304,5.731720805510295
9452,9452,Day2,WH320,Stationary,1.975964699058796,0.0192011486371369,0.8674228701247625,0.0009032433417902,4.249470527164697,0.0116922696351893,0.7735134778876299,0.0028914928198168,5.493725253203704
9453,9453,Day2,WH320,Stationary,2.252153142586787,0.0164971633073776,0.8292415852528215,0.0007527510122884,5.080937340311271,0.0100394713275925,0.9151397270210082,0.0024344327103874,5.552089140366466
9454,9454,Day2,WH320,Stationary,2.392022481810451,0.0173144547333061,0.8271267582287528,0.0007573710768432,4.934355440295802,0.0100192547321653,0.8879544889830093,0.0024385743680661,5.5569913790820635
9455,9455,Day2,WH320,Stationary,3.302960855805407,0.0138010762676552,0.8315816323695246,0.0007751241584293,5.165056491532157,0.0099270275863407,0.9383817707250768,0.0024371341748415,5.50421657012921
9456,9456,Day2,WH320,Stationary,2.334882828880355,0.0163930276252358,0.8141035102916301,0.0007727371419068,4.623352431844242,0.0106620542081078,0.8178329499136325,0.002585989676423,5.653174566190433
9457,9457,Day2,WH320,Stationary,3.300822348442967,0.0130047143933141,0.8015207018300445,0.0007322177445631,7.295355451385868,0.009879852209975,1.3807563914655807,0.0023297629028675,5.2835934683904195
9458,9458,Day2,WH320,Stationary,2.05842532260808,0.0186183785700201,0.8806396923438131,0.0009409753391412,4.691361963354925,0.0104916796713428,0.8650133029860798,0.0025175084742423,5.423456433745066
9459,9459,Day2,WH320,Stationary,4.26932270858061,0.0235512060466362,0.8591491292550979,0.0008568965777682,6.838732407348795,0.0090195058632415,1.3244969294305426,0.0022120711015831,5.163267845618227
9460,9460,Day2,WH320,Stationary,3.137052751370101,0.0129483725302456,0.8438160184042499,0.0008193006994188,6.840887963361728,0.0087440914670243,1.3156347857566684,0.0022108037061593,5.19968614194652
9461,9461,Day2,WH320,Stationary,3.1107880803607473,0.0129373863962329,0.8310412248575079,0.0007789857871745,6.847015325885726,0.0087176880024505,1.3440073249094169,0.0022046775272208,5.094477685489697
9462,9462,Day2,WH320,Stationary,2.6952355339655014,0.0130147738765042,0.7740381947086331,0.0007339195874822,5.107577689721784,0.009840983919565,0.924841252956058,0.0024060346908446,5.522653399593174
9463,9463,Day2,WH320,Stationary,2.3600963303521456,0.0166754634368731,0.8808922868066075,0.0009025930934365,5.491239645377785,0.0087047557760897,1.0390991321325598,0.002479756715565,5.284615755676771
9464,9464,Day2,WH320,Stationary,2.4652021469973304,0.0158907709189085,0.811078571287678,0.0007671909361032,5.24630486352166,0.0093182692232653,0.9343913160261036,0.002482529637018,5.614676392578007
9465,9465,Day2,WH320,Stationary,2.6350527867726523,0.0145303055015257,0.8208362019662045,0.0008086393448703,5.559394080330054,0.0096721730860156,1.0317429780865173,0.0022511108483175,5.38835174884405
9466,9466,Day2,WH320,Stationary,2.742041602582251,0.0134287299773029,0.7726386226399996,0.0007299504710488,5.157963091554371,0.0091997433492418,0.9506490462545678,0.0024323099843793,5.42572794016474
9467,9467,Day2,WH320,Stationary,3.4303571364548087,0.0142858093569299,0.8112837157207182,0.0007262902015893,6.766049307028298,0.0086055219618066,1.2663459566206423,0.0023936859850064,5.342970672156688
9468,9468,Day2,WH320,Stationary,2.748924229770662,0.0127001594624421,0.8039955566389547,0.0007296224205347,6.2333570348967315,0.008088882022398,1.1639055732561856,0.0024180479519078,5.355552184064262
9469,9469,Day2,WH320,Stationary,2.4808966070336327,0.0153723533899301,0.8239998269584407,0.0007199548723085,5.49707248792149,0.0096149231329923,0.9948044415770532,0.0024635952371918,5.525782011193113
9470,9470,Day2,WH320,Stationary,2.160417946205704,0.0170053326583855,0.7416277146212292,0.0006749986228538,4.360365921203068,0.0117621760841791,0.740434271951809,0.0025770029672194,5.888930437686253
9471,9471,Day2,WH320,Stationary,3.60972750234926,0.0143663580068171,0.757213629650873,0.0006980265525255,7.384228776586542,0.0092105431460876,1.390392661706351,0.0023455734305167,5.310894526388173
9472,9472,Day2,WH320,Stationary,3.043403595354901,0.0130573272399442,0.7345670460746145,0.0007665880998795,6.5022984779254624,0.0086059359142335,1.125333507418883,0.0021959163288633,5.778107943163831
9473,9473,Day2,WH320,Stationary,3.189659855440009,0.0145492943952571,0.768153232771255,0.0007660991264407,6.627439478786177,0.0086623371719783,1.1963699200092233,0.0021744728862277,5.539623964078839
9474,9474,Day2,WH320,Stationary,3.4985264294331064,0.0142014848979578,0.8236328047329039,0.0007889070755494,5.90639052096524,0.0086666106209924,1.085072997320324,0.0024406562293139,5.443311680920594
9475,9475,Day2,WH320,Stationary,2.8117430183995733,0.0138416837907235,0.7993774716436883,0.0007179846170419,6.648768184491225,0.0088459076957625,1.2255568937687444,0.002341133012664,5.425099575789918
9476,9476,Day2,WH320,Stationary,2.549719684786688,0.0145072143790432,0.8104917947559029,0.0006653810723499,5.950439994861667,0.0094580596847419,1.0823523684843672,0.0022768448789411,5.497692034613597
9477,9477,Day2,WH320,Stationary,2.1028594966181795,0.0183708941706398,0.7526346424075321,0.0006938799007435,4.113909520221945,0.011882681964173,0.7321159340051675,0.002901423042902,5.619205004480762
9478,9478,Day2,WH320,Stationary,1.5789318263030834,0.0246496360120324,0.8155375931955179,0.0007284934034795,3.4108957091898144,0.0134686599364278,0.5554635461909966,0.0030579461355063,6.140629268256202
9479,9479,Day2,WH320,Stationary,4.280440469391531,0.0225389693964225,0.7791270960016086,0.0007316706477665,5.4878568107332155,0.0096585700934403,1.0180607457087996,0.0023197103873966,5.390500354585846
9480,9480,Day2,WH320,Stationary,2.5874367892196535,0.0143746296669597,0.7582114431916186,0.0006992917274593,5.077174060113475,0.0099418288314649,0.9105525449631656,0.0024513796952473,5.57592649452082
9481,9481,Day2,WH320,Stationary,3.044884037997392,0.0128621850112726,0.802034375549681,0.0007442241277138,6.437287495008454,0.0092241855107272,1.218067914819901,0.0022754354870072,5.284834627599766
9482,9482,Day2,WH320,Stationary,1.5562725565016722,0.0260558761113533,0.8685792476135237,0.0008725304452464,3.5398353074357933,0.0132411735005449,0.6038272519037939,0.0031966300457487,5.862331148975345
9483,9483,Day2,WH320,Stationary,1.8326072094662371,0.0206656752688177,0.8535519362634304,0.0009292579099629,4.012160356250702,0.011091539495722,0.7119047190311576,0.002879223515425,5.635810873273765
9484,9484,Day2,WH320,Stationary,1.758318108020664,0.0226577722225705,0.8310083653460801,0.0007585888285503,4.183646551082644,0.01249896466766,0.7290576298263434,0.0030797412507359,5.738430516225666
9485,9485,Day2,WH320,Stationary,2.8015085077898205,0.0131436413378688,0.839440221333796,0.0008397900192926,6.088493983402308,0.0090064900960308,1.159649179750209,0.0023113732460465,5.250289561463565
9486,9486,Day2,WH320,Stationary,1.676410541601305,0.0237350124127958,0.8388038823560164,0.000832292271964,3.4778356615043804,0.0137276197181113,0.5904224371316477,0.0029999170941384,5.890419202901872
9487,9487,Day2,WH320,Stationary,2.6786777437713436,0.0137013188577129,0.8946971051407704,0.0010053541390929,6.990477807369176,0.0084891423327552,1.3971891129231513,0.0022038504127866,5.003243829136299
9488,9488,Day2,WH320,Stationary,2.8631333529510226,0.0134606324015041,0.851733649066524,0.0008525787210582,5.664250174386542,0.0098998167229293,1.101505976310006,0.0020964158435267,5.1422782047552005
9489,9489,Day2,WH320,Stationary,3.533525922892114,0.0161835540043669,0.815985951009889,0.0007610156974676,8.686954356396598,0.0124954872201992,1.7346246862776435,0.002889968918038,5.007973439509881
9490,9490,Day2,WH320,Stationary,3.040677320392853,0.012117605822451,0.7837527826259504,0.0006953919779062,5.493281794730603,0.0098602558552789,1.0285630692927747,0.0023083815837953,5.340734038319794
9491,9491,Day2,WH320,Stationary,1.8328682691238092,0.0204703620623929,0.8369571115993879,0.0007862390179849,4.259600651967098,0.0114180427392774,0.7508513190026543,0.0026428516706951,5.673028127093215
9492,9492,Day2,WH320,Stationary,2.0504915446074765,0.0199215858263199,0.8399554668257027,0.0008375373448702,4.738985282529435,0.0099633431502365,0.8534856434965158,0.0025780539167753,5.552507319414309
9493,9493,Day2,WH320,Stationary,2.03809541812907,0.0186127567248138,0.843455889601267,0.0008797489333852,4.358097936409399,0.0116695816508398,0.767762198678945,0.0027589031882439,5.676364301222681
9494,9494,Day2,WH320,Stationary,2.57191216672887,0.0143126307401477,0.8368633807948188,0.0008176835244368,5.686148631287325,0.0087868874540509,1.0779557537795608,0.0023804852409321,5.274936945556791
9495,9495,Day2,WH320,Stationary,1.9881809657669527,0.0198873676903099,0.7979211677366242,0.0007122234139636,3.84152584818236,0.0121042828762995,0.6628342571878345,0.0030367825817092,5.795605472294932
9496,9496,Day2,WH320,Stationary,2.9907731276378766,0.0128545351752593,0.855990559329568,0.0008477916590989,6.267553551023064,0.0095371236922734,1.1957255122673347,0.0021709815929037,5.241632370240666
9497,9497,Day2,WH320,Stationary,2.0798138463744524,0.0197196278033161,0.7354183628533992,0.0007111006715355,3.731786802367719,0.0124757322969107,0.6120758862857566,0.0029554822911413,6.096934850698365
9498,9498,Day2,WH320,Stationary,2.527525297098226,0.0153504576868774,0.8383830025470077,0.0007957446998801,5.678151055009156,0.009660132877836,1.058877083864982,0.0020726134775895,5.36242699132129
9499,9499,Day2,WH320,Stationary,3.4132472837840497,0.0136524237538693,0.7852228806811647,0.0007328423253632,7.795590479848149,0.0098142435495919,1.434650406884127,0.0025678076715003,5.43379100751043
9500,9500,Day2,WH320,Stationary,2.0310871910890436,0.0194705958027234,0.7179690535470595,0.000712806243547,3.6805390295503857,0.0124356466063687,0.6463334280253205,0.002850605931005,5.69448967044019
9501,9501,Day2,WH320,Stationary,2.1654248106339877,0.017348718973093,0.8346261972220206,0.0008076871242116,4.463672626721093,0.0110669710515339,0.8000571897583704,0.0027112323317321,5.579191942602492
9502,9502,Day2,WH320,Stationary,1.7428448663243246,0.0226687013936253,0.7922078193164631,0.0006920724692412,3.7622236770204207,0.0126086955853348,0.6442913960676129,0.0028213066756081,5.839320065397253
9503,9503,Day2,WH320,Stationary,1.8268684663750023,0.021554721275376,0.7462291839403412,0.0006818206617932,3.842229405865055,0.0127930801228441,0.6440147738508708,0.0030728391746401,5.9660578636892705
9504,9504,Day2,WH320,Stationary,2.7053767496143046,0.0140375619832913,0.8029520078636762,0.000786693140297,5.137870061022769,0.0097965522367206,0.9483789092002112,0.0022518685748519,5.417528807505482
9505,9505,Day2,WH320,Stationary,2.953025014605391,0.0124292224638246,0.8230138960425047,0.000785327248193,6.700674374924116,0.0092648931505163,1.279382942217574,0.0023824015227245,5.237426695176766
9506,9506,Day2,WH320,Stationary,2.549101204807677,0.0133072687633079,0.8144653789987772,0.0007420714147557,6.040934471404432,0.0079654472651021,1.0947605001710474,0.0022329049384062,5.518042047060143
9507,9507,Day2,WH320,Stationary,2.9333820770099366,0.0126346966609656,0.8534585102654932,0.0008522940495248,7.356067678207737,0.0098634681499833,1.4584903731792815,0.0023941083491136,5.043617574364003
9508,9508,Day2,WH320,Stationary,2.844855383287005,0.0135135702989072,0.8458894202804483,0.000797778920192,7.334325096174894,0.0099392572485155,1.4031997113846617,0.0023723690033519,5.226857614542597
9509,9509,Day2,WH320,Stationary,2.7286180524711217,0.0139899990103774,0.773850739255976,0.0006735646720766,5.80302497186254,0.0092259957569019,1.0669316572820329,0.0020530713559433,5.43898471120964
9510,9510,Day2,WH320,Stationary,2.9164384300602144,0.0130821723858385,0.8725810231811549,0.0009725074501842,6.759035723985734,0.0091971314400894,1.314411852882078,0.0023426315614525,5.14225104495624
9511,9511,Day2,WH320,Stationary,3.627266214068373,0.0147051984383324,0.7914098321787485,0.0007232305523042,7.654286698108022,0.009727832934071,1.51177574470921,0.0025222458632291,5.063109872542851
9512,9512,Day2,WH320,Stationary,2.770855796424219,0.0124791972104281,0.8772263238416792,0.0009364076604198,6.178913232315544,0.0097206994137842,1.2237348179252003,0.0022645658622817,5.049225650694221
9513,9513,Day2,WH320,Stationary,2.460520761223308,0.0162947015817002,0.8098978230617221,0.0007329710881462,5.664518425993343,0.0087986199704453,1.047115572162845,0.0023141094024328,5.409640135800035
9514,9514,Day2,WH320,Stationary,1.8546421086624627,0.0212183305676921,0.8609778078763247,0.0008878783950849,4.17928884574934,0.0127713561320119,0.748475101192008,0.0028905197698248,5.583737974841754
9515,9515,Day2,WH320,Stationary,1.3321491271006412,0.0291253727312985,0.8395090697638411,0.0007579284807636,2.9778644897273017,0.014511183129889,0.4679392028008513,0.0036905653351559,6.363785021437158
9516,9516,Day2,WH320,Stationary,1.8505342356260075,0.0200759325126988,0.8643430766302415,0.0009596279984877,4.136999688115597,0.0123465353863983,0.750446779906965,0.0031022680297021,5.512715623389672
9517,9517,Day2,WH320,Stationary,2.214581328598724,0.0183452437318621,0.7899763120756659,0.0007389215231596,5.291717428498518,0.009747326682119,1.0201543314414727,0.0022172477634779,5.187173416223552
9518,9518,Day2,WH320,Stationary,2.698579350660862,0.0147926344188541,0.8391240185699472,0.0008588590557357,6.799078090406338,0.0093171706831794,1.2842358454195004,0.0020556576508529,5.294259706779477
9519,9519,Day2,WH320,Stationary,2.5185357256823573,0.0158033329582147,0.9004499505835645,0.0010068087662738,6.893041904374475,0.0094460919152225,1.381982794083764,0.0024301232004569,4.987791406581491
9520,9520,Day2,WH320,Stationary,3.3747416750611254,0.014147520663716,0.8154375567237148,0.0007271479721949,7.70569736086888,0.009251088726403,1.4610694373782516,0.0022451593752847,5.274011736701585
9521,9521,Day2,WH320,Stationary,2.6037989400154036,0.0153199060160362,0.8165537859630306,0.0006946484364019,6.162538961888822,0.0090529845765152,1.1781211275332106,0.002237117189689,5.230819495438599
9522,9522,Day2,WH320,Stationary,3.3955836403564224,0.0141676979330878,0.6905077837066751,0.000849840348027,5.276287780251417,0.0096427362177957,0.9061542838699232,0.0024947960886091,5.822725637534831
9523,9523,Day2,WH320,Stationary,3.0005054871282573,0.0126442917045818,0.8245455619866273,0.0007434290665073,7.47073924017112,0.0087428399002443,1.4194915237980046,0.0023752903238195,5.262968545372037
9524,9524,Day2,WH320,Stationary,2.9423548037598257,0.0133829621138666,0.7954856830237734,0.0007243054187761,6.560699447460333,0.0079039085528004,1.2042995910232328,0.0022614422995237,5.447730362414253
9525,9525,Day2,WH320,Stationary,2.126466585079376,0.018088649487315,0.785350089849893,0.000687079554381,4.550316262216674,0.0108492018424445,0.800015324369319,0.0025267182216521,5.687786375597058
9526,9526,Day2,WH320,Stationary,1.9551437271550032,0.0203555677124424,0.7880512243665316,0.0007094023409557,3.793037730331462,0.0127136282388667,0.6568553053379926,0.002868516068772,5.77454075426811
9527,9527,Day2,WH320,Stationary,2.8636722625895725,0.0149359135412328,0.8258648160260013,0.0008096260027986,6.332619797486871,0.008911646047793,1.1676094131429788,0.0022754626415281,5.423577205018143
9528,9528,Day2,WH320,Stationary,2.574685884354737,0.0145797411579761,0.8940865204196098,0.0010604410912816,5.790032879359089,0.0100973836781232,1.1296760776204997,0.0022504079359454,5.1253921314815845
9529,9529,Day2,WH320,Stationary,1.8664008325288255,0.021166950961468,0.8075328810284396,0.0007248260993478,3.9663234380086982,0.0127997145692164,0.6689874635170033,0.0027196617224056,5.928845687416814
9530,9530,Day2,WH320,Stationary,2.170430659619276,0.0188874946521166,0.8491471602559941,0.0008412624898866,5.042915751147533,0.0103851544513781,0.9185326387382328,0.0023637149635617,5.490186781032486
9531,9531,Day2,WH320,Stationary,2.1560542807282586,0.0179865682367491,0.8691594173554316,0.0009294497561529,4.660685403337427,0.0107341399223376,0.8680148406698733,0.002501572650632,5.369361426747767
9532,9532,Day2,WH320,Stationary,3.275294035041577,0.0141114728085868,0.7988321445382653,0.0007080802630146,6.128151783115905,0.0088222065375789,1.1825667766030274,0.0023724157242797,5.182076737111859
9533,9533,Day2,WH320,Stationary,2.4070706888240077,0.0162047505414379,0.8836734271489564,0.0009554065122429,5.515982896729193,0.0098302493798453,1.042737948869159,0.0023897856067117,5.289903280791912
9534,9534,Day2,WH320,Stationary,4.437135761872604,0.0226880925274978,0.8290990516009815,0.0007969098912195,6.804813781946127,0.0089620794812321,1.2772043815922862,0.0022965575485863,5.327897304472593
9535,9535,Day2,WH320,Stationary,2.692024159631818,0.0138619520443069,0.732567806795153,0.0007521446795384,5.809105277651794,0.0090570754419534,1.0439590520659854,0.0024130108257382,5.564495337394343
9536,9536,Day2,WH320,Stationary,1.1716738190872102,0.0281490520359044,0.752565297434561,0.0006381552644616,2.205212905663529,0.0164293748635355,0.2990322507964714,0.0039311489220303,7.374498569267869
9537,9537,Day2,WH320,Stationary,2.608521982896584,0.015051988021972,0.8298464579108544,0.0008566591528327,5.4222473832474485,0.009397636811169,1.0175347749208778,0.0023296844763341,5.328807935501836
9538,9538,Day2,WH320,Stationary,1.553176253702522,0.026090542174261,0.7351752648733286,0.0007397731450389,3.202112323037987,0.0139730562676584,0.485329705997793,0.0033181103094197,6.597808218754589
9539,9539,Day2,WH320,Stationary,3.0208834784760095,0.0136578031728477,0.8166901476807414,0.0007261118906681,6.150358571140088,0.0096569752589701,1.142948844219602,0.0023847228903693,5.381131974755626
9540,9540,Day2,WH320,Stationary,2.6920280233163445,0.0148744996099371,0.8132096505339785,0.0007266762431297,5.394434251561679,0.0095782432724666,1.00717025818176,0.0022670779205709,5.356030132681069
9541,9541,Day2,WH320,Stationary,5.416223708312201,0.0352566263727112,0.8071778263134269,0.0007307367886508,8.517351084935228,0.0112110142538407,1.615943099022579,0.0027463599686105,5.270823638584207
9542,9542,Day2,WH320,Stationary,2.668866967976046,0.0142398254602729,0.8223934546875568,0.0007513027432994,5.970531551285589,0.0086322769817229,1.1028600451457846,0.0022918655868679,5.4136801650986985
9543,9543,Day2,WH320,Stationary,3.944544068936948,0.0190796965996368,0.7913007801690353,0.0007601031177408,8.42938426925871,0.0114384738599969,1.624430221174861,0.0027233102382015,5.189132878334535
9544,9544,Day2,WH320,Stationary,2.2969538065841197,0.0174565374866273,0.8529600810296625,0.0008212157255681,5.081882876565075,0.0096995932397388,0.9290752244101188,0.002219523105666,5.469829291585754
9545,9545,Day2,WH320,Stationary,2.529666998582623,0.0155856493393399,0.7065329431077666,0.0007990270980957,4.177920737319882,0.0118869661872094,0.7129930107919322,0.0027380090351426,5.859693817586517
9546,9546,Day2,WH320,Stationary,1.9501370823816928,0.0214946561688421,0.8608732613995088,0.0009519392997924,4.382470526814097,0.0112535817043042,0.7782434107492814,0.00259708003844,5.631233706938448
9547,9547,Day2,WH320,Stationary,2.701884454055494,0.0128753840397457,0.8210701787250629,0.0007637204553663,6.005474780075244,0.0085482020127774,1.1194398203761462,0.0021799760812179,5.364714271158701
9548,9548,Day2,WH320,Stationary,3.355140520208572,0.0141138172655263,0.8462769252933209,0.0008025712055198,7.303092252989883,0.0094015257064883,1.4137388885993007,0.0023622431639202,5.1657999308667355
9549,9549,Day2,WH320,Stationary,1.869167938469692,0.0198541823452427,0.8281507569638041,0.0007213998324382,4.013197503112294,0.0119476887982019,0.7104107957365912,0.0027470379037009,5.6491223489237665
9550,9550,Day2,WH320,Stationary,2.701968409164801,0.0138084694312605,0.7390483245189731,0.0007190921123435,4.560234480307094,0.0106318691943698,0.831970752841479,0.0026419813860926,5.481243739316863
9551,9551,Day2,WH320,Stationary,2.4462027261361716,0.0152855088304316,0.9054970331720548,0.0010844580236745,5.9502693328119,0.0088941839134116,1.1633690475037075,0.0022481508936883,5.114687678496911
9552,9552,Day2,WH320,Stationary,2.1884956097192374,0.0174407496636533,0.7831435002888425,0.0006871179384373,4.5293012750779145,0.0103861139420398,0.8039908836035502,0.0025265343010915,5.633523174761922
9553,9553,Day2,WH320,Stationary,3.492163471458922,0.0137568397333228,0.7764021716900296,0.0006853048832504,7.522262961830781,0.0094745617210219,1.3566460316404332,0.002288338479773,5.544749909993095
9554,9554,Day2,WH320,Stationary,3.1122429549408377,0.0135050670297727,0.8151688535872247,0.000771844706961,6.759438913406347,0.0088756554059044,1.254299013127116,0.0022497744711787,5.389017166292961
9555,9555,Day2,WH320,Stationary,3.281472678566316,0.0129450364938295,0.8732971229711466,0.0009473927836569,6.751168111291421,0.0093202230182047,1.38257860031691,0.0025443532045454,4.8830266212307505
9556,9556,Day2,WH320,Stationary,2.227258829810611,0.0171851212188848,0.8635488559142396,0.0009698174738119,4.741807257943003,0.0103444538537972,0.8731686780883997,0.0024851554945414,5.430574157016363
9557,9557,Day2,WH320,Stationary,2.795763941903664,0.0141775931502071,0.7872656523093408,0.0006912295304444,5.913205611932108,0.01055221577065,1.1165495325160897,0.0022103029029751,5.29596353742318
9558,9558,Day2,WH320,Stationary,3.231871704164717,0.0135788426068955,0.8230366533511198,0.0008005985962857,7.889820786955885,0.0104576001892532,1.5080162425180177,0.0023893378294351,5.231920296681829
9559,9559,Day2,WH320,Stationary,2.390141044156304,0.0152330460472242,0.8445784892812546,0.0009054514389888,5.223329058909641,0.0094621739463862,0.9571007930979948,0.0022056666623234,5.45744930583799
9560,9560,Day2,WH320,Stationary,2.0712258226775537,0.0216701726563427,0.7860392903250297,0.0007237690883202,4.360565896604182,0.0122113705160348,0.7338918907975175,0.0029128861275931,5.941700611878368
9561,9561,Day2,WH320,Stationary,3.099712328501228,0.0129159872705334,0.7067907882647266,0.0007531851531783,4.071251941117748,0.0121241111677801,0.6950303032688241,0.0030818631065176,5.85766105732381
9562,9562,Day2,WH320,Stationary,2.8313434296129336,0.0139349545673098,0.8272278426053534,0.0007125022150437,6.40399921351086,0.0089301831476174,1.3222197138592529,0.0023424765782104,4.843369937980331
9563,9563,Day2,WH320,Stationary,1.663937089062957,0.0234833854607389,0.760637050682338,0.0007241930622442,3.1199261796844593,0.0137809474991985,0.5198178685336796,0.0032434675220091,6.001960241353872
9564,9564,Day2,WH320,Stationary,2.324259686561604,0.0173640801676443,0.7917651581672288,0.0007642197849117,4.521075894372563,0.0103773219809982,0.8182140663723726,0.0025051241506839,5.525541640242351
9565,9565,Day2,WH320,Stationary,2.473695158732797,0.0154532084143996,0.7474782458867689,0.0007511139302789,4.536317614980225,0.010638466040306,0.7688484767356545,0.0028363628083009,5.900145155051016
9566,9566,Day2,WH320,Stationary,1.9885751376479832,0.0195775090658113,0.8196609671573374,0.000756933047077,4.636712579527992,0.0107572707700544,0.8207955860697388,0.0027421319236417,5.64904667888167
9567,9567,Day2,WH320,Stationary,1.9259120755934072,0.0197903018303953,0.8209558029225764,0.0007621350575521,3.942936603139743,0.0128680262310277,0.6701011857364849,0.0027984994814533,5.8840913686881455
9568,9568,Day2,WH320,Stationary,2.045093476679315,0.0181459414150787,0.8036524113149806,0.0007235224850658,3.975238408577093,0.0113545086203528,0.7126784326176208,0.0028981150618067,5.577885097457355
9569,9569,Day2,WH320,Stationary,2.5441305536422956,0.0150563596995338,0.7553852464230567,0.0006684440692549,5.3365546942624205,0.0102077712268093,0.9389987946193846,0.0023594401385682,5.683239131766456
9570,9570,Day2,WH320,Stationary,1.5825252868865525,0.0230398703888809,0.8037905439064246,0.0007983413986643,3.5633042460415325,0.0129764361038668,0.5831904745767562,0.0030699586822421,6.110017912462578
9571,9571,Day2,WH320,Stationary,2.381251684215298,0.0155294272036739,0.8629256911929696,0.0009729576767264,5.321238728019434,0.0102706883285433,0.983844866734374,0.0023273698534021,5.408615634375316
9572,9572,Day2,WH320,Stationary,2.1414206353439296,0.0178259885107909,0.7945439444610536,0.0007520320325541,4.4851111706322415,0.0104341467650869,0.7743938209484957,0.002785670561623,5.791770349017987
9573,9573,Day2,WH320,Stationary,2.2917349062337116,0.0182989158101248,0.7259150160612104,0.0006715471840973,4.897890608542656,0.010088250510282,0.8541122958600283,0.0024106123498111,5.734480854898406
9574,9574,Day2,WH320,Stationary,2.500901336916717,0.0145618231079002,0.8367758815646418,0.0007963717962036,5.797906164400596,0.0093028235696899,1.1460807991357749,0.0021991282872637,5.058898263344629
9575,9575,Day2,WH320,Stationary,2.2482328384500043,0.0182814375214011,0.8608587806847248,0.0008354039267093,5.336931469610964,0.0093492740245665,0.9908737309453916,0.0023744893991273,5.386086342726034
9576,9576,Day2,WH320,Stationary,2.144184807312378,0.0178533077797818,0.8589499666883599,0.0008178541209792,5.431764671305478,0.0087324370859687,1.0018226770209055,0.0022669418691847,5.421882330970764
9577,9577,Day2,WH320,Stationary,3.1597194195517044,0.013338777470621,0.7828268692795083,0.0006787975844927,6.389120342233081,0.0090618451089529,1.161921379804617,0.0022661361023321,5.498754436644796
9578,9578,Day2,WH320,Stationary,3.119225425670547,0.0129677887890603,0.8656022025038839,0.0009058810707824,7.5088181757793375,0.0090874428467907,1.4968069862797155,0.0026702300531073,5.016557408275037
9579,9579,Day2,WH320,Stationary,2.214617823693742,0.0176917119373345,0.8592062629021,0.0009116177887083,4.929861608088074,0.00975349620728,0.9021427856897288,0.0024703610455583,5.464613458410547
9580,9580,Day2,WH320,Stationary,2.259235550138727,0.0168143799092047,0.8241264674305928,0.0007521175556621,5.404196629511219,0.0101346064728397,0.9867758109968576,0.002583568131352,5.476620494022658
9581,9581,Day2,WH320,Stationary,2.9942097191485137,0.013249343668,0.8047015182755979,0.0007264023831117,6.99293365674198,0.0093262488112856,1.3534691612177043,0.0022925197889931,5.166673801751418
9582,9582,Day2,WH320,Stationary,2.769046921269474,0.0130824620796697,0.7603793789847167,0.0006776780581057,5.328806741853914,0.0099716324390203,0.9255016128147424,0.0024248271106812,5.757749817039573
9583,9583,Day2,WH320,Stationary,1.936401397854106,0.0207296981808621,0.8858842213265083,0.0009571240378154,5.287602851297621,0.0095076879912496,0.9959367970434544,0.0023573059796469,5.309175107290382
9584,9584,Day2,WH320,Stationary,1.7392755066021988,0.0217834538558795,0.9335759546191004,0.0012218103278476,4.856769503613534,0.010634347358105,0.9269129736187336,0.0022710553370677,5.239725456266259
9585,9585,Day2,WH320,Stationary,2.955500709772655,0.0137938320646729,0.9077309654249992,0.0010004249266981,7.1666544370129035,0.0099666947834984,1.457347860688737,0.0023981210531614,4.917600409847221
9586,9586,Day2,WH320,Stationary,2.9082805299273966,0.0136191716039692,0.8395113747570734,0.0008257295991583,6.997999958845976,0.0091001746676385,1.3216168991896406,0.0020000298257175,5.295029114062367
9588,9588,Day2,WH320,Stationary,1.9612385555133711,0.019431327921351,0.7798283676069029,0.0007542497718699,4.327793324578808,0.0113622249582319,0.7581583932306999,0.0025977623596189,5.708297056683648
9589,9589,Day2,WH320,Stationary,3.2964717755648634,0.0141912028554498,0.8701400939807962,0.0008602281004136,8.451577547166245,0.0112855115283173,1.6836104718485,0.0028140682525156,5.019912674864119
9590,9590,Day2,WH320,Stationary,2.6833158510032153,0.013805541701958,0.7711557411207649,0.0006889413311683,5.303326446563134,0.0093611549752519,0.922880522588112,0.0025020334865673,5.7464929823099595
9591,9591,Day2,WH320,Stationary,1.8420224836805703,0.0219953738430001,0.7418612789908161,0.0007026869545684,3.7517677175014335,0.0127863833107478,0.6154854518405557,0.0029349507677013,6.095623716664786
9592,9592,Day2,WH320,Stationary,2.123263129116133,0.0189482634919498,0.745978697116104,0.0007167699395051,4.203511922966636,0.011662884558494,0.7009995054138394,0.0027041274276786,5.996454905463973
9593,9593,Day2,WH320,Stationary,3.88760871692312,0.0177289477285781,0.819885904812295,0.0007773183508154,5.831249142086778,0.0091630336252609,1.071192572169219,0.0022504889882898,5.443698260788164
9594,9594,Day2,WH320,Stationary,4.9203564765767425,0.0298448128646115,0.7519684496925085,0.0007336307860431,6.4029391881549875,0.0095699432016596,1.1487439022323622,0.0022644332965345,5.573861306869277
9595,9595,Day2,WH320,Stationary,3.1631500536856856,0.0136794023799955,0.7793519928619784,0.0006816713160814,6.709782703555346,0.0092781727238542,1.1910630062675889,0.0023085486237455,5.633440605784292
9596,9596,Day2,WH320,Stationary,1.922594730933642,0.0202229507528213,0.7513106065888291,0.00076256112698,3.9397185461363455,0.0125118566220986,0.7133450724827163,0.0029198534222928,5.522879035842505
9597,9597,Day2,WH320,Stationary,1.976529883454588,0.0209978910524835,0.8256076102587029,0.0007901218763266,4.111466400838548,0.0126797008639229,0.7291002424398363,0.0025011637857326,5.639096192150584
9598,9598,Day2,WH320,Stationary,2.6606588485110443,0.0128432861549612,0.7660262202884949,0.0006668540778976,5.59318521327165,0.01020078913227,0.9690231865092116,0.0024601934435591,5.771982849471766
9599,9599,Day2,WH320,Stationary,3.8523207319333808,0.0174676219773021,0.6760194800179131,0.0008076030036155,7.208080905531558,0.0098110173955857,1.2059175857240063,0.0022537832771973,5.977258305926425
9600,9600,Day2,WH320,Stationary,2.035794599702659,0.0197424199652038,0.8138753837371501,0.0007237986947713,4.466003877332924,0.0107423374819308,0.7861550355502819,0.00289367723107,5.680818255150999
9601,9601,Day2,WH320,Stationary,1.9985610362022872,0.0215020651590304,0.8307651990865973,0.0007897937295335,4.42972948722236,0.0111263095585048,0.7800019251957586,0.0026993623313623,5.679126351015893
9602,9602,Day2,WH320,Stationary,3.7048555972263366,0.0155995533837187,0.7367498700535576,0.0007043664675943,8.765581339430174,0.0121368294318996,1.5299151205691763,0.0023892973983513,5.729455981956112
9603,9603,Day2,WH320,Stationary,6.295696364789226,0.0535382466788298,0.7848262815067104,0.0007160537978369,8.87552290398745,0.0116924758193664,1.6376030684330185,0.0027681656425121,5.419825521260299
9604,9604,Day2,WH320,Stationary,2.488565825280376,0.0150002529226363,0.7600034725372039,0.0006514143878371,5.1201809115883385,0.010072307947947,0.8826024271965738,0.0024478726051475,5.8012313968494995
9605,9605,Day2,WH320,Stationary,2.18577991593557,0.018272238055322,0.8839143318716584,0.0009568644531071,5.373031273607779,0.0095686122465503,1.0208797718237026,0.0022834418377345,5.263138149959991
9606,9606,Day2,WH320,Stationary,2.272952310844072,0.0171664625562693,0.6847690721247623,0.0008361010696954,2.785179931839179,0.0146261799590587,0.4106635551694727,0.0037286900201533,6.782145376133488
9607,9607,Day2,WH320,Stationary,1.6174629170800134,0.0239777440361949,0.7908364535158692,0.0006932139038329,3.701130057000955,0.0139590198338497,0.6056588136501831,0.0030084392757292,6.110915871421061
9608,9608,Day2,WH320,Stationary,1.4782536482472364,0.0258087397105897,0.6047856574250519,0.0011853474693788,2.161156862324866,0.0175570276332893,0.3055660154583804,0.0037246986207332,7.072634890640272
9609,9609,Day2,WH320,Stationary,2.5826497363855334,0.0146188481890799,0.7330507443192115,0.0007096992068818,4.807260384061861,0.010534501299736,0.8307000205483571,0.0025915846991767,5.786999235763252
9610,9610,Day2,WH320,Stationary,1.7242594046015078,0.0252364208628322,0.8138088469109682,0.0007371847708903,4.169748672871579,0.0112724001419952,0.7106621855964677,0.002937126874512,5.867413177995192
9611,9611,Day2,WH320,Stationary,2.279987570759465,0.0163856525599205,0.8015347758505535,0.0007249389655225,4.6738551527815035,0.0107674169485639,0.8046255812908282,0.0027202195038972,5.808732982716542
9612,9612,Day2,WH320,Stationary,1.7184411670174715,0.0226086695562452,0.901233477808864,0.0010516066945914,3.9659653043541616,0.0120976594218817,0.7137522482958353,0.0029234319942237,5.556501312357832
9613,9613,Day2,WH320,Stationary,2.19853956088033,0.0170179277925478,0.8251844320797473,0.0007522061627418,5.3403941087769455,0.0090360643307079,0.9676773674977108,0.0023536587406971,5.518775459827605
9614,9614,Day2,WH320,Stationary,2.0879316459277697,0.0198253033693287,0.7331022629498154,0.0007066936842147,3.522910885831138,0.0134185231613053,0.5581486024571182,0.0033566797509241,6.311779462176113
9615,9615,Day2,WH320,Stationary,2.1276752147317626,0.0195675924962306,0.8474472874806087,0.0008407924518908,4.534261133215487,0.0110715651870772,0.8219958036184674,0.0026324635789236,5.516160925950521
9616,9616,Day2,WH320,Stationary,2.382571968863279,0.0166221336946574,0.850770976185938,0.0008375237041598,4.997154729957163,0.0104340162379484,0.9103472119013306,0.0024121876762195,5.48928437922078
9617,9617,Day2,WH320,Stationary,2.015917167512037,0.0206794833529115,0.7547489237955322,0.0006470966742532,4.155381453210767,0.0116028574613111,0.683345836143739,0.0028914372036837,6.080934767467727
9618,9618,Day2,WH320,Stationary,2.0939692939738506,0.0187478436729779,0.8192733767421153,0.0007366677332553,4.619355824843728,0.0111141432223025,0.8091351866000541,0.0024700678639744,5.709003762713659
9620,9620,Day2,WH320,Stationary,3.2101916920575437,0.0137772136460517,0.7222989543049377,0.0006893128088467,6.680900695668287,0.0087997197384545,1.2078369524732062,0.0022789243717422,5.531293509432922
9621,9621,Day2,WH320,Stationary,2.4415726314076567,0.0154961099829663,0.758989290975923,0.0007133375873739,5.181107785101589,0.0093265318049445,0.9226918429407645,0.0024555850832992,5.615209264870686
9622,9622,Day2,WH320,Stationary,2.472455747047118,0.0154878272006515,0.8196429856347982,0.0007157674308055,5.948076002716381,0.0094978615001318,1.0837743222593168,0.0022015415249836,5.4882975916209
9623,9623,Day2,WH320,Stationary,4.246397640410053,0.0225462695142329,0.8838054020105488,0.0010004039883528,8.781476388550237,0.010418020904397,1.7861416818232232,0.0031523699651125,4.916450065476582
9624,9624,Day2,WH320,Stationary,2.329929329711504,0.0158946732892279,0.7732944752925937,0.0007024624609795,4.2323214505088,0.0114131952128703,0.7645181615717274,0.0024541104389971,5.535933171041774
9625,9625,Day2,WH320,Stationary,2.391008719705525,0.0175110333454844,0.8109501314359063,0.0007094636416455,5.4934721182493,0.0089523136009535,1.0006960490306989,0.0022123513402413,5.489651051955711
9626,9626,Day2,WH320,Stationary,2.5587161930196625,0.0137833189626568,0.7614360854175569,0.0007099540329411,4.835027853491218,0.0105432087743264,0.890202398137239,0.0024872366127444,5.431380395748857
9627,9627,Day2,WH320,Stationary,1.653616053983343,0.02412437461008,0.7559615525875336,0.000675649204146,3.5534395161951235,0.0123861548451291,0.5698737470447215,0.0031537132634301,6.235485552059066
9628,9628,Day2,WH320,Stationary,2.8143766033195523,0.0133936872896313,0.852045847864055,0.0008999549677997,5.977430924771602,0.0093235391504842,1.1171709009390782,0.0023335949752703,5.350507178218711
9630,9630,Day2,WH320,Stationary,2.346412382905696,0.0159196644957233,0.7973781026607858,0.0007162561404286,4.783866894433664,0.0097646214974849,0.873413765044441,0.0024071320700894,5.477205748171659
9631,9631,Day2,WH320,Stationary,2.016240700327009,0.0193095333387432,0.8492482790867465,0.0009095252893153,5.119087409836466,0.0096338199355082,0.9309471674864748,0.0023192559311322,5.498794763679045
9632,9632,Day2,WH320,Stationary,2.840774165364477,0.0129217207455568,0.8171003560434393,0.000741358144088,6.151318709648103,0.0095390601927372,1.1494211282114146,0.0021516729979823,5.351666642164491
9633,9633,Day2,WH320,Stationary,2.620226748849067,0.0138777507609176,0.8274527497026154,0.0007672439614616,6.37824019831315,0.0093329460269184,1.2024517137801003,0.0023388559997034,5.304362849017967
9634,9634,Day2,WH320,Stationary,2.4522399147315563,0.0151581297987708,0.8535066232790713,0.000799133467087,5.255714100380015,0.0106462929634068,0.9828154138812928,0.0023908366199186,5.347610574832534
9635,9635,Day2,WH320,Stationary,3.450103661841669,0.0150237878665962,0.8756031662300553,0.0010089705492189,7.399100350592034,0.0095719247172725,1.4852493505416842,0.0025301261276592,4.981722663533577
9636,9636,Day2,WH320,Stationary,1.875255391308682,0.0203088522470428,0.6971566272465557,0.0007812010534671,3.4454903744510204,0.0138010823261397,0.5316578647523811,0.0031378728366729,6.480653448163985
9637,9637,Day2,WH320,Stationary,2.9484992570372817,0.0123866417383164,0.9163080367176092,0.0010647404052855,8.093663187147943,0.0107242060926711,1.6609405866951523,0.0025581413308569,4.872939617456315
9638,9638,Day2,WH320,Stationary,1.906956905301698,0.0197476969477788,0.8589287946231455,0.0008818082933606,4.22206159960793,0.0117353827405997,0.7627687114657279,0.0026741687061562,5.535179322569305
9639,9639,Day2,WH320,Stationary,2.634598516153859,0.0134702884646169,0.8136509454104767,0.0007184150658748,5.548115321453164,0.0096541622192242,1.0515900807637597,0.0022406601069275,5.275929683003116
9640,9640,Day2,WH320,Stationary,2.5301232764128163,0.0141559966870206,0.943951378540632,0.0012372560183115,6.64034526878939,0.0095806749268614,1.3564653261711856,0.0024345229212305,4.895329899462081
9641,9641,Day2,WH320,Stationary,2.440567136399488,0.0157691074190773,0.7679126172923166,0.000666142354144,5.26937207040933,0.0094944653118076,0.951428254274372,0.0025305831135527,5.5383808991757695
9642,9642,Day2,WH320,Stationary,2.8999829893352342,0.0134109967140206,0.8126368553796165,0.0006918761148268,6.794725486923731,0.0091287437712403,1.2618655488584805,0.0020419463415336,5.384666768238846
9643,9643,Day2,WH320,Stationary,1.85616436939742,0.0223021471510198,0.77770961332879,0.0007028963595037,4.084587028758448,0.0127565293697232,0.6767916907457237,0.0028162449842055,6.035220415099721
9644,9644,Day2,WH320,Stationary,3.1410395034946026,0.0127519247553346,0.8221568575486603,0.0006990163502904,7.089317469772157,0.0091043315751141,1.3210258905954335,0.0023284217949896,5.366524244711622
9645,9645,Day2,WH320,Stationary,1.702066181150966,0.0205707805795807,0.7388267803862668,0.000737781012482,3.085929963839418,0.01385527621409,0.504980182652599,0.0029456524347287,6.110992212861515
9646,9646,Day2,WH320,Stationary,2.5187809726578765,0.0137937269165333,0.8143960805602256,0.0007758173048312,5.19119374801495,0.0097200219161193,0.9457745617655426,0.0024030444275095,5.488827843206303
9647,9647,Day2,WH320,Stationary,3.2427070907751108,0.0134660259221751,0.8541462434776581,0.0009116197534984,8.485381157869343,0.0111014983376927,1.6707547495389845,0.0026832198278163,5.0787712321097604
9648,9648,Day2,WH320,Stationary,2.505561995649398,0.0142650238315234,0.756262962789644,0.000717992612899,4.781221972025601,0.0100128826624674,0.8921391299404587,0.002547029985001,5.359278403520647
9649,9649,Day2,WH320,Stationary,2.7000885277189246,0.0145578370342541,0.83404807932485,0.0008436910186297,6.64245880528086,0.009773089641933,1.2437132071646897,0.0022806567640751,5.340828389547913
9650,9650,Day2,WH320,Stationary,1.8476034445128255,0.0215176458612678,0.8557708670529839,0.000893442660849,4.266955259295663,0.0123096304942881,0.7555540337560126,0.0028260753235982,5.647452159157647
9651,9651,Day2,WH320,Stationary,2.9862690192598675,0.0130562664865728,0.8609883108262573,0.0009258766767583,7.172983442414853,0.0100179116788328,1.5243410604623455,0.0025968718147967,4.705628962221372
9652,9652,Day2,WH320,Stationary,2.7306876708132224,0.0145342411971862,0.8353011856059472,0.0008147592451437,6.846492671278158,0.0084428767655962,1.2994065735621283,0.0022097410247798,5.2689379987585605
9653,9653,Day2,WH320,Stationary,2.2106428257561275,0.0183537907030836,0.7851762816487653,0.0007215390277952,4.232287286174941,0.0116132551002398,0.757257645880889,0.0026266233702786,5.588966066168513
9654,9654,Day2,WH320,Stationary,2.4689116738809505,0.0148256786820086,0.7426469209336919,0.00072415241316,4.676342361734072,0.0110056498985906,0.803149693580095,0.0027389209285071,5.822504072545872
9655,9655,Day2,WH320,Stationary,1.855693865634778,0.0218023151154218,0.8073399312663716,0.0007419742209861,4.211952666225228,0.0127196457864961,0.7359244473072003,0.002920046690856,5.7233492943970825
9656,9656,Day2,WH320,Stationary,2.542688586730707,0.015774485076576,0.8578815642315181,0.0008322005734982,6.328983953686747,0.0087092789258606,1.2370835726063687,0.0021985891225328,5.116052054876478
9657,9657,Day2,WH320,Stationary,3.0388943781228837,0.0121088265187035,0.8401954701654536,0.0008392345406055,6.557017319511448,0.0087402684788901,1.230963705669427,0.0023850874044127,5.326734890161191
9658,9658,Day2,WH320,Stationary,3.0978172632060215,0.012319622584839,0.904415418288808,0.0009795118082531,7.231508984433689,0.0088505624451316,1.4665162458311216,0.0024753426368591,4.9310800374634525
9659,9659,Day2,WH320,Stationary,1.94847836869126,0.0200527701637668,0.7327370174101588,0.0006655908518935,3.548196374273594,0.013142050514626,0.5621910357457583,0.0029572028634522,6.311371310940303
9660,9660,Day2,WH320,Stationary,2.0551587202154606,0.019536664530785,0.8123048894880447,0.0007487405825973,4.394585342739585,0.0112156293326428,0.7814993899381668,0.0027087552321698,5.623274182065952
9661,9661,Day2,WH320,Stationary,1.9035127101418663,0.0196029736114781,0.7801371961655991,0.0006830781581518,4.370577291957106,0.0118437278332521,0.7604617553013725,0.0028256323740098,5.7472677113460335
9662,9662,Day2,WH320,Stationary,2.6805584083221983,0.0144394018155565,0.8025271154717175,0.000731822934771,5.79377640774495,0.0095308010467805,1.054564499833072,0.0024180211708041,5.493999095040703
9663,9663,Day2,WH320,Stationary,2.40288020532733,0.0150339982044918,0.7764100836191234,0.0006940549508496,5.280639169131072,0.0094486604373494,0.9146175397469428,0.0023523438299057,5.773603653601618
9664,9664,Day2,WH320,Stationary,1.882694708819804,0.0196394379018374,0.8486194911804725,0.0008617127509398,4.416962183656126,0.0110261481157737,0.7865632219744373,0.0026993806436798,5.6155208637503184
9665,9665,Day2,WH320,Stationary,2.3770383082061404,0.0158858041048064,0.8362623775014806,0.0008200462731591,5.069063033221208,0.0101068888762436,0.9195869320794892,0.0024830977142216,5.512326085102564
9666,9666,Day2,WH320,Stationary,1.7440417211071462,0.0218249420555606,0.891746789257713,0.001044334588353,3.938186998597044,0.0127707047109905,0.695558420115191,0.0028085566259189,5.66190687181221
9667,9667,Day2,WH320,Stationary,2.0769738984259285,0.0202626218849562,0.8720578873199664,0.0009329368515712,4.795499253446032,0.0102650984663172,0.8969677936678013,0.0025064827913045,5.346344971692574
9668,9668,Day2,WH320,Stationary,2.00115263058026,0.018040694739878,0.8559932267483791,0.0008362082609396,4.943633883483763,0.0097863450119897,0.8987890466944346,0.0023993425306634,5.500327247717864
9669,9669,Day2,WH320,Stationary,1.7546380542248838,0.0213494585803393,0.836627516705702,0.0008238373077375,4.026811507243461,0.0118657631871953,0.6902162903395623,0.0028448504741179,5.834129914932043
9670,9670,Day2,WH320,Stationary,2.8256021430084304,0.0137514629847428,0.8270202627952824,0.000728834014205,6.143105421572027,0.0093799777326838,1.2055222625487472,0.0022470634845421,5.095804210686338
9671,9671,Day2,WH320,Stationary,1.4618810284845898,0.0244239782556482,0.8087574858051348,0.0006948874850716,3.079692358393479,0.0133468155651772,0.4952517576140969,0.0030923584265101,6.218438018736308
9672,9672,Day2,WH320,Stationary,2.2327651685483083,0.0184599594549115,0.8167793211512775,0.0007355145583211,4.802799312010011,0.0105915683717479,0.8493451682386646,0.0025671581401857,5.654708464368908
9673,9673,Day2,WH320,Stationary,3.1078028763625625,0.0129824192816167,0.8208005785701343,0.0007837140441063,7.173830293944665,0.0088369690746596,1.343817571722833,0.0023021646312283,5.3383959585730825
9674,9674,Day2,WH320,Stationary,2.356623604584526,0.0175373469582676,0.8949378835439453,0.0011065938207807,5.660897418485705,0.0094764207072334,1.1007898318108018,0.0022662544024251,5.142577860819731
9675,9675,Day2,WH320,Stationary,2.5142452079054283,0.0147267044650469,0.8664439161100069,0.0009054134226786,5.337503687257347,0.009465157969171,1.0812487052452442,0.0022472513631381,4.936425506328553
9676,9676,Day2,WH320,Stationary,1.7972126848996346,0.0205232838253689,0.7019451997080326,0.0008003761806546,3.659272477134184,0.0127542628039261,0.5788097374595302,0.0031119638993004,6.322064471816244
9677,9677,Day2,WH320,Stationary,2.736794146469963,0.0135370898936189,0.9131803500110792,0.0011148721373911,7.455217069862889,0.0094507254134842,1.5061661753181472,0.0026419387231248,4.94979716848848
9678,9678,Day2,WH320,Stationary,2.3217326501346864,0.0167506287913938,0.9254305483165168,0.0011624751847598,5.780604610357704,0.0090974795901813,1.145103746448989,0.0021680629628918,5.048105578453989
9679,9679,Day2,WH320,Stationary,2.577937353560051,0.0147260841415669,0.7645365727460665,0.000757718773184,5.09994747650171,0.010071383842226,0.8622390496177968,0.0025049510252126,5.914772102658022
9680,9680,Day2,WH320,Stationary,3.5681214154178877,0.0156550649676803,0.9308674404000332,0.0011976971316757,7.994133789523608,0.0103947453106576,1.6688465377994366,0.0030023427196964,4.790215042819204
9681,9681,Day2,WH320,Stationary,3.5769642258447414,0.0155966475914922,0.8616297385220736,0.0008619127631278,8.842188795869696,0.0119539377587811,1.8117455795557824,0.0030335098722754,4.880480402793471
9682,9682,Day2,WH320,Stationary,3.244890105745811,0.0132182466922814,0.7933838585563899,0.000779178618849,6.9107188497345975,0.0088244664483259,1.2502341496278953,0.002038441343445,5.52753966270352
9683,9683,Day2,WH320,Stationary,3.2651682367686345,0.0130629162007143,0.8876580996031908,0.0009554431299503,7.917538474148954,0.0095791278473698,1.614892296175839,0.0027963700288006,4.902827571162582
9684,9684,Day2,WH320,Stationary,4.202547071292769,0.0227599897511136,0.8132395877501928,0.0007230914684746,8.129342320778882,0.0111704482459434,1.565110217224863,0.0026078695496188,5.194102134987801
9686,9686,Day2,WH320,Stationary,3.4659589936107587,0.0154923632339148,0.7674926194942668,0.0006847753234232,7.457175473165868,0.0095368443030617,1.3561663721882615,0.0021202926016839,5.498717285795279
9687,9687,Day2,WH320,Stationary,3.927416492113685,0.017720141726181,0.8164155990810175,0.000734242419918,8.416105866883074,0.0111350510989443,1.6117605633667964,0.0025974794219237,5.2216849438869035
9688,9688,Day2,WH320,Stationary,2.9209301620968007,0.0124412065033671,0.7583438828631618,0.0006640090240859,6.001161005023996,0.008696753555037,1.0618286730171658,0.0023268679492229,5.651722502437058
9689,9689,Day2,WH320,Stationary,1.6780995242272034,0.0244060896595759,0.7520783417323587,0.0007016504577149,3.2662366480171356,0.0135899998752785,0.5035600221721064,0.0032344871478356,6.486290619196144
9691,9691,Day2,WH320,Stationary,2.7397277436267093,0.013579093298014,0.8100381242928306,0.0006724992839674,5.971821033663164,0.0088679280804978,1.1091935007260636,0.002053280548688,5.383930783721765
9692,9692,Day2,WH320,Stationary,2.885858870017617,0.0126081103383244,0.8283039641843591,0.0007349249387464,6.955201574736113,0.0090612893118012,1.3281763473661814,0.0022977368755859,5.236655199084454
9693,9693,Day2,WH320,Stationary,2.6768257670083058,0.0136358297842008,0.8163445614817291,0.0007539756528831,6.424857739829046,0.0088892581164522,1.178071742954038,0.0020584679519963,5.453706684890506
9694,9694,Day2,WH320,Stationary,3.18572728719042,0.0138952574415194,0.8326112326512876,0.0008133880451088,8.04547564870941,0.0105925913795819,1.5615477600653762,0.0025982057017336,5.152244365790372
9695,9695,Day2,WH320,Stationary,3.0203225304134436,0.0122785084750248,0.8175268873466923,0.0007120370729935,5.9508106423952,0.0093565443638633,1.1419058555927706,0.002115041449815,5.2112970725647925
9696,9696,Day2,WH320,Stationary,3.262843105415174,0.012970178038275,0.8886106133280307,0.0009662606183603,7.500787627768086,0.0095230618188623,1.5034675363450554,0.0026733080810895,4.988992077609189
9697,9697,Day2,WH320,Stationary,2.2931228282741034,0.0177079468569429,0.7174964246204976,0.0007499468821545,4.057026070041712,0.0115452579568949,0.6837357958698699,0.0027580423079663,5.9336166024191215
9698,9698,Day2,WH320,Stationary,2.970243846957668,0.0127268275926364,0.9125106635758724,0.0010915294881868,6.595062127578769,0.0091495443656542,1.3397694806719695,0.0021127641103981,4.922534975398138
9699,9699,Day2,WH320,Stationary,1.940457705407854,0.0230185702197572,0.7717034132166721,0.0006629563701904,4.098549028232573,0.0120701636343197,0.674690208229795,0.0027487738631904,6.07471248024491
9700,9700,Day2,WH320,Stationary,1.7185391872685158,0.023976156145317,0.7156230671328804,0.000787057886609,3.0165172721598976,0.0147259739310934,0.4990015816891036,0.003111068822556,6.045105632629636
9701,9701,Day2,WH320,Stationary,2.760180472719275,0.013804263873997,0.917299260318558,0.0011278131714288,6.587764750988981,0.0091006169766845,1.3190460036035383,0.0023293105138041,4.994340404346539
9702,9702,Day2,WH320,Stationary,2.8831611215467934,0.0128279189409269,0.8252763763696802,0.0007967989345025,5.622072499509899,0.008749172432323,1.0463981980171817,0.0023193576599133,5.372784959075002
9703,9703,Day2,WH320,Stationary,1.9260462238856193,0.0189295686476919,0.7047166577465305,0.0007650323989487,3.4806081098013903,0.0138414375327642,0.5945480093373631,0.0031449177265476,5.854208667994037
9704,9704,Day2,WH320,Stationary,3.240215392863217,0.0133848247917399,0.8723347305264222,0.0008969080161303,8.217396143949403,0.0103740118339326,1.675287232810012,0.0027357525980835,4.905067013592712
9705,9705,Day2,WH320,Stationary,2.327990119602032,0.0177196090240435,0.6990680181346972,0.0007730592293294,4.117008147848896,0.0113586621030712,0.7123417071424424,0.002810738920195,5.779541063746313
9706,9706,Day2,WH320,Stationary,2.6744447034826635,0.0146057161963948,0.8617035130924314,0.0008750899355054,4.280879168445393,0.0108318616291636,0.7628846059839883,0.0028621677387957,5.611437345657021
9708,9708,Day2,WH320,Stationary,1.9201773381753984,0.020491397340084,0.8868371998292532,0.000965548292419,4.754963450939599,0.009474518192491,0.8731888947992095,0.002381633126791,5.445515259367799
9709,9709,Day2,WH320,Stationary,1.7146026965973935,0.0235327672251177,0.7404634223560635,0.0007423272515841,3.0971867354992204,0.0135619507238379,0.5609164727100349,0.0032811531976584,5.521654089663913
9710,9710,Day2,WH320,Stationary,1.992701120048895,0.0202019207942189,0.8516529405295866,0.0007816747714161,4.248195908427215,0.0116450563594238,0.7734186753457116,0.0027087796023834,5.492750619873909
9711,9711,Day2,WH320,Stationary,2.2525878575218172,0.0165930461756402,0.8510007432237267,0.0008544500616017,5.070846831906589,0.0095554290509535,0.9376429081561848,0.0024744216439221,5.408078904876578
9712,9712,Day2,WH320,Stationary,2.4641233503704627,0.0148066045577789,0.8613249500709135,0.0008518130700958,5.187488053701863,0.0098943140488051,1.0208664515249213,0.0020183480799675,5.081456096390514
9713,9713,Day2,WH320,Stationary,2.099780138478977,0.0184582002139268,0.9094069619763556,0.0011220712150965,4.586078031740222,0.0117246123717818,0.8692698339104415,0.0025430940251222,5.275781872136969
9714,9714,Day2,WH320,Stationary,2.4226526337406895,0.015295278047712,0.7151046015006967,0.0007855856649147,4.387866036131302,0.0121098735057285,0.8060358108392887,0.0024639830924165,5.4437606581802065
9715,9715,Day2,WH320,Stationary,1.897427552453708,0.0225408401251134,0.8452217010461963,0.0009036355511006,4.1437280714952385,0.0118933918986134,0.720937090633038,0.0029840347514767,5.747697164334724
9716,9716,Day2,WH320,Stationary,2.9262872895041774,0.0113376201207044,0.7904549133379826,0.0007670130812926,3.978606101978213,0.0111566783934266,0.6833028351556686,0.0028442060973715,5.822610264849575
9717,9717,Day2,WH320,Stationary,2.08908210718166,0.0193653376694927,0.8230765759528859,0.000814261577738,4.361789591335526,0.0112868865837714,0.7572130027198907,0.0027405224920129,5.760320511755721
9718,9718,Day2,WH320,Stationary,2.0182102721101507,0.0194470269776727,0.7726312886399364,0.0006701274041593,3.813851390570118,0.0121409728509227,0.648777845597343,0.0030475477736216,5.878516685566887
9719,9719,Day2,WH320,Stationary,2.463150636373015,0.014755866604793,0.7979074582773994,0.0007465958064574,4.93711770707038,0.0096848213663986,0.8759306930426642,0.0025795589394449,5.6364250576956385
9721,9721,Day2,WH320,Stationary,2.2050724693864288,0.0174259243418333,0.8776337076613517,0.0008706899977211,4.691421088771265,0.0107612225545246,0.8825414506117125,0.00250069903815,5.315808209936789
9722,9722,Day2,WH320,Stationary,2.8931557413559714,0.0133003837848312,0.8698681762310282,0.000995506997397,6.7953159110287205,0.0091251057889682,1.3149633441570832,0.0022992878287664,5.167684666818335
9723,9723,Day2,WH320,Stationary,2.0094774796479395,0.0189428581216895,0.6805848340522075,0.0008172359134973,3.447241399911518,0.0137662132048665,0.5077948212804506,0.0034074292132298,6.788650170198638
9724,9724,Day2,WH320,Stationary,1.9782312875741217,0.0199688970114134,0.7087834853906775,0.0007694648101311,3.7595723074343304,0.0131544574052004,0.6951235471394023,0.0028351187926361,5.408495112711775
9725,9725,Day2,WH320,Stationary,2.9034062280310833,0.0130250899593304,0.7754956606181586,0.0007060760222785,6.014493660652768,0.0091208256025376,1.0495108713148382,0.0023054273074788,5.730758799208766
9726,9726,Day2,WH320,Stationary,1.6501512914057097,0.0251482112603345,0.8461219015130912,0.0008888355045266,3.4776317673971753,0.0136072587673424,0.578698819216424,0.0030969246580718,6.009398415752767
9728,9728,Day2,WH320,Stationary,1.5347929765967343,0.023718692403588,0.8448566464311285,0.0008725994472387,3.170069179382814,0.0134216365350902,0.5262199558582787,0.00327803862036,6.024228355635709
9729,9729,Day2,WH320,Stationary,2.1595136513658044,0.0175824178126609,0.812586989182884,0.0006714701787815,4.139394387448125,0.0118638918814024,0.7718799894162777,0.0026613704003579,5.362743488891944
9730,9730,Day2,WH320,Stationary,4.073549713817875,0.020119050540106,0.736164584130727,0.0006815795452767,5.577444726046728,0.0085576962325221,0.9280320171484884,0.0025542376031636,6.0099701551076095
9731,9731,Day2,WH320,Stationary,1.9492395782137515,0.0195162904127109,0.7413373613067935,0.0007021740094375,3.905798347517743,0.0122256892112073,0.7144836592193667,0.0027896360088622,5.466602765674382
9733,9733,Day2,WH320,Stationary,1.8257283903020909,0.0214203741660089,0.8916437818509213,0.001040780931754,4.662273303645943,0.0104663165062173,0.8547970970216242,0.002607493087848,5.454245598038103
9734,9734,Day2,WH320,Stationary,3.4473373019588345,0.0145943498314368,0.8399300166834274,0.0008067810604664,7.347698537699711,0.0105087626420241,1.4503298290087638,0.002392933170134,5.066225896161521
9735,9735,Day2,WH320,Stationary,3.360775117158968,0.0132767187290772,0.8092471417221848,0.0007099757144367,7.087828772749338,0.0089927781164784,1.4138701738682768,0.0022439850718297,5.013069024122207
9736,9736,Day2,WH320,Stationary,1.4779703101373556,0.0249434575624668,0.8129218786566523,0.0007357009929596,2.9607633056209344,0.0145494923371735,0.4838514151960422,0.0036649318792507,6.119158098196987
9737,9737,Day2,WH320,Stationary,1.7359710667708623,0.0233221719736783,0.6807096558871294,0.0008300282384476,3.0504002919269686,0.0147270586729211,0.5029399837243269,0.0036308971104008,6.065137771187753
9738,9738,Day2,WH320,Stationary,2.1028403131216504,0.0184839308416433,0.8399326150900799,0.0007867420398474,5.288421279003711,0.0094671765595515,0.957514980979647,0.0023332188371829,5.523068969211378
9739,9739,Day2,WH320,Stationary,5.912010408037198,0.0415494509304289,0.8368200551822043,0.0009129155506778,8.78678470564582,0.0124278008939358,1.705325908443801,0.0029848419616862,5.152554512975305
9740,9740,Day2,WH320,Stationary,5.264607793828472,0.0377429919067975,0.840081428191919,0.0008126004074652,8.94016571852338,0.0124815124443318,1.7487917570168396,0.0031005053131146,5.1121957103536895
9741,9741,Day2,WH320,Stationary,1.5973174122688336,0.0243465098646821,0.8990440997604985,0.0010511587572894,3.5424674021469063,0.0122992301312887,0.6148345836075293,0.002851812682401,5.761659309015364
9742,9742,Day2,WH320,Stationary,3.0600417725050124,0.0130876672245243,0.8267084996462248,0.0008053687446263,6.8552267300341185,0.0089128455059023,1.277870872155495,0.0022963521098001,5.364569206019084
9743,9743,Day2,WH320,Stationary,2.764710062306074,0.014085989676405,0.8196677378233708,0.0007243877558309,5.89817236301532,0.0093111926211659,1.107150406146942,0.0023319763514014,5.32734516491024
9744,9744,Day2,WH320,Stationary,2.4032416414110513,0.0168519708831136,0.8248324280518134,0.0007120489556267,5.6344188196147895,0.0087538217221038,1.0227254809490238,0.0023312272675841,5.509219164449105
9745,9745,Day2,WH320,Stationary,2.610938744630637,0.0148210637928702,0.735810242273306,0.00067023249928,4.769136907332735,0.0108647583253472,0.8165712386983096,0.0025461898913494,5.840441937356478
9746,9746,Day2,WH320,Stationary,3.775747772524674,0.0171457312117385,0.8208148236311574,0.000770908954967,8.19280040521891,0.0102819919732012,1.6253769512452705,0.0027653771951543,5.040554068975849
9747,9747,Day2,WH320,Stationary,3.1174373118204293,0.0131409785156235,0.7684027674544318,0.0007019884128545,7.058945975604574,0.0085766140941507,1.2742327240428997,0.0020578035405542,5.539761962169573
9748,9748,Day2,WH320,Stationary,3.257434654989871,0.0137709076068244,0.8534079193223302,0.0008516862104435,7.994823872166808,0.0106033649363143,1.6250022064555822,0.0028433835242545,4.919884933328759
9749,9749,Day2,WH320,Stationary,3.050855343043626,0.0131860336405635,0.8293326005409509,0.0008115514782805,6.786540433748298,0.0091013696552757,1.2696776745175915,0.0021714161251389,5.345089206460856
9750,9750,Day2,WH320,Stationary,2.6514591076310827,0.0153192847081317,0.8499847429482498,0.0008743724031933,6.706568382759728,0.0086843690721856,1.31318811789646,0.0024719467880954,5.107088840784437
9751,9751,Day2,WH320,Stationary,2.963510051375136,0.0130282043259767,0.8486905009851552,0.0008829527048046,5.8882244663440035,0.0091654895241137,1.0938944513286517,0.002295929688508,5.382808605704257
9752,9752,Day2,WH320,Stationary,2.2044416164379435,0.0165747157618948,0.7898605584220963,0.000718419137191,4.524112245128949,0.0116580148180332,0.8057194556507692,0.0025253634530679,5.61499689923074
9753,9753,Day2,WH320,Stationary,3.347295755093371,0.0141267805590546,0.8818863280571232,0.0009225595077237,7.404775272462039,0.0093744731325723,1.4696328928460591,0.0026129772653688,5.038520373698299
9754,9754,Day2,WH320,Stationary,3.5379572905380012,0.0157879150802112,0.8264338537964799,0.0007300271835075,7.281901709669795,0.0095704821623353,1.39290982598284,0.0023502915135681,5.227834260219732
9755,9755,Day2,WH320,Stationary,1.6681240644345043,0.0244629960029219,0.847891033619056,0.000822310440363,3.4224797749638456,0.0134716751873134,0.5721049714127727,0.0030802963327798,5.98225840707567
9756,9756,Day2,WH320,Stationary,1.9625956071821629,0.0191552930473284,0.8294991344465276,0.0007797020004494,4.7470128469655535,0.0107780716873326,0.8419852616816171,0.0024014356287115,5.6378811637210795
9757,9757,Day2,WH320,Stationary,2.0298456954022437,0.0198869552967353,0.894919411014761,0.0010392502090531,4.574330073146748,0.0105335315527596,0.8447548261536597,0.002610473112455,5.414979508284791
9758,9758,Day2,WH320,Stationary,1.8885773027563015,0.0212595128426795,0.8471220166277037,0.0008890818579831,4.120575465612159,0.0119600727226749,0.7263467769100019,0.0029131667276622,5.673014043156853
9759,9759,Day2,WH320,Stationary,1.7125094398363692,0.0238289319293942,0.8785272751251618,0.0009584034858939,3.9099449881037662,0.0122219214430713,0.6851078962128365,0.0029384055253946,5.707049954784199
9760,9760,Day2,WH320,Stationary,3.1997280011922156,0.0130383619493832,0.8498990118448168,0.0007984788432331,7.422584392025701,0.0097303844163015,1.518741354417947,0.0022707397742478,4.887326186538447
9761,9761,Day2,WH320,Stationary,2.835933722262051,0.0133003135994562,0.7318998450501429,0.0007129084873289,5.780320353403173,0.0097782125889499,1.0048940089278338,0.0021720612595714,5.752169186052223
9762,9762,Day2,WH320,Stationary,2.2631034072115237,0.0175821132660761,0.795495151772863,0.0007177822649354,5.316828141215826,0.0094395406604977,0.9526495590839243,0.0022354096350071,5.581095472640046
9763,9763,Day2,WH320,Stationary,1.928394675898324,0.0224769418096071,0.8454304379026099,0.0008347972158618,4.16762496612857,0.0121194171940325,0.7242017626295576,0.0026961656595105,5.754784344898628
9764,9764,Day2,WH320,Stationary,1.933516954624367,0.0190824885163302,0.7861634580828896,0.0006833583359061,3.581001541906723,0.0125722595628957,0.6101993081443821,0.0032347861895847,5.868576863511301
9765,9765,Day2,WH320,Stationary,3.3863191043348397,0.0143547844265089,0.7858950586113763,0.0006688792358488,7.994501595181269,0.0110409634352473,1.4569448059962615,0.0024906978026243,5.48716846532468
9767,9767,Day2,WH320,Stationary,3.396158410012631,0.0145918502381646,0.8532560346280429,0.0008456253155438,4.725466753499175,0.010737632838623,0.8902124157037431,0.0024790016170695,5.30824629059294
9768,9768,Day2,WH320,Stationary,3.013884627842237,0.0135423834014092,0.8300963267343873,0.000779231314491,6.286446714150303,0.0095195318865017,1.1914473279963975,0.0023252673490805,5.276311060029765
9769,9769,Day2,WH320,Stationary,3.338417953434235,0.0130996498725073,0.7399483385763224,0.0007086410326061,7.1000431683869385,0.0099684057166221,1.2460737164192126,0.0020178538575903,5.697931891854698
9770,9770,Day2,WH320,Stationary,2.6795925360807185,0.014034863335896,0.7908188273381211,0.0006286905960294,5.213708333681579,0.0090746009927793,0.9962488650528716,0.0022617765916011,5.233339295603497
9771,9771,Day2,WH320,Stationary,3.09643211888191,0.0131765539213568,0.8435564047027895,0.0008724388083284,6.9001615520141995,0.0095115341483461,1.3129919448074183,0.0021531450982411,5.25529618007388
9772,9772,Day2,WH320,Stationary,3.1190811599011328,0.0122227662055537,0.9029051475996068,0.0010218147189757,7.969439838867499,0.0099475821604126,1.620263196028211,0.0027650980843209,4.918608197978682
9773,9773,Day2,WH320,Stationary,3.104675963376625,0.0131238271959092,0.7528912492294904,0.0006142569436186,6.0149359016223185,0.0090488089112504,1.0428095548411644,0.0022234920743665,5.768009962795636
9774,9774,Day2,WH320,Stationary,2.994162696973449,0.0126755669794235,0.8204758893787518,0.0008026340552594,7.053876119165683,0.0094619609210579,1.3282460739640498,0.0022949161798214,5.310669654843341
9775,9775,Day2,WH320,Stationary,3.4826522870380385,0.0159130603057642,0.9028426582413538,0.0010225418451724,7.589280930791963,0.0099173464458433,1.6049161282992346,0.0027117985180035,4.728771053497041
9776,9776,Day2,WH320,Stationary,2.4729535364317115,0.0150482774464163,0.7715096816118054,0.0006958962083703,4.804630358527329,0.0114869656614786,0.8376952294263108,0.0027643915256755,5.7355350606660895
9777,9777,Day2,WH320,Stationary,2.5834259564197515,0.0139930250085005,0.9027153612290928,0.0010700483191658,6.0058949168033084,0.0087534672071238,1.1804625986962995,0.002306223362962,5.087746891291776
9778,9778,Day2,WH320,Stationary,2.8854674376800693,0.0138886073010875,0.7944718878046656,0.0006788047991251,6.782112184159609,0.0088267434957555,1.2506386601965136,0.0022350687406902,5.422919025303385
9782,9782,Day2,WH320,Stationary,3.1198033840696233,0.0132834189356807,0.816799288694536,0.0007646861481558,6.710880121341792,0.0091596039899085,1.2585638134319956,0.0024673349385372,5.33217310852264
9783,9783,Day2,WH320,Stationary,3.2437564397071,0.0133745298501968,0.8206640185617599,0.0007611306098905,7.956331210636172,0.0099587801307813,1.5304138448468,0.0024583965254214,5.198810267841395
9784,9784,Day2,WH320,Stationary,2.8934680254125156,0.0133853323855463,0.743667044504345,0.0006672693268792,6.082056210707859,0.0095565649005316,1.0364088525262938,0.0023422765441841,5.868394693737486
9785,9785,Day2,WH320,Stationary,2.1094339680862055,0.0193280967620876,0.8632189480923335,0.0008772805900088,5.171166439687986,0.0095375357260274,0.9565312804353188,0.0024485758164999,5.40616553316958
9786,9786,Day2,WH320,Stationary,2.576001355627924,0.014519450792649,0.8462990239409132,0.0008496431749214,5.225681980139964,0.0088871034796004,0.958772521519248,0.0022692793021764,5.450387722688874
9787,9787,Day2,WH320,Stationary,3.6253386272961854,0.016499679054737,0.8062543574766966,0.0007255159873519,7.746937658064573,0.0098579245651558,1.4468277938968717,0.0024122715413476,5.354429663808881
9788,9788,Day2,WH320,Stationary,2.1707975556876176,0.0178512165463171,0.8709486762107606,0.0008973049057733,5.015249808281337,0.0103482234803948,0.918896829227352,0.0024447000582952,5.457903051530142
9789,9789,Day2,WH320,Stationary,2.858703127719061,0.0131683257112672,0.844473570902873,0.0008420733738337,6.199467705763708,0.0096545778771884,1.1953683748427657,0.0022570187712914,5.186240355889592
9790,9790,Day2,WH320,Stationary,2.5100489762549767,0.0149483857576265,0.7751383741885475,0.0007231700970167,6.012796162533343,0.0087111653254173,1.0611328466285663,0.0024370374635337,5.6663934036508365
9791,9791,Day2,WH320,Stationary,2.968174513301042,0.0127661826814117,0.7759003200721362,0.0006423110669267,6.410528474255371,0.0085439776924558,1.1386859306448025,0.0023353686473687,5.62975997308168
9792,9792,Day2,WH320,Stationary,2.4928735125305237,0.0156317215731901,0.843160144168548,0.0008329358882862,6.177813924002333,0.0092577710517826,1.1694937269199772,0.0021470897432637,5.282468628773629
9793,9793,Day2,WH320,Stationary,2.328681194425841,0.0162651450699481,0.8800309019889512,0.000932891671061,5.6330022860745395,0.0096449562492926,1.061479456951808,0.0023564051596171,5.306746399266663
9794,9794,Day2,WH320,Stationary,2.263630995615431,0.0172169171265688,0.8065274298244686,0.0007421075786195,4.949891387492391,0.0100491018749821,0.8820221963589329,0.0024179031435475,5.611980523762314
9795,9795,Day2,WH320,Stationary,2.195543709400988,0.0163207501581815,0.6852211927324595,0.0008759471732388,4.102074053421387,0.0121929102934527,0.7128289999574067,0.0028671229117647,5.754639687311398
9797,9797,Day2,WH320,Stationary,2.577136075882141,0.0142125851152944,0.7792634897121882,0.0006713635774805,5.404455257255286,0.0099504840059743,0.9364205237660548,0.0025142106040849,5.771397700169883
9798,9798,Day2,WH320,Stationary,2.2510793481507165,0.0173536036128026,0.90899776852662,0.0010947400299642,6.107924920852301,0.0086609357008846,1.1955390806572903,0.0024097220108142,5.1089295362007325
9799,9799,Day2,WH320,Stationary,3.1612194523674235,0.012858274656062,0.6708549058327364,0.000965238388069,5.696679470320192,0.0094507359373731,0.9593866010784704,0.0023260892969348,5.937835137489322
9800,9800,Day2,WH320,Stationary,2.4827050576600023,0.0134577534316835,0.8326595299924868,0.0008056374716118,5.454517780555411,0.0089214002150368,1.0246503644809193,0.0023862255657096,5.32329657962756
9801,9801,Day2,WH320,Stationary,3.2253178215676206,0.0140585436089025,0.79097454708237,0.0006423090833518,7.404851589049942,0.0096006832639821,1.3665179169438744,0.0022829932541496,5.418773875728169
9802,9802,Day2,WH320,Stationary,1.91940508527872,0.0191937908850953,0.8513344440083902,0.000923075803216,4.476627009211207,0.0106502195082137,0.7999096975898021,0.0025621696427285,5.596415473771196
9803,9803,Day2,WH320,Stationary,2.262515814987987,0.0166002980599725,0.7994021185161614,0.0007235766956775,5.334928743295821,0.0101519803688435,0.958062104934534,0.0021621686960904,5.5684581571675515
9804,9804,Day2,WH320,Stationary,4.270466518430598,0.0210157826824486,0.7969695426717042,0.0007260553842961,7.312595986799327,0.0101358307139067,1.340241089102134,0.0023755270148808,5.4561795234156305
9805,9805,Day2,WH320,Stationary,2.909474906594663,0.0136587640122689,0.818141037751077,0.0007702703974743,6.7699051117327445,0.0093611861611296,1.2771399813104627,0.002202619236968,5.300832493542487
9806,9806,Day2,WH320,Stationary,2.4555388956323565,0.0154453220534897,0.82366731282259,0.0007252304797067,5.504398676093638,0.0096683191525226,1.0432404781578852,0.0024111426620381,5.276251057486859
9807,9807,Day2,WH320,Stationary,3.4792012424812317,0.0140956050733016,0.8353079249221832,0.0007477082253679,5.347169193124277,0.0097039797100019,0.9822917866226144,0.002274080066267,5.443565003744249
9808,9808,Day2,WH320,Stationary,2.8230833444384285,0.0127162402205231,0.8459447381901194,0.0008451950977603,6.625494474205661,0.0092250260309412,1.2891303728303964,0.0024054076014316,5.139506921754406
9809,9809,Day2,WH320,Stationary,2.379202434772723,0.0147940938252689,0.8403256741936671,0.0008170221076347,5.302439408951584,0.0103308551180803,0.967736871471766,0.0023116434657369,5.479216060960311
9810,9810,Day2,WH320,Stationary,1.899174075379369,0.0200873087138913,0.8411215493770997,0.0008255408954196,3.927678800869265,0.0114319831771533,0.6767871675024982,0.0027083565568593,5.803417956878987
9811,9811,Day2,WH320,Stationary,2.7279264043819462,0.0134833798903063,0.8607001703951703,0.0008347120240458,5.813867801801148,0.0094685298732999,1.1104534737316456,0.0021967942022725,5.235579823316523
9812,9812,Day2,WH320,Stationary,2.6015897318740207,0.0140517450037998,0.8390576080334344,0.0007842905528039,5.645635169184153,0.009967900821521,1.0470295091052522,0.0026286404710707,5.392049717881092
9813,9813,Day2,WH320,Stationary,1.767178288758656,0.0234120521228505,0.8304733323004015,0.0008360008663322,4.176992692742146,0.011344255131151,0.7213499903612934,0.0028566726996392,5.790521589457661
9814,9814,Day2,WH320,Stationary,3.1222833402285626,0.0131546393397189,0.8344171891532788,0.0008031701635783,5.1325322493964745,0.0095812695378988,0.9359520442768592,0.0024377895600594,5.483755584253253
9815,9815,Day2,WH320,Stationary,2.2920486744740183,0.01799813709025,0.892276037417225,0.0009969081158481,5.05278366223536,0.0100491273914489,0.9635926317247274,0.0024071871027602,5.243692713996182
9816,9816,Day2,WH320,Stationary,3.4303220315678455,0.0148138238453578,0.7933945972888394,0.0007131393610584,7.650137298914096,0.0099054850065484,1.4056525714230184,0.002489826855651,5.442409777808358
9817,9817,Day2,WH320,Stationary,3.2510042917522908,0.013784077792318,0.7779617147883238,0.000680823501222,7.534033809364211,0.0095015927713279,1.3801890651583215,0.0023216131365002,5.458696927511147
9818,9818,Day2,WH320,Stationary,2.657243445133314,0.0147763887243606,0.8441860433728804,0.000837146293824,6.528349124763285,0.0100004983236974,1.2456368171101635,0.0021416247205214,5.240973159342577
9819,9819,Day2,WH320,Stationary,2.714998449640108,0.0133467061249212,0.7402948023475724,0.0007068375086534,6.031857305109286,0.0091634622111978,1.0164426762129672,0.0021714143983988,5.934281830415273
9820,9820,Day2,WH320,Stationary,3.726628450383062,0.0165280520832653,0.7053889205263788,0.0007521632467951,7.359597279750672,0.0100438669429483,1.2383998921294246,0.0020863992189023,5.942827778429364
9821,9821,Day2,WH320,Stationary,4.5569273441347455,0.0260294487791117,0.7666584803596813,0.0006937152585098,6.598947587982957,0.0093473071208376,1.1883898653125553,0.0021381840624087,5.552847411945393
9822,9822,Day2,WH320,Stationary,2.9095218584217606,0.0129979709243002,0.8260979467747777,0.0007527307400078,5.955956795438271,0.0089893779506826,1.1058209599720403,0.0022807741338325,5.3860046165057875
9823,9823,Day2,WH320,Stationary,1.7416685982813993,0.0222464884112354,0.809100345963682,0.0006687854533612,3.60677349153196,0.0127923798165277,0.6359119052095232,0.0030551558615675,5.67181312691981
9824,9824,Day2,WH320,Stationary,2.899596851408544,0.0120974041414138,0.824381581948877,0.0007363675916028,5.934920956786537,0.0090647914289771,1.0952901834595157,0.0022724228681883,5.41858317221548
9825,9825,Day2,WH320,Stationary,3.113984520278305,0.0137273274191084,0.8678239027083949,0.0009249190222732,7.218607795515792,0.0103110643747897,1.419160346272809,0.0022042671078278,5.086534311978401
9826,9826,Day2,WH320,Stationary,2.463049674429055,0.0150328774907091,0.97103739198406,0.0013454522782426,5.644906360202375,0.0093651698594323,1.1800445065782492,0.0021471474606468,4.783638522728938
9827,9827,Day2,WH320,Stationary,2.686262197165917,0.0139075669871283,0.853158984159108,0.0008732211697125,5.920797964759497,0.008633757630618,1.1821160802323842,0.0021825269757246,5.008643451999712
9828,9828,Day2,WH320,Stationary,2.5141368170363334,0.0142983010385437,0.9081763735973722,0.0009820499386837,5.374880690479547,0.0093909542062427,1.1020520253007926,0.0021865055709662,4.877156946390562
9829,9829,Day2,WH320,Stationary,3.914223971393918,0.0181498243816664,0.906657318605205,0.0010828434714413,6.966443307990482,0.00941319915711,1.4434736880066246,0.002331793431906,4.826165773489673
9830,9830,Day2,WH320,Stationary,4.260589217782475,0.0219997503242125,0.7251503530319858,0.00080021821928,8.130154821280021,0.0096495358989156,1.3938064899552798,0.0023556542384655,5.833058519867329
9831,9831,Day2,WH320,Stationary,2.3843788215809507,0.0162157145737081,0.8482082680565374,0.0008745913918567,5.481055424775659,0.0095562937940408,1.022022972013026,0.0022957182819133,5.362947384616909
9832,9832,Day2,WH320,Stationary,2.1087854840003906,0.0190702041431938,0.821798915959469,0.0007959409362335,5.115773416093045,0.0104592100332733,0.9131474902926888,0.0023629397864261,5.6023517235461044
9833,9833,Day2,WH320,Stationary,2.9346419418217176,0.0133413195281166,0.830210113182728,0.0007848491961156,6.344280304468301,0.008652876562483,1.1864087183384349,0.0022075148788951,5.3474660177425735
9834,9834,Day2,WH320,Stationary,3.638651953482194,0.0162953588404589,0.7617837222527094,0.0007389222861997,7.725518658414893,0.0092493624229606,1.3681988443644773,0.0024763891939183,5.64648822079905
9835,9835,Day2,WH320,Stationary,2.7077401006643784,0.0139161668033877,0.9006105780532924,0.0010053305694396,6.41493212490159,0.0096484390551981,1.2705109171044482,0.0022680751779254,5.049096421399912
9836,9836,Day2,WH320,Stationary,2.268151937419334,0.0173696098326793,0.8194883500683182,0.0007465797036873,5.18182060354745,0.0100529035803804,0.9231320636123695,0.0024676009249623,5.613303673225392
9837,9837,Day2,WH320,Stationary,2.3053484014990526,0.0179842908582944,0.7970036323210464,0.0006929993881918,4.9585082013237365,0.0105230179433397,0.8894893962355596,0.0025382734521375,5.574555719617141
9838,9838,Day2,WH320,Stationary,4.988828067069173,0.0291399717539832,0.8287241549785762,0.0007622166672739,7.292002961870136,0.0096795951171055,1.3775483525493122,0.0024817138094989,5.293464253632508
9839,9839,Day2,WH320,Stationary,1.8778306710839172,0.0206902437970073,0.7189337876079291,0.0007701366559335,3.3501739907082793,0.0134765374995662,0.5802423803602218,0.00328411949542,5.773749219470059
9840,9840,Day2,WH320,Stationary,2.375076075429662,0.0158639368213743,0.7117907878837169,0.0007662450296022,4.014804445947726,0.011315141973656,0.7153115089880572,0.002735083306595,5.612665804339459
9841,9841,Day2,WH320,Stationary,1.9410915125412145,0.0209384141330856,0.8585598094913972,0.0008793505598409,3.9956650795945903,0.0128086879844137,0.7070708328526409,0.0030822427386183,5.6510110358735695
9842,9842,Day2,WH320,Stationary,1.9519014180438297,0.0195368008586452,0.8273128929690872,0.0007711763639436,4.11511623098419,0.0117394146465398,0.7340847242738178,0.0027314471361204,5.605778318102188
9843,9843,Day2,WH320,Stationary,2.9689269563135365,0.0123700613786606,0.8363946477859584,0.0008367658525443,5.981906481691336,0.0086304675831693,1.133513512524176,0.0022432775259291,5.2773137819684806
9844,9844,Day2,WH320,Stationary,4.232111530241483,0.0220547029490934,0.7955776954504088,0.0007083222888113,5.77900519419534,0.009531084716347,1.0650464476190031,0.0022161498918489,5.42605931141761
9845,9845,Day2,WH320,Stationary,2.374135579741618,0.0159782750679545,0.8116844481360804,0.0007621028068339,5.03746698710975,0.0110240874697201,0.9040135822758104,0.0027348390991008,5.572335511185762
9846,9846,Day2,WH320,Stationary,3.9987052763347375,0.0187828320985312,0.7860744919685674,0.0007178065378926,8.866900456662497,0.0111207853606788,1.6636373766010342,0.002824947580942,5.329827630332759
9847,9847,Day2,WH320,Stationary,3.173267992717483,0.0134045645281467,0.8184793653881359,0.0007708313365789,7.502374159989089,0.0094995753117946,1.4686703694334733,0.0024680683387057,5.108276381229822
9848,9848,Day2,WH320,Stationary,1.7387933634691766,0.0231527258385934,0.6904983819078707,0.000765065758839,2.9693653703589344,0.01389871393265,0.4889270211500821,0.0033356620984989,6.073228195435433
9849,9849,Day2,WH320,Stationary,2.28985469272348,0.0178809861607043,0.8197366057079488,0.0007015854530359,4.8968649656585805,0.0100148305831506,0.9066892031579644,0.0024374382040282,5.400819761173932
9850,9850,Day2,WH320,Stationary,3.0710984115697184,0.0127217284490691,0.8174866566513711,0.0007606980567588,7.084699648194752,0.0096219871052206,1.3626878575447106,0.0022055468283732,5.199062726632023
9851,9851,Day2,WH320,Stationary,2.339188267436234,0.01573171607977,0.8646273460878687,0.0008964463797441,5.12559428808942,0.0099276885589972,0.9619132750023678,0.0024302215660986,5.328540962361501
9852,9852,Day2,WH320,Stationary,1.9501857161892804,0.0200488396706503,0.8478540667168271,0.0008335001309982,4.307804190591149,0.0112133154486103,0.7911206351405317,0.0026866123293495,5.4451925524934985
9853,9853,Day2,WH320,Stationary,1.8838545651895968,0.0218792890337956,0.7416967767701189,0.0007461350822865,3.3229260872827164,0.0142851309600814,0.5336389569724735,0.0031938953765356,6.226918113577907
9854,9854,Day2,WH320,Stationary,3.44329004631269,0.0155309325462142,0.7918154452857428,0.0007199673944633,6.404492401275864,0.0090850344989514,1.1880149370364306,0.0022864582954717,5.39091908831738
9855,9855,Day2,WH320,Stationary,2.393792709054561,0.0178450491573824,0.8189041398909127,0.0007222478052754,5.04533423727086,0.009500122707321,0.9157680681408986,0.0025649968847778,5.509401793746092
9856,9856,Day2,WH320,Stationary,3.260995414867641,0.0131499327401972,0.8240626621684135,0.000835138425829,7.509420000794228,0.0094123147562726,1.4442069071419823,0.0022406819464369,5.199684313693679
9857,9857,Day2,WH320,Stationary,2.660367003088462,0.0143683154669249,0.855382903416076,0.0009267517147178,5.841626965380064,0.0093110798980451,1.095015214490332,0.0021517585649073,5.334745022788576
9858,9858,Day2,WH320,Stationary,2.8378595036544865,0.013235768130541,0.8499614582400167,0.0009327594576426,7.336677751355363,0.0100789879231107,1.4111130272969885,0.0022936692397063,5.199213393564154
9859,9859,Day2,WH320,Stationary,3.6166294506997634,0.0148608632015846,0.8860866355300592,0.000915669385875,8.31067902012071,0.0110881360296413,1.6856216080982005,0.0030169366432707,4.930334886663691
9860,9860,Day2,WH320,Stationary,2.312588444217763,0.0170445088602853,0.788976223195304,0.0006804815918433,4.566916407173965,0.0109641834357352,0.8460802451248665,0.0026135642854516,5.397734356154325
9861,9861,Day2,WH320,Stationary,1.9820619704953932,0.0177354198894082,0.7893399192425116,0.0006667060207501,4.366921469861531,0.0115815283244888,0.7434013327756569,0.0027896897696323,5.874244875989988
9862,9862,Day2,WH320,Stationary,2.872065663723707,0.0139933340357012,0.8693385687618739,0.0008869995139881,6.616274276562148,0.0085808705045639,1.2784869133833958,0.0022210601838507,5.175081737092481
9863,9863,Day2,WH320,Stationary,2.2827267264228066,0.0168299737953782,0.8640216133559281,0.0009363993369541,5.1737119405793734,0.0097689483411232,0.9759131641503188,0.0022221284521534,5.301406037579048
9864,9864,Day2,WH320,Stationary,1.982940308125795,0.0200028971817714,0.8353118355382001,0.0008392380569104,4.697985333146881,0.0122503746137235,0.8489375372974951,0.0025543591680773,5.533958774048832
9865,9865,Day2,WH320,Stationary,3.1076991117186195,0.0139738227644869,0.8113528677113491,0.0007030494284601,6.341982180450542,0.0088788739413009,1.1887270738062874,0.0022285285323616,5.335103675348795
9866,9866,Day2,WH320,Stationary,2.8468198768913435,0.0121455405515543,0.8180224821958175,0.0008551711421133,6.827999662865943,0.0088908971847333,1.301657704788221,0.0022793688054048,5.245618443119695
9867,9867,Day2,WH320,Stationary,3.3337199103969435,0.0127776505902298,0.8631800920475067,0.0009239127662666,8.198335789022478,0.0099887122586867,1.6174400019389807,0.0027813763533432,5.068710913044283
9868,9868,Day2,WH320,Stationary,3.3457695622900756,0.013550147860866,0.8819896132282425,0.0010011950548746,8.441265123680816,0.0116505239539456,1.7151585618345435,0.003036910421433,4.921565452614474
9869,9869,Day2,WH320,Stationary,2.127260556994371,0.0177645059556316,0.7848468042092113,0.0006254014526915,4.532555400699832,0.0115145989048241,0.8319226420250023,0.0025413823432339,5.448289506422175
9870,9870,Day2,WH320,Stationary,1.8782579810921791,0.0209690899850584,0.7907619480117674,0.000750840795067,3.981756850672687,0.0120799667590446,0.6711311451273696,0.0029225825579176,5.932904290884928
9871,9871,Day2,WH320,Stationary,3.0621687818710326,0.0142433538481279,0.8853037319816007,0.001026432665476,8.073213402880869,0.0107367574176772,1.628454980364761,0.002519175714236,4.957590784040302
9872,9872,Day2,WH320,Stationary,3.3612432868525364,0.0135082402488474,0.8579049162045487,0.0008313448043667,7.306302483276073,0.0101405214844164,1.416398469356879,0.0023846204598623,5.15836654821685
9873,9873,Day2,WH320,Stationary,1.8259285756223655,0.0213365852453489,0.8574947817019302,0.0008765653012851,4.146796741300455,0.0120307066124684,0.7864660653293036,0.002659664289497,5.2726963363182575
9874,9874,Day2,WH320,Stationary,1.8794999809219957,0.0201448719312816,0.8449215818075907,0.0008284437597013,4.040203455429203,0.0114686255560398,0.6965816902871593,0.0030128390039048,5.800042567532412
9875,9875,Day2,WH320,Stationary,2.162354389458557,0.0201382199117127,0.877697636670066,0.000962266972516,5.242816535619455,0.0101300704832845,0.9783452167388594,0.0023303804507,5.358861520369524
9876,9876,Day2,WH320,Stationary,3.1020730462872104,0.0131990575427909,0.8135693505228614,0.0007157069410142,6.739778802327274,0.0086384290545293,1.2680084646155347,0.0021384887588399,5.315247484858709
9877,9877,Day2,WH320,Stationary,1.896347487890477,0.0219785283549587,0.8031372769471506,0.0006921812513187,4.311335518806732,0.0117282179472899,0.7682387097106249,0.002667442128394,5.611973810107405
9878,9878,Day2,WH320,Stationary,2.582898268854657,0.0140326468035768,0.8971119736634846,0.0010658964687713,5.494653693404454,0.0084527378707866,1.0788628694266154,0.0024864055443942,5.093004726656971
9879,9879,Day2,WH320,Stationary,2.0185560895258745,0.0198292208869811,0.8158044619034492,0.0007964954959874,4.288301296961319,0.0109108187730534,0.7456654854220449,0.0027804775522722,5.7509719583361845
9880,9880,Day2,WH320,Stationary,3.4240971332960943,0.0145387341007381,0.7762278303203659,0.0007281228439317,4.886594303980438,0.0107240464914604,0.8484543988314924,0.002506898321882,5.759407118061205
9881,9881,Day2,WH320,Stationary,2.8402993727216064,0.0143308124526876,0.7973294194282828,0.0006903010460042,4.468682032603308,0.0111134682039364,0.7778002590841436,0.0026275320504012,5.745282262910482
9882,9882,Day2,WH320,Stationary,2.152482294645225,0.0211145715820816,0.8552638726027908,0.0008834535940783,4.685986060178344,0.0107955803218579,0.8546984808439096,0.00267680795506,5.482618917903667
9883,9883,Day2,WH320,Stationary,1.3282950368322215,0.0281627488419789,0.773670318967859,0.000726677383153,2.8686690672210307,0.0160664514553282,0.4345401881321766,0.0035854888753115,6.601619701854713
9884,9884,Day2,WH320,Stationary,2.355049737400273,0.0170397648528473,0.877744048576556,0.0009102262188044,6.141233333233004,0.0085742105483428,1.1839381115863676,0.0023750430685587,5.187123611557971
9885,9885,Day2,WH320,Stationary,1.84074542106848,0.0215572988176151,0.733268909892517,0.0007049151689456,3.900801083546839,0.0111428390276019,0.6565492094318981,0.0027958698305398,5.941368944640329
9886,9886,Day2,WH320,Stationary,2.169931068422431,0.0188731515567395,0.8986721266831152,0.0010566773237286,4.953671044349781,0.0112541223409078,0.9323084676470572,0.0022699875095398,5.313339110661264
9887,9887,Day2,WH320,Stationary,2.086079022400193,0.0182932096427458,0.8796502177112979,0.0009540468799308,4.64555833869228,0.010960446908211,0.8822662754338421,0.0024846341810844,5.265483299141057
9888,9888,Day2,WH320,Stationary,1.921116658639196,0.0229303755719966,0.9211303228406312,0.0011063897637789,5.150736576670546,0.0100695704264017,0.9999806658532108,0.0023117094923574,5.150836163693023
9889,9889,Day2,WH320,Stationary,2.1037499533282658,0.0193324064842922,0.8935736403944613,0.00097767794417,4.730274836558362,0.0103425327169905,0.882069734750528,0.00236159096779,5.3626993991537475
9890,9890,Day2,WH320,Stationary,3.39536414535915,0.0138947761963631,0.8461704584125868,0.0008400019297478,4.696544801329636,0.0106135360271747,0.8826814405950846,0.0023758355497251,5.320769855728844
9891,9891,Day2,WH320,Stationary,2.517229933711875,0.0152085162301235,0.8729318626207904,0.0008383974284924,6.081296003796455,0.0094226420655127,1.20611973504107,0.0022217577331995,5.0420334127020805
9892,9892,Day2,WH320,Stationary,3.2942943866071555,0.0140520570105308,0.7933150241365181,0.0007099299515938,7.408589699584749,0.0096571073439329,1.376850766916889,0.0023002079715259,5.380822582664076
9893,9893,Day2,WH320,Stationary,2.032702547211671,0.0193967436723201,0.790626849153497,0.0007535371051534,3.8633732854480143,0.0128986537554695,0.6863073479428732,0.0029832960926047,5.629217430103332
9894,9894,Day2,WH320,Stationary,2.309591930821703,0.0170707918730838,0.8150823410564075,0.0007990037420184,4.785185560541355,0.010374334028356,0.873413522336167,0.0025911236523644,5.47871705459993
9895,9895,Day2,WH320,Stationary,2.355984312966229,0.0167287595599791,0.8669651793088785,0.0009403535615767,6.19616155465096,0.0094531106656714,1.217968296920394,0.002123777197802,5.08729297003692
9896,9896,Day2,WH320,Stationary,2.246866387907047,0.0178611249809283,0.8923873133715745,0.0009672245354531,5.216538564209345,0.0095489421307839,0.9842252231085712,0.0023183874502144,5.300147203841678
9897,9897,Day2,WH320,Stationary,2.542519854940424,0.0151677846203127,0.913203134327232,0.0011585028129903,5.719981561381079,0.0099871063473718,1.1217908861392685,0.0021905360682874,5.098973108140364
9898,9898,Day2,WH320,Stationary,2.032224214571451,0.0191096361926131,0.8819016694252471,0.0009769371331515,4.5509256372003675,0.0100369089829384,0.8532974572868333,0.0027182796020674,5.3333402066737765
9899,9899,Day2,WH320,Stationary,1.820750732137576,0.0210320761195098,0.8136159598844015,0.0007651227608682,3.745586655819225,0.0129687952719909,0.6327620717793538,0.0029898428735278,5.919423465579213
9900,9900,Day2,WH320,Stationary,2.0973893351223367,0.0181361219976567,1.0690311703643012,0.0019779116526203,6.2480962304657535,0.0087474144392513,1.3688078747415502,0.0023991931261812,4.564626158105264
9901,9901,Day2,WH320,Stationary,2.1486533551298552,0.0178243092053925,0.8524131154749435,0.000810528484259,4.453114625477498,0.0113116070438925,0.8096562372113532,0.0025371963850937,5.500006571696494
9902,9902,Day2,WH320,Stationary,1.933614619630408,0.0219347979488693,0.8362725103251126,0.0008425123034434,4.165725152007519,0.0128095070532402,0.7238586793099928,0.0029718613392927,5.754887343450012
9903,9903,Day2,WH320,Stationary,1.8231920429748736,0.0217159001844661,0.8557414922217336,0.0008800873878681,4.065663238018956,0.0115611234377727,0.7267473278654241,0.0025994695955841,5.594328430433277
9904,9904,Day2,WH320,Stationary,2.010824036046591,0.0194446632680504,0.981719652937,0.0013574716218618,5.721594135597732,0.0089106380458288,1.1621261324064758,0.0021960013957887,4.923384799677231
9905,9905,Day2,WH320,Stationary,2.2084906198952248,0.0181688978506484,0.8301715917185354,0.0007821976302359,5.070564599322389,0.0102684862347986,0.9519571215896752,0.0024211307513059,5.326463224367756
9906,9906,Day2,WH320,Stationary,2.2609051593412213,0.0181134715202704,0.9228480714561836,0.0010610703048248,5.307340575449821,0.0097643585369821,1.0241631646061835,0.0021407136459358,5.182124058807199
9907,9907,Day2,WH320,Stationary,2.142754211635847,0.0178222557197106,0.9319441026513784,0.0011813043271384,6.17037027749177,0.0093178893823056,1.2309545870844063,0.0022851925808923,5.01267093216386
9908,9908,Day2,WH320,Stationary,1.9928930792956865,0.0189514621996623,0.91730721440799,0.0011538119465572,5.090245429441938,0.0101393093749095,0.9665865820511292,0.002441343469904,5.266207418936301
9909,9909,Day2,WH320,Stationary,2.5967719052040237,0.0147779223900369,0.7972405173217951,0.0006806262912638,5.084638001477751,0.0098096832045682,0.981524788273289,0.002411148829146,5.18034599046929
9910,9910,Day2,WH320,Stationary,2.0587662045242743,0.0189474137196455,0.8311106740071265,0.0007930159045155,4.651858173648087,0.0101778081531221,0.8330709336674645,0.0025619061930986,5.583988092309269
9911,9911,Day2,WH320,Stationary,2.925691892553178,0.0134567229157728,0.853407265931408,0.0008641901750895,6.630834486429074,0.0087597281033604,1.2669824559581735,0.0022815980042329,5.233564565354941
9912,9912,Day2,WH320,Stationary,2.5927800047932203,0.01513155007957,0.8736331398523581,0.0009272129333149,6.591162263895703,0.0085463154873955,1.294666912352905,0.0023606940824799,5.091010051316628
9913,9913,Day2,WH320,Stationary,2.8008643745429853,0.0140525864407041,0.9155767900860134,0.0011746451848685,6.452896587447635,0.0085983925649694,1.2888802999484483,0.0023513733795087,5.006591060244876
9914,9914,Day2,WH320,Stationary,2.0322981138554583,0.0191878932438164,0.7461863011659349,0.0007111583742915,3.8009104861433407,0.0128129353302893,0.6388140377545879,0.0029320322253035,5.949948281511513
9915,9915,Day2,WH320,Stationary,2.161837205574581,0.0179246940464562,0.8540020988331092,0.0009170911974964,4.507081484356525,0.0106791277261179,0.8251419723778234,0.0025467419557145,5.462189096221107
9916,9916,Day2,WH320,Stationary,2.9113872957275864,0.0140104116964054,0.8565794447861533,0.0008749484408891,4.969879317402869,0.0105428379294716,0.9216141681022088,0.0025574900981857,5.3925812877170305
9917,9917,Day2,WH320,Stationary,1.7105587378637597,0.0234297804386308,0.7635164180659568,0.0006967329801436,3.1538626512146477,0.0142811737816029,0.5149191908199846,0.0034033613519826,6.124966222743164
9918,9918,Day2,WH320,Stationary,2.2887626144419326,0.016827816681012,0.7842961067550522,0.0007274160157851,4.786576113792769,0.0103088706114132,0.8498878197639657,0.0025934526722363,5.632009310501846
9919,9919,Day2,WH320,Stationary,2.6173302121740454,0.014441385768422,0.7682975253884654,0.000768080063507,5.144912409647441,0.0098727249454311,0.9944940582330256,0.0024041915679304,5.1733968313382395
9920,9920,Day2,WH320,Stationary,2.1882671541168524,0.0186145195368747,0.7915106159764899,0.0006807919273113,4.706278060804754,0.0100436363013055,0.845091959971294,0.002644198464176,5.568953775118883
9921,9921,Day2,WH320,Stationary,3.220262404110259,0.0144963309555688,0.8861782166114743,0.0010241314853933,7.745903051585452,0.0100485969204025,1.565451449015937,0.0027208221730025,4.948031480921766
9922,9922,Day2,WH320,Stationary,2.6931360665296573,0.0139712278320994,0.946124413138172,0.0012975149408862,6.8660628008978,0.0089020931515589,1.406049522537167,0.0022527596037603,4.883229709084664
9923,9923,Day2,WH320,Stationary,2.4088708381061497,0.0159096692072051,0.9134126322456264,0.0011225099623482,6.3009037479558305,0.0094224495505433,1.267059630058821,0.0022303857393082,4.972854945795505
9924,9924,Day2,WH320,Stationary,2.8850168206365407,0.0131214961109078,0.8478154116810029,0.0008526537804191,6.573716247076578,0.0090843191026287,1.2652995650745524,0.0022485522493104,5.195383313586494
9925,9925,Day2,WH320,Stationary,2.419865749568735,0.0164237510894211,0.7930448947194086,0.0006781723432564,5.704831670817464,0.0095796901858322,1.0607910792703013,0.0022519181404332,5.377903135027977
9926,9926,Day2,WH320,Stationary,2.771944371954155,0.0125416034679053,0.9481104904104264,0.0012491974350801,7.052239017724895,0.008896548473094,1.4720677521989176,0.002368347614053,4.790702742581335
9927,9927,Day2,WH320,Stationary,3.198208674020603,0.0137041569460235,0.8371939781741677,0.0008173481568068,8.094344368522115,0.0104425154637417,1.5885248329949897,0.0028762867235228,5.095510123855675
9928,9928,Day2,WH320,Stationary,2.4896067270959374,0.0152381784002694,0.8548285154319669,0.0008673297658173,5.972252389619084,0.0097812046104482,1.1363945703602223,0.0023327660831885,5.255439039739478
9929,9929,Day2,WH320,Stationary,1.8685328570984203,0.0220376653250338,0.7673980599975421,0.0007124778966486,3.42921117329335,0.0120934831320009,0.5691635163635042,0.0032520780843751,6.025001734480881
9930,9930,Day2,WH320,Stationary,2.940679700423772,0.0127931266181819,0.8951425627072044,0.001066331639549,6.123040442655827,0.0088625430451177,1.2347559975246465,0.0020494327219536,4.958907229388539
9931,9931,Day2,WH320,Stationary,2.0801037843479007,0.0180949855882165,0.7376510482668516,0.0007406168743538,3.639311874139529,0.0123993270842433,0.639157425673656,0.0029123434343175,5.693920977768169
9932,9932,Day2,WH320,Stationary,3.375668290436176,0.0146360391858984,0.8503897957700547,0.000840647492267,7.175636322702635,0.009457944167435,1.4268945299288294,0.0023180376712199,5.028848434271131
9933,9933,Day2,WH320,Stationary,3.158330534443235,0.0145621387173457,0.8209264238753796,0.0007798080515614,7.7478997446418525,0.009993566673603,1.4881467607714456,0.0024616346018429,5.206408365681213
9934,9934,Day2,WH320,Stationary,2.49037975619747,0.0167058253034245,0.8934932645829828,0.0010793720541082,5.713059659170501,0.0089227930307496,1.1047440877965622,0.0023555336733805,5.171387403000573
9935,9935,Day2,WH320,Stationary,2.348832495801877,0.0169685112136097,0.7495577950962563,0.0006845467072279,4.660072900542059,0.0110536259135494,0.8415154939943047,0.0026168264121839,5.537714912915909
9936,9936,Day2,WH320,Stationary,2.5423014642274437,0.0142207006808,0.8466589188083439,0.0008053742241355,5.404233923195238,0.0102259424319957,1.009759301771798,0.0022274506276673,5.352002119428433
9937,9937,Day2,WH320,Stationary,2.0596583765897876,0.0198388607101884,0.7587727765633927,0.0006878473389568,3.8249795649825855,0.0132397852192348,0.6727910565055016,0.0026953638571948,5.685241395522783
9938,9938,Day2,WH320,Stationary,1.999146190815242,0.0200350506309996,0.7239781755228607,0.0007377411601787,3.8912581388983214,0.012757127039107,0.6523452908398464,0.0028393356124062,5.965028327082141
9939,9939,Day2,WH320,Stationary,2.665645914726318,0.0145621286225309,0.7719596661861654,0.0007076069301786,5.373239655494725,0.0092991487279284,0.9875788607737522,0.00229577441263,5.4408208487622725
9940,9940,Day2,WH320,Stationary,2.146657362579056,0.0168579378481158,0.8401895665753706,0.0008552896470078,4.521631901565299,0.0111262608658777,0.8005984786634917,0.0025422743558355,5.64781475617297
9941,9941,Day2,WH320,Stationary,2.0235263018687943,0.0189454944318145,0.7452201815084548,0.0007302256402329,4.195558781712106,0.0121384169783111,0.6840057374915257,0.0030619827912919,6.133806416739429
9942,9942,Day2,WH320,Stationary,2.503338686506404,0.0172595341359999,0.830604562494523,0.0007582660907129,5.155643543722878,0.010336540438016,0.9385184950722998,0.0025387361657415,5.493385128575125
9943,9943,Day2,WH320,Stationary,2.580828918685119,0.0143808261110132,0.783261852236633,0.0007130627028931,5.668030409658189,0.0091211579393631,0.9967048553385154,0.0023169735401997,5.686769136619818
9944,9944,Day2,WH320,Stationary,2.2669281369671888,0.0166082357960794,0.8654878101759663,0.0010044155814017,5.404969701053784,0.0098002389032744,1.0168546281012631,0.0023660049413821,5.315380932224594
9945,9945,Day2,WH320,Stationary,2.0796828911541736,0.0197467673832196,0.8522226742696242,0.0008300753435623,4.552605085284032,0.010543436427991,0.8195633911432166,0.0025365095215851,5.5549151346713534
9946,9946,Day2,WH320,Stationary,2.4468536361397515,0.015343018168799,0.8477748832859459,0.0007911481536317,5.35004905531631,0.0097614226696627,1.014654134747118,0.00229290727732,5.27278101187623
9947,9947,Day2,WH320,Stationary,2.0819735698532513,0.0176550507608995,0.7996569105424471,0.0006943102945874,4.174668477441488,0.0127145239316402,0.7293353964598368,0.0026564167645888,5.7239351027046705
9948,9948,Day2,WH320,Stationary,1.8520389296390067,0.0216430618960335,0.8030001930589319,0.0006689538684799,3.728492707798096,0.0132095450781756,0.635999597778632,0.0028371482103541,5.86241362544988
9949,9949,Day2,WH320,Stationary,2.39576932080601,0.0166829365790091,0.8619238421455113,0.0009171798257498,5.39167542106136,0.0101569729772189,1.0109138184729765,0.0024230376922299,5.33346693114324
9950,9950,Day2,WH320,Stationary,2.3741259586964545,0.0160340808196345,0.8400191272777529,0.0008100127354481,5.191415082172332,0.0096555868014254,0.9724672633764868,0.0023267094178929,5.338395725679556
9951,9951,Day2,WH320,Stationary,2.0880964323004183,0.0176835198786238,0.8783468588836925,0.0009622003768672,4.592835836197923,0.0107753063880154,0.8647909966952596,0.0025134686526819,5.3109200416622455
9952,9952,Day2,WH320,Stationary,2.097736910241697,0.0198848813427682,0.8316975174937186,0.0008338260047512,4.516383250031582,0.0107751556140389,0.8049517758779651,0.0025375283973181,5.610750091339994
9953,9953,Day2,WH320,Stationary,2.4666374620396296,0.0153658902601096,0.7900049381395392,0.000725932829907,4.996120689809148,0.0104772196724146,0.9551631159974152,0.0024838389149686,5.2306465839523355
9954,9954,Day2,WH320,Stationary,2.547785265052086,0.0145623932463877,0.9290764051215978,0.001127929021721,6.351859146263018,0.0088454983608231,1.2845162417592,0.002235250108296,4.944942648264123
9956,9956,Day2,WH320,Stationary,2.7035224270427145,0.0139289650561525,0.8826654865702731,0.001061517117167,5.987109916269577,0.0092490995986208,1.1574575743018622,0.0021745006646426,5.172638763784315
9957,9957,Day2,WH320,Stationary,4.334439021535068,0.0236793344526802,0.8802951372059075,0.0009309384429102,7.185920717041458,0.0089571160075327,1.417222527963096,0.0024750366562483,5.070425127498804
9958,9958,Day2,WH320,Stationary,1.6793334076915676,0.0231922451583438,0.8498915132454514,0.0008508452591233,3.630376057237407,0.012015690174906,0.6115707980230857,0.003011829804264,5.9361501055522385
9959,9959,Day2,WH320,Stationary,4.102525747271087,0.0194697009885659,0.8808453997202359,0.0009357033874429,7.156238605983178,0.0095899285480277,1.4083978771943304,0.0024944148497306,5.081119988791181
9960,9960,Day2,WH320,Stationary,2.027566754712545,0.02030736259282,0.8504282431839723,0.000916313780022,4.246633575027413,0.0119640412744628,0.7738174689221846,0.0027323194000424,5.487900888231894
9961,9961,Day2,WH320,Stationary,3.5972580517895913,0.0156543240235311,0.7988435772114728,0.0006874442532482,8.221594467685383,0.0108167073537468,1.6468666998595072,0.0028117351828814,4.992264685652312
9962,9962,Day2,WH320,Stationary,2.741130907837332,0.0135428509763721,0.8317077552752055,0.0007813315755981,6.214121987909175,0.0086704126482654,1.2636398056336902,0.0021310367141424,4.917637098961849
9963,9963,Day2,WH320,Stationary,2.8845268708142675,0.013492831974231,0.8536620447005838,0.0008069130236606,6.702173368811547,0.0095314339912127,1.2926056846769298,0.0023707007319925,5.185009975015443
9964,9964,Day2,WH320,Stationary,3.2490488470838437,0.0132804570698894,0.8481848170656735,0.0008034469519509,7.78271471101607,0.0098793387863617,1.6068415775810407,0.00248608160671,4.843486016046626
9965,9965,Day2,WH320,Stationary,1.8491361049973605,0.0227748638817712,0.8059645423625962,0.0007763935803223,3.663779275071913,0.0132037062361514,0.6286399344869796,0.0027229807006987,5.8281045700061185
9966,9966,Day2,WH320,Stationary,2.7443330424517125,0.0131987129527306,0.8212490729871276,0.0007889203597746,6.133758261235095,0.0086504405711709,1.165580808978696,0.0021417898668407,5.262404986411547
9967,9967,Day2,WH320,Stationary,1.949829036732048,0.0200910762618224,0.8207926317503274,0.0007555201058792,4.11968833932143,0.0117476776546688,0.7492840116893154,0.0027193555776011,5.498166616465354
9968,9968,Day2,WH320,Stationary,2.456116518094018,0.015179598360004,0.8083170292010445,0.0007296706569101,5.037032863610144,0.0099112076767625,0.9413774407091104,0.0023124662025016,5.350704877541896
9969,9969,Day2,WH320,Stationary,2.3311379658611764,0.0163832817142013,0.7609453022311654,0.0006992841372471,4.8882107250742886,0.0106033185084462,0.8494567244266062,0.0026212880966306,5.754514131810412
9970,9970,Day2,WH320,Stationary,1.8217909341705367,0.0214168566020222,0.8088875804136427,0.0006939488102464,3.631717371215145,0.0130475469958203,0.6125655521689917,0.0030769085033555,5.928699970731041
9971,9971,Day2,WH320,Stationary,2.1450077471234734,0.0189764251218915,0.9230456579679728,0.0011696700212124,5.156344614567506,0.0105592410531706,0.9927781459982756,0.0024516574113276,5.193853868915102
9972,9972,Day2,WH320,Stationary,2.5690033785529245,0.0159850198255496,0.8937976751914641,0.0011094022637198,6.556861898418764,0.0089013378233222,1.2912721467482955,0.00221504525551,5.077831125630929
9973,9973,Day2,WH320,Stationary,2.1765325339792563,0.0173319912519388,0.7457870031783277,0.0007128999208043,3.876028905992104,0.0122107428418385,0.6784403125989972,0.0030642281249099,5.713146512688275
9974,9974,Day2,WH320,Stationary,2.981731017347887,0.0140772565872505,0.8284235775088943,0.0007402928244025,7.189944167403183,0.0098886583097675,1.3630113409857718,0.0023478444538719,5.275043538671655
9975,9975,Day2,WH320,Stationary,1.9215915205263268,0.0191950093105524,0.8674265139013972,0.0009454803265617,4.510952854424373,0.0111466824024672,0.8100864927433342,0.0024751807033079,5.5684829889561085
9976,9976,Day2,WH320,Stationary,2.835247010573706,0.0131404267055875,0.8591830041291908,0.0008825450689325,5.831355924907397,0.0084407341533314,1.150135058853638,0.0021605225809129,5.070148831668189
9977,9977,Day2,WH320,Stationary,3.0305988086645272,0.012810546142652,0.8991110074876283,0.0010865001397057,6.831672499086068,0.0096520580121863,1.3680425091347752,0.0025915240994098,4.9937574698660425
9978,9978,Day2,WH320,Stationary,2.696855825257734,0.0136179839976331,0.9110691194183412,0.0011142681935258,6.945580605614495,0.0094397445297368,1.3897649392306397,0.0024311303532524,4.997665727169301
9979,9979,Day2,WH320,Stationary,2.2572293151291634,0.0183652461616426,0.8040442085230829,0.0006741435202585,5.315892999907838,0.0091677582205192,0.9501786213724964,0.0023927096832686,5.594624926657722
9980,9980,Day2,WH320,Stationary,2.1727191206492864,0.0178878292703624,0.84038763007387,0.0007854444231334,5.004736734816859,0.010338021196186,0.9122650314103096,0.002344003102115,5.4860556554270445
9981,9981,Day2,WH320,Stationary,2.1340436500301116,0.0173451248233102,0.7032651450716008,0.0007644267580242,3.543223325901772,0.0133611597040132,0.6253668928452565,0.0029575175021913,5.665831316686799
9982,9982,Day2,WH320,Stationary,2.3293292288234277,0.0173016976572903,0.8193677110805864,0.0008028842373353,5.441096563313114,0.0093463397821671,0.9863417510720384,0.0023016163091826,5.5164414944407225
9983,9983,Day2,WH320,Stationary,1.788578978117439,0.0226164570745536,0.8382600746752473,0.0007719944522598,4.172884006798446,0.0114684171142407,0.7253588034221783,0.0026915927273515,5.752854983094092
9984,9984,Day2,WH320,Stationary,2.8293632500694503,0.0122917003369508,0.813730084092314,0.0007691622605043,6.917833695515912,0.0089288449326188,1.2895025072325157,0.0023636467683413,5.364730705613532
9985,9985,Day2,WH320,Stationary,2.7883374329319675,0.0132208653890491,0.7743542756131503,0.0007561377295873,5.065973921982055,0.0101993821086303,0.944312885938458,0.002330237700207,5.364719678634366
9986,9986,Day2,WH320,Stationary,2.3522559068011453,0.0167117316975869,0.8849576244307257,0.0009892718152187,5.566571579658543,0.0094468243022678,1.0568466172082025,0.0022189682155322,5.2671518165647955
9987,9987,Day2,WH320,Stationary,1.9790453842600313,0.020543703398935,0.7237742643412791,0.000742074365699,3.667537947302644,0.0129368542758401,0.5798369086856796,0.0034064809056448,6.325119861058652
9988,9988,Day2,WH320,Stationary,2.460227181135041,0.015075425680584,0.8425094496152471,0.0008597062527022,5.38450322710012,0.0096371699254573,0.99800290791417,0.0023074965143513,5.395278094283064
9989,9989,Day2,WH320,Stationary,2.7354420797231835,0.013701566668992,0.8828785547268482,0.0010402643465331,5.2357893356480565,0.009271727314409,1.0009872981399186,0.0023238128986523,5.230625149167672
9990,9990,Day2,WH320,Stationary,2.4763961947635087,0.0152526877104961,0.8441631120948918,0.0008262116499157,6.082086599256874,0.0087660764217151,1.1513556836300352,0.0022072124653961,5.28254360119286
9991,9991,Day2,WH320,Stationary,3.3147062348883476,0.0134406985948059,0.8809113699795803,0.0009104575447955,7.8918593919096995,0.0100760349858642,1.5907508884470118,0.0026710843820935,4.961090670591556
9992,9992,Day2,WH320,Stationary,2.0044177728813453,0.018529851081786,0.8697092363110819,0.0009596995239847,4.941242322180351,0.0103841149854227,0.939803184611456,0.0025302876862486,5.257741624086127
9993,9993,Day2,WH320,Stationary,2.377234948920388,0.0162313997456492,0.8678771601623011,0.0009220068074976,4.961553929100708,0.0105504271824991,0.954426103654155,0.0022876420845278,5.198468388599912
9994,9994,Day2,WH320,Stationary,2.375256455913149,0.0159932836003268,0.8813239999351344,0.0009446238061469,5.445339471621858,0.0101300786034106,1.036558327054341,0.0023897768627315,5.253288049015295
9995,9995,Day2,WH320,Stationary,1.913130413143222,0.0205482293264675,0.799085368357238,0.0007446186215306,3.932346091470597,0.0124669803327333,0.6714004076899827,0.0027935367232648,5.856931342952576
9996,9996,Day2,WH320,Stationary,1.898034278774796,0.0206607285417137,0.798213970848477,0.000691276837181,3.906208667231429,0.0120551466078081,0.6893637308423519,0.0029615318419738,5.666397131828112
9997,9997,Day2,WH320,Stationary,2.281117332401831,0.0161475374779668,0.8112230370024085,0.0007571638300793,4.974603093587878,0.0099374139004448,0.8804277424971342,0.0025818599584596,5.650211656755092
9998,9998,Day2,WH320,Stationary,3.349583366292745,0.0146327522294323,0.8399658095166085,0.0007836819984022,7.159481532969397,0.0094179392310288,1.377930150368017,0.0023810469924922,5.195823265103275
9999,9999,Day2,WH320,Stationary,2.445413457095795,0.0162590497768397,0.7988184431036536,0.0007171923513542,5.59763439602192,0.0091270909219379,1.0111900248072918,0.0022869962816686,5.535689888840323
10000,10000,Day2,WH320,Stationary,2.73504022739994,0.0145022364452109,0.8082016862820196,0.0008002556536184,5.5869435903703035,0.009075837663596,1.0583172309499531,0.0025368602628412,5.279082138117909
10001,10001,Day2,WH320,Stationary,2.2448601235454975,0.0176017993880891,0.9453333497891868,0.001281202042323,5.672985645798225,0.0101087281108496,1.1231287431025978,0.0023379288550135,5.051055527371538
10002,10002,Day2,WH320,Stationary,2.258543920852844,0.0185503383474484,0.9018123672791936,0.0010159791288448,4.811622437596803,0.0104550074553456,0.9363174418514252,0.0023829155524336,5.138879425424942
10003,10003,Day2,WH320,Stationary,2.435326451970529,0.0159890110316248,0.9285117814461852,0.0011700552182163,6.689499842094743,0.0087723719220264,1.3489459934017214,0.0022181187563177,4.959056830159237
10004,10004,Day2,WH320,Stationary,1.977258014483621,0.0205649881394511,0.7337455979851474,0.0006831102487829,3.7006990669054822,0.0125302724514217,0.6335791081001841,0.0029645989167239,5.8409423852408855
10005,10005,Day2,WH320,Stationary,2.22319226619465,0.0162955907361443,0.9605344679050176,0.0013722401571835,5.502226059833282,0.0092610596042848,1.1120890403110784,0.0022063359614584,4.947648848597749
10006,10006,Day2,WH320,Stationary,2.1701941437095917,0.0184659748222288,0.8523966422297524,0.0009221168624992,5.154597238343284,0.0099511069414959,0.9424462070815914,0.002450554053519,5.469380851247915
10007,10007,Day2,WH320,Stationary,1.9094948096127744,0.0211355797558301,0.8698782111604741,0.0009518739314203,4.96244570439094,0.0097520617448607,0.92289456360814,0.0024990537865175,5.377045114438434
10008,10008,Day2,WH320,Stationary,2.8292797891615176,0.0136204341236211,0.7873389242449729,0.0007049785304286,5.492944105532612,0.0089515028113917,1.0150380361538436,0.0021240640040733,5.411564798444733
10009,10009,Day2,WH320,Stationary,2.1346002084866567,0.0196247769809714,0.7502800798106353,0.0007018616644356,3.7189150410834055,0.0124675366587804,0.662727042291981,0.002870299185184,5.611533563232726
10010,10010,Day2,WH320,Stationary,2.3257472000639843,0.0159802945029002,0.9207993984741878,0.0010497262250035,5.398686308109625,0.0090346648083475,1.0654695279435982,0.0020857555922119,5.066955146553389
10011,10011,Day2,WH320,Stationary,3.1555983855959036,0.0130786226003982,0.8581549433452819,0.0008721018506529,6.630251248131673,0.0088893868434619,1.2771207616213227,0.0023104785178547,5.191561712390045
10012,10012,Day2,WH320,Stationary,2.1771022918387333,0.0187424045695005,0.9543941086554026,0.0012933559914584,5.34428982771251,0.0104444986566541,1.0498924359546526,0.0022944654485405,5.090321298346169
10013,10013,Day2,WH320,Stationary,2.9639932004944387,0.0134936346718236,0.8524282891615014,0.0008776535617144,6.64753493395478,0.009141011216835,1.279608278449783,0.0022736532732986,5.194976498595429
10014,10014,Day2,WH320,Stationary,2.6178810168305464,0.0148601755759873,0.7844383284300109,0.0007067354289119,5.667200085763207,0.0092805753503314,1.1372343367151705,0.002377352024165,4.983317776116888
10015,10015,Day2,WH320,Stationary,3.5780892776238535,0.0151751964573018,0.906015675591713,0.0010522709876741,6.743680476853269,0.0090063714548548,1.3425447333543448,0.0021250913822972,5.023058308086465
10016,10016,Day2,WH320,Stationary,3.0737467459603245,0.0133420810365067,0.8098817887851654,0.0007471986291634,6.54934286671222,0.0095821031026199,1.219450119224516,0.0023128082488312,5.370734533100165
10017,10017,Day2,WH320,Stationary,3.363804644145294,0.0138820940899176,0.8770700487895167,0.0008919585986384,7.964410570281225,0.0101239754675628,1.5858807530807852,0.0027041950062634,5.022074046115569
10018,10018,Day2,WH320,Stationary,2.1989743010806224,0.0166555917527266,0.810080766822529,0.0007244596453927,5.296546277305447,0.0102146955627045,1.0094082841362366,0.0024887677809886,5.247179323317887
10019,10019,Day2,WH320,Stationary,3.2961122844113633,0.0133126225977483,0.8643232365384961,0.0009158122587473,8.283617492586892,0.010773230901164,1.639504975213112,0.0026468052876469,5.0525113481343
10020,10020,Day2,WH320,Stationary,2.4477863355296794,0.0154279261917721,0.7938679633539821,0.0007131755169308,5.647570461054185,0.0093926439869577,1.004104467057691,0.0022903177864507,5.624484947869177
10021,10021,Day2,WH320,Stationary,2.5136692288026423,0.015774711397345,0.8228526997131577,0.0007435168361222,6.410230895712819,0.0090321657380007,1.265371920780039,0.0021834898694425,5.065886788258451
10022,10022,Day2,WH320,Stationary,2.3974571814996786,0.0171059519688646,0.929173954378366,0.0011313223863031,6.0494848040794365,0.0081887120557641,1.2117770028653678,0.0023956302464057,4.9922426236632855
10023,10023,Day2,WH320,Stationary,2.8395620544631948,0.0137078296626273,0.7569890579642811,0.0006949968585667,5.635461998352641,0.0090417792108411,1.0496622352892986,0.0023334522163313,5.368833715161187
10024,10024,Day2,WH320,Stationary,2.342133474930445,0.016265484909794,0.7945501429314386,0.0007272320886263,5.665170278486732,0.0090327640593678,1.003233131322936,0.0022450146511127,5.646913066972009
10025,10025,Day2,WH320,Stationary,2.651332648311984,0.0142229042620536,0.8700100922427054,0.0009219190350819,6.542036632076497,0.0094679246375158,1.2790314258366224,0.0021585679518391,5.11483650825648
10026,10026,Day2,WH320,Stationary,2.0052711056102868,0.0206800113783146,0.8593466146510302,0.0008583704967901,4.604467310961802,0.0108035923273109,0.8323581373891227,0.0023489256123742,5.531834320025683
10027,10027,Day2,WH320,Stationary,2.82870749355621,0.013456504044983,0.8706095383373275,0.0008716750301897,7.160839361792963,0.0091443811126374,1.423680675832108,0.0023056403434631,5.029807233709638
10028,10028,Day2,WH320,Stationary,2.936564155826254,0.013501683864866,0.8411509040388147,0.0008286682239551,6.168273125220192,0.0086209918912738,1.1538427232109103,0.002225536393948,5.345852602905133
10029,10029,Day2,WH320,Stationary,2.642259209988911,0.0138834167370653,0.8407916706719936,0.0008271417896686,5.296036465491066,0.009312520426306,0.9808665443105696,0.0021952028713628,5.399344585876908
10030,10030,Day2,WH320,Stationary,2.91306493541626,0.0134066694115794,0.8347946277963173,0.0007822854369151,7.149512882759449,0.0102998452488942,1.3740884649102736,0.0021890374993994,5.203095044703912
10031,10031,Day2,WH320,Stationary,3.3310926275267456,0.0123421701753183,0.8446598662361887,0.0008120791791156,7.735164018656169,0.0090800297236669,1.5186202692577004,0.0025016955906352,5.093547198890679
10032,10032,Day2,WH320,Stationary,2.813221471597354,0.0136265806464622,0.8306962313688271,0.0008457029214582,6.813392914299959,0.0088863374971445,1.281743253688437,0.0021273054982378,5.315723640201146
10033,10033,Day2,WH320,Stationary,2.734344111663946,0.0132528384043667,0.8887512448651603,0.0010006469764681,6.638599645634358,0.0087239641109549,1.305588930043748,0.0023666826440674,5.084754851139792
10034,10034,Day2,WH320,Stationary,2.828109060373716,0.0135275744045524,0.866795655157687,0.0008664264537072,6.629523450372493,0.0090725067115014,1.2932213044206555,0.002143802234754,5.126364240761116
10035,10035,Day2,WH320,Stationary,3.485836471007461,0.0155108515705767,0.8463224300241702,0.0008194186963814,7.89590871656027,0.0099861396429975,1.5477083320957576,0.002631429520092,5.101677462618807
10036,10036,Day2,WH320,Stationary,3.068977747315023,0.0136479627227291,0.83245462442279,0.0008265820352513,6.218200492160842,0.0089507716422955,1.218399490718834,0.0022697850214872,5.103581000753878
10037,10037,Day2,WH320,Stationary,3.1160442749850428,0.0128624485779613,0.8476081393309992,0.0008280871595427,7.652244146293128,0.0097463455743245,1.5178621764475628,0.0026472962142567,5.041461777644796
10038,10038,Day2,WH320,Stationary,1.7082467953219211,0.0234383002230069,0.8772630519120592,0.0008963032982789,3.7395900881601705,0.0133194133381377,0.6681820297788145,0.0030639562489747,5.596663665735027
10039,10039,Day2,WH320,Stationary,3.748463452609251,0.0172364483698191,0.8319228925262175,0.0008320107959022,8.070161249431639,0.0104571704991527,1.5789374955085305,0.0027189113876221,5.11113408376718
10040,10040,Day2,WH320,Stationary,2.141523364764465,0.0174949547109584,0.8784762690998629,0.000943526231504,4.842501048149433,0.0110429965727141,0.8960395125665669,0.0025955056835324,5.404338737561736
10041,10041,Day2,WH320,Stationary,2.50877531630491,0.0144384336167684,0.7594620882902582,0.0006964437598103,5.023330786707592,0.010525550154849,0.8525652852067247,0.0024997185382223,5.892018914996716
10042,10042,Day2,WH320,Stationary,2.3825342402077028,0.0168486759465103,0.7658718151388625,0.000648524960492,4.570162541952881,0.0114067970357574,0.7835359290926979,0.0026365543021644,5.832741514795549
10043,10043,Day2,WH320,Stationary,1.8749419082241083,0.0203093464674796,0.8662438446639069,0.0008538668526998,4.573318988008151,0.0119934078301975,0.8298806878972808,0.0026881198160496,5.510815054144528
10044,10044,Day2,WH320,Stationary,1.9373851144961067,0.0213283214257912,0.781632506786767,0.000733538775287,3.7947047151926383,0.012936729330281,0.6756235005397834,0.0029107154108442,5.616596687594337
10045,10045,Day2,WH320,Stationary,2.5946249324726134,0.0139949177147117,0.7510676152427516,0.0006838597675905,5.257594252197288,0.0099001913129338,0.9358247922398276,0.0024247371615895,5.618139523332807
10046,10046,Day2,WH320,Stationary,2.467625087104294,0.0147228150791888,0.7750408855317725,0.0006892525685355,4.752158671371441,0.0108681580416473,0.8490388799623615,0.0025390646716283,5.597103717537773
10047,10047,Day2,WH320,Stationary,3.31619698248087,0.0139588169329429,0.8869361499421968,0.0009757276155248,8.15926739832208,0.010960928322187,1.646433199903706,0.0027988891102079,4.9557233168034305
10048,10048,Day2,WH320,Stationary,2.777358435569712,0.0136088328402379,0.8188131469768937,0.0007963687165708,5.6241349325811925,0.0087161039381427,1.031396971056438,0.0024340941723909,5.45292946402636
10049,10049,Day2,WH320,Stationary,1.7306373472281138,0.0211770928243528,0.8662005137938723,0.0009322721504504,4.192002374017945,0.0120205618568443,0.7469232647643385,0.0028615755261535,5.612360160371444
10050,10050,Day2,WH320,Stationary,2.4787791089621467,0.0154404966484087,0.8373606938170811,0.0007963071666973,6.147423263821425,0.0092842697239769,1.1438398133099932,0.0023245971182708,5.374374271894141
10051,10051,Day2,WH320,Stationary,2.637845214083113,0.0152505485992718,0.8485478578915014,0.000842200073586,5.633266727141842,0.0089537258601423,1.0708359959427989,0.0021451164326093,5.2606251083128095
10052,10052,Day2,WH320,Stationary,2.096447735212714,0.0189730199815485,0.8258440622017609,0.0007155853779762,4.794960701316947,0.0103167106927641,0.8588455383978812,0.002557137159674,5.583030343572169
10053,10053,Day2,WH320,Stationary,2.858856669821433,0.0126560355414447,0.7834009182314533,0.0006618994681698,6.02989584305506,0.0088053733758801,1.1043352102291215,0.0022661903686463,5.460204281455455
10054,10054,Day2,WH320,Stationary,3.568874501669035,0.015183887283882,0.7882019499668607,0.000714422820388,7.315064709094877,0.0091842165893362,1.4053686621798394,0.0023339986091785,5.20508597206702
10055,10055,Day2,WH320,Stationary,2.7512814714200275,0.0134639600276982,0.8334459605942633,0.0008134546552266,6.389831246095059,0.0095977841224538,1.2552311906158578,0.0020885464183597,5.090561239925848
10056,10056,Day2,WH320,Stationary,2.402024013815912,0.0162516629708414,0.783316630773608,0.0007177284713067,5.110791936925576,0.0103618245640437,0.8866666403783352,0.0024164597422033,5.7640512275784195
10057,10057,Day2,WH320,Stationary,2.5715773397558626,0.0129509213979721,0.8042711673601948,0.0008170996611614,6.245268893557177,0.0082059230888589,1.1515173057376058,0.0023208251861021,5.423512840353504
10058,10058,Day2,WH320,Stationary,3.364126660137018,0.0131969738491145,0.8447227463167987,0.0008565388138382,8.506962495179494,0.0119330479758793,1.6679395550861713,0.0026949120742122,5.100282242985715
10059,10059,Day2,WH320,Stationary,2.6323946970874332,0.0150934935634324,0.8273817977516701,0.0007782183245518,6.535013932077357,0.0090369549258084,1.222901430932119,0.0023088176128313,5.343859911175542
10060,10060,Day2,WH320,Stationary,2.098243448502483,0.0180511313362457,0.8485794502497264,0.0009070452845,4.41944091633863,0.0106810550928241,0.7845680865224831,0.0026661528438014,5.632960341182554
10061,10061,Day2,WH320,Stationary,2.5050768851280982,0.0152199825330357,0.7520599282697156,0.0007097266248618,5.052104931359661,0.0101718426418349,0.9241393750354302,0.0024552569187675,5.466821420920379
10062,10062,Day2,WH320,Stationary,1.909985818541578,0.0212269323521326,0.8377552097178225,0.0008413189859995,4.046399038958503,0.0113873064691159,0.6978617323636854,0.0029317858194777,5.7982818820759645
10063,10063,Day2,WH320,Stationary,2.470488518571338,0.016169539084022,0.841826359053721,0.000814357318835,5.434513681996426,0.0096902604576424,1.0020888829773478,0.0022897076555459,5.423185282576649
10064,10064,Day2,WH320,Stationary,2.2745166685801377,0.0162300194713159,0.7904434040546747,0.00074613154517,4.670651666454043,0.0117052599987267,0.8179510346363986,0.0026525629565576,5.710184923881506
10065,10065,Day2,WH320,Stationary,3.403024682400336,0.0138906783912684,0.8437494810125298,0.0008118103474998,7.4619369672166,0.0087512535725864,1.4414954796288515,0.0024836784414997,5.176524708310469
10066,10066,Day2,WH320,Stationary,2.7704130506343194,0.0141212949367157,0.8859233274050773,0.0009631401363891,7.21631099293321,0.0091677279508492,1.4979426556785274,0.0024558307356101,4.817481474058443
10067,10067,Day2,WH320,Stationary,3.367829907236337,0.0136667194542956,0.8387410236681065,0.000884251753561,7.276550943062188,0.0100702633304955,1.3906350507070906,0.0023163206955839,5.232538141018601
10068,10068,Day2,WH320,Stationary,3.099044223120168,0.0132334453839289,0.7040382393484234,0.0007821315447076,5.882994850020548,0.0088476524696911,0.9946269539257248,0.0023190243498816,5.91477520974147
10069,10069,Day2,WH320,Stationary,2.825294101018826,0.0143730850399776,0.770701050693549,0.0006969412204489,5.200036577142173,0.0098291924290788,0.9106148443757688,0.0024159828863792,5.710467613458273
10070,10070,Day2,WH320,Stationary,3.0108400317162576,0.0140560741967669,0.822862641310168,0.0007527533510869,6.915961523258708,0.0086634053802897,1.288365894955989,0.0021691651006812,5.368010400100632
10071,10071,Day2,WH320,Stationary,3.4290996250778756,0.0143710777224489,0.7541137754651893,0.0006936036675379,7.79888943286559,0.0103886574446881,1.4366266527427214,0.0023988794729834,5.428612519457591
10072,10072,Day2,WH320,Stationary,1.8700046855745456,0.0217452562940803,0.8372098194201758,0.0008709414243924,3.982665837597922,0.0117555323008755,0.7316544358862284,0.0029255886840161,5.443370042271189
10073,10073,Day2,WH320,Stationary,2.4127153012660867,0.0157140324928756,0.7921141148743363,0.0007606008926903,4.961097427191759,0.0106921751396731,0.914942135614787,0.0024977114717088,5.422307306743716
10074,10074,Day2,WH320,Stationary,2.9308572395058827,0.0131180504968001,0.8253187314297684,0.0007738527174896,7.24602977842476,0.0082745162246834,1.3595255233168275,0.0023570499629817,5.329822540401197
10075,10075,Day2,WH320,Stationary,1.9144595924399628,0.019219047541526,0.7847616624552698,0.0006904906850504,4.225401723723546,0.0120209230186729,0.7092617464788584,0.0027170232930279,5.957464567489537
10076,10076,Day2,WH320,Stationary,2.6249548749416047,0.0150264519953352,0.7803907173552975,0.0007170449547412,5.271104487637519,0.0088312646502553,0.9235360139974194,0.0023610235042326,5.707524566174902
10077,10077,Day2,WH320,Stationary,2.80845278979063,0.013570597507262,0.8275960506177434,0.0007299646252919,6.4070916789713195,0.0082722811792829,1.1866997479293908,0.0022461016043099,5.399084048134933
10078,10078,Day2,WH320,Stationary,2.2480082423344094,0.0180737127350014,0.8005522769534089,0.0007128172786902,4.860687311642391,0.0105004887247841,0.8526754355975954,0.0024772144757039,5.7005128900374515
10079,10079,Day2,WH320,Stationary,3.132799164618703,0.0128664767719698,0.7696541156294834,0.0007478268648651,6.50661937672051,0.0087076898092526,1.2129478780007,0.0021958054446736,5.364302534949284
10080,10080,Day2,WH320,Stationary,3.2122006276209603,0.0134602451463962,0.7747877425449267,0.0006649970435783,6.210370301353793,0.0095052871277829,1.1170908724783275,0.0022976809342082,5.559413700673916
10081,10081,Day2,WH320,Stationary,3.5144003975104323,0.0149782543344361,0.8645848116084012,0.0008567040928882,7.299720483622645,0.0097634344316139,1.4773352769776165,0.0025513067031123,4.941140035968453
10082,10082,Day2,WH320,Stationary,2.623313236163845,0.013763644961159,0.871985843611557,0.0009966035988355,6.753257588231889,0.0087442118138235,1.3012757472251442,0.0022300606818282,5.189720628108697
10083,10083,Day2,WH320,Stationary,2.2366424169670913,0.0179095228296873,0.7846415632932223,0.0007140468042251,4.95514079214694,0.0104373888320684,0.8573845804830257,0.0025889794923778,5.779367748082613
10084,10084,Day2,WH320,Stationary,3.5773090159015166,0.0152142512028252,0.876604602474604,0.0009824233482178,8.580464431500877,0.0118311789333086,1.7321278812435137,0.002990744211087,4.953713016466698
10085,10085,Day2,WH320,Stationary,2.8610206511460063,0.0129553771898957,0.7839337696363416,0.0007590050691983,6.53125127394746,0.0089612422474217,1.1874193437918588,0.0022779173605384,5.500374663841012
10086,10086,Day2,WH320,Stationary,3.0294269886403344,0.0131267324097383,0.9461547691121904,0.0013057522745561,7.78001130668875,0.0097382453575067,1.6405837983830691,0.002855807354314,4.742221222930882
10087,10087,Day2,WH320,Stationary,2.6059012394856422,0.0145139740782503,0.8083024030501719,0.0007227908393674,4.768656046997907,0.0100815188225184,0.8638285600599023,0.0025826431711413,5.5203732169578
10088,10088,Day2,WH320,Stationary,2.6915838557313063,0.0135380787006315,0.8947094222614043,0.00104964869202,6.801869500529653,0.0089019974827185,1.3488877785950362,0.0024196556889161,5.042576267993391
10089,10089,Day2,WH320,Stationary,3.3653172215375986,0.0134719405429704,0.7774593039880259,0.0007076728976357,7.7487057345820975,0.0098192786504814,1.4324546511964162,0.0026850405197187,5.409389908511391
10090,10090,Day2,WH320,Stationary,1.5458699301785388,0.0239202386895577,0.8197413982587257,0.0007566488902212,3.259590838111523,0.0137720855878181,0.53432958091115,0.0032100069344391,6.100337609146027
10091,10091,Day2,WH320,Stationary,1.7622988767308116,0.0217282542440149,0.8074188197820384,0.0007674408925802,3.7477766314102663,0.0123051287740433,0.619717699148317,0.0031884944715218,6.047554614884916
10092,10092,Day2,WH320,Stationary,2.9488476411161075,0.0138773084597843,0.9792736289634686,0.0015290795902274,5.9114381325874,0.0090487053894485,1.2074185734283016,0.0021491943637926,4.8959310902454245
10093,10093,Day2,WH320,Stationary,1.9292690824269405,0.0197835665565345,0.7756851569429173,0.0007439673748308,3.306019705999739,0.012907154874556,0.5317788388804522,0.0033728450205311,6.216907225868303
10094,10094,Day2,WH320,Stationary,3.110452894388778,0.0129406905182636,0.9584159732403578,0.0012569621315488,7.34301781908955,0.0102491475249951,1.5542978881552294,0.0024654590015054,4.724331079034571
10095,10095,Day2,WH320,Stationary,1.9605545185451403,0.0211648912813524,0.8434327305773583,0.000822643701142,4.336958847736196,0.01245341468628,0.7584317727775963,0.0026414074597153,5.718324315255147
10096,10096,Day2,WH320,Stationary,1.7737325294056363,0.0224466794569205,0.77041906019419,0.0007054885423743,3.5393005040990393,0.0128927441609918,0.6082898745152665,0.0031214641243007,5.818443890619474
10097,10097,Day2,WH320,Stationary,2.8641425535055753,0.0129680879100358,0.9261929073185368,0.0012321048191097,7.5358344639229164,0.0093125144708718,1.561766189705835,0.0027686780301214,4.8252001571005465
10098,10098,Day2,WH320,Stationary,3.2439170307931127,0.0144587797228501,0.7973066172613681,0.000743383609189,7.717019770933274,0.0099020330710429,1.4713078219125495,0.002428553888806,5.245006963194105
10099,10099,Day2,WH320,Stationary,2.950130238995887,0.0137620713054573,0.975896127212291,0.0013469838427821,7.764287665388473,0.009065799246736,1.6596800246586545,0.0027995931195684,4.6781834751462705
