,Method,area,eccentricity,solidity,area_convex
0,FP2FM,2.973858207702637,0.9812948920648854,0.9420289855072463,3.1568648666381844
1,FP2FM,3.4064194015502935,0.9859448335043928,0.9264705882352942,3.676770147705079
2,FP2FM,2.815807002258301,0.9778101761594352,0.9350828729281768,3.011291387939454
3,FP2FM,3.2733236495971685,0.9827967374596691,0.9369047619047619,3.493763488769532
4,FP2FM,3.0362468414306645,0.9806422997346301,0.9136420525657072,3.3232345565795907
5,FP2FM,3.1568648666381844,0.9806342165056394,0.9133574007220217,3.4563303085327157
6,FP2FM,5.631614004516602,0.9937974804022423,0.8797920727745289,6.401073820495607
7,FP2FM,3.901369229125977,0.9860973572795226,0.9036608863198459,4.3172934539794925
8,FP2FM,3.281642134094239,0.980743211285368,0.927144535840188,3.5395151535034186
9,FP2FM,6.280455795288087,0.994930066829243,0.9101868595539482,6.900182890319826
10,FP2FM,2.545456256103516,0.9694965199426631,0.8476454293628809,3.0029729034423833
11,FP2FM,3.601903787231446,0.9839236296462555,0.8900308324768756,4.046942707824708
12,FP2FM,7.977426632690431,0.9938947987734232,0.713276310896244,11.184202406311037
13,FP2FM,3.4396933395385747,0.9820638396914478,0.8742071881606766,3.9346431671142583
14,FP2FM,3.5727890914917,0.9825404918974207,0.9306608884073673,3.83898059539795
15,FP2FM,3.631018482971192,0.9860159664012362,0.9458288190682557,3.83898059539795
16,FP2FM,2.1711244537353522,0.951325691483474,0.9775280898876404,2.2210353607177735
17,FP2FM,3.265005165100098,0.9838736189069297,0.9268004722550177,3.522878184509278
18,FP2FM,3.2982791030883796,0.9794116137429503,0.934040047114252,3.5311966690063485
20,FP2FM,3.6684516632080086,0.9766927408673843,0.8538238141335914,4.296497242736817
21,FP2FM,3.2234127426147468,0.981154820461581,0.9675405742821473,3.331553041076661
22,FP2FM,2.994654418945313,0.9778648849074036,0.8877928483353884,3.3731454635620124
23,FP2FM,1.9049329498291019,0.9642851334977652,0.9141716566866267,2.0837803665161134
24,FP2FM,3.1111132019042973,0.9808298719110307,0.9268897149938042,3.356508494567872
25,FP2FM,3.43553409729004,0.9787719186387555,0.8428571428571429,4.0760574035644535
26,FP2FM,3.489604246520997,0.98430076332646,0.9139433551198257,3.8181843841552743
27,FP2FM,3.7266810546875004,0.9844751629234981,0.9041372351160444,4.121809068298341
28,FP2FM,3.285801376342774,0.9761302551633673,0.8846584546472565,3.7142033279418953
29,FP2FM,5.149141903686524,0.9890412773241638,0.9501151189562548,5.41949264984131
30,FP2FM,4.046942707824708,0.9844041111267843,0.9410058027079303,4.300656484985352
31,FP2FM,3.888891502380372,0.9805195032748095,0.9025096525096525,4.308974969482422
32,FP2FM,7.062393338012697,0.9945561682637695,0.9017525225703664,7.8318531539917
33,FP2FM,3.5062412155151375,0.9801853867145462,0.9103671706263499,3.8514583221435554
34,FP2FM,3.7433180236816415,0.9786166836232363,0.9054325955734407,4.134286795043947
35,FP2FM,3.8098658996582038,0.9734895847949397,0.9366053169734151,4.067738919067383
36,FP2FM,4.321452696228029,0.9812325964756743,0.938572719060524,4.604281169128419
37,FP2FM,7.640528010559083,0.9927305139506402,0.9231155778894472,8.276892074584962
38,FP2FM,3.3939416748046884,0.9731641301646949,0.9315068493150684,3.6434962097167976
39,FP2FM,3.8514583221435554,0.9825162708432053,0.9334677419354839,4.125968310546876
40,FP2FM,4.924542822265625,0.9920167876586888,0.9271730618637432,5.311352351379395
41,FP2FM,2.90315108947754,0.9754230666183152,0.931909212283044,3.1152724441528328
42,FP2FM,2.408201261901856,0.9599033262043216,0.9414634146341463,2.557933982849122
43,FP2FM,2.5537747406005864,0.953748383046997,0.9374045801526718,2.724303672790528
44,FP2FM,2.6411188278198248,0.9511190806426096,0.9393491124260355,2.811647760009766
45,FP2FM,2.8532401824951177,0.9611855700159784,0.9648382559774965,2.9572212387084966
46,FP2FM,3.119431686401368,0.970660778345226,0.9433962264150944,3.3065975875854496
47,FP2FM,2.3790865661621097,0.9636201254293296,0.9407894736842105,2.5288192871093758
48,FP2FM,5.914442477416993,0.9936422736502335,0.7821782178217822,7.561502407836916
49,FP2FM,3.281642134094239,0.9795002699492419,0.926056338028169,3.5436743957519536
50,FP2FM,3.265005165100098,0.971935780161903,0.7377819548872181,4.425433752441408
51,FP2FM,3.597744544982911,0.9883334151604211,0.9086134453781513,3.95959862060547
52,FP2FM,2.803329275512696,0.9795392183754094,0.8362282878411911,3.352349252319337
53,FP2FM,3.206775773620606,0.9806428271638745,0.9289156626506024,3.4521710662841802
54,FP2FM,4.625077380371095,0.9878491944004082,0.7716863289382373,5.993468080139162
55,FP2FM,6.371959124755861,0.9901251067103775,0.5949514563106796,10.71004878997803
56,FP2FM,3.560311364746094,0.9859693428845735,0.8916666666666667,3.992872558593751
57,FP2FM,9.466435357666017,0.9975016718605182,0.7867265814033875,12.03268782501221
58,FP2FM,2.728462915039063,0.9780930624517634,0.9304964539007092,2.9322657852172855
59,FP2FM,8.172911018371583,0.9968470850610532,0.896850753080785,9.11289976654053
60,FP2FM,1.9506846145629886,0.9398250818562669,0.9730290456431535,2.0047547637939456
61,FP2FM,2.965539723205567,0.9763353810083043,0.9320261437908497,3.181820320129395
62,FP2FM,3.4854450042724614,0.9849260232731857,0.9059459459459459,3.8472990798950204
63,FP2FM,4.184197702026368,0.9917578825805665,0.7732513451191392,5.41117416534424
64,FP2FM,2.832443971252442,0.9776969291877042,0.908,3.119431686401368
65,FP2FM,3.265005165100098,0.9801129357976902,0.8900226757369615,3.6684516632080086
66,FP2FM,3.8223436264038098,0.9881986109628977,0.9144278606965174,4.180038459777833
67,FP2FM,3.493763488769532,0.9845033463656006,0.9343715239154616,3.7391587814331064
68,FP2FM,4.6375551071167,0.990989389596638,0.9230132450331126,5.0243646362304695
69,FP2FM,5.673206427001954,0.9934909383103255,0.8932547478716437,6.3511629135131855
70,FP2FM,4.375522845458985,0.9903925714726362,0.9006849315068494,4.857994946289063
71,FP2FM,5.186575083923341,0.9915873973278436,0.8659722222222223,5.989308837890626
72,FP2FM,4.78312858581543,0.988703799917419,0.8928571428571429,5.357104016113282
73,FP2FM,5.6191362777709974,0.9941156473085228,0.9097643097643098,6.176474739074708
74,FP2FM,3.5311966690063485,0.983917847215684,0.9238302502720348,3.8223436264038098
75,FP2FM,3.905528471374512,0.9822614346267872,0.8654377880184332,4.512777839660646
76,FP2FM,2.815807002258301,0.9758114156587431,0.9442119944211994,2.9821766921997077
77,FP2FM,6.970890008544923,0.9928500807378857,0.7924349881796691,8.796797355651856
78,FP2FM,4.754013890075684,0.9855215921616254,0.8901869158878505,5.340467047119142
80,FP2FM,2.262627783203125,0.9679726975460893,0.9379310344827586,2.4123605041503913
81,FP2FM,4.313134211730958,0.9842727411356964,0.9225978647686833,4.674988287353517
82,FP2FM,3.947120893859864,0.9803189785793504,0.9204655674102813,4.288178758239747
83,FP2FM,3.6892478744506843,0.9750631400182036,0.9506966773847803,3.8805730178833016
84,FP2FM,6.530010330200196,0.992457311468703,0.8481901674770395,7.698757402038575
85,FP2FM,6.625672901916506,0.9886692205358517,0.7571292775665399,8.75104569091797
86,FP2FM,6.222226403808595,0.9937592525344393,0.9028364514182257,6.891864405822756
87,FP2FM,4.4628669326782235,0.9909296675525319,0.8723577235772357,5.115867965698244
88,FP2FM,3.601903787231446,0.9753769207709283,0.914466737064414,3.938802409362794
89,FP2FM,3.676770147705079,0.9736677972455718,0.9246861924686193,3.97623558959961
90,FP2FM,3.6684516632080086,0.9740951455228058,0.9382978723404255,3.9096877136230477
91,FP2FM,3.464648793029786,0.9751819866799878,0.9317673378076062,3.7183625701904304
92,FP2FM,8.127159353637698,0.9952212565089501,0.881768953068592,9.216880822753907
93,FP2FM,3.256686680603028,0.9688178826703338,0.9233490566037735,3.527037426757813
94,FP2FM,3.7557957504272466,0.9766890943747819,0.9435736677115988,3.9803948318481455
95,FP2FM,4.275701031494141,0.9820548191987386,0.9345454545454546,4.5751664733886726
96,FP2FM,4.13012755279541,0.9860937377594451,0.9245810055865922,4.467026174926759
97,FP2FM,4.408796783447267,0.9806429548154719,0.9241499564080209,4.770650859069825
98,FP2FM,4.001191043090821,0.9792568154114331,0.9376218323586745,4.267382546997071
99,FP2FM,4.383841329956056,0.9880324905119908,0.8993174061433447,4.874631915283204
100,FP2FM,3.7142033279418953,0.984107993917968,0.9439746300211417,3.9346431671142583
102,FP2FM,5.897805508422853,0.9927556690563384,0.908974358974359,6.488417907714845
103,FP2FM,3.4272156127929696,0.9836201832871945,0.9279279279279279,3.6934071166992193
104,FP2FM,3.4812857620239264,0.9806611188206438,0.9331103678929766,3.730840296936036
105,FP2FM,2.8199662445068365,0.9724666353381561,0.9186991869918699,3.069520779418946
106,FP2FM,3.05704305267334,0.9757839272733905,0.9386973180076629,3.256686680603028
107,FP2FM,3.9845540740966805,0.9856443639332979,0.9876288659793815,4.034464981079102
108,FP2FM,6.039219744873049,0.9921968310881083,0.8526130358191427,7.083189549255373
109,FP2FM,3.8930507446289067,0.9845337239278154,0.9445005045408678,4.121809068298341
110,FP2FM,6.879386679077149,0.9939348822594618,0.8241155954160438,8.34759919281006
111,FP2FM,3.2608459228515634,0.9753976594029623,0.9245283018867925,3.527037426757813
112,FP2FM,2.9863359344482427,0.9711091741490914,0.9288486416558862,3.2150942581176762
113,FP2FM,3.0404060836792,0.9732451739562842,0.926489226869455,3.281642134094239
114,FP2FM,3.1235909286499033,0.9787506374014641,0.9306071871127634,3.356508494567872
115,FP2FM,5.910283235168459,0.9891414296018389,0.8549939831528279,6.9126606170654314
116,FP2FM,3.448011824035645,0.9727766365901209,0.9506880733944955,3.626859240722657
117,FP2FM,5.336307804870606,0.9905081330340055,0.9223580158159598,5.785505967712404
118,FP2FM,4.2049939132690435,0.9812415396288582,0.9628571428571429,4.367204360961915
119,FP2FM,4.25074557800293,0.9829258933823247,0.9165919282511211,4.6375551071167
120,FP2FM,3.7890696884155277,0.9757192138548576,0.9146586345381527,4.142605279541017
121,FP2FM,5.456925830078126,0.9919333498362467,0.9219957835558679,5.918601719665529
122,FP2FM,3.3481900100708013,0.9692220493198489,0.93279258400927,3.5894260604858403
123,FP2FM,2.458112168884278,0.9602138190797782,0.9425837320574163,2.607844889831543
124,FP2FM,3.235890469360352,0.9714383264224489,0.9511002444987775,3.4022601593017585
125,FP2FM,4.471185417175294,0.9856655466871934,0.9291270527225584,4.812243281555177
126,FP2FM,4.49198162841797,0.9891441192876177,0.8874281018898932,5.061797816467286
127,FP2FM,4.849676461791994,0.9915141296162185,0.9116497263487099,5.319670835876465
128,FP2FM,2.5038638336181642,0.9585435538966796,0.9247311827956989,2.707666703796387
129,FP2FM,0.3660133178710938,0.9457880457804785,0.9263157894736842,0.3951280136108399
130,FP2FM,4.479503901672364,0.9879907443201434,0.9111675126903553,4.916224337768556
131,FP2FM,7.357699537658693,0.9951087761315626,0.9076449461262186,8.10636314239502
132,FP2FM,4.51693708190918,0.98672067026236,0.923469387755102,4.891268884277345
133,FP2FM,6.9126606170654314,0.9918684064926785,0.8044530493707648,8.592994485473634
134,FP2FM,6.051697471618653,0.9903306323968007,0.7784911717495987,7.773623762512209
135,FP2FM,6.072493682861329,0.9927281777534067,0.9165097300690521,6.625672901916506
136,FP2FM,6.925138343811036,0.9941819896028661,0.9083469721767594,7.623891041564942
137,FP2FM,5.764709756469728,0.9917334802103869,0.9118421052631579,6.322048217773438
138,FP2FM,3.0819985061645516,0.9757271136025382,0.9356060606060606,3.2941198608398445
139,FP2FM,3.2400497116088873,0.981944129256137,0.9284862932061978,3.489604246520997
140,FP2FM,3.127750170898438,0.9782654217815016,0.9049338146811071,3.4563303085327157
141,FP2FM,4.78312858581543,0.9889988920922436,0.9185303514376997,5.207371295166016
142,FP2FM,6.0808121673584,0.9902607864733648,0.7860215053763441,7.736190582275392
143,FP2FM,3.1235909286499033,0.975355355577566,0.9411027568922306,3.319075314331055
144,FP2FM,2.8241254867553716,0.9693372290525579,0.9301369863013699,3.0362468414306645
145,FP2FM,4.916224337768556,0.9903032104419631,0.9227166276346604,5.327989320373536
146,FP2FM,5.743913545227052,0.9848036549206156,0.7111225540679712,8.077248446655275
147,FP2FM,3.4105786437988286,0.9783047076939247,0.9213483146067416,3.70172560119629
148,FP2FM,5.856213085937501,0.9924483735200833,0.9066323245331617,6.459303211975099
149,FP2FM,4.267382546997071,0.9876808065529619,0.938700823421775,4.546051777648926
150,FP2FM,5.598340066528322,0.9862904580386573,0.7399670148433205,7.565661650085451
151,FP2FM,4.167560733032227,0.9894443300352479,0.9408450704225352,4.429592994689942
152,FP2FM,4.749854647827149,0.9847539697947716,0.8471810089020771,5.606658551025392
153,FP2FM,5.976831111145021,0.9874008630243754,0.6472972972972973,9.23351779174805
154,FP2FM,6.559125025939943,0.9831912784529309,0.6513837257331682,10.069525483703616
155,FP2FM,4.146764521789551,0.9902937736386161,0.9055404178019982,4.579325715637208
156,FP2FM,3.8306621109008794,0.9635558068640481,0.6495063469675599,5.897805508422853
157,FP2FM,3.8764137756347665,0.979382655243481,0.770885028949545,5.028523878479004
158,FP2FM,5.1533011459350595,0.9872912753187537,0.908357771260997,5.673206427001954
159,FP2FM,3.734999539184571,0.9789692755686985,0.8215919487648673,4.546051777648926
160,FP2FM,6.2305448883056656,0.9797715139618585,0.5987210231814548,10.406424105834963
161,FP2FM,5.369581742858888,0.9767672044857648,0.647767185148018,8.289369801330567
162,FP2FM,5.910283235168459,0.9906916273111473,0.8115362649914335,7.28283317718506
163,FP2FM,6.263818826293946,0.9944287411347537,0.8049171566007483,7.781942247009279
164,FP2FM,5.248963717651368,0.9904264696003724,0.9327420546932742,5.6274547622680675
165,FP2FM,6.163997012329103,0.9726241742504111,0.5511342506507996,11.184202406311037
166,FP2FM,3.6934071166992193,0.9842088243997772,0.8199445983379502,4.504459355163575
167,FP2FM,6.342844429016115,0.991498089697532,0.7788559754851889,8.143796322631838
168,FP2FM,3.5852668182373053,0.9816080332075617,0.7966728280961183,4.50030011291504
169,FP2FM,6.010105049133301,0.9886799618645843,0.7421674370826913,8.098044657897951
170,FP2FM,7.170533636474611,0.9910677435384897,0.6689949553744664,10.7183672744751
171,FP2FM,3.905528471374512,0.9852368313771874,0.9333996023856859,4.184197702026368
172,FP2FM,7.40345120239258,0.9853765598408629,0.5239917574330292,14.12894591827393
173,FP2FM,3.4313748550415046,0.9789600249811874,0.9322033898305084,3.680929389953614
174,FP2FM,4.662510560607911,0.9894265426643358,0.8882725832012678,5.248963717651368
175,FP2FM,7.361858779907228,0.9936857731832385,0.7672301690507152,9.595371867370607
176,FP2FM,3.152705624389649,0.9736531521320118,0.8917647058823529,3.5353559112548836
177,FP2FM,2.2043983917236334,0.9247480163491999,0.9380530973451328,2.349971870422364
178,FP2FM,3.5062412155151375,0.9723197040820319,0.939799331103679,3.730840296936036
179,FP2FM,3.3232345565795907,0.974388428440291,0.936694021101993,3.5478336380004887
180,FP2FM,6.7754056228637705,0.9919555687967873,0.7407912687585266,9.146173704528811
181,FP2FM,3.751636508178712,0.9830800382703759,0.9298969072164949,4.034464981079102
182,FP2FM,6.380277609252931,0.9605808169053022,0.49563812600969304,12.872854759216311
183,FP2FM,3.414737886047364,0.9815030099507416,0.9491329479768786,3.597744544982911
184,FP2FM,5.523473706054689,0.9678843530952389,0.5960502692998204,9.266791729736331
185,FP2FM,3.4105786437988286,0.9797894662427138,0.9339407744874715,3.6518146942138676
186,FP2FM,3.1693425933837895,0.9767501456677682,0.906064209274673,3.497922731018067
187,FP2FM,4.76649161682129,0.9809137216619701,0.71939736346516,6.625672901916506
188,FP2FM,3.5894260604858403,0.9796346384102816,0.9349945828819068,3.83898059539795
189,FP2FM,3.7266810546875004,0.9816660255175689,0.8598848368522073,4.3339304229736335
190,FP2FM,3.8930507446289067,0.9834918199410653,0.9649484536082474,4.034464981079102
191,FP2FM,4.6957844985961925,0.9859066431762625,0.9269293924466339,5.065957058715821
192,FP2FM,5.914442477416993,0.9922607418582635,0.7852015461071231,7.53238771209717
193,FP2FM,5.510995979309083,0.9921500089949165,0.8001207729468599,6.8877051635742195
194,FP2FM,5.681524911499025,0.9914680196466277,0.9356164383561644,6.072493682861329
195,FP2FM,4.017828012084962,0.9788781308839243,0.7654516640253566,5.248963717651368
196,FP2FM,1.9465253723144533,0.9502119764827788,0.9609856262833676,2.0255509750366216
197,FP2FM,5.486040525817872,0.991039134119899,0.8417358008934269,6.517532603454591
198,FP2FM,20.496745800781255,0.9824440063413976,0.3940193491644679,52.0196428024292
199,FP2FM,5.461085072326661,0.9911242189191805,0.9111727966689799,5.993468080139162
200,FP2FM,6.891864405822756,0.9938248038779043,0.8711882229232387,7.910878756713869
201,FP2FM,6.384436851501466,0.992984624585951,0.8580212409167133,7.440884382629396
202,FP2FM,5.893646266174318,0.9931828832593241,0.9008264462809917,6.542488056945802
203,FP2FM,4.51693708190918,0.9862238593344131,0.8807785888077859,5.128345692443848
204,FP2FM,2.907310331726075,0.9746942646327692,0.9137254901960784,3.181820320129395
205,FP2FM,1.559715843200684,0.9215996741954048,0.946969696969697,1.6470599304199223
206,FP2FM,0.7777783004760743,0.8974706775461515,0.9077669902912622,0.8568039031982424
207,FP2FM,3.6143815139770514,0.9771126934475359,0.8977272727272727,4.026146496582032
208,FP2FM,6.8086795608520525,0.8748603166209943,0.6835073068893528,9.961385185241701
211,FP2FM,4.595962684631349,0.9722244604091662,0.4902395740905058,9.374932028198243
212,FP2FM,0.14973272094726564,0.9357429220883619,0.9230769230769231,0.16221044769287113
213,FP2FM,4.358885876464845,0.9773587568904201,0.6336154776299879,6.879386679077149
214,FP2FM,5.107549481201173,0.9878761950471685,0.7617866004962779,6.704698504638674
215,FP2FM,5.781346725463868,0.9859915973507101,0.6754130223517979,8.559720547485353
216,FP2FM,5.3862187118530285,0.9896533312731058,0.8160050409577819,6.600717448425295
217,FP2FM,4.321452696228029,0.9854051943608564,0.889554794520548,4.857994946289063
218,FP2FM,4.267382546997071,0.9884331151199803,0.918531781557744,4.64587359161377
219,FP2FM,4.234108609008789,0.9861118103323799,0.8686006825938567,4.874631915283204
220,FP2FM,3.9138469558715827,0.9854952468866615,0.9344587884806356,4.188356944274903
221,FP2FM,7.998222843933107,0.9942745133245174,0.8005828476269775,9.990499880981448
222,FP2FM,5.261441444396974,0.9931029099628049,0.9146782357194505,5.752232029724122
223,FP2FM,3.044565325927735,0.9779964213180582,0.9312977099236641,3.2691644073486334
224,FP2FM,3.7557957504272466,0.9793648717334923,0.9299691040164778,4.038624223327638
225,FP2FM,2.811647760009766,0.9779321910100713,0.9197278911564626,3.05704305267334
226,FP2FM,3.8265028686523443,0.9780813625277428,0.9255533199195171,4.134286795043947
227,FP2FM,4.916224337768556,0.9908918910074204,0.8914027149321267,5.5151552215576185
228,FP2FM,5.5484291595459,0.9905586350381768,0.9414255469301341,5.893646266174318
229,FP2FM,4.9037466110229495,0.989871213060219,0.9261586802827966,5.294715382385255
230,FP2FM,5.132504934692383,0.9878030647607393,0.9250374812593704,5.5484291595459
231,FP2FM,4.296497242736817,0.9862649685084722,0.9214986619090099,4.662510560607911
232,FP2FM,4.641714349365236,0.9840622532519702,0.9522184300341296,4.874631915283204
233,FP2FM,4.442070721435547,0.9885709530037683,0.9393139841688655,4.729058436584474
234,FP2FM,5.6440917312622085,0.9910038341957803,0.9269125683060109,6.08913065185547
236,FP2FM,5.847894601440431,0.9901296550184018,0.8444444444444444,6.925138343811036
237,FP2FM,5.980990353393556,0.9914923121750044,0.9448094612352168,6.330366702270509
238,FP2FM,6.342844429016115,0.9909698672706926,0.8830341632889404,7.183011363220216
239,FP2FM,6.151519285583497,0.9918017263134594,0.9107142857142857,6.754609411621095
240,FP2FM,5.590021582031251,0.9869985574650358,0.9484827099505999,5.893646266174318
241,FP2FM,4.167560733032227,0.9744703394024494,0.9524714828897338,4.375522845458985
242,FP2FM,3.868095291137696,0.9792477546810022,0.9099804305283757,4.25074557800293
243,FP2FM,4.425433752441408,0.984731148489958,0.9333333333333333,4.741536163330079
244,FP2FM,2.5787301940917975,0.9610334607598964,0.9281437125748503,2.778373822021485
245,FP2FM,3.1069539596557623,0.9788043064206391,0.9245049504950495,3.360667736816407
246,FP2FM,3.2275719848632822,0.9761169635665915,0.9183431952662722,3.5145597000122075
247,FP2FM,3.3939416748046884,0.9757587953017436,0.9368541905855339,3.6226999984741215
248,FP2FM,5.827098390197755,0.9916185483225153,0.9032882011605415,6.450984727478028
249,FP2FM,2.7409406417846682,0.9713182338978296,0.9400855920114123,2.915628816223145
250,FP2FM,6.575761994934083,0.993898617523361,0.9165217391304348,7.174692878723146
251,FP2FM,6.163997012329103,0.9925896912085147,0.9042098840756558,6.816998045349123
252,FP2FM,3.368986221313477,0.973905366574579,0.9215017064846417,3.655973936462403
253,FP2FM,2.491386106872559,0.9594108708431397,0.9301242236024845,2.678552008056641
254,FP2FM,6.288774279785158,0.9936613929660808,0.9202678027997565,6.833635014343264
255,FP2FM,4.670829045104981,0.9842123468953907,0.9444911690496215,4.945339033508302
256,FP2FM,5.244804475402833,0.9917397506395197,0.9085014409221902,5.773028240966798
257,FP2FM,4.591803442382814,0.987617265108959,0.9316455696202531,4.9287020645141615
258,FP2FM,6.567443510437013,0.9926460819972416,0.8652054794520548,7.590617103576662
259,FP2FM,6.421870031738282,0.992312337667547,0.8620882188721385,7.449202867126466
260,FP2FM,7.28283317718506,0.9942606285636028,0.8715778994524639,8.355917677307131
261,FP2FM,7.058234095764161,0.9943650386429446,0.8856993736951984,7.969108148193361
262,FP2FM,4.338089665222168,0.9844609971465369,0.9279359430604982,4.674988287353517
263,FP2FM,3.493763488769532,0.983017061417054,0.9513023782559457,3.6726109054565437
264,FP2FM,3.2400497116088873,0.9769797458544631,0.95,3.4105786437988286
265,FP2FM,4.812243281555177,0.9873782909590632,0.8955108359133127,5.373740985107423
266,FP2FM,4.654192076110841,0.9887201556103408,0.9240297274979355,5.036842362976075
267,FP2FM,4.899587368774415,0.9871825812254991,0.8693726937269373,5.635773246765138
268,FP2FM,4.849676461791994,0.9881394574478337,0.919558359621451,5.273919171142579
269,FP2FM,4.288178758239747,0.9894850484065176,0.895742832319722,4.787287828063966
271,FP2FM,4.3172934539794925,0.9902229137144802,0.8700754400670578,4.961976002502442
272,FP2FM,18.907915261840824,0.9917240679407298,0.3739409393764909,50.5639080154419
273,FP2FM,4.562688746643067,0.9855283816986637,0.9352088661551577,4.878791157531739
274,FP2FM,4.625077380371095,0.988134453288416,0.897497982243745,5.1533011459350595
275,FP2FM,2.300060963439942,0.9729593066857265,0.9294117647058824,2.4747491378784185
276,FP2FM,1.7427225021362307,0.9633146454943972,0.9088937093275488,1.9174106765747074
277,FP2FM,3.6351777252197275,0.9868663672114618,0.9038262668045501,4.021987254333497
278,FP2FM,17.51040986633301,0.9241981183335993,0.21924799500052078,79.86576965637208
279,FP2FM,2.799170033264161,0.9829840714081024,0.9360222531293463,2.990495176696778
280,FP2FM,5.6440917312622085,0.9902120086795501,0.9326460481099657,6.051697471618653
281,FP2FM,4.712421467590333,0.9884955977799276,0.9233903830480847,5.103390238952637
282,FP2FM,4.271541789245606,0.9865947166648172,0.9491682070240296,4.50030011291504
283,FP2FM,6.064175198364259,0.9942206879904923,0.8709677419354839,6.962571524047853
284,FP2FM,6.75876865386963,0.9935158064855933,0.8736559139784946,7.736190582275392
285,FP2FM,5.810461421203614,0.9907911053894459,0.8145772594752186,7.133100456237794
286,FP2FM,7.374336506652834,0.9937879809190109,0.8851722416375437,8.33096222381592
287,FP2FM,4.475344659423829,0.9797972995729606,0.794682422451994,5.631614004516602
288,FP2FM,3.8057066574096687,0.9752136064074309,0.6742815033161386,5.6440917312622085
289,FP2FM,6.771246380615236,0.9878188816046728,0.6957264957264957,9.732626861572268
290,FP2FM,6.7920425918579115,0.9856591398745661,0.6547714514835605,10.373150167846681
291,FP2FM,7.573980134582521,0.995070572337086,0.8597733711048159,8.809275082397463
292,FP2FM,4.067738919067383,0.981130025482032,0.9270142180094787,4.388000572204591
293,FP2FM,3.7391587814331064,0.9824076617113047,0.9239465570400822,4.046942707824708
294,FP2FM,5.115867965698244,0.9886045579847518,0.9227306826706677,5.544269917297364
295,FP2FM,7.648846495056154,0.9942375700181931,0.8569431500465983,8.925733865356447
296,FP2FM,4.121809068298341,0.9849049799682748,0.9331450094161958,4.417115267944337
297,FP2FM,3.3648269790649423,0.9734374751943342,0.7931372549019607,4.24242709350586
298,FP2FM,4.163401490783692,0.9878473941333106,0.8913624220837043,4.670829045104981
299,FP2FM,9.00060022583008,0.996809744508701,0.8476302389345868,10.618545460510257
300,FP2FM,3.8639360488891605,0.9802914360563337,0.9072265625,4.259064062500001
301,FP2FM,4.200834671020509,0.9821302437287508,0.831275720164609,5.053479331970216
302,FP2FM,5.307193109130861,0.9906275118884603,0.9327485380116959,5.689843395996095
303,FP2FM,4.512777839660646,0.9787079724508161,0.7013574660633484,6.434347758483888
304,FP2FM,6.11408610534668,0.990438253995266,0.8936170212765957,6.841953498840334
305,FP2FM,4.483663143920899,0.9836207450492831,0.9325259515570934,4.8080840393066415
306,FP2FM,3.5686298492431647,0.9797763321802424,0.9186295503211992,3.8847322601318366
307,FP2FM,3.194298046875,0.9721614779097789,0.9446494464944649,3.3814639480590825
308,FP2FM,4.762332374572755,0.9822097551107134,0.8109065155807366,5.872850054931642
309,FP2FM,4.192516186523438,0.978443060680949,0.8242027800490597,5.086753269958497
310,FP2FM,4.799765554809571,0.9866100584635228,0.8973561430793157,5.348785531616212
311,FP2FM,4.9370205490112316,0.9877058589020946,0.8341531974701335,5.918601719665529
312,FP2FM,3.8472990798950204,0.9812843280954502,0.9305835010060363,4.134286795043947
313,FP2FM,6.6880615356445325,0.9925790772408141,0.860813704496788,7.769464520263673
314,FP2FM,2.882354878234864,0.9563408655141373,0.9506172839506173,3.0320875991821294
315,FP2FM,6.89602364807129,0.9905088901280731,0.8373737373737373,8.235299652099611
316,FP2FM,4.629236622619629,0.9834313695934029,0.8954143201930812,5.1699381149292
317,FP2FM,3.148546382141114,0.9704036230117111,0.9368811881188119,3.360667736816407
318,FP2FM,3.077839263916016,0.9715258328854235,0.9331651954602774,3.2982791030883796
319,FP2FM,4.458707690429688,0.9800809227195895,0.7819110138584975,5.702321122741701
320,FP2FM,5.881168539428712,0.9806598952212817,0.7368421052631579,7.9815858749389665
321,FP2FM,3.3232345565795907,0.9606243115044107,0.7453358208955224,4.458707690429688
323,FP2FM,0.8443261764526369,0.9397099905686788,0.918552036199095,0.9191925369262698
324,FP2FM,0.9940588973999025,0.8805160800358828,0.9227799227799228,1.0772437423706056
325,FP2FM,3.897209986877442,0.9887356618375055,0.9044401544401545,4.308974969482422
326,FP2FM,3.7266810546875004,0.9903388005949031,0.872444011684518,4.271541789245606
327,FP2FM,3.9845540740966805,0.9868913954284242,0.9185043144774688,4.338089665222168
328,FP2FM,4.9037466110229495,0.9914102572081732,0.9239811912225705,5.307193109130861
329,FP2FM,2.349971870422364,0.962330181431919,0.9385382059800664,2.5038638336181642
330,FP2FM,2.25015005645752,0.952579533446796,0.9376083188908145,2.3998827774047853
331,FP2FM,4.529414808654787,0.9858169702660498,0.9120603015075377,4.966135244750977
332,FP2FM,3.1069539596557623,0.9780713543288024,0.7432835820895523,4.180038459777833
333,FP2FM,4.21747164001465,0.9884248548320002,0.9184782608695652,4.591803442382814
334,FP2FM,1.5098049362182622,0.9146193482369164,0.9502617801047121,1.58883053894043
335,FP2FM,1.6137859924316411,0.9669534022583549,0.9326923076923077,1.7302447753906254
336,FP2FM,4.279860273742677,0.9886952952017196,0.8532338308457711,5.016046151733399
337,FP2FM,3.8472990798950204,0.9853827109264053,0.810692375109553,4.745695405578615
338,FP2FM,2.7950107910156254,0.9751044676380982,0.9385474860335196,2.9780174499511727
339,FP2FM,3.7391587814331064,0.9791237259518695,0.7824194952132288,4.778969343566895
340,FP2FM,3.6226999984741215,0.9784644383178688,0.7954337899543379,4.554370262145997
341,FP2FM,4.09685361480713,0.9885356364358271,0.8040816326530612,5.095071754455568
342,FP2FM,3.2691644073486334,0.98055439173301,0.9312796208530806,3.5104004577636725
343,FP2FM,3.9512801361083993,0.9851248198754194,0.9250243427458618,4.271541789245606
344,FP2FM,4.2382678512573255,0.9851687172633277,0.8792062122519413,4.820561766052246
345,FP2FM,2.969698965454102,0.9791932638705161,0.937007874015748,3.1693425933837895
346,FP2FM,2.595367163085938,0.9699210313778404,0.9327354260089686,2.78253306427002
347,FP2FM,3.918006198120118,0.984839570704342,0.80306905370844,4.878791157531739
348,FP2FM,3.7557957504272466,0.9787457591508105,0.8376623376623377,4.483663143920899
349,FP2FM,4.496140870666505,0.9867881802675365,0.8926507018992568,5.036842362976075
350,FP2FM,5.2822376556396495,0.9916129849641137,0.9149855907780979,5.773028240966798
351,FP2FM,3.58110757598877,0.980447211681539,0.9258064516129032,3.868095291137696
352,FP2FM,4.949498275756837,0.9907740810017351,0.9231962761830876,5.361263258361817
353,FP2FM,3.5020819732666024,0.9759209536590616,0.8174757281553398,4.284019515991212
354,FP2FM,4.683306771850587,0.9895796949840778,0.9359933499584372,5.003568424987794
355,FP2FM,0.22875832366943363,0.9263830198142017,0.8870967741935484,0.2578730194091797
356,FP2FM,3.793228930664063,0.9841579287235914,0.9450777202072539,4.013668769836427
357,FP2FM,3.843139837646485,0.9826891263762519,0.9058823529411765,4.24242709350586
358,FP2FM,2.849080940246582,0.9796587485706927,0.9182305630026809,3.1027947174072272
359,FP2FM,8.08972617340088,0.9950947993073087,0.7426498663612066,10.893055448913575
360,FP2FM,3.331553041076661,0.9811190637515989,0.9379391100702577,3.551992880249024
361,FP2FM,3.0653615371704106,0.9771616992827676,0.93173198482933,3.2899606185913095
362,FP2FM,5.336307804870606,0.9887368584510714,0.7842298288508558,6.804520318603517
363,FP2FM,5.494359010314943,0.9884658639837698,0.7191072400653239,7.640528010559083
364,FP2FM,2.574570951843262,0.9745764168257504,0.9211309523809523,2.7950107910156254
365,FP2FM,4.0760574035644535,0.9826556300464064,0.9090909090909091,4.483663143920899
366,FP2FM,3.6726109054565437,0.985781242240558,0.9275210084033614,3.95959862060547
367,FP2FM,4.354726634216309,0.9834523909357435,0.9096437880104257,4.787287828063966
368,FP2FM,4.383841329956056,0.9892692643161332,0.812644564379337,5.3945371963500985
369,FP2FM,9.379091270446779,0.9931547915206617,0.6749476204729123,13.896028352355959
370,FP2FM,3.868095291137696,0.9861934215688667,0.9226190476190477,4.192516186523438
371,FP2FM,4.338089665222168,0.9847677790993197,0.9038128249566725,4.799765554809571
372,FP2FM,5.178256599426271,0.9762043922194342,0.6361778231987736,8.139637080383302
373,FP2FM,4.970294486999513,0.9889219797312934,0.8864985163204748,5.606658551025392
374,FP2FM,4.005350285339356,0.9815710877256203,0.9404296875,4.259064062500001
375,FP2FM,4.512777839660646,0.9809149664129582,0.9305317324185248,4.849676461791994
376,FP2FM,6.567443510437013,0.9896480361800915,0.7409666823087753,8.86334523162842
377,FP2FM,3.751636508178712,0.9843996722568255,0.9074446680080482,4.134286795043947
378,FP2FM,5.03268312072754,0.988320299701753,0.9243697478991597,5.444448103332521
379,FP2FM,4.512777839660646,0.984539388774673,0.9273504273504274,4.866313430786134
380,FP2FM,4.234108609008789,0.9825640910033621,0.9187725631768953,4.608440411376954
381,FP2FM,6.2055894348144545,0.9901655067333391,0.8579643473260494,7.232922270202638
382,FP2FM,7.141418940734864,0.9882525675190283,0.637815750371471,11.196680133056644
383,FP2FM,6.442666242980958,0.9935553893976429,0.7519417475728155,8.568039031982424
384,FP2FM,4.595962684631349,0.9890124055893955,0.8991049633848658,5.111708723449707
385,FP2FM,5.8686908126831066,0.9891088989467512,0.8863065326633166,6.62151365966797
386,FP2FM,6.542488056945802,0.9889030774759476,0.7658227848101266,8.543083578491212
387,FP2FM,2.8449216979980476,0.9768351717466798,0.9395604395604396,3.0279283569335944
388,FP2FM,0.1663696899414063,0.8782338356690933,0.8333333333333334,0.1996436279296875
389,FP2FM,2.1128950622558595,0.9484289970793117,0.9355432780847146,2.25846854095459
390,FP2FM,2.936425027465821,0.9754321073720331,0.9425901201602136,3.1152724441528328
391,FP2FM,1.401664637756348,0.9390109801297933,0.9546742209631728,1.4682125137329105
392,FP2FM,0.4616758895874024,0.8865511875726045,0.925,0.4991090698242189
393,FP2FM,2.38740505065918,0.9625711004262774,0.9303079416531604,2.5662524673461915
394,FP2FM,1.160428587341309,0.8858956010258534,0.9331103678929766,1.243613432312012
395,FP2FM,4.25074557800293,0.986563468657603,0.9052258635961028,4.6957844985961925
396,FP2FM,4.429592994689942,0.9846435823313509,0.8816225165562914,5.0243646362304695
397,FP2FM,4.001191043090821,0.9870648016558636,0.9161904761904762,4.367204360961915
398,FP2FM,4.084375888061524,0.9841680829781899,0.9334600760456274,4.375522845458985
399,FP2FM,3.6185407562255865,0.9793892823772725,0.916754478398314,3.947120893859864
400,FP2FM,3.647655451965333,0.9772241210457692,0.7502138579982891,4.862154188537598
401,FP2FM,5.681524911499025,0.9924896200947565,0.9330601092896175,6.08913065185547
402,FP2FM,4.042783465576172,0.9826980211002486,0.8983364140480592,4.50030011291504
403,FP2FM,5.186575083923341,0.9857207440493208,0.8118489583333334,6.38859609375
404,FP2FM,4.458707690429688,0.9847437162236952,0.7312414733969986,6.097449136352541
405,FP2FM,3.4396933395385747,0.9877916294539412,0.9271300448430493,3.7100440856933603
406,FP2FM,3.780751203918458,0.9787706959101193,0.8808139534883721,4.292338000488282
407,FP2FM,4.3339304229736335,0.9887431253570286,0.9221238938053097,4.699943740844728
408,FP2FM,4.292338000488282,0.9819861362942429,0.943327239488117,4.550211019897462
409,FP2FM,4.229949366760255,0.9868485947658178,0.9330275229357798,4.533574050903321
410,FP2FM,4.001191043090821,0.9835446456589618,0.9487179487179487,4.21747164001465
411,FP2FM,4.541892535400391,0.9859241818278688,0.908485856905158,4.999409182739258
412,FP2FM,3.897209986877442,0.9800373911646331,0.8358608385370205,4.662510560607911
413,FP2FM,3.7973881729125982,0.9861343087765074,0.9692144373673036,3.918006198120118
414,FP2FM,4.674988287353517,0.9901261360065011,0.9190515126737531,5.086753269958497
415,FP2FM,4.50030011291504,0.9813834369873107,0.8074626865671641,5.57338461303711
416,FP2FM,3.897209986877442,0.9819719262491573,0.9295634920634921,4.192516186523438
417,FP2FM,3.368986221313477,0.9803249343338487,0.9451575262543758,3.5644706069946297
418,FP2FM,5.224008264160157,0.991456720664454,0.8306878306878307,6.288774279785158
419,FP2FM,4.042783465576172,0.9812595094923546,0.9328214971209213,4.3339304229736335
420,FP2FM,4.708262225341798,0.9868744916623347,0.8977002379064235,5.244804475402833
421,FP2FM,3.2899606185913095,0.9810999352201933,0.9186991869918699,3.58110757598877
422,FP2FM,5.519314463806153,0.9905708540496927,0.9051841746248295,6.097449136352541
423,FP2FM,4.641714349365236,0.9876693041633805,0.901453957996769,5.149141903686524
424,FP2FM,4.749854647827149,0.9892301301523027,0.8777863182167563,5.41117416534424
425,FP2FM,4.433752236938477,0.9876736954488351,0.9087809036658141,4.878791157531739
426,FP2FM,4.88710964202881,0.9840157816956289,0.8042436687200547,6.076652925109864
427,FP2FM,5.785505967712404,0.9917555691379781,0.762609649122807,7.586457861328126
428,FP2FM,3.9803948318481455,0.9846680143479117,0.929126213592233,4.284019515991212
429,FP2FM,3.9637578628540044,0.98175630589371,0.9333986287952988,4.246586335754396
430,FP2FM,5.535951432800294,0.9933399902295043,0.8456162642947903,6.546647299194337
431,FP2FM,4.558529504394532,0.9825384045461092,0.8740031897926634,5.215689779663086
432,FP2FM,4.529414808654787,0.9816058507196845,0.9090150250417363,4.982772213745118
433,FP2FM,3.556152122497559,0.9839646417497204,0.9066808059384942,3.922165440368653
434,FP2FM,5.016046151733399,0.9932203417972739,0.876453488372093,5.723117333984376
435,FP2FM,6.380277609252931,0.9917903281064101,0.7616683217477657,8.376713888549807
436,FP2FM,4.924542822265625,0.984107344883439,0.9235569422776911,5.332148562622072
437,FP2FM,3.759954992675782,0.9737326361428622,0.9406867845993756,3.997031800842286
438,FP2FM,3.4396933395385747,0.9830158212778232,0.9219620958751393,3.730840296936036
439,FP2FM,4.76649161682129,0.9852177940085715,0.9416598192276089,5.061797816467286
440,FP2FM,4.196675428771973,0.9888115294168743,0.9273897058823529,4.52525556640625
441,FP2FM,6.891864405822756,0.9955391037436813,0.8243781094527363,8.360076919555667
442,FP2FM,5.215689779663086,0.9798698683157698,0.7261146496815286,7.183011363220216
443,FP2FM,5.5068367370605475,0.9846599549988803,0.7168381158635625,7.682120433044434
444,FP2FM,8.414147068786622,0.993968083705278,0.8446764091858038,9.961385185241701
445,FP2FM,4.234108609008789,0.9863377173523745,0.9322344322344323,4.541892535400391
446,FP2FM,4.046942707824708,0.9796626097422341,0.7949346405228758,5.090912512207032
447,FP2FM,5.224008264160157,0.9806201040038363,0.7589123867069486,6.883545921325685
448,FP2FM,4.9120650955200205,0.988138355053445,0.9049808429118774,5.427811134338381
449,FP2FM,5.1699381149292,0.9899241815564453,0.8253652058432935,6.263818826293946
450,FP2FM,6.259659584045411,0.9839702485885337,0.6489866321690384,9.64528277435303
451,FP2FM,3.597744544982911,0.980556944823977,0.8772819472616633,4.101012857055665
452,FP2FM,5.0410016052246105,0.9868817532347307,0.7952755905511811,6.338685186767579
453,FP2FM,4.6375551071167,0.9875889513177454,0.8948635634028892,5.182415841674806
454,FP2FM,4.229949366760255,0.9847366754951895,0.9347426470588235,4.52525556640625
455,FP2FM,3.997031800842286,0.9783351694979036,0.9393939393939394,4.254904820251466
456,FP2FM,4.271541789245606,0.9831060965031434,0.7967416602017068,5.361263258361817
457,FP2FM,3.6892478744506843,0.9831289260807606,0.922996878251821,3.997031800842286
458,FP2FM,5.036842362976075,0.9914381285655871,0.9258409785932722,5.440288861083985
459,FP2FM,5.6191362777709974,0.9870794546491128,0.7923753665689149,7.091508033752443
460,FP2FM,4.450389205932618,0.9874600298632242,0.9021922428330523,4.932861306762696
461,FP2FM,4.471185417175294,0.9865788254855111,0.9347826086956522,4.78312858581543
462,FP2FM,3.70172560119629,0.985464483048685,0.9203722854188211,4.021987254333497
463,FP2FM,4.546051777648926,0.9877561271202281,0.7410169491525423,6.134882316589357
464,FP2FM,5.415333407592774,0.988287614476037,0.9227498228206945,5.8686908126831066
465,FP2FM,5.735595060729981,0.9828781195571041,0.6936619718309859,8.268573590087893
466,FP2FM,3.4313748550415046,0.9841802284712466,0.9166666666666666,3.7433180236816415
467,FP2FM,5.41117416534424,0.9840877876732564,0.7434285714285714,7.278673934936525
468,FP2FM,5.502677494812013,0.9908759342261513,0.7922155688622754,6.945934555053713
469,FP2FM,3.901369229125977,0.9839482227217072,0.9223205506391348,4.229949366760255
470,FP2FM,6.305411248779298,0.9909378957086283,0.8046709129511678,7.836012396240236
471,FP2FM,5.602499308776856,0.988749267349544,0.9113667117726658,6.147360043334962
472,FP2FM,5.5151552215576185,0.9789726370066576,0.6964285714285714,7.91919724121094
473,FP2FM,4.77481010131836,0.9787026449048466,0.5717131474103586,8.351758435058596
474,FP2FM,3.6102222717285164,0.9841041816183413,0.906054279749478,3.9845540740966805
475,FP2FM,4.49198162841797,0.9874091937095277,0.9238665526090676,4.862154188537598
476,FP2FM,5.390377954101564,0.988256208298137,0.9107519325368939,5.918601719665529
477,FP2FM,4.36304511871338,0.9870737330804634,0.9090121317157712,4.799765554809571
478,FP2FM,4.52525556640625,0.9863191036038188,0.8774193548387097,5.157460388183595
479,FP2FM,4.907905853271486,0.9895861395694803,0.8773234200743495,5.5941808242797855
480,FP2FM,5.614977035522462,0.981789872468468,0.7023933402705516,7.994063601684572
481,FP2FM,4.625077380371095,0.9865535325696644,0.8110867979576951,5.702321122741701
482,FP2FM,5.56506612854004,0.9799730193489613,0.6879177377892031,8.08972617340088
483,FP2FM,6.20143019256592,0.9891295649213955,0.7178623013962446,8.638746150207522
484,FP2FM,4.4379114791870125,0.9822581773461008,0.9182444061962134,4.833039492797853
485,FP2FM,4.957816760253907,0.9777711220605119,0.7482736974262398,6.625672901916506
486,FP2FM,5.373740985107423,0.9889983614841019,0.8389610389610389,6.405233062744141
487,FP2FM,4.300656484985352,0.9829977971854632,0.9290206648697215,4.629236622619629
488,FP2FM,5.702321122741701,0.991092716634389,0.8146167557932263,7.000004704284669
489,FP2FM,5.56506612854004,0.9911185534553212,0.9221226740179187,6.035060502624513
490,FP2FM,4.583484957885743,0.9752693712778465,0.7361389445557782,6.22638564605713
491,FP2FM,5.311352351379395,0.989762596387366,0.9154121863799283,5.802142936706543
492,FP2FM,5.906123992919922,0.9828339346394409,0.6733048838311996,8.771841902160647
493,FP2FM,4.853835704040528,0.9862734710778067,0.9343474779823859,5.194893568420411
494,FP2FM,4.7914470703125005,0.9852172171971091,0.8707482993197279,5.502677494812013
495,FP2FM,1.031492077636719,0.89858050456153,0.9465648854961832,1.0897214691162111
496,FP2FM,5.652410215759279,0.9917758542169822,0.877906976744186,6.438507000732423
497,FP2FM,6.263818826293946,0.9904785051512895,0.9012567324955116,6.950093797302247
498,FP2FM,4.916224337768556,0.9856623234843518,0.7750819672131147,6.342844429016115
499,FP2FM,4.978612971496583,0.9852446745668932,0.9228989976869699,5.3945371963500985
500,FP2FM,5.074275543212892,0.9821733288012067,0.7416413373860182,6.841953498840334
501,FP2FM,4.862154188537598,0.9843882030891242,0.9299920445505171,5.228167506408693
502,FP2FM,4.375522845458985,0.9805010709801305,0.7579250720461095,5.773028240966798
504,FP2FM,2.013073248291016,0.9479943372075895,0.9453125,2.1295320312500006
505,FP2FM,3.181820320129395,0.9788069961959307,0.8762886597938144,3.631018482971192
506,FP2FM,4.254904820251466,0.9918419554219726,0.9061116031886626,4.6957844985961925
507,FP2FM,4.999409182739258,0.9906875367534015,0.900374531835206,5.552588401794434
508,FP2FM,4.1051720993042,0.990383260320829,0.90633608815427,4.529414808654787
509,FP2FM,4.142605279541017,0.9891381302667785,0.9494756911344138,4.36304511871338
510,FP2FM,3.8805730178833016,0.9843159555093679,0.7603911980440098,5.103390238952637
511,FP2FM,4.2382678512573255,0.9889830493712669,0.8345618345618345,5.078434785461427
512,FP2FM,5.0576385742187515,0.9781716822974192,0.6313603322949117,8.010700570678711
513,FP2FM,3.493763488769532,0.9842556429647419,0.9470124013528749,3.6892478744506843
514,FP2FM,3.2733236495971685,0.9863767368747399,0.8953356086461889,3.655973936462403
515,FP2FM,2.770055337524415,0.9641693221576697,0.9012178619756428,3.073680021667481
516,FP2FM,3.7724327194213876,0.9831358551150114,0.9302564102564103,4.055261192321778
517,FP2FM,2.9780174499511727,0.973421526094988,0.9433465085638999,3.1568648666381844
518,FP2FM,3.5062412155151375,0.9820040745152722,0.9366666666666666,3.7433180236816415
519,FP2FM,6.559125025939943,0.9813031143730473,0.599847850893876,10.934647871398926
520,FP2FM,3.4022601593017585,0.9822936522907512,0.9295454545454546,3.660133178710938
521,FP2FM,2.7534183685302738,0.9806984034371472,0.9310829817158931,2.9572212387084966
522,FP2FM,6.6714245666503915,0.9888751378555979,0.6370135027799841,10.472971981811526
523,FP2FM,3.256686680603028,0.9781243540670087,0.925531914893617,3.5187189422607426
524,FP2FM,4.234108609008789,0.9882173017236786,0.8859878154917319,4.778969343566895
525,FP2FM,3.0404060836792,0.980553947905965,0.9047029702970297,3.360667736816407
526,FP2FM,4.3172934539794925,0.9875188319367785,0.9026086956521739,4.78312858581543
527,FP2FM,6.846112741088868,0.9818288235723427,0.5608177172061328,12.207375999450687
528,FP2FM,4.121809068298341,0.9861706481497667,0.8903863432165319,4.629236622619629
529,FP2FM,3.023769114685059,0.9752279838857056,0.9392764857881137,3.2192535003662117
530,FP2FM,6.846112741088868,0.992820843952797,0.7137901127493496,9.591212625122072
531,FP2FM,4.833039492797853,0.9870991379679322,0.9236883942766295,5.232326748657227
532,FP2FM,6.891864405822756,0.9911720816239923,0.8913394298009683,7.732031340026857
533,FP2FM,3.144387139892579,0.9812826364883683,0.9152542372881356,3.43553409729004
534,FP2FM,5.993468080139162,0.9924731980164336,0.8691194209891435,6.89602364807129
536,FP2FM,6.139041558837892,0.9919177476574313,0.9016493585827734,6.8086795608520525
537,FP2FM,3.256686680603028,0.9649962003263914,0.9607361963190184,3.389782432556153
538,FP2FM,2.0671433975219733,0.9561175256148972,0.9169741697416974,2.254309298706055
539,FP2FM,5.4901997680664065,0.9904033299768065,0.9116022099447514,6.022582775878908
540,FP2FM,3.527037426757813,0.9754595749931257,0.9464285714285714,3.7266810546875004
541,FP2FM,7.819375427246095,0.9923685180911127,0.8901515151515151,8.784319628906252
542,FP2FM,2.0713026397705083,0.9321103072645577,0.9188191881918819,2.254309298706055
543,FP2FM,2.349971870422364,0.9642831986574544,0.9416666666666667,2.4955453491210946
544,FP2FM,4.0760574035644535,0.9813241612913268,0.8820882088208821,4.620918138122559
545,FP2FM,3.6975663589477548,0.9765757309004931,0.9279749478079332,3.9845540740966805
546,FP2FM,4.479503901672364,0.9840016855878283,0.9252577319587629,4.841357977294923
547,FP2FM,6.779564865112306,0.9905356576745509,0.686026936026936,9.882359582519532
548,FP2FM,5.598340066528322,0.9907169814018316,0.686734693877551,8.152114807128907
549,FP2FM,4.2216308822631845,0.9806012305361201,0.9014209591474245,4.683306771850587
550,FP2FM,4.225790124511719,0.9805609928803527,0.8334700574241182,5.070116300964356
551,FP2FM,4.304815727233888,0.9638080566347319,0.6604977664326739,6.517532603454591
552,FP2FM,8.206184956359865,0.9891128763141451,0.5866785608088017,13.987531681823732
553,FP2FM,15.830075997924807,0.9969119020829476,0.5366610265087423,29.497346026611336
554,FP2FM,3.2150942581176762,0.9803824633347218,0.9191438763376932,3.497922731018067
555,FP2FM,7.1538966674804705,0.9935692214499584,0.7439446366782007,9.616168078613283
556,FP2FM,5.361263258361817,0.9909440939760625,0.9498894620486367,5.6440917312622085
557,FP2FM,5.980990353393556,0.9913220769621386,0.8600478468899522,6.954253039550782
558,FP2FM,13.729658662414552,0.9990084302958494,0.8438139059304703,16.270955676269534
559,FP2FM,3.680929389953614,0.9834206651703116,0.9228362877997914,3.9887133163452155
560,FP2FM,4.005350285339356,0.9813951724387486,0.9224137931034483,4.3422489074707045
561,FP2FM,7.615572557067872,0.9858838433366195,0.6340027700831025,12.011891613769533
562,FP2FM,5.157460388183595,0.9905546686267781,0.9070958302852963,5.68568415374756
563,FP2FM,6.413551547241212,0.9631202639573397,0.5384078212290503,11.91206979980469
564,FP2FM,3.5353559112548836,0.9733074951132413,0.9169363538295577,3.855617564392091
565,FP2FM,2.8449216979980476,0.9728661376361242,0.9382716049382716,3.0320875991821294
566,FP2FM,2.6120041320800786,0.9708084466083966,0.9317507418397626,2.803329275512696
567,FP2FM,3.389782432556153,0.9829202306996291,0.9293044469783353,3.647655451965333
568,FP2FM,3.2026165313720707,0.9763124469006103,0.941320293398533,3.4022601593017585
569,FP2FM,3.601903787231446,0.985514480964764,0.8992731048805815,4.005350285339356
570,FP2FM,2.90315108947754,0.971997631175321,0.94579945799458,3.069520779418946
571,FP2FM,3.1360686553955084,0.968237956623528,0.9320148331273177,3.3648269790649423
572,FP2FM,3.70172560119629,0.9745216241763647,0.8210332103321033,4.50861859741211
573,FP2FM,6.193111708068849,0.9938913086267467,0.9101466992665037,6.804520318603517
574,FP2FM,3.5020819732666024,0.9781532733162384,0.9345172031076582,3.7474772659301765
575,FP2FM,11.321457400512697,0.9980109387848101,0.6538553927456161,17.31492548065186
576,FP2FM,7.653005737304689,0.9938082321495999,0.8337109198006344,9.179447642517092
577,FP2FM,3.997031800842286,0.9825315440333352,0.9321047526673133,4.288178758239747
578,FP2FM,3.0986354751586918,0.9823114960145749,0.9277708592777086,3.339871525573731
579,FP2FM,3.281642134094239,0.9721583045394414,0.8996579247434435,3.647655451965333
580,FP2FM,3.2733236495971685,0.9747965319395728,0.9045977011494253,3.6185407562255865
581,FP2FM,6.376118367004396,0.993031141306658,0.9218280216476248,6.916819859313966
582,FP2FM,4.051101950073243,0.9845356451773938,0.9249762583095916,4.37968208770752
583,FP2FM,3.843139837646485,0.9761789944270307,0.8083989501312336,4.754013890075684
584,FP2FM,3.148546382141114,0.9707360260860252,0.9231707317073171,3.4105786437988286
585,FP2FM,0.2245990814208985,0.8888343420777279,0.9152542372881356,0.24539529266357427
586,FP2FM,4.026146496582032,0.9755916974774611,0.7967078189300412,5.053479331970216
587,FP2FM,3.8015474151611337,0.9935870325649325,0.8805394990366089,4.3172934539794925
588,FP2FM,3.7391587814331064,0.9807787930101493,0.9403765690376569,3.97623558959961
589,FP2FM,6.421870031738282,0.9959332357433959,0.8377645143787303,7.665483464050295
590,FP2FM,3.8223436264038098,0.9751061077369855,0.7085582112567463,5.3945371963500985
591,FP2FM,5.797983694458009,0.993076440723629,0.8347305389221557,6.945934555053713
592,FP2FM,4.812243281555177,0.9834641322134329,0.708078335373317,6.796201834106447
593,FP2FM,5.569225370788575,0.9929844944720643,0.8139817629179331,6.841953498840334
594,FP2FM,5.83957611694336,0.9940767629295834,0.9224704336399474,6.330366702270509
595,FP2FM,6.338685186767579,0.9935065050976375,0.7925117004680188,7.998222843933107
596,FP2FM,2.1378505157470706,0.965237255504578,0.9518518518518518,2.245990814208985
597,FP2FM,2.470589895629883,0.9675945170755201,0.9443561208267091,2.6161633743286137
598,FP2FM,4.974453729248048,0.9752864751245451,0.587426326129666,8.468217218017578
599,FP2FM,5.086753269958497,0.9913329930939767,0.914050822122571,5.56506612854004
600,FP2FM,4.254904820251466,0.988247629499712,0.8887923544743701,4.787287828063966
601,FP2FM,5.6440917312622085,0.9935154618717412,0.8637810311903247,6.534169572448731
602,FP2FM,5.144982661437989,0.9834661407774299,0.6910614525139664,7.445043624877931
603,FP2FM,4.3339304229736335,0.9886546747788555,0.9245785270629991,4.687466014099122
604,FP2FM,6.064175198364259,0.9926380696614587,0.91125,6.654787597656251
605,FP2FM,4.101012857055665,0.9848889578373622,0.8890892696122633,4.612599653625489
606,FP2FM,4.13012755279541,0.9855410972703409,0.8552971576227391,4.828880250549317
607,FP2FM,4.733217678833008,0.9869290465658028,0.919967663702506,5.144982661437989
608,FP2FM,4.654192076110841,0.989077201496943,0.8535469107551488,5.452766587829591
609,FP2FM,4.046942707824708,0.9825481341435397,0.8482999128160419,4.770650859069825
610,FP2FM,2.936425027465821,0.9717701709840934,0.9413333333333334,3.119431686401368
611,FP2FM,4.234108609008789,0.985759344066526,0.9113697403760072,4.64587359161377
612,FP2FM,6.675583808898927,0.9915864648255119,0.8451816745655608,7.898401029968263
613,FP2FM,5.83125763244629,0.9883943546441815,0.8466183574879227,6.8877051635742195
614,FP2FM,2.8532401824951177,0.9674341476470074,0.9436038514442916,3.023769114685059
615,FP2FM,4.9203835800170905,0.9836151302203244,0.7955615332885003,6.184793223571779
616,FP2FM,2.8698771514892583,0.9722486437748623,0.9043250327653998,3.1735018356323246
617,FP2FM,5.852053843688966,0.9743698455600384,0.5548107255520505,10.547838342285157
618,FP2FM,2.965539723205567,0.9745577383418266,0.9283854166666666,3.194298046875
620,FP2FM,1.563875085449219,0.9129319858581737,0.9494949494949495,1.6470599304199223
621,FP2FM,0.9524664749145509,0.942877256579433,0.9308943089430894,1.0231735931396486
622,FP2FM,4.209153155517579,0.9845688480843433,0.7597597597597597,5.54011067504883
623,FP2FM,1.5222826629638675,0.9719965394516505,0.912718204488778,1.6678561416625979
625,FP2FM,1.0897214691162111,0.9176792066983289,0.9527272727272728,1.1437916183471681
626,FP2FM,5.980990353393556,0.9841398396474291,0.6757518796992481,8.850867504882816
627,FP2FM,3.0362468414306645,0.9688597335420717,0.9407216494845361,3.2275719848632822
628,FP2FM,6.667265324401857,0.9931977539688976,0.8995510662177328,7.41176968688965
629,FP2FM,2.0338694595336917,0.9418896709650835,0.933206106870229,2.1794429382324223
630,FP2FM,1.9964362792968755,0.9522268654037283,0.9504950495049505,2.1004173355102544
631,FP2FM,7.045756369018556,0.9886825848868503,0.6827891979040709,10.319080018615725
632,FP2FM,3.6351777252197275,0.9806123970513153,0.9387755102040817,3.872254533386231
633,FP2FM,7.428406655883791,0.9923580070852296,0.742310889443059,10.007136849975588
634,FP2FM,5.244804475402833,0.9843646696501083,0.7610138805069403,6.891864405822756
635,FP2FM,5.003568424987794,0.9787783963093456,0.6961805555555556,7.187170605468752
636,FP2FM,4.932861306762696,0.9860937561558166,0.8287910552061496,5.95187565765381
637,FP2FM,4.816402523803712,0.9716995746353314,0.6620926243567753,7.27451469268799
638,FP2FM,4.36304511871338,0.9835465917575231,0.9035314384151594,4.828880250549317
639,FP2FM,4.961976002502442,0.9851172221138002,0.8302018093249826,5.976831111145021
640,FP2FM,5.124186450195314,0.983426602432677,0.7328970850684117,6.991686219787598
641,FP2FM,4.891268884277345,0.98954433978051,0.8862094951017332,5.519314463806153
642,FP2FM,4.358885876464845,0.9810786589747286,0.8136645962732919,5.357104016113282
643,FP2FM,4.254904820251466,0.9823185581928393,0.8525,4.991090698242189
645,FP2FM,4.754013890075684,0.9876996463998672,0.9285134037367994,5.120027207946778
646,FP2FM,4.150923764038087,0.9835109845629912,0.9353327085285849,4.4379114791870125
647,FP2FM,2.9572212387084966,0.9829970039845736,0.9342969776609724,3.1651833511352545
648,FP2FM,5.881168539428712,0.9931218101221206,0.8771712158808933,6.704698504638674
649,FP2FM,3.1901388046264656,0.9786908195451013,0.9342265529841657,3.414737886047364
650,FP2FM,3.3440307678222663,0.9748438055549005,0.9436619718309859,3.5436743957519536
651,FP2FM,4.853835704040528,0.9934711976753157,0.8949386503067485,5.423651892089844
652,FP2FM,2.849080940246582,0.9611268653994006,0.9513888888888888,2.994654418945313
653,FP2FM,4.417115267944337,0.9838376078578204,0.9061433447098977,4.874631915283204
654,FP2FM,3.992872558593751,0.981127949190231,0.9561752988047809,4.175879217529298
655,FP2FM,3.972076347351075,0.9790168716285877,0.9715157680569685,4.088535130310059
656,FP2FM,4.279860273742677,0.9805783165343674,0.9026315789473685,4.741536163330079
657,FP2FM,4.396319056701661,0.9819291178561838,0.9600363306085377,4.579325715637208
658,FP2FM,3.751636508178712,0.9712719537782998,0.9534883720930233,3.9346431671142583
659,FP2FM,6.754609411621095,0.9928763145777216,0.9360230547550432,7.216285301208497
660,FP2FM,3.8514583221435554,0.9857405136354226,0.9060665362035225,4.25074557800293
661,FP2FM,4.625077380371095,0.9841511487163055,0.931323283082077,4.966135244750977
662,FP2FM,3.70172560119629,0.9818755230495726,0.9378292939936775,3.947120893859864
663,FP2FM,5.03268312072754,0.9875392307213842,0.937984496124031,5.365422500610353
664,FP2FM,3.2982791030883796,0.9749199548909655,0.9519807923169268,3.464648793029786
665,FP2FM,3.3481900100708013,0.9797972969939721,0.9481743227326266,3.5311966690063485
666,FP2FM,4.150923764038087,0.9805267464006806,0.9450757575757576,4.392159814453126
667,FP2FM,3.4313748550415046,0.9776173582732726,0.9166666666666666,3.7433180236816415
668,FP2FM,3.5395151535034186,0.9724552176618458,0.938257993384785,3.7724327194213876
669,FP2FM,3.793228930664063,0.9792928618115225,0.9287169042769857,4.084375888061524
670,FP2FM,3.9803948318481455,0.9791017863174307,0.9522388059701492,4.180038459777833
671,FP2FM,4.9287020645141615,0.989549852780165,0.9419713831478538,5.232326748657227
672,FP2FM,4.101012857055665,0.9837333836664774,0.9408396946564885,4.358885876464845
673,FP2FM,3.780751203918458,0.9826556955022855,0.8851022395326192,4.271541789245606
674,FP2FM,3.9346431671142583,0.9834879953475133,0.9338598223099703,4.2133123977661135
675,FP2FM,4.78312858581543,0.9891790193797794,0.9281678773204197,5.1533011459350595
676,FP2FM,7.985745117187502,0.9952769128059806,0.8208636169303121,9.728467619323734
677,FP2FM,2.2168761184692385,0.9713016723572201,0.8927973199329984,2.4830676223754886
678,FP2FM,7.424247413635255,0.9888376919462623,0.6942823803967327,10.69341182098389
679,FP2FM,4.4379114791870125,0.9785292617692878,0.7909562638991846,5.6108177932739265
680,FP2FM,4.50030011291504,0.9835519589778481,0.9115417017691659,4.9370205490112316
681,FP2FM,4.067738919067383,0.9831185262528824,0.8260135135135135,4.924542822265625
682,FP2FM,4.142605279541017,0.967072008015049,0.6916666666666667,5.989308837890626
683,FP2FM,3.4313748550415046,0.9714706912283932,0.8947939262472885,3.834821353149415
684,FP2FM,1.1895432830810548,0.9288354949014175,0.9565217391304348,1.243613432312012
685,FP2FM,3.855617564392091,0.9746714232405456,0.9242273180458624,4.171719975280762
686,FP2FM,0.9732626861572267,0.9204934854634761,0.8540145985401459,1.139632376098633
687,FP2FM,7.087348791503907,0.9658376029424052,0.5383886255924171,13.164001716613772
688,FP2FM,4.483663143920899,0.9873956174703815,0.9261168384879725,4.841357977294923
689,FP2FM,3.7557957504272466,0.986431061172698,0.9309278350515464,4.034464981079102
690,FP2FM,0.9025555679321291,0.8884265507596274,0.9393939393939394,0.9607849594116212
691,FP2FM,4.338089665222168,0.9703455346811931,0.7444682369735903,5.827098390197755
692,FP2FM,3.7474772659301765,0.9787002113857364,0.9385416666666667,3.992872558593751
693,FP2FM,6.970890008544923,0.9932186242752493,0.8858350951374208,7.869286334228517
694,FP2FM,2.0837803665161134,0.9689567168928884,0.9347014925373134,2.229353845214844
695,FP2FM,4.263223304748536,0.983575856067502,0.9225922592259226,4.620918138122559
696,FP2FM,1.0231735931396486,0.9251791931264659,0.9044117647058824,1.1313138916015626
697,FP2FM,2.7035074615478525,0.9814675798330924,0.9065550906555091,2.9821766921997077
698,FP2FM,2.6328003433227547,0.9791359707399458,0.9094827586206896,2.8948326049804693
699,FP2FM,1.006536624145508,0.9125656340176242,0.937984496124031,1.0730845001220706
700,FP2FM,4.055261192321778,0.9825742745377657,0.8605472197705207,4.712421467590333
702,FP2FM,2.9281065429687505,0.9731820141411545,0.9604365620736699,3.0487245681762705
703,FP2FM,2.433156715393067,0.9491357512040549,0.9315286624203821,2.6120041320800786
704,FP2FM,1.8716590118408207,0.9354511785683971,0.9493670886075949,1.9714808258056644
705,FP2FM,0.8526446609497071,0.8918932640411864,0.9579439252336449,0.8900778411865236
707,FP2FM,2.5787301940917975,0.9707198076363398,0.9295352323838081,2.77421457977295
708,FP2FM,5.315511593627931,0.9929553146011197,0.848605577689243,6.263818826293946
709,FP2FM,5.294715382385255,0.9929048381261907,0.8560860793544048,6.184793223571779
710,FP2FM,4.9287020645141615,0.9900564319984975,0.9330708661417323,5.2822376556396495
711,FP2FM,4.991090698242189,0.9887088937069083,0.933852140077821,5.344626289367677
712,FP2FM,5.382059469604493,0.9886301903542688,0.8961218836565097,6.005945806884767
713,FP2FM,5.224008264160157,0.9865798031579888,0.8384512683578104,6.2305448883056656
714,FP2FM,7.199648332214356,0.9905172841937568,0.7988001845869867,9.013077952575685
715,FP2FM,5.452766587829591,0.9656082943353363,0.6207386363636364,8.784319628906252
716,FP2FM,4.899587368774415,0.9815181249880217,0.7614738202973497,6.434347758483888
717,FP2FM,6.292933522033692,0.9889494222732506,0.7326876513317191,8.588835243225098
718,FP2FM,4.425433752441408,0.9819871291682813,0.7578347578347578,5.83957611694336
719,FP2FM,3.4604895507812508,0.9730505101106194,0.9401129943502825,3.680929389953614
720,FP2FM,4.754013890075684,0.9846992802883915,0.9407407407407408,5.053479331970216
721,FP2FM,4.52525556640625,0.9826251585329775,0.8356374807987711,5.415333407592774
722,FP2FM,4.292338000488282,0.9811986202154072,0.9197860962566845,4.666669802856446
723,FP2FM,4.284019515991212,0.9817481025362566,0.9279279279279279,4.616758895874025
724,FP2FM,3.423056370544434,0.9729696463238352,0.9014238773274917,3.7973881729125982
725,FP2FM,4.259064062500001,0.9831798839844028,0.9446494464944649,4.50861859741211
726,FP2FM,3.5852668182373053,0.9770568699338028,0.9268817204301075,3.868095291137696
727,FP2FM,3.5187189422607426,0.9763355286437148,0.8849372384937239,3.97623558959961
728,FP2FM,3.2982791030883796,0.9716521826269288,0.9073226544622426,3.6351777252197275
729,FP2FM,3.2150942581176762,0.9751881375410308,0.8714768883878241,3.6892478744506843
730,FP2FM,4.263223304748536,0.9820290617865312,0.803921568627451,5.303033866882326
731,FP2FM,3.601903787231446,0.9761980839586806,0.8208530805687204,4.388000572204591
732,FP2FM,3.9887133163452155,0.9845089355928078,0.9319727891156463,4.279860273742677
733,FP2FM,3.834821353149415,0.978452016403039,0.7323272438443209,5.236485990905763
734,FP2FM,6.018423533630372,0.9921843947355719,0.8732649366324683,6.891864405822756
735,FP2FM,5.947716415405274,0.9880388922365922,0.7754880694143167,7.66964270629883
736,FP2FM,6.039219744873049,0.9908008887187973,0.852112676056338,7.087348791503907
737,FP2FM,6.247181857299807,0.9932819775985506,0.8524404086265607,7.328584841918946
738,FP2FM,5.852053843688966,0.9928249822992261,0.9112694300518135,6.421870031738282
740,FP2FM,2.125372789001465,0.9579035277210454,0.9428044280442804,2.254309298706055
741,FP2FM,3.5644706069946297,0.9838375338116828,0.8718209562563581,4.088535130310059
742,FP2FM,6.708857746887208,0.9924694825857157,0.7181656277827249,9.341658090209963
743,FP2FM,3.751636508178712,0.9863065734902641,0.9337474120082816,4.017828012084962
744,FP2FM,3.7100440856933603,0.9781956306625088,0.7305487305487306,5.078434785461427
745,FP2FM,5.976831111145021,0.9785340246879106,0.5891758917589176,10.14439184417725
746,FP2FM,4.88710964202881,0.9870012563269218,0.7971506105834464,6.130723074340821
747,FP2FM,4.999409182739258,0.9879571237652048,0.8143631436314364,6.139041558837892
748,FP2FM,4.587644200134278,0.9883378224895304,0.9315878378378378,4.924542822265625
749,FP2FM,4.2216308822631845,0.9857466195149956,0.8451290591174022,4.995249940490724
750,FP2FM,3.8805730178833016,0.9843089143951955,0.8352730528200537,4.64587359161377
751,FP2FM,3.7724327194213876,0.9849594494158279,0.8540489642184558,4.417115267944337
752,FP2FM,7.0166416732788095,0.9861293703499614,0.6476007677543186,10.834826057434084
753,FP2FM,6.513373361206056,0.9925101338590139,0.7450047573739296,8.7427272064209
754,FP2FM,3.414737886047364,0.9728827732543128,0.9340159271899886,3.655973936462403
755,FP2FM,4.36304511871338,0.9689679123770252,0.6560350218886805,6.650628355407716
756,FP2FM,3.3814639480590825,0.9708503811962717,0.8827361563517915,3.8306621109008794
757,FP2FM,3.161024108886719,0.9662688365384688,0.9234507897934386,3.423056370544434
758,FP2FM,3.2774828918457035,0.9715859528490522,0.9392133492252682,3.489604246520997
759,FP2FM,8.592994485473634,0.9925403494804675,0.6888962987662555,12.473567503356936
760,FP2FM,5.947716415405274,0.990448697362094,0.697220867869332,8.530605851745607
761,FP2FM,3.248368196105958,0.9818395604812692,0.888509670079636,3.655973936462403
762,FP2FM,4.0926943725585945,0.9820872837479389,0.9204864359214219,4.446229963684083
763,FP2FM,4.063579676818849,0.9812295494762242,0.9130841121495327,4.450389205932618
764,FP2FM,3.9304839248657233,0.9789309333117818,0.9104046242774566,4.3172934539794925
765,FP2FM,5.560906886291505,0.9888921871910302,0.7382661512976256,7.53238771209717
766,FP2FM,3.8098658996582038,0.9788841600489436,0.8113374667847653,4.6957844985961925
767,FP2FM,3.8597768066406255,0.9783587458992795,0.8812915479582146,4.37968208770752
768,FP2FM,5.531792190551759,0.9912998483241147,0.8380592312539382,6.600717448425295
769,FP2FM,5.452766587829591,0.9923187722265818,0.8360969387755102,6.521691845703127
770,FP2FM,5.698161880493164,0.9928037202668629,0.9206989247311828,6.188952465820313
771,FP2FM,1.2768873703002932,0.879042785726895,0.9359756097560976,1.3642314575195316
772,FP2FM,3.4105786437988286,0.9803316271373911,0.8991228070175439,3.793228930664063
773,FP2FM,5.939397930908204,0.9779944976824057,0.626041209995616,9.487231568908694
774,FP2FM,5.061797816467286,0.9826979768052945,0.7943864229765013,6.371959124755861
775,FP2FM,4.579325715637208,0.9907125447181325,0.8772908366533865,5.219849021911623
776,FP2FM,4.21747164001465,0.9796104976173317,0.8223844282238443,5.128345692443848
777,FP2FM,4.6957844985961925,0.9845200993574387,0.9254098360655738,5.074275543212892
778,FP2FM,3.4604895507812508,0.9770343120349744,0.9082969432314411,3.8098658996582038
779,FP2FM,3.9845540740966805,0.9780030294287565,0.8701180744777475,4.579325715637208
780,FP2FM,3.7183625701904304,0.9732421378678214,0.8984924623115578,4.138446037292481
781,FP2FM,4.50861859741211,0.9863044772657527,0.8644338118022329,5.215689779663086
782,FP2FM,4.067738919067383,0.9715186396292919,0.7282204020848846,5.585862339782715
783,FP2FM,4.882950399780274,0.988310186282848,0.8702742772424018,5.6108177932739265
784,FP2FM,3.6434962097167976,0.9728426830705885,0.8148837209302325,4.471185417175294
785,FP2FM,3.597744544982911,0.9796225629601248,0.8522167487684729,4.2216308822631845
786,FP2FM,3.9637578628540044,0.9779202611033667,0.8008403361344538,4.949498275756837
787,FP2FM,4.550211019897462,0.9854787412504629,0.8872668288726683,5.128345692443848
788,FP2FM,3.997031800842286,0.9854816293878286,0.9533730158730159,4.192516186523438
789,FP2FM,4.741536163330079,0.9800534384782879,0.7702702702702703,6.155678527832032
790,FP2FM,3.793228930664063,0.9826769635900376,0.8862973760932945,4.279860273742677
791,FP2FM,4.762332374572755,0.976962493140393,0.8143669985775249,5.847894601440431
792,FP2FM,4.3422489074707045,0.9752563219980596,0.8543371522094927,5.082594027709962
793,FP2FM,5.0077276672363285,0.9770622316480396,0.6887871853546911,7.270355450439455
794,FP2FM,5.203212052917482,0.9878024001599456,0.816579634464752,6.371959124755861
795,FP2FM,5.41949264984131,0.9890824110041082,0.9061196105702365,5.980990353393556
796,FP2FM,4.683306771850587,0.9833071041338122,0.8129963898916968,5.760550514221192
797,FP2FM,4.37968208770752,0.9807935911697956,0.7869955156950673,5.56506612854004
798,FP2FM,4.733217678833008,0.9805704117231838,0.8192944564434845,5.777187483215333
799,FP2FM,4.612599653625489,0.985102310563371,0.8269947800149142,5.577543855285646
800,FP2FM,5.29055614013672,0.9855927713498457,0.7954971857410882,6.650628355407716
801,FP2FM,4.633395864868166,0.9852672037762127,0.8401206636500754,5.5151552215576185
802,FP2FM,3.281642134094239,0.977518627074984,0.9392857142857143,3.493763488769532
803,FP2FM,4.284019515991212,0.9850911612636769,0.912311780336581,4.6957844985961925
804,FP2FM,4.654192076110841,0.9794584471430058,0.8426204819277109,5.523473706054689
805,FP2FM,4.026146496582032,0.9783193977415243,0.8006617038875103,5.028523878479004
806,FP2FM,4.874631915283204,0.9776488705807167,0.8224561403508772,5.926920204162599
807,FP2FM,5.028523878479004,0.9882472418198056,0.8889705882352941,5.656569458007813
808,FP2FM,3.6060630294799814,0.9776274174613081,0.9223404255319149,3.9096877136230477
809,FP2FM,4.76649161682129,0.9774321611879166,0.6705675833820948,7.108145002746584
810,FP2FM,3.6726109054565437,0.9804399411625668,0.9597826086956521,3.8265028686523443
811,FP2FM,3.4438525817871097,0.9784889161862074,0.9366515837104072,3.676770147705079
812,FP2FM,3.0528838104248055,0.9709393741512155,0.8854041013268998,3.448011824035645
813,FP2FM,4.2133123977661135,0.9790293578178313,0.7883268482490272,5.344626289367677
814,FP2FM,3.7724327194213876,0.9797120159437034,0.9447916666666667,3.992872558593751
815,FP2FM,3.4729672775268563,0.9794625052845265,0.9319196428571429,3.7266810546875004
816,FP2FM,2.9988136611938483,0.9702169713705456,0.8901234567901235,3.368986221313477
817,FP2FM,3.8764137756347665,0.9790107952081263,0.9395161290322581,4.125968310546876
818,FP2FM,4.9287020645141615,0.9881068655187656,0.9495192307692307,5.190734326171876
819,FP2FM,4.729058436584474,0.9881206066066689,0.9258957654723127,5.107549481201173
820,FP2FM,3.3232345565795907,0.9726642011430136,0.923699421965318,3.597744544982911
821,FP2FM,3.161024108886719,0.9812768693381453,0.9245742092457421,3.418897128295899
822,FP2FM,4.36304511871338,0.9867496474912859,0.9274977895667551,4.704102983093263
823,FP2FM,3.4105786437988286,0.9778191154579335,0.9371428571428572,3.6393369674682625
824,FP2FM,4.583484957885743,0.9842837923995061,0.8096987509184423,5.660728700256349
825,FP2FM,3.0362468414306645,0.9848536209114995,0.9023485784919654,3.3648269790649423
826,FP2FM,3.3648269790649423,0.9773401029088736,0.911036036036036,3.6934071166992193
827,FP2FM,4.259064062500001,0.9822019307662905,0.839344262295082,5.074275543212892
828,FP2FM,3.8265028686523443,0.9704799183237209,0.7876712328767124,4.857994946289063
829,FP2FM,4.487822386169435,0.9839837983166788,0.8999165971643036,4.986931455993653
830,FP2FM,7.345221810913087,0.9884552468928242,0.6771472392638037,10.847303784179688
831,FP2FM,3.7724327194213876,0.9760860070293881,0.8589015151515151,4.392159814453126
832,FP2FM,3.8098658996582038,0.9728467419500737,0.7532894736842105,5.0576385742187515
833,FP2FM,4.051101950073243,0.980982455411835,0.9197355996222851,4.404637541198731
834,FP2FM,3.6726109054565437,0.9722377739559318,0.7848888888888889,4.6791475296020515
835,FP2FM,3.5727890914917,0.973426440065674,0.8088512241054614,4.417115267944337
836,FP2FM,5.382059469604493,0.9850872538799227,0.7360637087599545,7.311947872924806
837,FP2FM,3.6518146942138676,0.9788074691601785,0.9107883817427386,4.009509527587891
838,FP2FM,2.1170543045043946,0.9431800412884185,0.9339449541284404,2.2667870254516607
839,FP2FM,6.139041558837892,0.9919720848251512,0.9190535491905355,6.679743051147462
840,FP2FM,9.587053382873536,0.9869071690758916,0.5237446034992047,18.304825135803227
841,FP2FM,3.7183625701904304,0.9761747344626335,0.9039433771486349,4.11349058380127
842,FP2FM,3.319075314331055,0.9807608056535585,0.9130434782608695,3.6351777252197275
843,FP2FM,4.595962684631349,0.9794000959969376,0.7678943710910354,5.985149595642091
844,FP2FM,4.820561766052246,0.9876589841049097,0.9257188498402555,5.207371295166016
845,FP2FM,5.0410016052246105,0.9742538751851397,0.6805165637282425,7.407610444641114
846,FP2FM,4.64587359161377,0.984386487162529,0.8304832713754647,5.5941808242797855
847,FP2FM,4.733217678833008,0.9872912906165562,0.8473566641846612,5.585862339782715
848,FP2FM,4.712421467590333,0.9911025175006376,0.9302134646962233,5.065957058715821
849,FP2FM,1.9174106765747074,0.9238368003480362,0.9505154639175257,2.017232490539551
850,FP2FM,0.26619150390625007,0.8709711391443077,0.9696969696969697,0.27450998840332036
851,FP2FM,3.9845540740966805,0.9781359366081169,0.9291949563530553,4.288178758239747
852,FP2FM,4.52525556640625,0.9844190101399698,0.9387402933563417,4.820561766052246
853,FP2FM,4.0926943725585945,0.9834889007483874,0.9187675070028011,4.4545484481811535
854,FP2FM,4.608440411376954,0.9858498360511391,0.851652574942352,5.41117416534424
855,FP2FM,3.527037426757813,0.9789978598166083,0.905982905982906,3.8930507446289067
856,FP2FM,4.184197702026368,0.9809210526723554,0.8554421768707483,4.891268884277345
857,FP2FM,3.6143815139770514,0.9812248432150199,0.9254526091586794,3.905528471374512
858,FP2FM,3.497922731018067,0.9824806313532358,0.9282560706401766,3.768273477172852
859,FP2FM,4.4628669326782235,0.9854460602586488,0.8153495440729484,5.473562799072267
860,FP2FM,3.527037426757813,0.982004990957519,0.9177489177489178,3.843139837646485
861,FP2FM,3.626859240722657,0.9807947115321687,0.9316239316239316,3.8930507446289067
862,FP2FM,4.870472673034669,0.9858646680918518,0.9360511590727418,5.203212052917482
863,FP2FM,4.600121926879884,0.9805684008313315,0.8391502276176024,5.4818812835693365
864,FP2FM,4.699943740844728,0.9768166893206057,0.6658809664113141,7.058234095764161
865,FP2FM,4.4379114791870125,0.989984183228855,0.8529176658673061,5.203212052917482
866,FP2FM,3.044565325927735,0.9826861036816152,0.918444165621079,3.31491607208252
867,FP2FM,2.8407624557495126,0.9814519596364104,0.9292517006802721,3.05704305267334
868,FP2FM,5.157460388183595,0.9920545807160611,0.9131075110456554,5.648250973510743
869,FP2FM,5.140823419189454,0.9820248903059137,0.7477313974591652,6.875227436828615
870,FP2FM,3.8930507446289067,0.9741581653680651,0.9435483870967742,4.125968310546876
871,FP2FM,4.712421467590333,0.9836081647036025,0.9181523500810372,5.132504934692383
872,FP2FM,4.504459355163575,0.9828960272055408,0.906276150627615,4.970294486999513
873,FP2FM,4.467026174926759,0.984351372885535,0.8876033057851239,5.03268312072754
874,FP2FM,4.37968208770752,0.9824104735698945,0.8745847176079734,5.0077276672363285
875,FP2FM,4.6375551071167,0.9875357171015406,0.9393428812131424,4.9370205490112316
876,FP2FM,4.259064062500001,0.9861602576924118,0.9216921692169217,4.620918138122559
877,FP2FM,4.417115267944337,0.9846354308767399,0.917098445595855,4.816402523803712
878,FP2FM,4.246586335754396,0.98095311658989,0.9358386801099908,4.537733293151857
879,FP2FM,4.5751664733886726,0.9834531835400341,0.9369676320272572,4.882950399780274
880,FP2FM,2.366608839416504,0.9707949498876594,0.9467554076539102,2.499704591369629
881,FP2FM,4.966135244750977,0.9866205112229138,0.9350039154267815,5.311352351379395
882,FP2FM,3.8847322601318366,0.9765464665844709,0.9368104312938816,4.146764521789551
883,FP2FM,3.4854450042724614,0.9745565735903816,0.932146829810901,3.7391587814331064
884,FP2FM,4.862154188537598,0.9916675009456104,0.9255740300870943,5.253122959899903
885,FP2FM,3.1027947174072272,0.9825042154007048,0.9325,3.3273937988281257
886,FP2FM,2.3998827774047853,0.9667989436208471,0.9443535188216039,2.541297013854981
887,FP2FM,4.467026174926759,0.9897463891413183,0.9187339606501284,4.862154188537598
888,FP2FM,4.720739952087404,0.9886828674079753,0.8993660855784469,5.248963717651368
889,FP2FM,5.344626289367677,0.9910733965356159,0.9218077474892395,5.797983694458009
890,FP2FM,3.843139837646485,0.9791270406396168,0.9230769230769231,4.163401490783692
891,FP2FM,4.288178758239747,0.985683303156292,0.9432753888380604,4.546051777648926
893,FP2FM,3.152705624389649,0.9693062016314484,0.9243902439024391,3.4105786437988286
894,FP2FM,3.1235909286499033,0.9715963632818526,0.9306071871127634,3.356508494567872
895,FP2FM,3.1693425933837895,0.9793655950221963,0.9465838509316771,3.3481900100708013
896,FP2FM,4.171719975280762,0.9868418251078629,0.916819012797075,4.550211019897462
897,FP2FM,3.3773047058105474,0.9704488349124344,0.9344073647871116,3.6143815139770514
898,FP2FM,5.028523878479004,0.986022433898759,0.9264367816091954,5.427811134338381
899,FP2FM,4.612599653625489,0.9814788410215045,0.9358649789029536,4.9287020645141615
900,FP2FM,4.4545484481811535,0.975281175831617,0.931304347826087,4.78312858581543
901,FP2FM,3.560311364746094,0.960429226376408,0.9458563535911603,3.764114234924317
902,FP2FM,3.489604246520997,0.9710993718556362,0.9179431072210066,3.8015474151611337
903,FP2FM,3.5187189422607426,0.9786488158369674,0.9205658324265505,3.8223436264038098
904,FP2FM,6.821157287597657,0.9937546334215895,0.8991228070175439,7.586457861328126
905,FP2FM,6.713016989135744,0.992313473118887,0.9438596491228071,7.112304244995118
906,FP2FM,4.9287020645141615,0.9887997006046911,0.9442231075697212,5.219849021911623
907,FP2FM,4.957816760253907,0.984146318570471,0.9393223010244287,5.278078413391114
908,FP2FM,4.874631915283204,0.9890983148480688,0.948220064724919,5.140823419189454
909,FP2FM,3.9263246826171883,0.9348145769057158,0.6062941554271034,6.47594018096924
910,FP2FM,5.332148562622072,0.9887470771376481,0.9085754783841248,5.8686908126831066
911,FP2FM,2.9322657852172855,0.9838965848748451,0.9337748344370861,3.1402278976440434
912,FP2FM,4.895428126525879,0.9871367951535677,0.931908155186065,5.253122959899903
913,FP2FM,4.6375551071167,0.9895715151354025,0.9307178631051753,4.982772213745118
914,FP2FM,3.9263246826171883,0.9826893995119467,0.9300492610837439,4.2216308822631845
915,FP2FM,3.7142033279418953,0.9832589853158351,0.9341004184100419,3.97623558959961
916,FP2FM,1.780155682373047,0.9460944792700162,0.9224137931034483,1.9298884033203128
917,FP2FM,3.3939416748046884,0.9745306544177601,0.6528,5.199052810668947
918,FP2FM,1.2560911590576174,0.9325425504885665,0.9151515151515152,1.3725499420166016
919,FP2FM,1.8591812850952152,0.9444280328240027,0.9430379746835443,1.9714808258056644
920,FP2FM,4.408796783447267,0.988978816170802,0.811017597551645,5.436129618835451
921,FP2FM,4.383841329956056,0.985722053466092,0.8653530377668309,5.065957058715821
922,FP2FM,3.901369229125977,0.9893736605980185,0.9250493096646942,4.21747164001465
923,FP2FM,4.699943740844728,0.9892075824673539,0.7583892617449665,6.1972709503173835
924,FP2FM,3.2982791030883796,0.9827125343354607,0.9329411764705883,3.5353559112548836
925,FP2FM,4.017828012084962,0.9819599903691838,0.8503521126760564,4.724899194335938
926,FP2FM,3.58110757598877,0.9838159001055594,0.927801724137931,3.8597768066406255
927,FP2FM,4.36304511871338,0.9875054941674388,0.9234154929577465,4.724899194335938
928,FP2FM,4.537733293151857,0.96664834087299,0.6149943630214205,7.3784957489013685
929,FP2FM,4.9037466110229495,0.9650060770457761,0.6036866359447005,8.123000111389162
930,FP2FM,3.6934071166992193,0.9824446637953772,0.8705882352941177,4.24242709350586
931,FP2FM,7.519909985351564,0.9795647569557012,0.5170145839290821,14.544870143127445
932,FP2FM,4.2216308822631845,0.9875657891457305,0.9038290293855743,4.670829045104981
933,FP2FM,4.0760574035644535,0.9797826569377696,0.8249158249158249,4.941179791259766
934,FP2FM,4.820561766052246,0.9836441118012889,0.8156228008444757,5.910283235168459
935,FP2FM,4.11349058380127,0.9842554037918728,0.9048490393412626,4.546051777648926
936,FP2FM,3.5436743957519536,0.9774004386349391,0.8137535816618912,4.354726634216309
937,FP2FM,4.978612971496583,0.9840499441402274,0.9228989976869699,5.3945371963500985
938,FP2FM,2.300060963439942,0.952054266450162,0.9420783645655877,2.441475199890137
939,FP2FM,2.8241254867553716,0.9753149237500338,0.9225543478260869,3.0612022949218756
940,FP2FM,4.159242248535157,0.9880348393601456,0.9149130832570905,4.546051777648926
941,FP2FM,6.900182890319826,0.9895089253392529,0.665196471531676,10.373150167846681
942,FP2FM,5.535951432800294,0.9806034319603603,0.6914285714285714,8.006541328430178
943,FP2FM,3.6518146942138676,0.9840755153293438,0.9350372736954207,3.905528471374512
944,FP2FM,5.144982661437989,0.981118297834107,0.7060502283105022,7.286992419433595
945,FP2FM,6.841953498840334,0.9871428079386892,0.6195856873822976,11.042788169860842
946,FP2FM,3.4812857620239264,0.9810388653272424,0.9320712694877505,3.734999539184571
947,FP2FM,5.552588401794434,0.9892651059000478,0.8736910994764397,6.35532215576172
948,FP2FM,5.461085072326661,0.9806798281364578,0.655516724912631,8.33096222381592
949,FP2FM,3.522878184509278,0.9782980650722325,0.9137001078748651,3.855617564392091
950,FP2FM,4.192516186523438,0.986723908110244,0.9064748201438849,4.625077380371095
951,FP2FM,3.551992880249024,0.9801335227167015,0.9123931623931624,3.8930507446289067
952,FP2FM,5.107549481201173,0.9866452560774479,0.7801778907242694,6.546647299194337
953,FP2FM,4.005350285339356,0.9763978404980719,0.693304535637149,5.777187483215333
954,FP2FM,7.0249601577758805,0.9888213429349532,0.6424496006085965,10.934647871398926
955,FP2FM,3.356508494567872,0.9768485894608175,0.9687875150060024,3.464648793029786
957,FP2FM,3.285801376342774,0.980893553879127,0.9587378640776699,3.4272156127929696
958,FP2FM,6.3345259445190445,0.9891886646509049,0.8024236037934668,7.894241787719728
959,FP2FM,7.278673934936525,0.9897299458396654,0.619030774672798,11.758177836608889
960,FP2FM,3.888891502380372,0.979734429568233,0.7583130575831306,5.128345692443848
961,FP2FM,5.41949264984131,0.98681027610005,0.8863945578231293,6.11408610534668
962,FP2FM,3.4688080352783213,0.9799505911651238,0.9195148842337376,3.7724327194213876
963,FP2FM,5.5484291595459,0.9888323406752983,0.910580204778157,6.093289894104005
964,FP2FM,3.855617564392091,0.9768605409102744,0.8366425992779783,4.608440411376954
965,FP2FM,3.448011824035645,0.975462755470961,0.9495990836197021,3.631018482971192
966,FP2FM,5.706480364990235,0.9902984218960039,0.9320652173913043,6.122404589843751
967,FP2FM,3.5769483337402352,0.9756826739147008,0.8365758754863813,4.275701031494141
968,FP2FM,3.5436743957519536,0.9755681181130231,0.9659863945578231,3.6684516632080086
969,FP2FM,6.579921237182619,0.9932492940737611,0.8519116855142703,7.7237128555297865
970,FP2FM,6.646469113159181,0.992351828429741,0.9296102385107621,7.149737425231935
971,FP2FM,5.099230996704103,0.9864420510016055,0.876967095851216,5.81462066345215
972,FP2FM,3.95959862060547,0.978601537921119,0.9567839195979899,4.138446037292481
973,FP2FM,3.6850886322021488,0.9824521278737945,0.9475935828877006,3.888891502380372
974,FP2FM,5.323830078125002,0.9853885447347399,0.8015028177833438,6.642309870910646
975,FP2FM,3.7557957504272466,0.9796753399226098,0.9585987261146497,3.918006198120118
976,FP2FM,2.882354878234864,0.9690310172288064,0.9352226720647774,3.0819985061645516
977,FP2FM,3.05704305267334,0.9736628085549158,0.9645669291338582,3.1693425933837895
978,FP2FM,3.9304839248657233,0.9718519872518545,0.8217391304347826,4.78312858581543
979,FP2FM,4.263223304748536,0.9755092516992965,0.9135472370766489,4.666669802856446
980,FP2FM,4.991090698242189,0.9819434158804019,0.7807417046193884,6.392755335998537
981,FP2FM,5.003568424987794,0.985360999184215,0.8430273300630694,5.935238688659669
982,FP2FM,3.655973936462403,0.9792455674205476,0.9321314952279958,3.922165440368653
983,FP2FM,3.9637578628540044,0.9890706794439229,0.9343137254901961,4.24242709350586
984,FP2FM,4.546051777648926,0.9801763219892358,0.9554195804195804,4.758173132324219
985,FP2FM,5.090912512207032,0.9844213387478183,0.8389307745030843,6.068334440612794
986,FP2FM,6.109926863098146,0.992505786869488,0.9028887523048555,6.767087138366701
987,FP2FM,4.521096324157716,0.9836866848579221,0.8172932330827067,5.531792190551759
988,FP2FM,4.338089665222168,0.9715303650607096,0.6794788273615635,6.384436851501466
989,FP2FM,4.891268884277345,0.9827212967459824,0.9123351435221102,5.361263258361817
990,FP2FM,3.768273477172852,0.9790648420596818,0.9467084639498433,3.9803948318481455
991,FP2FM,4.699943740844728,0.9840586756734945,0.9069020866773676,5.182415841674806
992,FP2FM,3.3065975875854496,0.9684029791667982,0.9419431279620853,3.5104004577636725
993,FP2FM,3.360667736816407,0.9716647883277468,0.9528301886792453,3.527037426757813
994,FP2FM,4.533574050903321,0.9866546608509016,0.8207831325301205,5.523473706054689
995,FP2FM,4.042783465576172,0.9872075429565055,0.9501466275659824,4.254904820251466
996,FP2FM,4.3422489074707045,0.983533467072066,0.9338103756708408,4.650032833862305
997,FP2FM,4.425433752441408,0.9828585418936401,0.9449378330373002,4.683306771850587
998,FP2FM,2.595367163085938,0.9777931068693869,0.9383458646616541,2.7658960952758793
999,FP2FM,4.961976002502442,0.9853897866640101,0.9284046692607004,5.344626289367677
1000,FP2FM,3.4812857620239264,0.9816681477760636,0.9393939393939394,3.705884843444825
1001,FP2FM,4.429592994689942,0.9832269794449844,0.9094790777113578,4.870472673034669
1002,FP2FM,3.4396933395385747,0.9691324413507364,0.8084066471163245,4.254904820251466
1003,FP2FM,4.866313430786134,0.9796500021651028,0.8375089477451683,5.810461421203614
1004,FP2FM,4.25074557800293,0.9821942732019012,0.8377049180327869,5.074275543212892
1005,FP2FM,4.300656484985352,0.982375957165017,0.8239043824701195,5.219849021911623
1006,FP2FM,5.702321122741701,0.9931517158299414,0.9037574159525379,6.309570491027833
1007,FP2FM,4.184197702026368,0.9801677523380137,0.8934280639431617,4.683306771850587
1008,FP2FM,5.336307804870606,0.9868456985838554,0.8721957851801495,6.1182453475952165
1009,FP2FM,4.521096324157716,0.9857474598040895,0.8572555205047319,5.273919171142579
1010,FP2FM,3.310756829833985,0.9733924635327764,0.9234338747099768,3.5852668182373053
1012,FP2FM,4.970294486999513,0.9657145249578758,0.6211018711018711,8.002382086181642
1013,FP2FM,3.2982791030883796,0.9805859697124507,0.922093023255814,3.5769483337402352
1014,FP2FM,5.144982661437989,0.9910405818602384,0.806914546640574,6.376118367004396
1015,FP2FM,4.945339033508302,0.9893981933303841,0.8517191977077364,5.80630217895508
1016,FP2FM,4.770650859069825,0.972206964297309,0.6480225988700565,7.361858779907228
1017,FP2FM,5.253122959899903,0.9899946496788865,0.9273127753303965,5.664887942504884
1018,FP2FM,5.120027207946778,0.9716289658726144,0.5873091603053435,8.71777175292969
1019,FP2FM,4.612599653625489,0.9825424417677828,0.7921428571428571,5.82293914794922
1020,FP2FM,1.1188361648559573,0.9025875894364114,0.911864406779661,1.2269764633178715
1021,FP2FM,4.25074557800293,0.983173318034661,0.9141323792486583,4.650032833862305
1022,FP2FM,3.6185407562255865,0.9818144116042751,0.928495197438634,3.897209986877442
1023,FP2FM,4.009509527587891,0.9830513765869865,0.926923076923077,4.3256119384765634
1024,FP2FM,3.922165440368653,0.985781593980087,0.9155339805825242,4.284019515991212
1025,FP2FM,4.36304511871338,0.9903119626409834,0.9177602799650044,4.754013890075684
1026,FP2FM,2.778373822021485,0.9639101865756925,0.8871181938911022,3.131909413146973
1027,FP2FM,4.051101950073243,0.9782596119400641,0.8036303630363036,5.0410016052246105
1028,FP2FM,5.448607345581056,0.9924589844282531,0.9046961325966851,6.022582775878908
1029,FP2FM,7.844330880737306,0.9928775630935228,0.7011152416356877,11.188361648559571
1030,FP2FM,8.389191615295413,0.9950774907121437,0.7969182141446068,10.527042131042483
1031,FP2FM,5.165778872680665,0.9862303572595453,0.9423368740515933,5.4818812835693365
1032,FP2FM,4.188356944274903,0.9798434772115698,0.8036711891460495,5.211530537414552
1033,FP2FM,4.6791475296020515,0.9850913535443412,0.9050683829444891,5.1699381149292
1034,FP2FM,5.257282202148438,0.9891145611313871,0.9411764705882353,5.585862339782715
1035,FP2FM,4.662510560607911,0.987870175043882,0.9333888426311407,4.995249940490724
1036,FP2FM,5.115867965698244,0.9902392213244331,0.9090909090909091,5.6274547622680675
1037,FP2FM,4.504459355163575,0.9868868755830381,0.8311588641596316,5.41949264984131
1039,FP2FM,4.704102983093263,0.9860388235815468,0.9106280193236715,5.165778872680665
1040,FP2FM,3.2733236495971685,0.9768842972564513,0.92046783625731,3.556152122497559
1041,FP2FM,3.556152122497559,0.9817038408200904,0.9313725490196079,3.8181843841552743
1042,FP2FM,3.901369229125977,0.9851446876583964,0.9324055666003976,4.184197702026368
1043,FP2FM,4.155083006286622,0.980439070951234,0.7928571428571428,5.240645233154298
1044,FP2FM,2.6161633743286137,0.9741739515013604,0.899856938483548,2.907310331726075
1045,FP2FM,3.231731227111817,0.9782857236628713,0.9533742331288344,3.389782432556153
1046,FP2FM,4.51693708190918,0.9880604952015435,0.9118387909319899,4.953657518005373
1048,FP2FM,3.5104004577636725,0.9821075100091327,0.9356984478935698,3.751636508178712
1049,FP2FM,3.901369229125977,0.9813041684715178,0.8375,4.658351318359376
1050,FP2FM,3.9512801361083993,0.9835625824991516,0.9387351778656127,4.209153155517579
1051,FP2FM,4.591803442382814,0.9850934681035391,0.9277310924369748,4.949498275756837
1052,FP2FM,4.78312858581543,0.9916086597624094,0.9148766905330151,5.228167506408693
1053,FP2FM,4.030305738830568,0.9807152004674962,0.8170320404721754,4.932861306762696
1054,FP2FM,3.8597768066406255,0.9841303107889328,0.9469387755102041,4.0760574035644535
1055,FP2FM,4.3339304229736335,0.9739265285461896,0.7322557976106817,5.918601719665529
1056,FP2FM,4.961976002502442,0.9846954384621308,0.7802485284499673,6.359481398010255
1057,FP2FM,3.4688080352783213,0.9713641898437089,0.8216748768472907,4.2216308822631845
1058,FP2FM,4.916224337768556,0.9691287340643718,0.6618141097424413,7.428406655883791
1059,FP2FM,5.107549481201173,0.9854437158523482,0.8203072812291249,6.22638564605713
1060,FP2FM,4.471185417175294,0.9819457890661586,0.7957068837897854,5.6191362777709974
1061,FP2FM,4.155083006286622,0.9803566552561706,0.7823022709475332,5.311352351379395
1062,FP2FM,4.662510560607911,0.984333721701041,0.8188458728999269,5.69400263824463
1063,FP2FM,4.433752236938477,0.9817993149040306,0.8081880212282032,5.486040525817872
1064,FP2FM,3.256686680603028,0.9714039421555823,0.9104651162790698,3.5769483337402352
1065,FP2FM,3.905528471374512,0.9731438508777371,0.9196865817825661,4.246586335754396
1066,FP2FM,4.267382546997071,0.9843294581876799,0.862910008410429,4.945339033508302
1067,FP2FM,7.058234095764161,0.991341591294353,0.899311075781664,7.848490122985841
1068,FP2FM,4.600121926879884,0.9717828239940952,0.7314814814814815,6.288774279785158
1069,FP2FM,4.084375888061524,0.979740425253073,0.8203842940685045,4.978612971496583
1070,FP2FM,6.708857746887208,0.9919867320900452,0.888215859030837,7.553183923339845
1071,FP2FM,6.030901260375978,0.9909768343609348,0.9073842302878599,6.646469113159181
1072,FP2FM,6.8086795608520525,0.9907628889615655,0.7877767083734359,8.642905392456058
1073,FP2FM,6.376118367004396,0.9870069239674886,0.7190431519699813,8.867504473876954
1074,FP2FM,7.698757402038575,0.9931613881144574,0.791025641025641,9.732626861572268
1075,FP2FM,4.716580709838867,0.9855181210722527,0.8964426877470356,5.261441444396974
1076,FP2FM,5.253122959899903,0.9859501409615946,0.856271186440678,6.134882316589357
1077,FP2FM,3.527037426757813,0.9752145754720797,0.8626653102746694,4.088535130310059
1078,FP2FM,1.617945234680176,0.8689737039770732,0.9464720194647201,1.7094485641479495
1079,FP2FM,4.034464981079102,0.9773683769417502,0.9056956115779645,4.4545484481811535
1080,FP2FM,3.9637578628540044,0.9749594692073605,0.8138343296327925,4.870472673034669
1081,FP2FM,3.9138469558715827,0.9742250987090381,0.8696857670979667,4.50030011291504
1082,FP2FM,5.531792190551759,0.9918191000234609,0.8908238446081714,6.20974867706299
1083,FP2FM,3.8223436264038098,0.9843351534066187,0.9358452138492872,4.084375888061524
1084,FP2FM,5.677365669250489,0.9898709398218554,0.8939096267190569,6.3511629135131855
1085,FP2FM,5.55674764404297,0.9914413620491825,0.9002695417789758,6.172315496826173
1086,FP2FM,4.5751664733886726,0.9836259387878167,0.7959479015918958,5.7480727874755875
1087,FP2FM,5.1533011459350595,0.9823741713727853,0.6672051696284329,7.7237128555297865
1088,FP2FM,4.612599653625489,0.984692156987052,0.7932761087267525,5.81462066345215
1089,FP2FM,3.9845540740966805,0.9831880071576057,0.7983333333333333,4.991090698242189
1090,FP2FM,2.9863359344482427,0.9769798454160487,0.899749373433584,3.319075314331055
0,SoftWorx,2.7575776107788093,0.983773712865756,0.9338028169014084,2.953061996459961
1,SoftWorx,3.210935015869141,0.9866603814511786,0.9223416965352449,3.4812857620239264
2,SoftWorx,2.6120041320800786,0.9816920783644627,0.9208211143695014,2.836603213500977
3,SoftWorx,3.0612022949218756,0.9853887078392514,0.908641975308642,3.368986221313477
4,SoftWorx,3.0320875991821294,0.9786099150472162,0.9181360201511335,3.3024383453369146
5,SoftWorx,3.2899606185913095,0.9810102420545774,0.9091954022988505,3.6185407562255865
6,SoftWorx,5.8603723281860365,0.9935423315447104,0.8789769182782283,6.667265324401857
7,SoftWorx,4.059420434570313,0.9849976290936969,0.8995391705069125,4.512777839660646
8,SoftWorx,3.414737886047364,0.9788639824322529,0.9235095613048369,3.6975663589477548
9,SoftWorx,6.571602752685548,0.9945288580273586,0.9148812970469021,7.183011363220216
10,SoftWorx,4.845517219543458,0.9923497673984427,0.8405483405483406,5.764709756469728
11,SoftWorx,2.433156715393067,0.9854105169901586,0.9241706161137441,2.6328003433227547
12,SoftWorx,3.4272156127929696,0.9863995249739728,0.9395667046750285,3.647655451965333
13,SoftWorx,3.2899606185913095,0.9823457789577407,0.9416666666666667,3.493763488769532
14,SoftWorx,3.285801376342774,0.9801570937528541,0.9327036599763873,3.522878184509278
15,SoftWorx,3.5395151535034186,0.9786806053102604,0.8120229007633588,4.358885876464845
16,SoftWorx,3.4105786437988286,0.9808987483621798,0.9479768786127167,3.597744544982911
17,SoftWorx,3.0528838104248055,0.9779396398167116,0.8940316686967114,3.414737886047364
19,SoftWorx,3.144387139892579,0.9808883583962816,0.9208282582216809,3.414737886047364
20,SoftWorx,3.2733236495971685,0.9803544688264411,0.8206465067778936,3.9887133163452155
21,SoftWorx,3.4272156127929696,0.9859066600913428,0.8956521739130435,3.8265028686523443
22,SoftWorx,3.7765919616699226,0.9847273964532304,0.8919449901768173,4.234108609008789
23,SoftWorx,3.3731454635620124,0.9757774192880526,0.8796095444685467,3.834821353149415
24,SoftWorx,5.327989320373536,0.9882354909193334,0.9446902654867256,5.639932489013673
25,SoftWorx,4.200834671020509,0.9832010519387788,0.9360518999073216,4.487822386169435
26,SoftWorx,4.055261192321778,0.979303923455738,0.9069767441860465,4.471185417175294
27,SoftWorx,7.262036965942384,0.994440160757318,0.8981481481481481,8.085566931152345
28,SoftWorx,3.6102222717285164,0.9781876924950531,0.9194915254237288,3.9263246826171883
29,SoftWorx,3.901369229125977,0.9771934719909774,0.90715667311412,4.300656484985352
30,SoftWorx,3.897209986877442,0.9730551244568126,0.9314115308151093,4.184197702026368
31,SoftWorx,4.467026174926759,0.979433898729332,0.9429323968393327,4.737376921081545
32,SoftWorx,7.802738458251954,0.9924666605648668,0.929633300297324,8.393350857543947
33,SoftWorx,3.4688080352783213,0.9714394413876232,0.9318435754189944,3.7225218124389654
34,SoftWorx,0.8692816299438477,0.8867280434062437,0.920704845814978,0.9441479904174807
35,SoftWorx,3.992872558593751,0.9812478331658008,0.940254652301665,4.246586335754396
36,SoftWorx,5.078434785461427,0.9915054262613839,0.9159789947486872,5.544269917297364
37,SoftWorx,2.973858207702637,0.9740680371473599,0.933420365535248,3.1859795623779306
38,SoftWorx,2.453952926635743,0.9584644829689117,0.9470304975922953,2.591207920837403
39,SoftWorx,5.045160847473145,0.9887313630276952,0.9106606606606606,5.54011067504883
40,SoftWorx,2.732622157287598,0.9609435978837269,0.9385714285714286,2.91146957397461
41,SoftWorx,2.9322657852172855,0.9710317195511254,0.9425133689839572,3.1111132019042973
42,SoftWorx,2.4830676223754886,0.9819340978830172,0.8492176386913229,2.9239473007202155
43,SoftWorx,2.786692306518555,0.9767892773277967,0.6774519716885743,4.11349058380127
44,SoftWorx,1.006536624145508,0.9387571458971762,0.9201520912547528,1.0938807113647462
45,SoftWorx,3.0944762329101567,0.9910708246499922,0.8804733727810651,3.5145597000122075
46,SoftWorx,2.7575776107788093,0.9813321800263751,0.8105134474327629,3.4022601593017585
47,SoftWorx,0.9691034439086916,0.9482760956522621,0.9173228346456693,1.0564475311279298
48,SoftWorx,2.7534183685302738,0.9844763844448752,0.9019073569482289,3.0528838104248055
49,SoftWorx,3.3939416748046884,0.9899918734516829,0.7853705486044273,4.321452696228029
50,SoftWorx,2.6369595855712893,0.9875089739480075,0.8276762402088773,3.1859795623779306
51,SoftWorx,3.356508494567872,0.987197324159806,0.8575982996811902,3.9138469558715827
52,SoftWorx,0.09982181396484376,0.853272947423513,0.8,0.12477726745605472
53,SoftWorx,2.674392765808106,0.987425395223095,0.8318240620957309,3.2150942581176762
54,SoftWorx,2.537137771606446,0.9811055315090319,0.9090909090909091,2.7908515487670904
56,SoftWorx,1.1229954071044925,0.9367258657824893,0.8011869436201781,1.401664637756348
57,SoftWorx,0.07486636047363282,0.953112932964404,0.8571428571428571,0.0873440872192383
58,SoftWorx,2.383245808410645,0.9872770931718519,0.8748091603053435,2.724303672790528
59,SoftWorx,2.7575776107788093,0.9807284986944519,0.8565891472868217,3.2192535003662117
60,SoftWorx,3.2234127426147468,0.9885004173718691,0.8806818181818182,3.660133178710938
61,SoftWorx,4.404637541198731,0.9926645662675592,0.7741228070175439,5.689843395996095
62,SoftWorx,2.7908515487670904,0.9789950886530907,0.8817345597897503,3.1651833511352545
63,SoftWorx,3.181820320129395,0.9817402237707394,0.8722919042189282,3.647655451965333
64,SoftWorx,3.843139837646485,0.988420265552971,0.9130434782608695,4.209153155517579
65,SoftWorx,3.493763488769532,0.985519236704444,0.9292035398230089,3.759954992675782
66,SoftWorx,4.608440411376954,0.9915678404342061,0.9210307564422278,5.003568424987794
67,SoftWorx,5.7314358184814465,0.9936786641154555,0.8948051948051948,6.405233062744141
68,SoftWorx,2.300060963439942,0.9685280635173608,0.9170812603648425,2.5080230758666997
69,SoftWorx,2.150328242492676,0.9518472074953043,0.9503676470588235,2.262627783203125
70,SoftWorx,2.836603213500977,0.9712057970781316,0.9538461538461539,2.973858207702637
71,SoftWorx,4.76649161682129,0.9890944599575906,0.8694992412746586,5.4818812835693365
72,SoftWorx,2.5870486785888676,0.9600691010084327,0.9381598793363499,2.7575776107788093
73,SoftWorx,5.964353384399415,0.9936098078828655,0.9104761904761904,6.550806541442872
74,SoftWorx,3.489604246520997,0.9847768493645385,0.922992299229923,3.780751203918458
75,SoftWorx,3.793228930664063,0.9832411975822376,0.8620037807183365,4.400478298950196
76,SoftWorx,2.021391732788086,0.9473429442085688,0.9418604651162791,2.146169000244141
77,SoftWorx,6.9043421325683605,0.9930810464006774,0.7819123881300047,8.830071293640138
78,SoftWorx,4.620918138122559,0.9862534742247668,0.8734276729559748,5.29055614013672
79,SoftWorx,2.2085576339721684,0.9596914878725631,0.946524064171123,2.333334901428223
80,SoftWorx,4.36304511871338,0.9846671952169678,0.9098005203816132,4.795606312561036
81,SoftWorx,3.897209986877442,0.9814499683603038,0.9123661148977604,4.271541789245606
82,SoftWorx,6.63815062866211,0.9921714184622632,0.8295218295218295,8.002382086181642
83,SoftWorx,3.730840296936036,0.9743044764712218,0.934375,3.992872558593751
84,SoftWorx,6.862749710083009,0.9880202413219376,0.7645968489341983,8.97564477233887
85,SoftWorx,6.313729733276369,0.9935677666361196,0.8987566607460036,7.0249601577758805
86,SoftWorx,4.537733293151857,0.9908904770580023,0.8707102952913008,5.211530537414552
87,SoftWorx,3.7391587814331064,0.9726352890410285,0.8972055888223552,4.167560733032227
88,SoftWorx,3.8805730178833016,0.9713498369037584,0.9246778989098117,4.196675428771973
89,SoftWorx,3.7100440856933603,0.9714241297788575,0.9449152542372882,3.9263246826171883
90,SoftWorx,3.6102222717285164,0.9748673715852696,0.9353448275862069,3.8597768066406255
91,SoftWorx,4.404637541198731,0.9845456437468771,0.9035836177474402,4.874631915283204
92,SoftWorx,3.8764137756347665,0.9756205049504488,0.9301397205588823,4.167560733032227
93,SoftWorx,3.1735018356323246,0.9686645879198352,0.9029585798816568,3.5145597000122075
94,SoftWorx,3.768273477172852,0.9777491564789776,0.9417879417879418,4.001191043090821
95,SoftWorx,4.234108609008789,0.9828391613086248,0.9330889092575618,4.537733293151857
96,SoftWorx,4.2049939132690435,0.9858860522929916,0.9232876712328767,4.554370262145997
97,SoftWorx,4.308974969482422,0.9813808415828937,0.9168141592920354,4.699943740844728
98,SoftWorx,3.8098658996582038,0.9811908971447485,0.9299492385786802,4.09685361480713
99,SoftWorx,4.392159814453126,0.9878398977028198,0.8934010152284264,4.916224337768556
100,SoftWorx,3.339871525573731,0.984260336376793,0.9413833528722158,3.5478336380004887
101,SoftWorx,2.0338694595336917,0.9545433562709363,0.9261363636363636,2.196079907226563
102,SoftWorx,2.8989918472290044,0.969044893002992,0.9343163538873994,3.1027947174072272
103,SoftWorx,3.5311966690063485,0.981704203746348,0.9168466522678186,3.8514583221435554
104,SoftWorx,2.9863359344482427,0.9698948601952475,0.905422446406053,3.2982791030883796
105,SoftWorx,3.119431686401368,0.9763534354968914,0.9433962264150944,3.3065975875854496
106,SoftWorx,4.005350285339356,0.9859381178100476,0.9441176470588235,4.24242709350586
107,SoftWorx,6.222226403808595,0.9917628283666508,0.8329621380846325,7.469999078369142
108,SoftWorx,3.9512801361083993,0.984524383632974,0.9433962264150944,4.188356944274903
109,SoftWorx,7.195489089965822,0.9934427878544103,0.8199052132701422,8.776001144409182
110,SoftWorx,3.4521710662841802,0.9723497030442557,0.9201773835920177,3.751636508178712
111,SoftWorx,3.194298046875,0.968270546927207,0.927536231884058,3.4438525817871097
112,SoftWorx,3.1901388046264656,0.9703954303319482,0.9285714285714286,3.43553409729004
113,SoftWorx,3.2691644073486334,0.9769795665919164,0.9346016646848989,3.497922731018067
114,SoftWorx,2.8199662445068365,0.9516341554859967,0.946927374301676,2.9780174499511727
115,SoftWorx,3.231731227111817,0.9625789823148346,0.9217081850533808,3.5062412155151375
116,SoftWorx,3.5020819732666024,0.9722843561224314,0.9407821229050279,3.7225218124389654
117,SoftWorx,5.336307804870606,0.9901438483118706,0.9290369297610427,5.743913545227052
118,SoftWorx,4.11349058380127,0.9814263201713394,0.9491362763915547,4.3339304229736335
119,SoftWorx,4.400478298950196,0.9821627021079923,0.9144338807260155,4.812243281555177
120,SoftWorx,3.872254533386231,0.9749622345468039,0.9100684261974584,4.254904820251466
121,SoftWorx,5.41949264984131,0.9919542341535821,0.9182522903453136,5.901964750671388
122,SoftWorx,3.4604895507812508,0.968304687057744,0.9234184239733629,3.7474772659301765
123,SoftWorx,2.433156715393067,0.9605346725536597,0.9405144694533762,2.5870486785888676
124,SoftWorx,3.144387139892579,0.9724712735207335,0.945,3.3273937988281257
125,SoftWorx,4.4545484481811535,0.9855371467857563,0.91852487135506,4.849676461791994
126,SoftWorx,2.0837803665161134,0.9666472033519533,0.9382022471910112,2.2210353607177735
127,SoftWorx,1.8633405273437502,0.9603181186899163,0.9294605809128631,2.0047547637939456
128,SoftWorx,3.210935015869141,0.9873337132622909,0.8997668997668997,3.5686298492431647
129,SoftWorx,3.843139837646485,0.9762506159670575,0.924924924924925,4.155083006286622
130,SoftWorx,0.5781346725463868,0.9733719202923778,0.9455782312925171,0.6114086105346681
131,SoftWorx,6.841953498840334,0.9912686255869169,0.7950700821652973,8.60547221221924
132,SoftWorx,6.550806541442872,0.9891785100596233,0.801119023397762,8.177070260620118
133,SoftWorx,6.018423533630372,0.9928700710802191,0.9169835234474017,6.563284268188478
134,SoftWorx,6.779564865112306,0.994438584764985,0.8975770925110133,7.553183923339845
135,SoftWorx,6.1972709503173835,0.9905398277877006,0.9129901960784313,6.787883349609377
136,SoftWorx,3.0362468414306645,0.9773321106357551,0.9346991037131882,3.248368196105958
137,SoftWorx,3.1111132019042973,0.9830941579962627,0.9066666666666666,3.4313748550415046
138,SoftWorx,3.023769114685059,0.980010087107248,0.9144654088050315,3.3065975875854496
139,SoftWorx,4.558529504394532,0.9899583846224626,0.9133333333333333,4.991090698242189
140,SoftWorx,6.284615037536621,0.9896043628100992,0.7940094587493431,7.915037998962403
141,SoftWorx,2.994654418945313,0.9769549524264335,0.9387222946544981,3.1901388046264656
142,SoftWorx,2.7658960952758793,0.9707029111247991,0.9122085048010974,3.0320875991821294
143,SoftWorx,4.666669802856446,0.9911721068393996,0.9159183673469388,5.095071754455568
144,SoftWorx,5.980990353393556,0.9845824263349792,0.7011214041930766,8.530605851745607
145,SoftWorx,3.256686680603028,0.9807183455912348,0.9157894736842105,3.556152122497559
146,SoftWorx,5.6440917312622085,0.9930926951139291,0.8945286750164799,6.309570491027833
147,SoftWorx,4.017828012084962,0.989083314894112,0.9342359767891683,4.300656484985352
148,SoftWorx,5.602499308776856,0.9865922372057881,0.7277147487844409,7.698757402038575
149,SoftWorx,3.8597768066406255,0.9909247768286165,0.9354838709677419,4.125968310546876
150,SoftWorx,4.874631915283204,0.9839363065475111,0.8359486447931527,5.83125763244629
151,SoftWorx,2.5038638336181642,0.971095280653648,0.8649425287356322,2.8948326049804693
152,SoftWorx,6.496736392211916,0.9834761479307217,0.6502914238134888,9.990499880981448
153,SoftWorx,3.0279283569335944,0.9807254511858788,0.8348623853211009,3.626859240722657
154,SoftWorx,3.730840296936036,0.9918902504630587,0.8768328445747801,4.254904820251466
155,SoftWorx,3.356508494567872,0.9666051079008859,0.6127562642369021,5.477722041320802
156,SoftWorx,3.418897128295899,0.9822341213854148,0.7345844504021448,4.654192076110841
157,SoftWorx,5.028523878479004,0.987927888994656,0.8857142857142857,5.677365669250489
158,SoftWorx,3.3731454635620124,0.9832777566630669,0.7866149369544132,4.288178758239747
159,SoftWorx,5.494359010314943,0.9805072907641017,0.5562105263157895,9.878200340270999
160,SoftWorx,5.144982661437989,0.9773256121983389,0.6327365728900256,8.131318595886231
161,SoftWorx,5.789665209960939,0.9910992055619041,0.8088320743753632,7.158055909729005
162,SoftWorx,4.762332374572755,0.9958452696132251,0.7858613589567605,6.060015956115724
163,SoftWorx,5.144982661437989,0.9902799867852867,0.9258982035928144,5.55674764404297
164,SoftWorx,5.673206427001954,0.9737348280789461,0.5272516428295323,10.75995969696045
165,SoftWorx,2.799170033264161,0.9888699528608126,0.7807424593967517,3.5852668182373053
166,SoftWorx,5.82293914794922,0.9922857748268927,0.7612833061446438,7.648846495056154
167,SoftWorx,2.861558666992188,0.9875344353665759,0.7445887445887446,3.843139837646485
168,SoftWorx,5.365422500610353,0.9901482230592198,0.7060755336617406,7.598935588073732
169,SoftWorx,5.96019414215088,0.9923394492563152,0.6082342954159593,9.79917473754883
170,SoftWorx,3.023769114685059,0.9890453148132166,0.8414351851851852,3.593585302734376
171,SoftWorx,1.979799310302735,0.9822404052230645,0.8733944954128441,2.2667870254516607
172,SoftWorx,2.91978805847168,0.9882720511694765,0.7244582043343654,4.030305738830568
173,SoftWorx,3.015450630187989,0.9846989613143898,0.9154040404040404,3.2941198608398445
174,SoftWorx,1.5264419052124027,0.9699080885467631,0.8779904306220095,1.7385632598876954
175,SoftWorx,3.2774828918457035,0.985276362336955,0.7951564076690212,4.121809068298341
176,SoftWorx,2.7159851882934576,0.9779957447655409,0.8706666666666667,3.119431686401368
177,SoftWorx,1.6678561416625979,0.9105400559408116,0.9347319347319347,1.7843149246215824
178,SoftWorx,3.05704305267334,0.977110089981494,0.926860025220681,3.2982791030883796
179,SoftWorx,2.803329275512696,0.9778079835117904,0.8477987421383648,3.3065975875854496
180,SoftWorx,2.545456256103516,0.9836434158506063,0.8973607038123167,2.836603213500977
181,SoftWorx,3.31491607208252,0.9862013323992449,0.9245939675174014,3.5852668182373053
182,SoftWorx,3.119431686401368,0.9842621114065572,0.9398496240601504,3.319075314331055
183,SoftWorx,2.973858207702637,0.9858515234172962,0.9383202099737533,3.1693425933837895
184,SoftWorx,2.087939608764649,0.9800699655960332,0.741506646971935,2.815807002258301
185,SoftWorx,4.633395864868166,0.9695982607544713,0.5314885496183206,8.71777175292969
186,SoftWorx,2.9447435119628915,0.9842446877596706,0.9147286821705426,3.2192535003662117
187,SoftWorx,0.13309575195312504,0.9232032465641797,0.8421052631578947,0.15805120544433598
188,SoftWorx,0.6030901260375978,0.8645110853415456,0.8950617283950617,0.6737972442626955
189,SoftWorx,3.1111132019042973,0.9802617089385006,0.7333333333333333,4.24242709350586
190,SoftWorx,3.1027947174072272,0.984706174712526,0.9142156862745098,3.3939416748046884
191,SoftWorx,0.2578730194091797,0.9729674864336978,0.6966292134831461,0.37017256011962896
194,SoftWorx,3.3273937988281257,0.9869673973532267,0.9456264775413712,3.5187189422607426
195,SoftWorx,0.19548438568115237,0.9726645139161679,0.9215686274509803,0.21212135467529303
196,SoftWorx,4.895428126525879,0.9935414067086398,0.7347066167290887,6.663106082153322
197,SoftWorx,2.212716876220704,0.9695461790042911,0.948306595365419,2.333334901428223
198,SoftWorx,2.836603213500977,0.9889844956946351,0.8138424821002387,3.4854450042724614
199,SoftWorx,2.4123605041503913,0.9800384872507532,0.7764390896921017,3.1069539596557623
201,SoftWorx,2.707666703796387,0.9775255948432411,0.93,2.91146957397461
202,SoftWorx,4.146764521789551,0.9928726410920278,0.7363367799113737,5.631614004516602
203,SoftWorx,3.938802409362794,0.9927787998466125,0.7649434571890146,5.149141903686524
204,SoftWorx,2.424838230895997,0.9740175947677878,0.9342948717948718,2.595367163085938
205,SoftWorx,2.146169000244141,0.974692613056223,0.9247311827956989,2.320857174682618
206,SoftWorx,1.775996440124512,0.9784065746039801,0.7763636363636364,2.2875832366943363
207,SoftWorx,3.4064194015502935,0.9834566825634028,0.8357142857142857,4.0760574035644535
208,SoftWorx,2.661915039062501,0.9812458499915641,0.9065155807365439,2.936425027465821
209,SoftWorx,2.5995264053344735,0.9851757582322691,0.9177679882525698,2.832443971252442
210,SoftWorx,3.148546382141114,0.9780462285044732,0.9299754299754299,3.385623190307618
211,SoftWorx,4.612599653625489,0.9946614731245483,0.737857618097139,6.251341099548341
212,SoftWorx,0.7653005737304689,0.9017686000061105,0.7763713080168776,0.9857404129028322
213,SoftWorx,1.7884741668701176,0.9672514340564512,0.8669354838709677,2.062984155273438
214,SoftWorx,0.449198162841797,0.9221069524332824,0.7769784172661871,0.5781346725463868
215,SoftWorx,4.155083006286622,0.9868878492166847,0.9353932584269663,4.442070721435547
216,SoftWorx,1.7219262908935549,0.9675116275244958,0.9366515837104072,1.8383850738525396
217,SoftWorx,0.1455734786987305,0.9066682862206686,0.7142857142857143,0.2038028701782227
218,SoftWorx,1.355912973022461,0.9467160991063801,0.9005524861878453,1.505645693969727
219,SoftWorx,2.770055337524415,0.9846290390254773,0.8649350649350649,3.2026165313720707
224,SoftWorx,4.001191043090821,0.9802484571802729,0.7474747474747475,5.352944773864747
225,SoftWorx,5.469403556823731,0.9865743974724649,0.7627610208816705,7.170533636474611
226,SoftWorx,6.010105049133301,0.9858819535271013,0.6871136471707086,8.746886448669436
227,SoftWorx,5.54011067504883,0.9892244279628035,0.8131868131868132,6.812838803100587
228,SoftWorx,4.595962684631349,0.9841079175758896,0.8776806989674345,5.236485990905763
229,SoftWorx,4.616758895874025,0.9869636343643681,0.9188741721854304,5.0243646362304695
230,SoftWorx,4.504459355163575,0.9846117380701921,0.8691813804173355,5.182415841674806
231,SoftWorx,4.146764521789551,0.9838599031905417,0.9326473339569691,4.446229963684083
232,SoftWorx,8.439102522277834,0.9938595426028256,0.8064387917329093,10.464653497314455
233,SoftWorx,5.577543855285646,0.9924211437682163,0.9172366621067032,6.0808121673584
234,SoftWorx,3.1984572891235357,0.9760248724135343,0.933252427184466,3.4272156127929696
235,SoftWorx,3.9887133163452155,0.9770905914490535,0.9274661508704062,4.300656484985352
236,SoftWorx,3.015450630187989,0.974894013072735,0.939119170984456,3.210935015869141
237,SoftWorx,4.1051720993042,0.9761055187963555,0.9311320754716981,4.408796783447267
238,SoftWorx,5.095071754455568,0.9905133109360702,0.8994126284875184,5.664887942504884
239,SoftWorx,5.864531570434571,0.9894111257220654,0.9431438127090301,6.218067161560059
240,SoftWorx,5.0410016052246105,0.989504705743455,0.9160997732426304,5.502677494812013
241,SoftWorx,5.523473706054689,0.9861934060872856,0.9046321525885559,6.105767620849611
242,SoftWorx,4.458707690429688,0.9854259076679175,0.9249352890422778,4.820561766052246
243,SoftWorx,4.9120650955200205,0.9824025313060325,0.9478330658105939,5.182415841674806
244,SoftWorx,4.999409182739258,0.9860842676605212,0.9140684410646388,5.469403556823731
245,SoftWorx,6.035060502624513,0.9898927154613777,0.9265644955300127,6.513373361206056
246,SoftWorx,5.964353384399415,0.9899572543092601,0.8525564803804994,6.995845462036134
247,SoftWorx,6.168156254577638,0.9910150501535065,0.9573918657198193,6.442666242980958
248,SoftWorx,3.2234127426147468,0.965928990234622,0.9544334975369458,3.3773047058105474
249,SoftWorx,3.127750170898438,0.9626052160766574,0.9388264669163545,3.331553041076661
250,SoftWorx,6.2139079193115245,0.9915868383908921,0.9032648125755743,6.879386679077149
251,SoftWorx,5.652410215759279,0.9869971010118627,0.9556962025316456,5.914442477416993
252,SoftWorx,4.2382678512573255,0.9737627947083891,0.9505597014925373,4.458707690429688
253,SoftWorx,4.013668769836427,0.9786108519868209,0.9225621414913958,4.3505673919677745
254,SoftWorx,4.4379114791870125,0.9842227008348259,0.941747572815534,4.712421467590333
255,SoftWorx,2.466430653381348,0.9532140727931145,0.9222395023328149,2.674392765808106
256,SoftWorx,6.995845462036134,0.9935140233825744,0.895156998403406,7.815216184997561
257,SoftWorx,6.238863372802736,0.9907412965581097,0.9036144578313253,6.9043421325683605
258,SoftWorx,2.12121354675293,0.9494426199104751,0.9289617486338798,2.2834239944458012
259,SoftWorx,3.3357122833251958,0.973418729612029,0.9197247706422018,3.626859240722657
260,SoftWorx,2.9988136611938483,0.9692791634497726,0.9327296248382924,3.2150942581176762
261,SoftWorx,3.339871525573731,0.9773627464894389,0.9402810304449649,3.551992880249024
262,SoftWorx,3.023769114685059,0.9713436254338974,0.9478487614080835,3.1901388046264656
263,SoftWorx,3.310756829833985,0.9745568992098984,0.9342723004694836,3.5436743957519536
264,SoftWorx,2.487226864624024,0.9583929935064942,0.9387755102040817,2.649437312316895
265,SoftWorx,4.625077380371095,0.9849554278837318,0.9391891891891891,4.924542822265625
266,SoftWorx,3.1901388046264656,0.9752547986976104,0.9353658536585366,3.4105786437988286
267,SoftWorx,3.007132145690919,0.973717123033812,0.9426336375488917,3.1901388046264656
268,SoftWorx,2.470589895629883,0.9590090285310383,0.939873417721519,2.628641101074219
269,SoftWorx,3.5104004577636725,0.972341301135535,0.9224043715846995,3.8057066574096687
270,SoftWorx,4.595962684631349,0.9875250615746385,0.9193011647254575,4.999409182739258
271,SoftWorx,6.883545921325685,0.9919031504162118,0.8669460450497642,7.939993452453615
272,SoftWorx,6.821157287597657,0.9916454996159016,0.8497409326424871,8.027337539672853
273,SoftWorx,7.657164979553224,0.9937446189131924,0.8614880673841835,8.88830068511963
274,SoftWorx,7.1538966674804705,0.9942271118351566,0.8815991799077396,8.114681626892091
275,SoftWorx,4.259064062500001,0.984743068307286,0.9317561419472248,4.571007231140138
276,SoftWorx,3.477126519775391,0.9829947606317896,0.9709639953542393,3.58110757598877
277,SoftWorx,3.181820320129395,0.976722052138112,0.9491315136476427,3.352349252319337
278,SoftWorx,4.654192076110841,0.98764578642409,0.8952,5.199052810668947
279,SoftWorx,4.067738919067383,0.9903391338982196,0.9047178538390379,4.496140870666505
280,SoftWorx,4.475344659423829,0.9885682709790322,0.867741935483871,5.157460388183595
281,SoftWorx,4.3422489074707045,0.9891850188276818,0.9094076655052264,4.77481010131836
282,SoftWorx,3.8181843841552743,0.9910429023458849,0.892128279883382,4.279860273742677
283,SoftWorx,1.6512191726684573,0.9364710394533653,0.9407582938388626,1.7552002288818362
284,SoftWorx,19.843744767761233,0.9917511479603514,0.38666018315908907,51.3208901046753
285,SoftWorx,4.716580709838867,0.9841950508664122,0.9317995069843878,5.061797816467286
286,SoftWorx,4.845517219543458,0.9882697137862262,0.8746246246246246,5.54011067504883
287,SoftWorx,2.437315957641602,0.9731616928627194,0.915625,2.661915039062501
288,SoftWorx,1.8092703781127932,0.9582964950919715,0.919661733615222,1.9673215835571292
289,SoftWorx,3.1027947174072272,0.9822853632026161,0.8828402366863906,3.5145597000122075
290,SoftWorx,17.80571606597901,0.9220184904107608,0.2216641640345881,80.32744554595948
291,SoftWorx,3.0362468414306645,0.9851441484214164,0.9113607990012484,3.331553041076661
292,SoftWorx,2.8948326049804693,0.958888853695073,0.9613259668508287,3.011291387939454
293,SoftWorx,4.9203835800170905,0.9881541950134963,0.9030534351145039,5.448607345581056
294,SoftWorx,4.51693708190918,0.9848153739695359,0.9250425894378195,4.882950399780274
295,SoftWorx,6.3012520065307625,0.9939277249532672,0.8642327438676555,7.291151661682131
296,SoftWorx,6.733813200378419,0.9935692464716726,0.8813282525857377,7.640528010559083
297,SoftWorx,7.224603785705567,0.9940848380368908,0.8817258883248731,8.19370722961426
298,SoftWorx,5.922760961914063,0.9900317139357279,0.7977591036414566,7.424247413635255
299,SoftWorx,4.529414808654787,0.9795524397248873,0.7972181551976574,5.681524911499025
300,SoftWorx,2.8449216979980476,0.9563146246117882,0.957983193277311,2.969698965454102
301,SoftWorx,4.051101950073243,0.9739976076931162,0.6957142857142857,5.82293914794922
302,SoftWorx,6.779564865112306,0.9879729392225199,0.690677966101695,9.815811706542972
303,SoftWorx,6.7754056228637705,0.9853080586773131,0.6550060313630881,10.344035472106935
304,SoftWorx,7.536546954345704,0.9951526069141319,0.8736740597878495,8.626268423461916
305,SoftWorx,4.167560733032227,0.9801487401184743,0.9192660550458716,4.533574050903321
306,SoftWorx,5.207371295166016,0.9881769717550708,0.9308550185873606,5.5941808242797855
307,SoftWorx,3.5020819732666024,0.981769889857026,0.8807531380753139,3.97623558959961
308,SoftWorx,7.561502407836916,0.9944635111470432,0.8408880666049954,8.99228174133301
309,SoftWorx,4.155083006286622,0.9850323387909642,0.9207373271889401,4.512777839660646
310,SoftWorx,3.448011824035645,0.972779462687804,0.8079922027290448,4.267382546997071
311,SoftWorx,4.234108609008789,0.9871698405840686,0.8686006825938567,4.874631915283204
312,SoftWorx,8.884141442871094,0.9968267512051456,0.8633791430881164,10.289965322875979
313,SoftWorx,3.9637578628540044,0.9791311461697956,0.9016083254493851,4.396319056701661
314,SoftWorx,4.142605279541017,0.9825070283766026,0.8077858880778589,5.128345692443848
315,SoftWorx,5.257282202148438,0.9907779139259949,0.9321533923303835,5.639932489013673
316,SoftWorx,4.36304511871338,0.9805341767691093,0.6951623591782637,6.276296553039552
317,SoftWorx,6.001786564636232,0.9911523147383013,0.8793418647166362,6.825316529846193
318,SoftWorx,4.529414808654787,0.983347852188993,0.9291808873720137,4.874631915283204
319,SoftWorx,3.7183625701904304,0.9782298837935999,0.9371069182389937,3.9679171051025395
320,SoftWorx,3.131909413146973,0.974094583290138,0.931930693069307,3.360667736816407
321,SoftWorx,4.749854647827149,0.9822429480748802,0.8204022988505747,5.789665209960939
322,SoftWorx,4.882950399780274,0.9859454777467671,0.890068233510235,5.486040525817872
323,SoftWorx,4.188356944274903,0.9785033300184662,0.8101367658889783,5.1699381149292
324,SoftWorx,4.9287020645141615,0.9877475438105637,0.8257839721254355,5.96851262664795
325,SoftWorx,3.8805730178833016,0.9807059112518909,0.9433771486349848,4.11349058380127
326,SoftWorx,3.414737886047364,0.9700028889804482,0.9350797266514806,3.6518146942138676
327,SoftWorx,2.8449216979980476,0.9565325344230341,0.9513212795549374,2.990495176696778
328,SoftWorx,6.945934555053713,0.9903599200236782,0.8267326732673267,8.401669342041018
329,SoftWorx,4.76649161682129,0.9827160460351311,0.8953125,5.323830078125002
330,SoftWorx,3.044565325927735,0.9706708838284018,0.944516129032258,3.2234127426147468
331,SoftWorx,2.9447435119628915,0.9739983153936667,0.9567567567567568,3.077839263916016
332,SoftWorx,3.4313748550415046,0.96870818264818,0.9105960264900662,3.768273477172852
333,SoftWorx,3.997031800842286,0.9786266876568225,0.8199658703071673,4.874631915283204
334,SoftWorx,5.889487023925783,0.9805795182636045,0.7220805711371749,8.156274049377442
335,SoftWorx,0.9108740524291994,0.9269893635077338,0.9439655172413793,0.9649442016601564
336,SoftWorx,0.582293914794922,0.8635136700010535,0.9395973154362416,0.6197270950317384
337,SoftWorx,3.7225218124389654,0.9849296578140284,0.9022177419354839,4.125968310546876
338,SoftWorx,3.9304839248657233,0.9894889011943937,0.8923512747875354,4.404637541198731
339,SoftWorx,3.972076347351075,0.9885101401116339,0.9077946768060836,4.375522845458985
340,SoftWorx,4.837198735046387,0.9917755856006015,0.917192429022082,5.273919171142579
342,SoftWorx,2.25846854095459,0.950400594490298,0.9427083333333334,2.3957235351562503
343,SoftWorx,4.6957844985961925,0.9856705728740978,0.9163961038961039,5.124186450195314
345,SoftWorx,4.138446037292481,0.9895846248530049,0.8697552447552448,4.758173132324219
346,SoftWorx,4.171719975280762,0.9893992621275817,0.8316749585406302,5.016046151733399
347,SoftWorx,4.046942707824708,0.9853870825881521,0.8115095913261051,4.986931455993653
348,SoftWorx,2.9863359344482427,0.9738604697183502,0.9410222804718218,3.1735018356323246
349,SoftWorx,3.9096877136230477,0.976096539824975,0.8041060735671514,4.862154188537598
350,SoftWorx,3.843139837646485,0.9762530295385143,0.8076923076923077,4.758173132324219
351,SoftWorx,4.175879217529298,0.9887430929898948,0.8038430744595677,5.194893568420411
352,SoftWorx,3.4604895507812508,0.9786889404096211,0.9401129943502825,3.680929389953614
353,SoftWorx,3.9845540740966805,0.9848220384518023,0.9071969696969697,4.392159814453126
354,SoftWorx,4.4545484481811535,0.9840862819582618,0.8679092382495948,5.132504934692383
355,SoftWorx,3.161024108886719,0.977031366332143,0.9325153374233128,3.389782432556153
356,SoftWorx,2.7617368530273443,0.9674075986529973,0.9445234708392604,2.9239473007202155
357,SoftWorx,3.918006198120118,0.9845566884991335,0.7882845188284519,4.970294486999513
358,SoftWorx,3.997031800842286,0.9773871718197937,0.8459507042253521,4.724899194335938
359,SoftWorx,4.52525556640625,0.9869875090612105,0.8745980707395499,5.174097357177735
360,SoftWorx,5.494359010314943,0.9912088982557986,0.923130677847659,5.95187565765381
361,SoftWorx,3.5478336380004887,0.9799719646323862,0.9211663066954644,3.8514583221435554
362,SoftWorx,4.50030011291504,0.9891688017580615,0.9327586206896552,4.8247210083007825
363,SoftWorx,3.7225218124389654,0.9747101862495994,0.7983942908117752,4.662510560607911
364,SoftWorx,1.8591812850952152,0.9575942715347323,0.8262476894639557,2.25015005645752
365,SoftWorx,0.8568039031982424,0.8919050529805178,0.9493087557603687,0.9025555679321291
366,SoftWorx,4.8247210083007825,0.9888627543281642,0.942323314378554,5.120027207946778
367,SoftWorx,3.6393369674682625,0.9851023026418407,0.9152719665271967,3.97623558959961
368,SoftWorx,3.83898059539795,0.9834022232060109,0.9013671875,4.259064062500001
369,SoftWorx,2.90315108947754,0.9812971290503059,0.9232804232804233,3.144387139892579
370,SoftWorx,8.355917677307131,0.9947781220982511,0.7446256486286138,11.221635586547853
371,SoftWorx,3.3648269790649423,0.981483171280636,0.9331026528258363,3.6060630294799814
372,SoftWorx,2.8698771514892583,0.9738774482232926,0.8767471410419314,3.2733236495971685
373,SoftWorx,5.473562799072267,0.9886637833210931,0.8088506453595574,6.767087138366701
374,SoftWorx,5.510995979309083,0.9888183025758468,0.720500271886895,7.648846495056154
375,SoftWorx,2.574570951843262,0.973954791820816,0.9266467065868264,2.778373822021485
376,SoftWorx,3.6850886322021488,0.9873070941132308,0.9124613800205973,4.038624223327638
377,SoftWorx,4.229949366760255,0.9804968191473292,0.9220308250226654,4.587644200134278
378,SoftWorx,4.375522845458985,0.9840101712218592,0.9084628670120898,4.816402523803712
379,SoftWorx,4.354726634216309,0.9891032943495414,0.8382706164931946,5.194893568420411
380,SoftWorx,9.574575656127932,0.9930910943592425,0.6713327500729076,14.262041670227054
381,SoftWorx,3.9679171051025395,0.9856116745866269,0.9235237173281704,4.296497242736817
382,SoftWorx,4.554370262145997,0.9839508594751375,0.8960720130932897,5.082594027709962
383,SoftWorx,5.402855680847169,0.9761273691711442,0.6511278195488722,8.297688285827638
384,SoftWorx,5.111708723449707,0.988604811007378,0.8854466858789626,5.773028240966798
385,SoftWorx,3.9679171051025395,0.9818482264864118,0.9298245614035088,4.267382546997071
386,SoftWorx,6.625672901916506,0.989618973162692,0.7402416356877324,8.950689318847658
387,SoftWorx,3.8514583221435554,0.9842214254248011,0.9087340529931305,4.2382678512573255
389,SoftWorx,4.641714349365236,0.984049173310351,0.9276807980049875,5.003568424987794
390,SoftWorx,5.028523878479004,0.988665330421941,0.9264367816091954,5.427811134338381
391,SoftWorx,4.49198162841797,0.9809394251076113,0.8970099667774086,5.0077276672363285
392,SoftWorx,6.272137310791017,0.9899999924302629,0.8467153284671532,7.407610444641114
393,SoftWorx,6.995845462036134,0.9882491331914832,0.6269101751770406,11.159246952819826
394,SoftWorx,2.4040420196533208,0.9547671441494598,0.8837920489296636,2.7201444305419926
395,SoftWorx,4.828880250549317,0.9889690978439322,0.8951426368542791,5.3945371963500985
396,SoftWorx,5.95187565765381,0.988888839485135,0.8871667699938004,6.708857746887208
397,SoftWorx,6.567443510437013,0.989008481692591,0.7721271393643032,8.505650398254396
398,SoftWorx,2.0255509750366216,0.9500498760908089,0.9052044609665427,2.2376723297119145
399,SoftWorx,2.7409406417846682,0.9603282874714825,0.925561797752809,2.9613804809570317
400,SoftWorx,3.9554393783569344,0.9705132994842406,0.7595846645367412,5.207371295166016
401,SoftWorx,3.1360686553955084,0.9664887218511936,0.9019138755980861,3.477126519775391
402,SoftWorx,5.689843395996095,0.992677485090959,0.921832884097035,6.172315496826173
403,SoftWorx,4.25074557800293,0.9814504797000614,0.8727583262169086,4.870472673034669
404,SoftWorx,5.165778872680665,0.9855131469968607,0.7885714285714286,6.550806541442872
405,SoftWorx,5.070116300964356,0.9814626507232735,0.7637844611528822,6.63815062866211
406,SoftWorx,3.4022601593017585,0.9885115417028175,0.9149888143176734,3.7183625701904304
407,SoftWorx,4.034464981079102,0.9762723493236461,0.8834244080145719,4.5668479888916025
408,SoftWorx,4.396319056701661,0.9887920261866165,0.8957627118644068,4.907905853271486
409,SoftWorx,4.267382546997071,0.9819093083634125,0.9430147058823529,4.52525556640625
410,SoftWorx,4.666669802856446,0.9841511078690406,0.9334442595673876,4.999409182739258
411,SoftWorx,3.9637578628540044,0.9839369292141938,0.9324853228962818,4.25074557800293
412,SoftWorx,4.853835704040528,0.9841160073809295,0.914576802507837,5.307193109130861
413,SoftWorx,4.300656484985352,0.9763675579236816,0.8406504065040651,5.115867965698244
414,SoftWorx,3.8181843841552743,0.9867547186831664,0.9522821576763485,4.009509527587891
415,SoftWorx,4.803924797058107,0.9900071731757526,0.9073055773762765,5.294715382385255
416,SoftWorx,4.833039492797853,0.9796707704424783,0.8041522491349481,6.010105049133301
417,SoftWorx,4.2049939132690435,0.9801278007767072,0.9326568265682657,4.50861859741211
418,SoftWorx,3.4396933395385747,0.9800701650140222,0.937641723356009,3.6684516632080086
419,SoftWorx,5.407014923095705,0.9912255894524907,0.8414239482200647,6.426029273986817
420,SoftWorx,4.3256119384765634,0.978878956691209,0.9252669039145908,4.674988287353517
421,SoftWorx,4.932861306762696,0.986060536104813,0.897125567322239,5.4985182525634775
422,SoftWorx,3.489604246520997,0.9806754667273306,0.9149400218102508,3.8140251419067392
423,SoftWorx,5.789665209960939,0.9896873921889036,0.9033095392602206,6.409392304992677
424,SoftWorx,4.995249940490724,0.9889222869694273,0.8665223665223665,5.764709756469728
425,SoftWorx,4.849676461791994,0.986600008763999,0.9045771916214119,5.361263258361817
426,SoftWorx,4.583484957885743,0.9869411131085174,0.90625,5.0576385742187515
427,SoftWorx,5.190734326171876,0.9828521894557651,0.8082901554404145,6.421870031738282
428,SoftWorx,6.0808121673584,0.9909690108000284,0.7459183673469387,8.152114807128907
429,SoftWorx,4.1051720993042,0.9841795025378139,0.922429906542056,4.450389205932618
430,SoftWorx,4.225790124511719,0.9793808263130853,0.9346826126954921,4.521096324157716
431,SoftWorx,5.793824452209474,0.9929928188364839,0.8416918429003021,6.883545921325685
432,SoftWorx,4.778969343566895,0.9810082337714976,0.865210843373494,5.523473706054689
433,SoftWorx,4.77481010131836,0.9802571513790618,0.9010989010989011,5.29887462463379
434,SoftWorx,3.784910446166993,0.981274059082952,0.9173387096774194,4.125968310546876
435,SoftWorx,5.327989320373536,0.9923918572808645,0.8690637720488467,6.130723074340821
436,SoftWorx,6.633991386413575,0.9911555857863122,0.7746478873239436,8.563879789733889
437,SoftWorx,5.095071754455568,0.9833272716627182,0.9121370067014147,5.585862339782715
438,SoftWorx,3.70172560119629,0.980998146427661,0.9118852459016393,4.059420434570313
439,SoftWorx,3.9637578628540044,0.9712807171722376,0.9407699901283317,4.2133123977661135
440,SoftWorx,4.9370205490112316,0.9840564577653418,0.9353821907013397,5.278078413391114
441,SoftWorx,4.521096324157716,0.9882100308070206,0.9266837169650469,4.878791157531739
442,SoftWorx,7.361858779907228,0.9950321300625021,0.8404558404558404,8.75936417541504
443,SoftWorx,5.365422500610353,0.9779667562159176,0.7263513513513513,7.386814233398439
444,SoftWorx,5.4901997680664065,0.9842563570626203,0.7205240174672489,7.6197317993164075
445,SoftWorx,8.792638113403322,0.9935619098360093,0.8352429869616752,10.527042131042483
446,SoftWorx,4.550211019897462,0.9841798266283638,0.9374464438731791,4.853835704040528
447,SoftWorx,4.084375888061524,0.9791449393616117,0.7893890675241158,5.174097357177735
448,SoftWorx,5.120027207946778,0.9817011670271303,0.7447065940713854,6.875227436828615
449,SoftWorx,5.003568424987794,0.9881611401172433,0.8984316654219567,5.569225370788575
450,SoftWorx,5.070116300964356,0.9902208779916735,0.8105053191489362,6.255500341796876
451,SoftWorx,6.222226403808595,0.9840240755030732,0.6325581395348837,9.836607917785646
452,SoftWorx,3.888891502380372,0.9778840003892713,0.873015873015873,4.4545484481811535
453,SoftWorx,4.837198735046387,0.9875625715566786,0.7858108108108108,6.155678527832032
454,SoftWorx,4.691625256347657,0.9874603806672994,0.9067524115755627,5.174097357177735
455,SoftWorx,4.4545484481811535,0.9828258309860846,0.9232758620689655,4.8247210083007825
456,SoftWorx,4.125968310546876,0.9766917758346193,0.9402843601895735,4.388000572204591
457,SoftWorx,4.254904820251466,0.9832176880150655,0.78996138996139,5.3862187118530285
458,SoftWorx,3.8847322601318366,0.9819080324156338,0.923837784371909,4.2049939132690435
459,SoftWorx,5.199052810668947,0.9909885142898929,0.9218289085545722,5.639932489013673
460,SoftWorx,5.323830078125002,0.9883149219303976,0.7516147974163241,7.083189549255373
461,SoftWorx,4.616758895874025,0.9869150447713685,0.8966074313408724,5.149141903686524
462,SoftWorx,4.550211019897462,0.9856138551845066,0.9398625429553265,4.841357977294923
463,SoftWorx,3.8930507446289067,0.9838815760565948,0.924901185770751,4.209153155517579
464,SoftWorx,4.704102983093263,0.9873271670441586,0.7406679764243614,6.3511629135131855
465,SoftWorx,5.486040525817872,0.9884008262435436,0.9198047419804742,5.964353384399415
466,SoftWorx,5.635773246765138,0.9833800793600525,0.6785177766649975,8.306006770324709
467,SoftWorx,3.8597768066406255,0.9796938161891582,0.9298597194388778,4.150923764038087
468,SoftWorx,4.833039492797853,0.986114152485126,0.7235367372353674,6.679743051147462
469,SoftWorx,5.327989320373536,0.9913062525704605,0.8001249219237976,6.658946839904786
470,SoftWorx,4.192516186523438,0.9818364681506253,0.9230769230769231,4.541892535400391
471,SoftWorx,5.436129618835451,0.9927778491912045,0.7816985645933014,6.954253039550782
472,SoftWorx,5.68568415374756,0.9887999796679857,0.8893949251789199,6.392755335998537
473,SoftWorx,4.970294486999513,0.981041392387213,0.6624168514412417,7.503273016357424
474,SoftWorx,4.949498275756837,0.9770712148998755,0.576271186440678,8.588835243225098
475,SoftWorx,4.059420434570313,0.9802906269841418,0.9003690036900369,4.50861859741211
476,SoftWorx,4.745695405578615,0.9862101801627322,0.917940466613033,5.1699381149292
477,SoftWorx,4.749854647827149,0.990486157321286,0.8963893249607535,5.29887462463379
478,SoftWorx,4.579325715637208,0.9863742806513403,0.9084158415841584,5.0410016052246105
479,SoftWorx,4.346408149719239,0.9874261876622199,0.8523654159869495,5.099230996704103
480,SoftWorx,5.115867965698244,0.9890134954297233,0.8848920863309353,5.781346725463868
481,SoftWorx,5.178256599426271,0.9830143110424993,0.6726094003241491,7.698757402038575
482,SoftWorx,4.308974969482422,0.9875155677986034,0.796923076923077,5.407014923095705
483,SoftWorx,5.702321122741701,0.9794989171373455,0.6927741283476503,8.231140409851076
484,SoftWorx,5.764709756469728,0.9900101322028277,0.7021276595744681,8.2103441986084
485,SoftWorx,4.504459355163575,0.9819004578869606,0.906276150627615,4.970294486999513
486,SoftWorx,5.124186450195314,0.9770606227950578,0.7525962125839951,6.8086795608520525
487,SoftWorx,4.978612971496583,0.9903864358349607,0.8232462173314993,6.047538229370118
488,SoftWorx,4.562688746643067,0.9810849142258349,0.9203020134228188,4.957816760253907
489,SoftWorx,4.2049939132690435,0.9884908618625978,0.828688524590164,5.074275543212892
490,SoftWorx,5.215689779663086,0.9923050980168949,0.9159970781592404,5.69400263824463
491,SoftWorx,4.77481010131836,0.9746040563830697,0.7483702737940026,6.380277609252931
492,SoftWorx,5.332148562622072,0.9847210014347868,0.6422845691382766,8.301847528076173
493,SoftWorx,4.941179791259766,0.9857673713714011,0.939873417721519,5.257282202148438
494,SoftWorx,4.77481010131836,0.9851742163067716,0.8664150943396226,5.510995979309083
495,SoftWorx,5.0077276672363285,0.99329298173973,0.884643644379133,5.660728700256349
496,SoftWorx,6.263818826293946,0.9906047942361426,0.9007177033492823,6.954253039550782
497,SoftWorx,4.300656484985352,0.9876167196164438,0.7251051893408135,5.931079446411134
498,SoftWorx,4.991090698242189,0.985596452468809,0.9309542280837859,5.361263258361817
499,SoftWorx,4.450389205932618,0.9846513434855366,0.7186030893216924,6.193111708068849
500,SoftWorx,2.3250164169311525,0.9314348710939433,0.9379194630872483,2.4789083801269536
501,SoftWorx,0.1996436279296875,0.877086196586861,0.6486486486486487,0.30778392639160157
502,SoftWorx,1.8591812850952152,0.9497942383341293,0.9197530864197531,2.021391732788086
503,SoftWorx,4.487822386169435,0.9915373780087524,0.8887973640856672,5.049320089721681
504,SoftWorx,5.2822376556396495,0.9903596910759712,0.8949964763918252,5.901964750671388
505,SoftWorx,4.2133123977661135,0.9897285856855894,0.90608228980322,4.650032833862305
506,SoftWorx,4.425433752441408,0.988270624701262,0.9424269264836138,4.6957844985961925
507,SoftWorx,4.017828012084962,0.9848957316525613,0.7684964200477327,5.228167506408693
508,SoftWorx,4.429592994689942,0.9881625877243264,0.8359497645211931,5.29887462463379
509,SoftWorx,5.3945371963500985,0.9771580357220245,0.6567088607594936,8.214503440856936
510,SoftWorx,3.7225218124389654,0.9839419142306661,0.9411146161934806,3.9554393783569344
511,SoftWorx,3.4396933395385747,0.9841685929633307,0.9138121546961326,3.764114234924317
512,SoftWorx,6.147360043334962,0.9896776172653748,0.791644349223353,7.765305278015138
513,SoftWorx,3.9887133163452155,0.9813893505776322,0.930164888457808,4.288178758239747
514,SoftWorx,3.8223436264038098,0.9794913759530703,0.9406345957011258,4.063579676818849
515,SoftWorx,7.124781971740724,0.9800743807365554,0.594585213467546,11.982776918029787
516,SoftWorx,3.631018482971192,0.9801412485677309,0.9336898395721925,3.888891502380372
517,SoftWorx,2.969698965454102,0.9779282037623466,0.9394736842105263,3.161024108886719
518,SoftWorx,7.004163946533205,0.9885619589133076,0.6491904394757132,10.789074392700197
519,SoftWorx,3.414737886047364,0.976643515127238,0.9266365688487584,3.6850886322021488
520,SoftWorx,4.383841329956056,0.9872559671160868,0.8776019983347211,4.995249940490724
521,SoftWorx,3.1984572891235357,0.979553740633477,0.918757467144564,3.4812857620239264
522,SoftWorx,4.579325715637208,0.9864146427253911,0.9024590163934426,5.074275543212892
523,SoftWorx,7.037437884521485,0.9807919818232615,0.5666443402545212,12.41949735412598
524,SoftWorx,4.271541789245606,0.9854080758899223,0.8992994746059545,4.749854647827149
525,SoftWorx,3.0903169906616212,0.9757415925494418,0.9184177997527813,3.3648269790649423
526,SoftWorx,6.9376160705566425,0.9924667736611279,0.7331868131868132,9.462276115417481
527,SoftWorx,4.995249940490724,0.9867758303270869,0.917494270435447,5.444448103332521
528,SoftWorx,7.124781971740724,0.990851444664105,0.8987408184679958,7.927515725708009
529,SoftWorx,3.248368196105958,0.9803037121046777,0.9091967403958091,3.5727890914917
530,SoftWorx,6.176474739074708,0.9920585050211789,0.8623693379790941,7.16221515197754
531,SoftWorx,6.247181857299807,0.992007472159651,0.9164124466137888,6.816998045349123
532,SoftWorx,3.2733236495971685,0.9635832619730098,0.9516324062877872,3.4396933395385747
533,SoftWorx,5.55674764404297,0.9902926191836514,0.9290681502086231,5.980990353393556
534,SoftWorx,1.8467035583496096,0.9402793489188053,0.9098360655737705,2.0297102172851567
535,SoftWorx,3.6226999984741215,0.975406408207076,0.9467391304347826,3.8265028686523443
536,SoftWorx,4.155083006286622,0.9728418936030229,0.919889502762431,4.51693708190918
537,SoftWorx,5.215689779663086,0.9911075470592646,0.9093546047860769,5.735595060729981
538,SoftWorx,3.5769483337402352,0.9711681881229999,0.9277238403451996,3.855617564392091
539,SoftWorx,4.150923764038087,0.981176990650512,0.8974820143884892,4.625077380371095
540,SoftWorx,3.8015474151611337,0.9752801173399346,0.9241658240647118,4.11349058380127
541,SoftWorx,4.595962684631349,0.9836629666777569,0.9246861924686193,4.970294486999513
542,SoftWorx,6.729653958129885,0.9902980695082566,0.6724854530340815,10.007136849975588
543,SoftWorx,5.29887462463379,0.9906292212234895,0.6715867158671587,7.890082545471192
544,SoftWorx,4.288178758239747,0.9798993668711032,0.8934142114384749,4.799765554809571
545,SoftWorx,4.2133123977661135,0.980294736942287,0.8420615128844555,5.003568424987794
546,SoftWorx,4.175879217529298,0.9636618746091627,0.6477419354838709,6.4468254852294935
547,SoftWorx,8.489013429260256,0.988760044543841,0.6052787663107948,14.02496486206055
548,SoftWorx,10.930488629150393,0.9945595472253915,0.5695708712613784,19.190743734741215
549,SoftWorx,2.815807002258301,0.9707985612750776,0.9363762102351314,3.007132145690919
550,SoftWorx,7.020800915527345,0.993393369326663,0.7583108715184187,9.258473245239259
551,SoftWorx,5.273919171142579,0.9912429449367989,0.9462686567164179,5.57338461303711
552,SoftWorx,4.733217678833008,0.9885865979760949,0.911128903122498,5.194893568420411
553,SoftWorx,5.872850054931642,0.991613945755452,0.8557575757575757,6.862749710083009
554,SoftWorx,9.083785070800783,0.9973948981240485,0.8666666666666667,10.481290466308597
555,SoftWorx,3.265005165100098,0.986456385277088,0.9170560747663551,3.560311364746094
556,SoftWorx,4.845517219543458,0.9929185567353532,0.9166011014948859,5.286396897888185
557,SoftWorx,3.5644706069946297,0.9856287976418361,0.8835051546391752,4.034464981079102
558,SoftWorx,4.88710964202881,0.9813057776935435,0.7679738562091504,6.36364064025879
559,SoftWorx,3.256686680603028,0.9799100420898705,0.9343675417661098,3.4854450042724614
560,SoftWorx,4.383841329956056,0.9937255537358557,0.8215120810600156,5.336307804870606
561,SoftWorx,6.297092764282228,0.9626336871889842,0.5314145314145314,11.849681166076662
562,SoftWorx,3.497922731018067,0.9730748821363611,0.9151251360174102,3.8223436264038098
563,SoftWorx,2.603685647583008,0.9764614634913134,0.9260355029585798,2.811647760009766
564,SoftWorx,2.408201261901856,0.9721437064133447,0.9293739967897271,2.591207920837403
565,SoftWorx,3.2234127426147468,0.9835620907286654,0.9193357058125742,3.5062412155151375
566,SoftWorx,2.936425027465821,0.9812313040667628,0.9133247089262613,3.2150942581176762
567,SoftWorx,3.0903169906616212,0.9883582593490027,0.8845238095238095,3.493763488769532
568,SoftWorx,3.1693425933837895,0.979384648825924,0.9819587628865979,3.2275719848632822
569,SoftWorx,2.7908515487670904,0.9773631292318904,0.8958611481975968,3.1152724441528328
570,SoftWorx,3.597744544982911,0.9759222202050977,0.8325312800769971,4.321452696228029
571,SoftWorx,5.8603723281860365,0.994489140948877,0.9008951406649617,6.505054876708986
572,SoftWorx,3.1402278976440434,0.9824210453585129,0.9425717852684145,3.331553041076661
573,SoftWorx,3.8265028686523443,0.9942538636893546,0.8394160583941606,4.558529504394532
574,SoftWorx,3.368986221313477,0.9860433155296244,0.9,3.7433180236816415
575,SoftWorx,3.593585302734376,0.9857998264188628,0.9250535331905781,3.8847322601318366
576,SoftWorx,2.91146957397461,0.9838031386372975,0.9198423127463863,3.1651833511352545
577,SoftWorx,3.069520779418946,0.9813377485747482,0.9201995012468828,3.3357122833251958
578,SoftWorx,2.886514120483399,0.9776605710769888,0.8740554156171285,3.3024383453369146
579,SoftWorx,2.936425027465821,0.9785149854659815,0.9028132992327366,3.252527438354493
580,SoftWorx,3.069520779418946,0.9821369872262722,0.929471032745592,3.3024383453369146
581,SoftWorx,2.2043983917236334,0.9841896423778429,0.9233449477351916,2.38740505065918
582,SoftWorx,3.7391587814331064,0.9869052674170917,0.9164118246687054,4.080216645812989
583,SoftWorx,2.624481858825684,0.974175566918065,0.9198250728862973,2.8532401824951177
584,SoftWorx,3.8597768066406255,0.9936405482741586,0.8689138576779026,4.442070721435547
585,SoftWorx,3.493763488769532,0.9789386711688537,0.775623268698061,4.504459355163575
586,SoftWorx,2.8698771514892583,0.9770728852316077,0.9236947791164659,3.1069539596557623
588,SoftWorx,3.597744544982911,0.9936788742684173,0.893595041322314,4.026146496582032
589,SoftWorx,3.0196098724365243,0.9860354066074456,0.9272030651340997,3.256686680603028
590,SoftWorx,4.754013890075684,0.9960742705634794,0.8129445234708392,5.847894601440431
591,SoftWorx,5.144982661437989,0.9943096088718685,0.8686797752808989,5.922760961914063
592,SoftWorx,4.666669802856446,0.984518358003343,0.677536231884058,6.8877051635742195
593,SoftWorx,5.365422500610353,0.9934704967136289,0.8002481389578163,6.704698504638674
594,SoftWorx,5.926920204162599,0.9941418410861725,0.9158097686375322,6.471780938720704
595,SoftWorx,6.571602752685548,0.9933656570683663,0.7655038759689923,8.584676000976565
596,SoftWorx,2.3250164169311525,0.9634919452848284,0.9474576271186441,2.453952926635743
597,SoftWorx,2.5080230758666997,0.9667464852512925,0.9481132075471698,2.64527807006836
598,SoftWorx,5.174097357177735,0.9751067077725999,0.5946462715105163,8.701134783935549
599,SoftWorx,5.103390238952637,0.9915962672909546,0.9170403587443946,5.56506612854004
600,SoftWorx,4.354726634216309,0.9881817968379278,0.8835443037974684,4.9287020645141615
601,SoftWorx,5.918601719665529,0.9930496324544141,0.8676829268292683,6.821157287597657
602,SoftWorx,5.228167506408693,0.9844210727133523,0.6761699838622915,7.732031340026857
603,SoftWorx,4.392159814453126,0.9885980071326583,0.8964346349745331,4.899587368774415
604,SoftWorx,6.330366702270509,0.9921920899286425,0.9218655360387644,6.866908952331544
605,SoftWorx,4.2133123977661135,0.9845919669727669,0.8901581722319859,4.733217678833008
606,SoftWorx,4.329771180725098,0.9844842675349336,0.8696741854636592,4.978612971496583
607,SoftWorx,4.729058436584474,0.9870115608113172,0.9169354838709678,5.157460388183595
608,SoftWorx,4.841357977294923,0.9885294809513695,0.8533724340175953,5.673206427001954
609,SoftWorx,4.146764521789551,0.9821780204513124,0.8550600343053173,4.849676461791994
610,SoftWorx,2.9821766921997077,0.9715191970611545,0.9251612903225807,3.2234127426147468
611,SoftWorx,4.4628669326782235,0.9843327240193285,0.9330434782608695,4.78312858581543
612,SoftWorx,6.596558206176759,0.9916561882517195,0.8391534391534392,7.860967849731447
613,SoftWorx,5.95187565765381,0.9883607311549174,0.8252595155709342,7.212126058959963
614,SoftWorx,2.915628816223145,0.965751504055294,0.9384203480589023,3.1069539596557623
615,SoftWorx,5.090912512207032,0.9832972824694444,0.8047337278106509,6.3262074600219735
616,SoftWorx,3.0196098724365243,0.9693123914239722,0.9086357947434293,3.3232345565795907
617,SoftWorx,6.0808121673584,0.9742154852020555,0.5778656126482213,10.522882888793948
618,SoftWorx,3.044565325927735,0.9734253707115538,0.9003690036900369,3.3814639480590825
620,SoftWorx,1.1562693450927737,0.9265837197509957,0.9266666666666666,1.2477726745605473
622,SoftWorx,0.3119431686401368,0.8569024440652856,0.9375,0.3327393798828126
623,SoftWorx,3.6892478744506843,0.9757081288242496,0.7324525185796862,5.036842362976075
624,SoftWorx,1.5472381164550784,0.9605204494983147,0.9612403100775194,1.6096267501831059
626,SoftWorx,1.3642314575195316,0.9286411997177592,0.923943661971831,1.4765309982299806
627,SoftWorx,6.20143019256592,0.9837591317732131,0.6833180568285976,9.075466586303714
628,SoftWorx,3.0653615371704106,0.9679771938244198,0.9364675984752223,3.2733236495971685
629,SoftWorx,6.7837241073608405,0.9930465782313868,0.8864130434782609,7.653005737304689
630,SoftWorx,1.7385632598876954,0.9109205523662494,0.9414414414414415,1.8467035583496096
631,SoftWorx,1.6720153839111331,0.9143162138936746,0.95260663507109,1.7552002288818362
632,SoftWorx,7.220444543457033,0.9884673221042487,0.6840031520882585,10.556156826782228
633,SoftWorx,3.734999539184571,0.9804094807848245,0.9315352697095436,4.009509527587891
634,SoftWorx,7.632209526062013,0.9920390243538751,0.7414141414141414,10.294124565124514
635,SoftWorx,5.3945371963500985,0.9840350437010253,0.756268221574344,7.133100456237794
636,SoftWorx,5.03268312072754,0.9790968336334668,0.7055393586005831,7.133100456237794
637,SoftWorx,4.9370205490112316,0.986128649897086,0.8096862210095498,6.097449136352541
638,SoftWorx,4.78312858581543,0.9719884718264021,0.6729081334113517,7.108145002746584
639,SoftWorx,4.396319056701661,0.9823704281693136,0.9223385689354275,4.76649161682129
640,SoftWorx,4.982772213745118,0.9850855458615003,0.8418833450456782,5.918601719665529
641,SoftWorx,4.941179791259766,0.9843100528584826,0.7169583584791792,6.891864405822756
642,SoftWorx,4.533574050903321,0.9905310660203689,0.872,5.199052810668947
643,SoftWorx,4.109331341552735,0.9827207353223348,0.8165289256198347,5.03268312072754
644,SoftWorx,1.2477726745605473,0.84657964835741,0.9463722397476341,1.3184797927856446
645,SoftWorx,4.683306771850587,0.9879495087097603,0.9313482216708023,5.028523878479004
646,SoftWorx,4.167560733032227,0.9834337815232752,0.9364485981308411,4.450389205932618
647,SoftWorx,3.1859795623779306,0.9815304874721286,0.9341463414634147,3.4105786437988286
648,SoftWorx,3.3648269790649423,0.9765838719669203,0.9374275782155272,3.5894260604858403
649,SoftWorx,3.5436743957519536,0.972677348631116,0.9445676274944568,3.751636508178712
650,SoftWorx,2.994654418945313,0.9584772017807026,0.9498680738786279,3.152705624389649
651,SoftWorx,4.50030011291504,0.9828676608364099,0.9146238377007607,4.9203835800170905
652,SoftWorx,4.146764521789551,0.980499830460368,0.9632850241545894,4.304815727233888
653,SoftWorx,4.180038459777833,0.9774054479917658,0.9535104364326376,4.383841329956056
654,SoftWorx,4.188356944274903,0.9814066518729312,0.8959074733096085,4.674988287353517
655,SoftWorx,4.5668479888916025,0.980871108065009,0.9522983521248916,4.795606312561036
656,SoftWorx,3.660133178710938,0.9725572908278096,0.946236559139785,3.868095291137696
657,SoftWorx,6.995845462036134,0.9923308622192071,0.9313399778516057,7.511591500854493
658,SoftWorx,3.9512801361083993,0.9847441884596166,0.9178743961352657,4.304815727233888
659,SoftWorx,4.8247210083007825,0.9830520502723602,0.9257781324820431,5.211530537414552
660,SoftWorx,3.759954992675782,0.9819210516008102,0.9377593360995851,4.009509527587891
661,SoftWorx,5.140823419189454,0.9869441498597892,0.9314242652599849,5.519314463806153
662,SoftWorx,3.3357122833251958,0.9756023121473688,0.9413145539906104,3.5436743957519536
663,SoftWorx,3.3939416748046884,0.9781861929083389,0.9795918367346939,3.464648793029786
664,SoftWorx,4.2133123977661135,0.9801149897771376,0.9440820130475303,4.4628669326782235
665,SoftWorx,3.1069539596557623,0.9819629192791396,0.9021739130434783,3.4438525817871097
666,SoftWorx,3.477126519775391,0.9735812517008117,0.9309576837416481,3.734999539184571
667,SoftWorx,3.522878184509278,0.9820056841997307,0.9166666666666666,3.843139837646485
668,SoftWorx,3.9346431671142583,0.9799256464016415,0.9403578528827038,4.184197702026368
669,SoftWorx,4.184197702026368,0.9905727657270208,0.9237832874196511,4.529414808654787
670,SoftWorx,3.942961651611329,0.9851381324294491,0.9275929549902152,4.25074557800293
671,SoftWorx,3.7557957504272466,0.9832926313220172,0.8818359375,4.259064062500001
672,SoftWorx,3.3939416748046884,0.9877075924038908,0.9220338983050848,3.680929389953614
673,SoftWorx,4.188356944274903,0.9907932747535025,0.9238532110091743,4.533574050903321
674,SoftWorx,3.8639360488891605,0.9883165759692955,0.8975845410628019,4.304815727233888
675,SoftWorx,2.0546656707763673,0.9720478041767571,0.9014598540145985,2.279264752197266
676,SoftWorx,3.764114234924317,0.9794736226103452,0.8898721730580138,4.229949366760255
677,SoftWorx,7.099826518249513,0.9892374718827381,0.6763074484944532,10.497927435302737
678,SoftWorx,4.209153155517579,0.980351763878635,0.773109243697479,5.444448103332521
679,SoftWorx,4.188356944274903,0.9859174260172827,0.8967052537845058,4.670829045104981
680,SoftWorx,3.7973881729125982,0.9848570957094442,0.8036971830985915,4.724899194335938
681,SoftWorx,3.8181843841552743,0.9682013059986132,0.6725274725274726,5.677365669250489
682,SoftWorx,3.069520779418946,0.9761778667594915,0.8775267538644471,3.497922731018067
683,SoftWorx,0.7611413314819337,0.9526440952368875,0.9195979899497487,0.8276892074584963
684,SoftWorx,3.5769483337402352,0.978165775890606,0.9168443496801706,3.901369229125977
685,SoftWorx,0.715389666748047,0.9175738423230289,0.9247311827956989,0.7736190582275392
686,SoftWorx,6.6714245666503915,0.966476760912958,0.5204412719013628,12.818784609985354
687,SoftWorx,3.8181843841552743,0.9893245092533691,0.9125248508946322,4.184197702026368
688,SoftWorx,0.5074275543212892,0.8713191494427466,0.8840579710144928,0.5739754302978517
689,SoftWorx,0.4533574050903321,0.9246964255456782,0.8515625,0.5323830078125001
690,SoftWorx,2.391564292907715,0.9726718534407767,0.93042071197411,2.570411709594727
691,SoftWorx,3.3440307678222663,0.9827349785098758,0.9252013808975834,3.6143815139770514
692,SoftWorx,6.421870031738282,0.9944805711663356,0.8520971302428256,7.536546954345704
693,SoftWorx,2.470589895629883,0.9870396755940947,0.853448275862069,2.8948326049804693
694,SoftWorx,0.557338461303711,0.9574581524456167,0.881578947368421,0.6322048217773439
695,SoftWorx,2.770055337524415,0.9750862716861401,0.919889502762431,3.011291387939454
696,SoftWorx,0.5947716415405274,0.9195294929284653,0.9407894736842105,0.6322048217773439
697,SoftWorx,1.1978617675781251,0.9046217729516456,0.897196261682243,1.3351167617797854
701,SoftWorx,3.942961651611329,0.9849871349623305,0.8835041938490215,4.4628669326782235
702,SoftWorx,5.55674764404297,0.992314132862426,0.8536741214057508,6.50921411895752
703,SoftWorx,5.107549481201173,0.9892950309561639,0.9359756097560976,5.456925830078126
704,SoftWorx,5.219849021911623,0.9878471894267656,0.9268833087149188,5.631614004516602
705,SoftWorx,5.652410215759279,0.9874601134566504,0.8946675444371297,6.3178889755249035
706,SoftWorx,5.369581742858888,0.9862340834172654,0.838856400259909,6.401073820495607
707,SoftWorx,7.207966816711427,0.9906693558151389,0.7997231195200738,9.013077952575685
708,SoftWorx,5.689843395996095,0.9641631519463179,0.6240875912408759,9.117059008789065
709,SoftWorx,5.103390238952637,0.9810042214615746,0.7765822784810127,6.571602752685548
710,SoftWorx,6.371959124755861,0.9887323389507533,0.7397392563978754,8.613790696716311
711,SoftWorx,4.487822386169435,0.9814880325675805,0.758257203092059,5.918601719665529
712,SoftWorx,3.5727890914917,0.9726142202749184,0.9429198682766191,3.7890696884155277
713,SoftWorx,4.803924797058107,0.9845119551060773,0.941320293398533,5.103390238952637
714,SoftWorx,4.483663143920899,0.9827924558714471,0.8311488049344642,5.3945371963500985
715,SoftWorx,4.346408149719239,0.9806717220538718,0.920704845814978,4.720739952087404
716,SoftWorx,4.300656484985352,0.9817040599125717,0.9215686274509803,4.666669802856446
717,SoftWorx,3.3065975875854496,0.9745767272311461,0.8872767857142857,3.7266810546875004
718,SoftWorx,4.017828012084962,0.9850843627955033,0.9378640776699029,4.284019515991212
719,SoftWorx,3.4022601593017585,0.979624073227435,0.9284903518728718,3.664292420959473
720,SoftWorx,3.4396933395385747,0.9778435250657119,0.8788522848034006,3.9138469558715827
721,SoftWorx,3.1069539596557623,0.9750091214081198,0.9043583535108959,3.43553409729004
722,SoftWorx,3.0653615371704106,0.9771993804930638,0.8650234741784038,3.5436743957519536
723,SoftWorx,3.8306621109008794,0.9845810932628691,0.7726510067114094,4.957816760253907
724,SoftWorx,3.1984572891235357,0.9809096608946997,0.8035527690700105,3.9803948318481455
725,SoftWorx,3.6351777252197275,0.9874676840095409,0.9085239085239085,4.001191043090821
726,SoftWorx,3.368986221313477,0.981099468574553,0.7061900610287707,4.770650859069825
727,SoftWorx,5.415333407592774,0.9934050411483617,0.8554533508541393,6.330366702270509
728,SoftWorx,5.452766587829591,0.9893638294885546,0.7440408626560726,7.328584841918946
729,SoftWorx,5.560906886291505,0.9922472377302693,0.83458177278402,6.663106082153322
730,SoftWorx,5.319670835876465,0.9948880618304413,0.8475811795891319,6.276296553039552
731,SoftWorx,2.3998827774047853,0.9812618555384083,0.9015625,2.661915039062501
732,SoftWorx,2.7658960952758793,0.9666285715847344,0.9223300970873787,2.9988136611938483
733,SoftWorx,3.5395151535034186,0.9768344381801983,0.8827800829875518,4.009509527587891
734,SoftWorx,3.6934071166992193,0.9795649879628002,0.940677966101695,3.9263246826171883
735,SoftWorx,4.0760574035644535,0.9843788471263315,0.9289099526066351,4.388000572204591
736,SoftWorx,3.9803948318481455,0.9768173498868015,0.7447470817120623,5.344626289367677
737,SoftWorx,6.222226403808595,0.9777739404890519,0.5998396150761829,10.373150167846681
738,SoftWorx,5.016046151733399,0.9860842636879503,0.7976190476190477,6.288774279785158
739,SoftWorx,5.215689779663086,0.9870254543426421,0.810077519379845,6.438507000732423
740,SoftWorx,4.837198735046387,0.9870477965937855,0.9304,5.199052810668947
741,SoftWorx,4.541892535400391,0.9839184354593391,0.8598425196850393,5.2822376556396495
742,SoftWorx,4.171719975280762,0.9821389846548227,0.8464135021097047,4.9287020645141615
743,SoftWorx,4.080216645812989,0.9832392651173564,0.8537859007832899,4.778969343566895
744,SoftWorx,3.3440307678222663,0.9689767241317231,0.8933333333333333,3.7433180236816415
745,SoftWorx,3.8181843841552743,0.975717011769236,0.8776290630975143,4.3505673919677745
746,SoftWorx,6.654787597656251,0.9923147309009465,0.7532956685499058,8.834230535888674
747,SoftWorx,3.3981009170532235,0.9710133875620253,0.9380022962112514,3.6226999984741215
748,SoftWorx,4.571007231140138,0.9674444213367409,0.6588729016786571,6.9376160705566425
749,SoftWorx,3.4521710662841802,0.9715285631131447,0.8943965517241379,3.8597768066406255
750,SoftWorx,3.235890469360352,0.9659947353680527,0.9152941176470588,3.5353559112548836
751,SoftWorx,3.3357122833251958,0.9699567943462809,0.9380116959064327,3.556152122497559
752,SoftWorx,8.647064634704591,0.9924167372248294,0.690468282962471,12.523478410339358
753,SoftWorx,3.2234127426147468,0.974054820965647,0.8806818181818182,3.660133178710938
754,SoftWorx,3.4563303085327157,0.9800536218491626,0.8878205128205128,3.8930507446289067
755,SoftWorx,3.161024108886719,0.9695120448601787,0.914560770156438,3.4563303085327157
756,SoftWorx,4.109331341552735,0.9822374560257127,0.9014598540145985,4.558529504394532
757,SoftWorx,4.180038459777833,0.9803193485757564,0.9103260869565217,4.591803442382814
758,SoftWorx,3.947120893859864,0.9792550976104125,0.9405351833498513,4.196675428771973
759,SoftWorx,5.931079446411134,0.9880473466184533,0.7513171759747103,7.894241787719728
760,SoftWorx,3.8639360488891605,0.9785528155107901,0.8015530629853321,4.820561766052246
761,SoftWorx,3.972076347351075,0.9775451792029909,0.8916900093370682,4.4545484481811535
762,SoftWorx,5.781346725463868,0.9905637862031832,0.8403869407496977,6.879386679077149
763,SoftWorx,5.760550514221192,0.9913089311649445,0.8507371007371007,6.771246380615236
764,SoftWorx,5.872850054931642,0.9922659998344877,0.9086229086229086,6.463462454223634
765,SoftWorx,1.3600722152709963,0.8548887755916831,0.9423631123919308,1.4432570602416994
766,SoftWorx,6.097449136352541,0.9783715199753044,0.6201353637901861,9.832448675537112
767,SoftWorx,5.203212052917482,0.9820672803648743,0.7963080840229153,6.534169572448731
768,SoftWorx,4.895428126525879,0.9895358367953031,0.8712065136935603,5.6191362777709974
769,SoftWorx,4.442070721435547,0.9772697559765755,0.8317757009345794,5.340467047119142
770,SoftWorx,4.828880250549317,0.9841064220775935,0.9177865612648222,5.261441444396974
771,SoftWorx,3.5727890914917,0.9751023303337654,0.9013641133263379,3.9637578628540044
772,SoftWorx,4.042783465576172,0.9775584966049456,0.8796380090497737,4.595962684631349
773,SoftWorx,3.734999539184571,0.9745552841787913,0.8962075848303394,4.167560733032227
774,SoftWorx,4.803924797058107,0.9849221369936868,0.8677685950413223,5.535951432800294
775,SoftWorx,4.229949366760255,0.9699297336738554,0.7417943107221007,5.702321122741701
776,SoftWorx,5.065957058715821,0.9878113636690945,0.8681397006414825,5.835416874694825
777,SoftWorx,3.780751203918458,0.9713545421425211,0.8145161290322581,4.641714349365236
778,SoftWorx,3.8181843841552743,0.977005445989783,0.8523676880222841,4.479503901672364
779,SoftWorx,4.021987254333497,0.9769693941537647,0.7978547854785478,5.0410016052246105
780,SoftWorx,4.849676461791994,0.9835900665399598,0.8853454821564161,5.477722041320802
781,SoftWorx,4.279860273742677,0.9829608241960931,0.989423076923077,4.3256119384765634
782,SoftWorx,4.9037466110229495,0.9793107718211904,0.784953395472703,6.247181857299807
783,SoftWorx,4.009509527587891,0.9813096076935618,0.8925925925925926,4.49198162841797
784,SoftWorx,4.76649161682129,0.9776053457828723,0.8197424892703863,5.81462066345215
785,SoftWorx,4.329771180725098,0.9760287627912495,0.8477198697068404,5.107549481201173
786,SoftWorx,5.219849021911623,0.9759299551559478,0.6999442275515895,7.457521351623537
787,SoftWorx,5.427811134338381,0.9870329518255275,0.8176691729323309,6.63815062866211
788,SoftWorx,5.581703097534181,0.9883992681370889,0.8905109489051095,6.267978068542482
789,SoftWorx,4.828880250549317,0.9822653791676002,0.8079331941544885,5.976831111145021
790,SoftWorx,4.591803442382814,0.9793286363472959,0.7863247863247863,5.83957611694336
791,SoftWorx,4.833039492797853,0.9802900497338463,0.814866760168303,5.931079446411134
792,SoftWorx,4.874631915283204,0.9838945522045165,0.8218793828892006,5.931079446411134
793,SoftWorx,5.365422500610353,0.9854031755070644,0.7958050586057989,6.742131684875489
794,SoftWorx,4.853835704040528,0.9835894577439446,0.8474945533769063,5.727276576232911
795,SoftWorx,3.17766107788086,0.9793220575632503,0.9455445544554455,3.360667736816407
796,SoftWorx,4.13012755279541,0.9863492866351165,0.9035486806187443,4.571007231140138
797,SoftWorx,4.833039492797853,0.9784060462879325,0.8414192614047792,5.743913545227052
798,SoftWorx,3.8639360488891605,0.9797553813289288,0.7913117546848382,4.882950399780274
799,SoftWorx,5.0243646362304695,0.9762365122430511,0.8245733788395905,6.093289894104005
800,SoftWorx,5.352944773864747,0.9884345638242633,0.89375,5.989308837890626
801,SoftWorx,3.385623190307618,0.9801684610827845,0.9166666666666666,3.6934071166992193
802,SoftWorx,4.978612971496583,0.9774610179517457,0.7159090909090909,6.954253039550782
803,SoftWorx,3.7724327194213876,0.9800605974150332,0.9577613516367476,3.938802409362794
804,SoftWorx,3.1859795623779306,0.98074565727301,0.9364303178484108,3.4022601593017585
805,SoftWorx,3.0029729034423833,0.9729099015430877,0.8626045400238949,3.4812857620239264
806,SoftWorx,4.404637541198731,0.9779627850236173,0.7992452830188679,5.510995979309083
807,SoftWorx,3.905528471374512,0.9785533781163545,0.9446680080482898,4.134286795043947
808,SoftWorx,3.210935015869141,0.9813880998377129,0.9234449760765551,3.477126519775391
809,SoftWorx,2.9239473007202155,0.9711658611008966,0.8743781094527363,3.3440307678222663
810,SoftWorx,3.938802409362794,0.9785216227928176,0.9330049261083744,4.2216308822631845
811,SoftWorx,5.016046151733399,0.9876553675804831,0.9518547750591949,5.269759928894044
812,SoftWorx,5.0243646362304695,0.9864541439288995,0.9130763416477702,5.502677494812013
813,SoftWorx,2.994654418945313,0.9778302466864497,0.8633093525179856,3.4688080352783213
814,SoftWorx,2.329175659179688,0.9498793572052231,0.9523809523809523,2.4456344421386724
815,SoftWorx,2.9572212387084966,0.9812996833212517,0.9342969776609724,3.1651833511352545
816,SoftWorx,3.5187189422607426,0.9776878909525353,0.9348066298342541,3.764114234924317
817,SoftWorx,4.857994946289063,0.9828524038514682,0.8083044982698961,6.010105049133301
818,SoftWorx,2.5995264053344735,0.9878685099491078,0.891583452211127,2.915628816223145
819,SoftWorx,3.1235909286499033,0.9805487167627424,0.9037304452466908,3.4563303085327157
820,SoftWorx,3.705884843444825,0.985528451212227,0.8077969174977334,4.587644200134278
822,SoftWorx,4.683306771850587,0.9828529863533896,0.9044176706827309,5.178256599426271
823,SoftWorx,4.487822386169435,0.9879951117876163,0.8217821782178217,5.461085072326661
824,SoftWorx,3.942961651611329,0.9748064682962692,0.8618181818181818,4.5751664733886726
825,SoftWorx,3.5145597000122075,0.9754124915340557,0.7322357019064125,4.799765554809571
826,SoftWorx,4.188356944274903,0.9797253231222369,0.9247015610651974,4.529414808654787
827,SoftWorx,3.8472990798950204,0.9710365515288655,0.7981018119068162,4.820561766052246
828,SoftWorx,3.3357122833251958,0.9752481152569512,0.7566037735849057,4.408796783447267
829,SoftWorx,5.344626289367677,0.9854967865895005,0.7359679266895762,7.262036965942384
830,SoftWorx,2.0505064285278327,0.9651641341981143,0.9029304029304029,2.2709462677001957
831,SoftWorx,2.953061996459961,0.9691267981219979,0.9491978609625669,3.1111132019042973
833,SoftWorx,3.256686680603028,0.9660676891456075,0.933253873659118,3.489604246520997
834,SoftWorx,9.724308377075197,0.9865503488774952,0.5252752190518984,18.512787248229984
835,SoftWorx,3.9263246826171883,0.9736488853002426,0.916504854368932,4.284019515991212
836,SoftWorx,3.43553409729004,0.9787534036648716,0.9096916299559471,3.7765919616699226
837,SoftWorx,4.737376921081545,0.9790850082319237,0.7722033898305085,6.134882316589357
838,SoftWorx,4.895428126525879,0.9873428124604591,0.9296998420221169,5.265600686645509
839,SoftWorx,5.082594027709962,0.9743261901275049,0.68690275435638,7.399291960144045
840,SoftWorx,4.745695405578615,0.9839621378938271,0.8220461095100865,5.773028240966798
841,SoftWorx,3.3065975875854496,0.9733691072161552,0.916955017301038,3.6060630294799814
842,SoftWorx,2.3790865661621097,0.9495612304444863,0.9407894736842105,2.5288192871093758
843,SoftWorx,4.292338000488282,0.9812186755950246,0.9140832595217007,4.6957844985961925
844,SoftWorx,4.853835704040528,0.9846211982132366,0.8456521739130435,5.7397543029785165
845,SoftWorx,3.705884843444825,0.9769165335086539,0.9138461538461539,4.055261192321778
847,SoftWorx,4.36304511871338,0.9798098949380839,0.856326530612245,5.095071754455568
848,SoftWorx,3.759954992675782,0.9812323898184272,0.9149797570850202,4.109331341552735
849,SoftWorx,3.664292420959473,0.9821976918853204,0.9082474226804124,4.034464981079102
850,SoftWorx,4.600121926879884,0.9844634218780544,0.8353474320241692,5.5068367370605475
851,SoftWorx,3.7724327194213876,0.9788040918004566,0.9152371342078708,4.121809068298341
852,SoftWorx,4.059420434570313,0.977920174632404,0.8962350780532599,4.529414808654787
853,SoftWorx,4.891268884277345,0.9859855166077625,0.939297124600639,5.207371295166016
854,SoftWorx,4.6375551071167,0.9805573165418586,0.8240946045824095,5.6274547622680675
855,SoftWorx,4.899587368774415,0.9756863362246151,0.6693181818181818,7.320266357421876
856,SoftWorx,4.733217678833008,0.988853334198053,0.8543543543543544,5.54011067504883
857,SoftWorx,3.0819985061645516,0.9813530917704545,0.9159456118665018,3.3648269790649423
858,SoftWorx,3.0819985061645516,0.9791152535636856,0.9148148148148149,3.368986221313477
859,SoftWorx,2.5246600448608403,0.9684547326635183,0.9309815950920245,2.711825946044922
860,SoftWorx,5.3779002273559575,0.9814967384667076,0.7628318584070797,7.0499156112670915
861,SoftWorx,2.6868704925537115,0.9716527076772163,0.9403202328966521,2.8573994247436527
862,SoftWorx,4.146764521789551,0.9716340986882426,0.9486203615604186,4.37136360321045
863,SoftWorx,4.957816760253907,0.982418085723925,0.9120122417750574,5.436129618835451
864,SoftWorx,4.799765554809571,0.9811550068192509,0.9100946372239748,5.273919171142579
865,SoftWorx,4.662510560607911,0.983164421425237,0.8819826907946499,5.286396897888185
866,SoftWorx,4.6957844985961925,0.9809559498167093,0.8671274961597543,5.415333407592774
867,SoftWorx,4.941179791259766,0.9858393056697403,0.9436060365369341,5.236485990905763
868,SoftWorx,4.533574050903321,0.9845758858252338,0.9245122985581001,4.9037466110229495
869,SoftWorx,4.641714349365236,0.9832290174492218,0.916256157635468,5.065957058715821
870,SoftWorx,4.392159814453126,0.9795800087293047,0.9271290605794557,4.737376921081545
871,SoftWorx,4.841357977294923,0.9820434823252766,0.9356913183279743,5.174097357177735
872,SoftWorx,2.38740505065918,0.9711888301619279,0.9471947194719472,2.5205008026123052
873,SoftWorx,5.327989320373536,0.9850813246794151,0.9323144104803494,5.714798849487305
874,SoftWorx,4.121809068298341,0.9743091687051731,0.9447092469018112,4.36304511871338
875,SoftWorx,3.730840296936036,0.9714263997465569,0.9304979253112033,4.009509527587891
876,SoftWorx,5.074275543212892,0.9908871932543463,0.9249431387414708,5.486040525817872
877,SoftWorx,3.2982791030883796,0.9793085254732814,0.9406880189798339,3.5062412155151375
878,SoftWorx,2.6535965545654303,0.9640556105969569,0.9410029498525073,2.8199662445068365
879,SoftWorx,4.76649161682129,0.9888978883662226,0.9264349232012935,5.144982661437989
880,SoftWorx,4.770650859069825,0.9879394256995953,0.9110405083399523,5.236485990905763
881,SoftWorx,3.3731454635620124,0.9717075992063992,0.9397450753186558,3.5894260604858403
882,SoftWorx,2.245990814208985,0.9456932022787349,0.9523809523809523,2.3582903549194336
883,SoftWorx,3.8514583221435554,0.9794397634154212,0.9168316831683169,4.200834671020509
884,SoftWorx,4.275701031494141,0.9855331612490997,0.9269612263300271,4.612599653625489
885,SoftWorx,0.28698771514892585,0.8583556607669963,0.9324324324324325,0.30778392639160157
886,SoftWorx,3.1111132019042973,0.9698366243470471,0.9257425742574258,3.360667736816407
887,SoftWorx,3.181820320129395,0.9795757067214936,0.940959409594096,3.3814639480590825
888,SoftWorx,4.001191043090821,0.9869325376145609,0.9066918001885014,4.412956025695801
889,SoftWorx,3.3939416748046884,0.9708773136244866,0.9230769230769231,3.676770147705079
890,SoftWorx,5.086753269958497,0.9856587208032047,0.9279210925644916,5.4818812835693365
891,SoftWorx,4.64587359161377,0.9814886555512999,0.9347280334728033,4.970294486999513
892,SoftWorx,4.546051777648926,0.9752584984410629,0.9302127659574468,4.88710964202881
893,SoftWorx,3.5353559112548836,0.9590281823239235,0.9423503325942351,3.751636508178712
894,SoftWorx,3.5727890914917,0.9695912552933758,0.9216738197424893,3.8764137756347665
895,SoftWorx,3.5104004577636725,0.9783353997609534,0.9398663697104677,3.734999539184571
896,SoftWorx,7.004163946533205,0.9934773148775295,0.9142236699239956,7.661324221801759
897,SoftWorx,6.891864405822756,0.9920046935456819,0.9308988764044944,7.40345120239258
898,SoftWorx,4.982772213745118,0.9883964965377329,0.9425649095200629,5.286396897888185
899,SoftWorx,5.1616196304321305,0.9835223945644361,0.9337848006019563,5.527632948303223
900,SoftWorx,4.899587368774415,0.9887565479386491,0.9401436552274541,5.211530537414552
901,SoftWorx,3.8306621109008794,0.9336068709633326,0.6119601328903654,6.259659584045411
902,SoftWorx,5.415333407592774,0.9881781274797347,0.9016620498614959,6.005945806884767
903,SoftWorx,2.969698965454102,0.9826411109005865,0.9357798165137615,3.1735018356323246
904,SoftWorx,5.03268312072754,0.9865226148744196,0.930053804765565,5.41117416534424
905,SoftWorx,4.666669802856446,0.9893210935808319,0.9219391947411668,5.061797816467286
906,SoftWorx,3.9845540740966805,0.9817162916538075,0.9291949563530553,4.288178758239747
907,SoftWorx,3.8098658996582038,0.9828248004071627,0.9243188698284561,4.121809068298341
908,SoftWorx,2.936425027465821,0.9777044318736086,0.9133247089262613,3.2150942581176762
909,SoftWorx,4.475344659423829,0.9840226222111137,0.8712550607287449,5.136664176940919
910,SoftWorx,0.26203226165771487,0.8755978206508066,0.9692307692307692,0.2703507461547852
911,SoftWorx,4.142605279541017,0.9879777780641613,0.9299719887955182,4.4545484481811535
912,SoftWorx,4.941179791259766,0.988474168158472,0.756687898089172,6.530010330200196
913,SoftWorx,3.5145597000122075,0.9808287113923467,0.9306167400881057,3.7765919616699226
914,SoftWorx,4.304815727233888,0.9801316490562144,0.8632193494578816,4.986931455993653
915,SoftWorx,3.8265028686523443,0.9820578030057234,0.9117938553022795,4.196675428771973
916,SoftWorx,4.512777839660646,0.9866791375489384,0.924190800681431,4.882950399780274
917,SoftWorx,4.76649161682129,0.967310616260541,0.6324503311258278,7.536546954345704
918,SoftWorx,5.190734326171876,0.9625916367827807,0.6193548387096774,8.38087313079834
919,SoftWorx,3.897209986877442,0.9811214861470142,0.8683966635773864,4.487822386169435
920,SoftWorx,7.844330880737306,0.9796378430710375,0.5253481894150418,14.931679672241215
921,SoftWorx,4.487822386169435,0.9861994760542072,0.9036850921273032,4.966135244750977
922,SoftWorx,4.229949366760255,0.9770676878423971,0.8195004029008863,5.1616196304321305
923,SoftWorx,5.070116300964356,0.9830302597599042,0.8083554376657824,6.272137310791017
924,SoftWorx,5.232326748657227,0.9823678512983268,0.9388059701492537,5.57338461303711
925,SoftWorx,2.279264752197266,0.952397040748457,0.9448275862068966,2.4123605041503913
926,SoftWorx,2.78253306427002,0.9750322585231745,0.9369747899159664,2.969698965454102
927,SoftWorx,7.228763027954103,0.989136249459586,0.6605853287723299,10.942966355895999
928,SoftWorx,5.910283235168459,0.9784121827995146,0.6838306063522618,8.642905392456058
929,SoftWorx,0.291146957397461,0.9844474779033193,0.9459459459459459,0.30778392639160157
930,SoftWorx,2.7534183685302738,0.9893001299091951,0.9403409090909091,2.9281065429687505
931,SoftWorx,5.4901997680664065,0.9801866030582392,0.7104413347685683,7.727872097778321
932,SoftWorx,3.4729672775268563,0.9744667260803006,0.835,4.159242248535157
933,SoftWorx,3.6060630294799814,0.9797991357011048,0.9155227032734953,3.938802409362794
934,SoftWorx,5.83125763244629,0.9888068301300599,0.853836784409257,6.829475772094728
935,SoftWorx,3.680929389953614,0.9789417906419613,0.9209157127991675,3.997031800842286
936,SoftWorx,5.735595060729981,0.9801055959442858,0.6743276283618582,8.505650398254396
937,SoftWorx,3.680929389953614,0.9773101721729105,0.9180497925311203,4.009509527587891
938,SoftWorx,4.450389205932618,0.985763688771813,0.9029535864978903,4.9287020645141615
939,SoftWorx,3.7266810546875004,0.9777653844831827,0.9105691056910569,4.0926943725585945
940,SoftWorx,5.29055614013672,0.9857265975211068,0.7851851851851852,6.737972442626954
941,SoftWorx,0.6904342132568361,0.9071242405322274,0.9540229885057471,0.7237081512451173
942,SoftWorx,7.27451469268799,0.9884598127822685,0.6470588235294118,11.24243179779053
943,SoftWorx,3.3440307678222663,0.9766780873826596,0.95260663507109,3.5104004577636725
944,SoftWorx,3.3481900100708013,0.9800715896430321,0.9781287970838396,3.423056370544434
945,SoftWorx,6.696380020141603,0.988440990918532,0.7998012916045703,8.372554646301271
946,SoftWorx,7.453362109375001,0.989521873792108,0.6228710462287105,11.966139949035647
947,SoftWorx,5.768868998718263,0.9855250090406741,0.877292852624921,6.575761994934083
948,SoftWorx,4.017828012084962,0.978546254066264,0.7523364485981309,5.340467047119142
949,SoftWorx,3.5686298492431647,0.9786585598445664,0.9225806451612903,3.868095291137696
950,SoftWorx,5.8437353591918955,0.9878015388030092,0.9082094376212023,6.434347758483888
951,SoftWorx,3.9304839248657233,0.9760925136110562,0.8181818181818182,4.803924797058107
952,SoftWorx,3.556152122497559,0.9742263916776737,0.9553072625698324,3.7225218124389654
953,SoftWorx,6.055856713867189,0.9893062220668212,0.9321382842509603,6.496736392211916
954,SoftWorx,3.70172560119629,0.9751238196202816,0.8294501397949674,4.4628669326782235
955,SoftWorx,3.5894260604858403,0.975483530863346,0.9483516483516483,3.784910446166993
956,SoftWorx,3.2691644073486334,0.9785522857610145,0.9279811097992916,3.522878184509278
957,SoftWorx,6.297092764282228,0.9930242779869414,0.9071300179748353,6.941775312805177
958,SoftWorx,5.303033866882326,0.9854106704903013,0.8972554539057002,5.910283235168459
959,SoftWorx,3.161024108886719,0.9717325366197169,0.9189842805320435,3.4396933395385747
960,SoftWorx,3.905528471374512,0.9804461831517074,0.9446680080482898,4.134286795043947
961,SoftWorx,3.7474772659301765,0.9810376336765787,0.9414838035527691,3.9803948318481455
962,SoftWorx,5.544269917297364,0.9844494801643311,0.7972488038277512,6.954253039550782
963,SoftWorx,3.8223436264038098,0.9791497568883,0.9602925809822361,3.9803948318481455
964,SoftWorx,2.965539723205567,0.9680215768859123,0.925974025974026,3.2026165313720707
965,SoftWorx,3.0819985061645516,0.9736569732646967,0.9686274509803922,3.181820320129395
966,SoftWorx,3.992872558593751,0.9715408044246094,0.8533333333333334,4.6791475296020515
967,SoftWorx,4.346408149719239,0.9744756393606394,0.9134615384615384,4.758173132324219
968,SoftWorx,5.165778872680665,0.9809293894657845,0.7880710659898477,6.554965783691407
969,SoftWorx,5.144982661437989,0.9846312124931296,0.8501718213058419,6.051697471618653
970,SoftWorx,3.6726109054565437,0.9794770654445627,0.94136460554371,3.901369229125977
971,SoftWorx,3.647655451965333,0.9896905388309324,0.9202518363064008,3.9637578628540044
972,SoftWorx,4.666669802856446,0.9789705642805807,0.9381270903010034,4.974453729248048
973,SoftWorx,5.219849021911623,0.9838488942683948,0.8417169684775319,6.20143019256592
974,SoftWorx,6.076652925109864,0.992774057264822,0.9024088943792464,6.733813200378419
975,SoftWorx,4.670829045104981,0.9830910957786759,0.80849532037437,5.777187483215333
976,SoftWorx,4.4379114791870125,0.9707786856304816,0.6946614583333334,6.38859609375
977,SoftWorx,4.907905853271486,0.9828721758345689,0.9090909090909091,5.398696438598634
978,SoftWorx,3.7391587814331064,0.9794602646952311,0.9364583333333333,3.992872558593751
979,SoftWorx,4.716580709838867,0.9844669023295964,0.9021479713603818,5.228167506408693
980,SoftWorx,3.368986221313477,0.9680288327792859,0.9353348729792148,3.601903787231446
981,SoftWorx,3.3648269790649423,0.9721912971374472,0.9484173505275498,3.5478336380004887
982,SoftWorx,4.400478298950196,0.9878604460384206,0.802731411229135,5.4818812835693365
983,SoftWorx,3.868095291137696,0.9877306059710635,0.9412955465587044,4.109331341552735
984,SoftWorx,4.246586335754396,0.9843437512457139,0.9307201458523245,4.562688746643067
985,SoftWorx,4.37136360321045,0.9837573231899677,0.9367201426024956,4.666669802856446
986,SoftWorx,2.545456256103516,0.9793714167500306,0.9258698940998488,2.7492591262817387
987,SoftWorx,4.833039492797853,0.9863256463710395,0.9251592356687898,5.224008264160157
988,SoftWorx,3.256686680603028,0.982946480427278,0.9399759903961584,3.464648793029786
989,SoftWorx,4.296497242736817,0.9843884176637988,0.8920552677029361,4.816402523803712
990,SoftWorx,3.319075314331055,0.9705515751225953,0.7948207171314741,4.175879217529298
991,SoftWorx,4.059420434570313,0.9830297983490596,0.8187919463087249,4.957816760253907
992,SoftWorx,4.704102983093263,0.9811636033685943,0.8279648609077599,5.681524911499025
993,SoftWorx,4.138446037292481,0.9834955573876901,0.810920945395273,5.103390238952637
994,SoftWorx,2.711825946044922,0.975885142419685,0.9408369408369408,2.882354878234864
995,SoftWorx,3.8847322601318366,0.982561947022183,0.8803016022620169,4.412956025695801
996,SoftWorx,2.5496154983520514,0.9757124394832531,0.9259818731117825,2.7534183685302738
997,SoftWorx,5.011886909484865,0.9878499365616545,0.8582621082621082,5.83957611694336
998,SoftWorx,4.088535130310059,0.9882308608422414,0.8423307626392459,4.853835704040528
999,SoftWorx,4.550211019897462,0.9684267299368888,0.6001097092704334,7.582298619079592
1000,SoftWorx,5.486040525817872,0.9905408166455075,0.8147004323656578,6.733813200378419
1001,SoftWorx,5.124186450195314,0.9891844371522663,0.8514167242570836,6.018423533630372
1002,SoftWorx,5.1616196304321305,0.9706250135061377,0.660457690260777,7.815216184997561
1003,SoftWorx,5.398696438598634,0.9900025850931309,0.9173144876325088,5.885327781677247
1004,SoftWorx,5.461085072326661,0.9701801900950657,0.6064665127020785,9.004759468078614
1005,SoftWorx,4.720739952087404,0.9817222321444657,0.779532967032967,6.055856713867189
1006,SoftWorx,4.159242248535157,0.9838109429223001,0.9191176470588235,4.52525556640625
1007,SoftWorx,3.6185407562255865,0.9832705500087667,0.9294871794871795,3.8930507446289067
1008,SoftWorx,4.09685361480713,0.9827671180206679,0.9266227657572906,4.421274510192871
1009,SoftWorx,3.942961651611329,0.9858567176568761,0.9285014691478942,4.246586335754396
1010,SoftWorx,4.433752236938477,0.989787852537514,0.9253472222222222,4.7914470703125005
1011,SoftWorx,2.5080230758666997,0.9550496234712038,0.9054054054054054,2.770055337524415
1012,SoftWorx,4.36304511871338,0.975679160283991,0.8208137715179968,5.315511593627931
1013,SoftWorx,5.702321122741701,0.9919430406093227,0.9001969796454367,6.3345259445190445
1014,SoftWorx,8.147955564880373,0.9926890340840573,0.706455102776776,11.53357875518799
1015,SoftWorx,8.705294026184083,0.9948292078243215,0.7931034482758621,10.97624029388428
1016,SoftWorx,5.236485990905763,0.9860155415989482,0.9346696362286563,5.602499308776856
1017,SoftWorx,4.467026174926759,0.9776924908624398,0.805701425356339,5.544269917297364
1018,SoftWorx,4.749854647827149,0.9846728404490963,0.8992125984251969,5.2822376556396495
1019,SoftWorx,5.436129618835451,0.9885050353893087,0.9369175627240144,5.802142936706543
1020,SoftWorx,5.020205393981935,0.9864222045305807,0.924904214559387,5.427811134338381
1021,SoftWorx,2.300060963439942,0.9436543620658948,0.930976430976431,2.470589895629883
1022,SoftWorx,4.787287828063966,0.9854773198566995,0.8340579710144927,5.7397543029785165
1023,SoftWorx,4.820561766052246,0.9855185012694553,0.9075959279561472,5.311352351379395
1024,SoftWorx,3.2774828918457035,0.9768632293653623,0.9173457508731082,3.5727890914917
1025,SoftWorx,3.6892478744506843,0.9808960230566147,0.9268547544409613,3.9803948318481455
1026,SoftWorx,4.067738919067383,0.9839758827262997,0.9385796545105566,4.3339304229736335
1027,SoftWorx,4.36304511871338,0.9791890820895365,0.7989337395277989,5.461085072326661
1028,SoftWorx,3.339871525573731,0.976590348202507,0.9548156956004756,3.497922731018067
1029,SoftWorx,4.026146496582032,0.9828930779630188,0.9029850746268657,4.458707690429688
1030,SoftWorx,3.6393369674682625,0.9809819042003219,0.9449244060475162,3.8514583221435554
1031,SoftWorx,4.225790124511719,0.9794558197350945,0.8595600676818951,4.916224337768556
1032,SoftWorx,1.430779333496094,0.8897663801480526,0.945054945054945,1.5139641784667972
1033,SoftWorx,4.8247210083007825,0.983678697276609,0.9220985691573926,5.232326748657227
1034,SoftWorx,5.045160847473145,0.990681025636069,0.9224334600760457,5.469403556823731
1035,SoftWorx,4.3339304229736335,0.9786697791354895,0.8204724409448819,5.2822376556396495
1036,SoftWorx,3.947120893859864,0.9835716304608041,0.9461615154536391,4.171719975280762
1037,SoftWorx,4.529414808654787,0.9727427532583308,0.7338274932614556,6.172315496826173
1038,SoftWorx,4.475344659423829,0.9819885903013936,0.8059925093632959,5.552588401794434
1039,SoftWorx,5.011886909484865,0.9681235284448491,0.662451896646509,7.565661650085451
1040,SoftWorx,5.261441444396974,0.9846306850840943,0.8203631647211413,6.413551547241212
1041,SoftWorx,4.658351318359376,0.9805022880340969,0.7994289793004996,5.827098390197755
1042,SoftWorx,4.37136360321045,0.9792399494942049,0.8029029793735676,5.444448103332521
1043,SoftWorx,4.891268884277345,0.9832273359499379,0.8200836820083682,5.964353384399415
1044,SoftWorx,4.591803442382814,0.9810675910465019,0.8,5.7397543029785165
1045,SoftWorx,3.339871525573731,0.9708682916391779,0.9177142857142857,3.6393369674682625
1046,SoftWorx,3.8930507446289067,0.9709115715252576,0.9069767441860465,4.292338000488282
1047,SoftWorx,4.346408149719239,0.9837900716309235,0.8665008291873963,5.016046151733399
1048,SoftWorx,7.16221515197754,0.9911638586511741,0.9015706806282723,7.94415269470215
1049,SoftWorx,4.708262225341798,0.9710171590448446,0.7379400260756193,6.380277609252931
1050,SoftWorx,4.146764521789551,0.9788317499519879,0.8185550082101807,5.065957058715821
1051,SoftWorx,3.705884843444825,0.9700232046730851,0.9438559322033898,3.9263246826171883
1052,SoftWorx,3.148546382141114,0.9611866759521943,0.9534005037783375,3.3024383453369146
1053,SoftWorx,5.997627322387697,0.9910094636600907,0.9173027989821882,6.538328814697267
1054,SoftWorx,6.841953498840334,0.9907415393068495,0.802439024390244,8.526446609497071
1055,SoftWorx,6.642309870910646,0.9865813073926757,0.7203428055931439,9.221040065002443
1056,SoftWorx,7.769464520263673,0.992920183958961,0.7888513513513513,9.84908564453125
1057,SoftWorx,4.78312858581543,0.9844019772528505,0.9019607843137255,5.303033866882326
1058,SoftWorx,2.7950107910156254,0.9569844563978236,0.9627507163323782,2.90315108947754
1059,SoftWorx,3.6351777252197275,0.9741132629332439,0.8593903638151426,4.229949366760255
1060,SoftWorx,4.150923764038087,0.9765751756011912,0.8942652329749103,4.641714349365236
1061,SoftWorx,4.146764521789551,0.973048529965642,0.7925278219395866,5.232326748657227
1062,SoftWorx,4.034464981079102,0.9728070279570368,0.8591674047829938,4.6957844985961925
1063,SoftWorx,2.9322657852172855,0.9756772384129446,0.9337748344370861,3.1402278976440434
1064,SoftWorx,2.557933982849122,0.9559005111510647,0.9332321699544764,2.7409406417846682
1065,SoftWorx,3.9554393783569344,0.9834687202198096,0.9378698224852071,4.21747164001465
1066,SoftWorx,5.7314358184814465,0.9898046866505645,0.8782664117272148,6.525851087951661
1067,SoftWorx,5.856213085937501,0.9906391436175025,0.9361702127659575,6.255500341796876
1068,SoftWorx,4.970294486999513,0.9823812762084445,0.810719131614654,6.130723074340821
1069,SoftWorx,5.581703097534181,0.9813484272216167,0.6836474783494652,8.164592533874513
1070,SoftWorx,4.795606312561036,0.9843043595030496,0.8108298171589311,5.914442477416993
1071,SoftWorx,4.150923764038087,0.9814198357440361,0.8054882970137207,5.1533011459350595
