,Fluorophore,label,Normalized_width,IPTG,Width,Length,SurfaceArea,Volume
0,FM 4-64,2,0.8317195047626313,0 µM,0.5301613741833848,4.986916557995515,6.674337807625869,0.8638355077861999
1,FM 4-64,3,0.8993642314369562,0 µM,0.5732800230121803,4.648807191806692,7.096813278045072,0.9706375422730062
2,FM 4-64,4,0.8821969997496076,0 µM,0.5623371473309291,4.80555580143867,7.795646769845686,1.0640841986241845
3,FM 4-64,5,0.8954901558876119,0 µM,0.5708105784396176,4.416704203693972,6.629927699250676,0.9107134333668532
4,FM 4-64,6,0.9766290682348661,0 µM,0.6225308002493035,3.7194059471371257,6.847303953851077,1.0072388706060722
5,FM 4-64,7,1.0266879479584814,0 µM,0.6544397362696591,3.5589217956994306,5.947484081671887,0.9005616729212544
6,FM 4-64,8,1.0047901577994647,0 µM,0.6404814697437383,4.668615050722394,7.275936667633844,1.0969099603111352
7,FM 4-64,9,0.9625776678335181,0 µM,0.6135740429491298,1.1114161474346835,1.909186115666659,0.2438891665312741
8,FM 4-64,10,0.9086597595834704,0 µM,0.5792052537512655,2.851406205944129,4.51312056332031,0.630056092439917
9,FM 4-64,11,0.980380890985314,0 µM,0.6249223174539381,4.862932326119511,9.044118427171426,1.3664027791098772
10,FM 4-64,12,0.983950234370732,0 µM,0.6271975171857103,2.8689531073776515,5.283902488221034,0.772190904198543
11,FM 4-64,13,0.9815757106992475,0 µM,0.6256839291004285,4.270234330944128,7.771867356518351,1.1550560196669366
12,FM 4-64,14,0.9797117667508044,0 µM,0.6244957988720897,3.3619126104537584,6.381500659190895,0.9398553298902811
13,FM 4-64,15,0.988190712781382,0 µM,0.6299005172338176,2.980390580944129,5.155400846939638,0.7516852890634051
14,FM 4-64,16,0.9801537113721139,0 µM,0.624777506787324,5.860835699147932,10.73603130027814,1.6263002721436384
15,FM 4-64,17,1.0024113652589677,0 µM,0.6389651605614414,3.177602685249845,5.707082984694413,0.8451924216636865
16,FM 4-64,18,0.9786730611953581,0 µM,0.6238336987752494,3.518017387977896,5.394987774502516,0.7820744958821786
17,FM 4-64,19,1.009955262931848,0 µM,0.643773852835761,2.880018217418435,5.584150461360799,0.8463481972899998
18,FM 4-64,20,0.8677254318334997,0 µM,0.5531125634549244,3.8252094061531894,5.240470650947721,0.6915407575688871
19,FM 4-64,21,0.9721700757215367,0 µM,0.6196885131743902,2.3263020686480433,4.278488863087015,0.6154493528915997
20,FM 4-64,13,0.9773758074685539,0 µM,0.6230067928117259,5.193356703280997,9.023720140303837,1.3508425093818819
21,FM 4-64,14,1.0267893211887082,0 µM,0.6545043544140393,4.591751685245846,8.628175839213206,1.3415825255269191
22,FM 4-64,15,1.081761057946293,0 µM,0.6895448835031893,5.440223994531743,9.802684769471965,1.6093326412517164
23,FM 4-64,16,1.0898856372257557,0 µM,0.6947237185440858,2.506815048362564,4.40331210768352,0.6797751866716892
24,FM 4-64,17,1.0118558667673416,0 µM,0.6449853511058312,2.7804322270513895,4.469126933473674,0.6556178866494722
25,FM 4-64,18,0.9785687073160497,0 µM,0.6237671806814225,3.400477632382799,5.02866349576946,0.7404887378614633
26,FM 4-64,19,1.0075887093218698,0 µM,0.6422653450915513,2.758302006969824,4.376936816469146,0.6364423456940936
27,FM 4-64,20,1.0141180604112967,0 µM,0.646427336876371,3.4299374206994315,5.628722927294116,0.8390448275158413
28,FM 4-64,21,0.9381685575093608,0 µM,0.5980149904104469,1.9785851521153337,3.0932164216431484,0.43488353277217506
29,FM 4-64,22,0.8790740436664713,0 µM,0.5603464874040317,1.2781791712050752,1.972432689633695,0.24445096420620935
30,FM 4-64,23,1.0140783071716548,0 µM,0.6464019970448098,3.9752983603075935,6.597884304149436,1.0019871149155422
31,FM 4-64,24,1.0116052296166604,0 µM,0.6448255879459369,4.38082402766828,7.969638940083024,1.2185069766581802
32,FM 4-64,1,0.8067801390481516,0 µM,0.5142643219647718,3.2631743969290397,4.221727960546496,0.5226783165196991
33,FM 4-64,2,0.854959028867873,0 µM,0.5449748996140756,2.9407134594290407,3.9076736672738437,0.49627382579774104
34,FM 4-64,3,1.0339264569968845,0 µM,0.6590537652504197,4.07126526927008,6.9206377544295,1.0704411090362909
35,FM 4-64,4,1.0536192463624579,0 µM,0.6716065023351849,4.884645721725124,8.147259465177683,1.2977526291004975
36,FM 4-64,5,1.0810665337225134,0 µM,0.6891021742547296,4.756332533263376,9.33504477537398,1.5337597849455835
37,FM 4-64,6,1.079676479707261,0 µM,0.688216114780718,2.321622943644045,4.679314966829531,0.721951870349748
38,FM 4-64,7,1.0916314112212497,0 µM,0.6958365239251846,2.36570110506196,4.716369940742937,0.7423286387088288
39,FM 4-64,8,1.2023511868718277,0 µM,0.7664124188898447,2.5934625109193377,6.201825225087519,1.0728480419649662
40,FM 4-64,9,1.2063248015515087,0 µM,0.7689453125000001,2.348432288729609,5.644790593559284,0.971067281125632
41,FM 4-64,10,1.1558751729398382,0 µM,0.7367873021628036,2.4066055127834955,5.154268136905084,0.8790742401833016
42,FM 4-64,11,1.186705827373277,0 µM,0.7564396272890128,2.891083327459217,6.939205179467643,1.2016852266865645
43,FM 4-64,12,1.1303851751018221,0 µM,0.7205392615621555,2.119861923362564,3.9713790707880587,0.6193927995268634
44,FM 4-64,13,1.1400901765634257,0 µM,0.7267255020938165,1.715386951904249,3.3610170744378274,0.5104994322654677
45,FM 4-64,14,1.1000538682435317,0 µM,0.7012052346063269,2.82003859718573,5.531225273805597,0.8843649220241798
46,FM 4-64,15,1.010085322076956,0 µM,0.643856756188034,3.3203026135216964,5.637669134601464,0.8475136506977832
47,FM 4-64,14,0.919346507186605,0 µM,0.5860172868494262,7.495397915684157,7.48298733975935,1.0567414265532622
48,FM 4-64,18,0.8965763139675589,0 µM,0.5715029261084502,4.154576023467093,6.226183642737636,0.8661124304422297
49,FM 4-64,22,0.953469183901014,0 µM,0.6077680394458672,3.3341483758217803,5.377344710709996,0.7923412004886339
50,FM 4-64,23,0.975495382747985,0 µM,0.6218081572763121,3.0054529450461267,5.466835516716011,0.8045464028795898
51,FM 4-64,24,0.9570681776131293,0 µM,0.6100621391287128,3.1158567473368683,5.5332013586791975,0.7932583170086159
52,FM 4-64,26,0.9955646548829594,0 µM,0.6346008750531724,5.300820641054003,9.067177504771294,1.378109648712068
53,FM 4-64,27,0.9722417237984081,0 µM,0.6197341836710832,2.6506000752090624,4.26853223520662,0.637046383100165
54,FM 4-64,28,0.8118076077876457,0 µM,0.5174689717539515,3.2064386784494765,4.323163208032718,0.5320221642193617
55,FM 4-64,29,0.9814189022503104,0 µM,0.625583974990544,3.2331522171790854,5.175763272826014,0.7572314492952026
56,FM 4-64,30,1.1049928003632816,0 µM,0.7043534486672108,2.5289703234193373,5.549723037743207,0.891949190635806
57,FM 4-64,31,0.9489095648033462,0 µM,0.6048616101596354,1.8697537427228814,3.3836801243446146,0.4793565893072018
58,FM 4-64,32,1.0577806556779417,0 µM,0.6742591015210919,4.691840345763375,9.021002012969227,1.4520182232425003
60,FM 4-64,34,0.8666808880703697,0 µM,0.5524467419205193,2.7015662884902603,3.7947757638554696,0.49241542813642436
61,FM 4-64,35,1.017808184094386,0 µM,0.6487795253624299,4.954833327459217,6.433138066936205,0.9721908764755025
62,FM 4-64,36,1.06383532516431,0 µM,0.678118517918974,2.5953359286888267,5.28508738583232,0.8429774112403882
63,FM 4-64,37,1.0502021499317007,0 µM,0.6694283490887194,4.008074261501138,4.838052889989707,0.7381699645885156
64,FM 4-64,39,0.8223458905023352,0 µM,0.5241863691620443,2.2590636315610193,3.282310143047204,0.41288911080098817
65,FM 4-64,40,0.8894005078629506,0 µM,0.5669288657389289,4.773208248158647,7.106402696619828,0.9893972881342351
66,FM 4-64,41,0.9991200636728068,0 µM,0.6368671924823244,5.303288202215869,9.406441083698825,1.4415428754242867
67,FM 4-64,42,1.0165043380169823,0 µM,0.6479484172494643,3.131468827317225,5.350200385093065,0.7986585963201066
68,FM 4-64,43,1.0122837760004406,0 µM,0.6452581124703856,9.069856255814098,9.072543396547166,1.406741378037942
69,FM 4-64,44,1.008618200751439,0 µM,0.6429215718457456,2.58695566455139,4.24999956807941,0.6162176293964234
70,FM 4-64,45,1.036767309081931,0 µM,0.6608646041650245,3.059931728378813,5.199355584222845,0.8009115612296045
71,FM 4-64,46,1.0483465589137637,0 µM,0.6682455432529075,4.515168746777901,8.342323701037753,1.3175527874571937
72,FM 4-64,47,1.008195820070596,0 µM,0.6426523345356886,3.022752548362564,5.212863132944262,0.768258320473996
73,FM 4-64,48,0.9976679654062308,0 µM,0.6359415842597819,4.675768028653388,8.699569314836356,1.3247710498696594
74,FM 4-64,49,1.0280230944873125,0 µM,0.6552907961695509,2.458398190336759,4.048813215639082,0.6015813130616869
75,FM 4-64,50,0.9812420863463255,0 µM,0.6254712675668305,3.027335867010606,4.577884890264075,0.6952246227324094
76,FM 4-64,51,1.0417234034573846,0 µM,0.6640237579297579,4.179028604714521,8.033496824600862,1.2595503872048985
77,FM 4-64,52,1.0101474983763514,0 µM,0.6438963891077146,5.206320286066477,10.073113600547012,1.5564604584081942
78,FM 4-64,53,1.0267948149203538,0 µM,0.6545078562729015,2.6921142657851695,4.758373712098808,0.7097670017278409
79,FM 4-64,54,1.008186042694005,0 µM,0.6426461021612165,2.6812630611602946,4.977164552778798,0.7461781459813274
80,FM 4-64,55,1.0341737610960848,0 µM,0.6592114038296794,4.151467289142585,8.25476413296468,1.2918215732372342
81,FM 4-64,56,1.0156513194163515,0 µM,0.6474046792333125,6.030907363938669,11.30318777713046,1.765697912045143
82,FM 4-64,57,1.0338473114055018,0 µM,0.6590033156273826,2.1171770774592176,4.226518453114167,0.643258337800896
83,FM 4-64,1,1.060721340286619,0 µM,0.6761335764904162,2.4248010144042493,4.424981939172218,0.6686346148490322
84,FM 4-64,2,1.008975052155924,0 µM,0.6431490389544255,4.524406135454733,6.855095659004108,1.0907301858868468
85,FM 4-64,3,1.0740969521983916,0 µM,0.684659567225373,2.993566123109324,5.319444847799272,0.8470743522503462
86,FM 4-64,4,1.0783034604153119,0 µM,0.6873409137178214,4.583467227464364,8.147287190959219,1.3727204384279148
87,FM 4-64,5,1.105887827543325,0 µM,0.704923964131843,3.112486702632844,5.147099457345646,0.8366936400221021
88,FM 4-64,6,1.1152743388666286,0 µM,0.710907190103405,4.873580611684341,8.705352406616765,1.4845612189271948
89,FM 4-64,7,1.0537034451679266,0 µM,0.6716601730188183,2.7952328788978886,4.850261906321243,0.7406980541257243
90,FM 4-64,8,1.103385290572427,0 µM,0.7033287767737989,3.6050193049235815,6.163503820110136,1.0002485799458238
91,FM 4-64,9,1.1023634822538422,0 µM,0.702677447450354,2.8108813075867145,5.202872481950299,0.8286302531638124
92,FM 4-64,10,1.0882200348358957,0 µM,0.6936620167963272,2.6182775769042497,4.924737660074115,0.7680728033125768
93,FM 4-64,11,1.0749118567967657,0 µM,0.6851790103059169,4.459913947954734,7.736626845068209,1.2446736117298307
94,FM 4-64,12,1.0433224653975366,0 µM,0.6650430449258435,5.104212277742713,10.334456382961173,1.654074132756521
95,FM 4-64,13,0.9822759217627207,0 µM,0.6261302633002441,6.626342967209473,7.585931638450066,1.1350082054127357
96,FM 4-64,14,1.030115504074275,0 µM,0.656624556813165,3.562718741188826,7.293352350019449,1.1247189452204311
97,FM 4-64,15,1.0280963877669735,0 µM,0.6553375153647135,4.106156153077082,6.447462940074853,1.046067270729492
98,FM 4-64,16,1.042582235799882,0 µM,0.6645712017882754,4.050007881006049,7.205023985201453,1.124782146620037
99,FM 4-64,17,1.0322664385641007,0 µM,0.6579956228737472,2.177897374445032,3.944188295563647,0.5750953019723081
100,FM 4-64,18,0.9948373600489209,0 µM,0.6341372768972527,2.7491353696737377,4.668944112118754,0.678370692484351
101,FM 4-64,1,0.952777000902111,0 µM,0.6073268225599058,6.14338883039553,5.970589032669675,0.8652373950096942
102,FM 4-64,2,0.8143843599771549,0 µM,0.5191114659769408,3.762440111064908,4.991690989738774,0.6157992273384296
103,FM 4-64,3,1.0539026352272152,0 µM,0.6717871423575815,3.9118932174184344,8.112143085035369,1.2898874616514038
104,FM 4-64,4,0.9880626893916943,0 µM,0.6298189115292311,3.465031223566477,6.372549861404378,0.9755616625251143
105,FM 4-64,5,1.0218910739186482,0 µM,0.6513820740191287,2.9413846459672905,5.716735004701015,0.8629733610728588
106,FM 4-64,6,0.9740324585920884,0 µM,0.6208756483278325,3.745130193648043,6.93818461453474,1.0525279439912478
107,FM 4-64,7,0.8578597468970831,0 µM,0.5468238987630417,2.630368327872193,4.192386287707816,0.5398553853363616
108,FM 4-64,8,0.9225566682810311,0 µM,0.5880635336999875,2.9223801848368685,5.006392203889475,0.6904493424954594
109,FM 4-64,9,0.9724813896716209,0 µM,0.6198869534305511,2.752308520046131,5.0701891683210585,0.7477524713945095
110,FM 4-64,10,0.7533173033319434,0 µM,0.48018560878233324,2.933445294877652,4.224070479134774,0.5054085911774912
111,FM 4-64,12,1.0845270739573403,0 µM,0.6913080198021854,4.66179582956738,9.815077333281607,1.6183535843271235
112,FM 4-64,13,1.097657558168272,0 µM,0.6996777592553288,3.8039520178891597,6.704655165738137,1.093634555937572
113,FM 4-64,14,1.038397607687132,0 µM,0.6619038022888071,4.2278109598420155,7.259644628118773,1.130315604604058
114,FM 4-64,40,0.7410025886471817,0 µM,0.47233586373900543,5.481757509189684,6.412578138016199,0.7417263778163331
115,FM 4-64,42,0.8550334925551163,0 µM,0.5450223648599063,4.6957524778731665,6.299405399266503,0.8162176016733831
116,FM 4-64,43,0.805410559991164,0 µM,0.513391313804271,4.621669764655917,6.166764014862981,0.8154493251685594
117,FM 4-64,44,0.9145319775899857,0 µM,0.5829483704510802,2.855141747749845,4.602211836289476,0.6213160482019773
118,FM 4-64,45,0.9175738202596743,0 µM,0.5848873264098826,3.2504581122606475,5.078044784973609,0.7130746963946342
119,FM 4-64,47,0.9813433046549858,0 µM,0.6255357869598525,3.50236895928907,5.533451581142775,0.8056699982294602
120,FM 4-64,48,1.0068126526242285,0 µM,0.6417706647541181,3.2521092868882575,5.154599087034468,0.7603187330173229
121,FM 4-64,49,1.0018201034932452,0 µM,0.6385882737042466,4.2084269893474735,6.870142496803817,1.0294942393189015
122,FM 4-64,50,1.0002027615591715,0 µM,0.6375573345265757,3.9237447006178656,6.419879104119071,0.9583524134320095
123,FM 4-64,51,1.0163535733407725,0 µM,0.6478523156100774,5.9315696816598065,9.709097213919135,1.517203596772087
124,FM 4-64,52,0.9356696033315329,0 µM,0.5964220868253415,7.220785614207502,12.094037715335586,1.7587597537571633
125,FM 4-64,53,0.882326080554171,0 µM,0.5624194270614586,5.584893146929039,8.515935919678691,1.1626402882785627
126,FM 4-64,54,0.8195069616467526,0 µM,0.5223767561679207,3.14715360471452,4.569331034382704,0.5651684609848918
127,FM 4-64,56,0.8211734160846691,0 µM,0.5234390010350433,5.188234573310758,4.580333886932422,0.5802651816905892
128,FM 4-64,5,0.8629860500782818,0 µM,0.5500915484014863,2.8852113189210495,4.644882332787984,0.5969299817145607
129,FM 4-64,6,0.8631387401300766,0 µM,0.5501888773293522,2.365318317725312,3.3478723678440847,0.42278954572171795
130,FM 4-64,7,0.8859922305363913,0 µM,0.5647563340371956,2.956988695599073,4.772605402098689,0.6472600557784951
131,FM 4-64,8,0.9824642960674038,0 µM,0.6262503383732222,3.2794940121561167,5.919168998328341,0.8671868436348735
132,FM 4-64,9,0.980036207381909,0 µM,0.6247026064434432,2.555658807173738,4.17115502565562,0.6107456552278563
133,FM 4-64,10,1.0435229784705127,0 µM,0.6651708575906927,2.6017563163978883,4.310024894370569,0.6499677296236763
134,FM 4-64,11,1.0308933709530943,0 µM,0.6571203910109265,3.1065943036848283,6.258902598095264,0.954536107772954
135,FM 4-64,12,1.0399594401023724,0 µM,0.6628993581399882,3.2494244409849116,6.100443093165737,0.9618692020624063
136,FM 4-64,13,1.109974583736251,0 µM,0.7075289773205289,3.2779750487755392,5.763235164660192,0.9336755554659931
137,FM 4-64,14,0.9895517872034079,0 µM,0.6307681043011102,3.698971280740214,5.9367457608414425,0.9306894311034983
138,FM 4-64,15,1.1069826579927704,0 µM,0.7056218398125887,3.7309393246561164,7.673977060649055,1.2784227416874985
139,FM 4-64,16,1.1583263802318318,0 µM,0.7383497705417345,2.988837866672237,6.953442768256289,1.185295831080942
140,FM 4-64,17,1.0271480275116,0 µM,0.6547330038998138,3.6206333309401297,6.592665201219533,1.0310121741373586
141,FM 4-64,18,1.01947514344528,0 µM,0.6498420920752667,3.6907939356628203,6.443527923121047,0.9794298856967756
142,FM 4-64,19,0.9946716007130331,0 µM,0.634031617240608,3.046181772434683,5.689405284567694,0.856810429885665
143,FM 4-64,20,1.0076922540895155,0 µM,0.6423313474348776,2.933445294877652,5.626420420703557,0.838483029840906
144,FM 4-64,21,0.9887071611341708,0 µM,0.6302297159202033,2.912772634492985,4.928289089290504,0.7146587748899449
145,FM 4-64,22,0.8681656212068735,0 µM,0.553393152525822,2.9250650307402153,4.113936006720973,0.5379928563237375
146,FM 4-64,23,0.9476052018920046,0 µM,0.6040301726022006,3.6520259946737372,6.1426494424345055,0.9014043694336573
147,FM 4-64,1,1.0660870472409436,0 µM,0.6795538288183713,3.4622930043280262,5.883358978981999,0.9259900823416588
148,FM 4-64,2,0.9652201450244505,0 µM,0.6152584321341505,3.413441215168279,5.677741354111693,0.8176643355918578
149,FM 4-64,3,0.8974248360051961,0 µM,0.5720437978890477,3.15907680569806,4.646224466317182,0.6242783248347271
150,FM 4-64,4,1.0547023065534684,0 µM,0.6722968753225941,3.7782641200867126,6.760724807721899,1.0609227288388339
151,FM 4-64,5,0.843451063738287,0 µM,0.5376393993976932,2.3367433835718256,3.1675194646691565,0.40329891408597596
152,FM 4-64,6,1.0638715376836683,0 µM,0.6781416007959725,3.964600693404695,6.927270900804466,1.1061496634879242
153,FM 4-64,7,0.7585908634015783,0 µM,0.48354712409770895,3.1139582745921714,3.9712076685125393,0.45849848532039533
154,FM 4-64,8,1.094705558146102,0 µM,0.6977960715236102,3.8786978872960853,7.951486596997865,1.3067413918994621
155,FM 4-64,9,1.0235252086127113,0 µM,0.6524237173737023,3.9338115084585508,7.099771945993578,1.1049394850456395
156,FM 4-64,10,1.0518572494775076,0 µM,0.6704833560286682,2.8846015360664774,5.512454898569992,0.8955054938468369
157,FM 4-64,11,1.0288734294164628,0 µM,0.6558328235381204,2.8293233772838127,5.168942873999134,0.7895869479762493
158,FM 4-64,13,0.9605425302775611,0 µM,0.6122767891067706,5.363725059828871,9.285049139751154,1.3736371732746735
159,FM 4-64,14,1.022787403738053,0 µM,0.6519534198226793,4.781588512296085,8.967948140852203,1.3910110431397542
160,FM 4-64,15,1.0168155433982615,0 µM,0.6481467883008194,4.094304669877651,7.741336783875678,1.1845503976010385
161,FM 4-64,16,1.0038439531727092,0 µM,0.6398783323370684,3.7152908959672906,7.08533868672253,1.0722429949862506
162,FM 4-64,17,0.9874898550280956,0 µM,0.6294537708157503,4.038035536475454,6.6598948716769915,0.9859227392349742
163,FM 4-64,18,0.9055715031865096,0 µM,0.5772367123790024,4.009749604847556,6.112858492493833,0.8337277016997815
164,FM 4-64,19,0.8856414401601101,0 µM,0.5645327303981387,3.6040403268053187,5.032307358580196,0.6645843618131256
165,FM 4-64,21,1.001118041891868,0 µM,0.6381407599195918,5.587577992832382,8.829017252592653,1.346629026819867
166,FM 4-64,7,1.0232178414794533,0 µM,0.6522277929294471,3.3604380261302254,5.799651870298412,0.873595384524361
167,FM 4-64,8,0.9321094889263508,0 µM,0.5941527699048009,2.9937166484670943,4.087366418187357,0.6006630290353098
168,FM 4-64,9,0.9836249511119639,0 µM,0.6269901724998157,5.138234072137126,9.418632654457573,1.4478217425612698
169,FM 4-64,10,1.0126989159870576,0 µM,0.6455227343585618,7.076478712726324,7.2186314537417084,1.1024957567840448
170,FM 4-64,11,0.9872754457667169,0 µM,0.6293171003300886,5.809852461240099,9.63725770665691,1.4590085139027484
171,FM 4-64,12,1.0217844855246887,0 µM,0.6513141315828987,4.306689887152119,8.24965637106159,1.2776219032330083
172,FM 4-64,13,0.9828066822697163,0 µM,0.6264685849557299,4.270234330944128,7.671703272353832,1.1443818638431662
173,FM 4-64,14,1.0,0 µM,0.6374280886134687,4.124278434692901,7.839435077997494,1.1857679833810901
174,FM 4-64,16,0.9931744832572251,0 µM,0.6330773125223225,3.6192575653367576,6.2495975961755175,0.9327610424360347
175,FM 4-64,17,0.957336607389468,0 µM,0.6102332438079713,3.915877067312335,6.861377954760148,1.0059677125809818
176,FM 4-64,18,0.9496977424994772,0 µM,0.6053640167619679,2.9334452948776515,5.191445261737677,0.7471909076639228
177,FM 4-64,21,1.0078118656266568,0 µM,0.6424075911883738,4.051881298775538,6.90290755620015,1.040698012541164
178,FM 4-64,22,0.9174839387564357,0 µM,0.5848300334150716,2.946595782067638,4.157589260847564,0.5902374331288744
179,FM 4-64,23,1.0317239161533291,0 µM,0.6576498038504193,3.711934863525695,7.169454673309309,1.106179621947567
180,FM 4-64,24,0.8626365319244591,0 µM,0.5498687557127594,3.345213485862563,4.900582293891661,0.6676965366605808
181,FM 4-64,25,0.9781220058101515,0 µM,0.623482440594337,3.984324756008073,7.557498699515745,1.1244901787552317
182,FM 4-64,26,0.9755024085027892,0 µM,0.6218126356897681,3.7874921610664765,6.883513014730127,1.0165728927953899
183,FM 4-64,27,0.9436409278376179,0 µM,0.6015032329689729,4.0175484348285835,6.7644000278200735,0.975349739297009
184,FM 4-64,28,0.9039431187629908,0 µM,0.576198734408391,4.460402252423782,7.528934946122136,1.0465572518868718
185,FM 4-64,29,0.867827753447275,0 µM,0.5531777861256171,4.056085108059461,5.83506944242132,0.7699958458710701
186,FM 4-64,30,0.8020348468981877,0 µM,0.5112395394597078,3.2899670689683265,3.061835753963423,0.35877679105553895
187,FM 4-64,31,0.8335121969438232,0 µM,0.5313040865339143,4.158796857377652,6.687766134226221,0.8672062938358117
188,FM 4-64,32,0.8301346796814576,0 µM,0.5291511621611056,3.31915549173641,3.017314451484323,0.3788607152262912
189,FM 4-64,33,0.7551597394347815,0 µM,0.48136002930575783,4.014164053688826,5.529706277046234,0.6460673261755724
384,FM 4-64,1,1.5006971081609672,100 µM,0.9565864892428052,5.267333105243488,12.902761822172144,2.8948392493187334
385,FM 4-64,2,1.6287387653985717,100 µM,1.0382038380786722,4.974679144515902,13.782808581754448,3.288126223527728
386,FM 4-64,3,1.6542235241606698,100 µM,1.054448539145172,3.898845985237475,10.238378120362118,2.396825769145834
387,FM 4-64,4,1.6907070270214792,100 µM,1.0777041486396617,4.0031701419833965,11.032073860924443,2.6724537602762912
388,FM 4-64,5,1.5743426537705858,100 µM,1.0035302286156405,3.586854065436187,8.890222194405084,1.9799114861579838
389,FM 4-64,6,1.5573707868109146,100 µM,0.9927118838993351,3.7798734993206504,9.747202651151998,2.1641233350591245
390,FM 4-64,7,1.6028263801528284,100 µM,1.0216865558800623,3.143514648259548,8.628098196979476,1.9275413543233522
391,FM 4-64,8,1.659667255552721,100 µM,1.0579185264413322,3.7237863467251264,10.407825173992821,2.4459999518968147
392,FM 4-64,9,1.415393062406342,100 µM,0.9022112944064385,2.5812000424645154,6.216419658344723,1.3176544410779303
393,FM 4-64,10,1.629939291881568,100 µM,1.0389690873800586,2.441571920789659,7.637845690891256,1.700682258720288
394,FM 4-64,11,1.6900435915729557,100 µM,1.0772812562497909,2.925159813582714,9.24744269947419,2.1756849218620435
395,FM 4-64,12,1.6639752663586385,100 µM,1.0606645735350744,2.8462901401103857,7.9421797154067795,1.7981804214074724
396,FM 4-64,13,1.5146637377270897,100 µM,0.965489211231511,3.7183523626058363,8.494492392565501,1.878373574675463
397,FM 4-64,14,1.6842014562299503,100 µM,1.0735573150846778,2.6350842485392696,7.094225355028034,1.606476234472295
398,FM 4-64,15,1.5828753236601254,100 µM,1.0089691920740993,4.120374232119318,9.911095500762798,2.2609863087667583
399,FM 4-64,16,1.4636705814571513,100 µM,0.9329847410979963,3.3309782378135924,7.649198956184687,1.6780161589533713
400,FM 4-64,17,1.5220904278084035,100 µM,0.9702231920947675,3.6545753499291305,9.716167939533094,2.1241442744647876
401,FM 4-64,18,1.694257799018293,100 µM,1.0799675104466928,3.866826781450004,11.694897300811146,2.8302942969008065
402,FM 4-64,19,1.5282038709888566,100 µM,0.9741200724961308,4.299207382841459,10.8251183163419,2.528091061473438
403,FM 4-64,20,1.5285334756657651,100 µM,0.9743301717753305,3.300953045699432,8.433828959726291,1.9460335835901135
404,FM 4-64,21,1.7194661597905139,100 µM,1.0960360276708083,4.222479226176305,12.136296373178153,2.9855981755750807
405,FM 4-64,22,1.7127665440508466,100 µM,1.0917655044154275,3.058764079353226,8.716412289638303,2.074735086821867
406,FM 4-64,25,1.565209006804046,100 µM,0.9977081854876888,3.8347751611034013,10.79132748387457,2.4371570050776707
407,FM 4-64,26,1.55789459278828,100 µM,0.9930457725422914,2.3648227701281734,6.25064880031223,1.2968704271330165
408,FM 4-64,27,1.614186837382891,100 µM,1.0289280304179962,4.300394317968692,11.240161771452904,2.6099097901202692
409,FM 4-64,1,1.5476734428767676,100 µM,0.9865305244907644,2.4180257929442126,6.741578557669987,1.4150689930522158
410,FM 4-64,2,1.5112027777440966,100 µM,0.9632830981247841,2.617680391901963,6.905386536747711,1.4426129403554526
411,FM 4-64,3,1.390789486939818,100 µM,0.886528284323755,2.4946411010049165,6.195741233978,1.198663621143165
412,FM 4-64,4,1.527707633232119,100 µM,0.9738037566113558,3.0320820136052764,7.325012181232786,1.56309290412817
413,FM 4-64,5,1.4238785089819186,100 µM,0.9076201563981401,3.032618720895062,7.500951647802584,1.5104130509746299
414,FM 4-64,6,1.486785866605623,100 µM,0.9477190731279419,2.9842146138272185,7.267117363917663,1.5836230946594925
415,FM 4-64,7,1.5327433031458877,100 µM,0.9770136340593776,2.55131636572672,6.531196893355494,1.3583112764324268
416,FM 4-64,8,1.6603977592302845,100 µM,1.0583841700042467,2.8462901401103857,7.932015090284143,1.7931242423330547
417,FM 4-64,9,1.4732762146691565,100 µM,0.9391076415162467,4.134268762279516,10.65285334015173,2.297451606047757
418,FM 4-64,10,1.53912595851592,100 µM,0.9810821178721758,2.079625422778358,5.448449264568963,1.0927137379947773
419,FM 4-64,11,1.5230636460009397,100 µM,0.9708435487070397,2.05553256380919,5.1457090448452805,1.0296660117771215
420,FM 4-64,12,1.6360982120012304,100 µM,1.042894956059858,3.085210772469914,8.947835058406238,2.042964510436639
421,FM 4-64,13,1.5738478372497156,100 µM,1.0032148186665277,2.499582316896919,7.064712158643793,1.5127609364544368
422,FM 4-64,14,1.6501069722051342,100 µM,1.0518245333004768,3.874053164964365,10.080201849570233,2.4353607405679973
423,FM 4-64,15,1.6652857080853845,100 µM,1.0614998859001934,3.8880915186817036,10.552859060648634,2.4979870647485187
424,FM 4-64,16,1.7451127743753554,100 µM,1.1123839001850302,4.516003084292954,13.714098037485838,3.455616672368129
425,FM 4-64,17,1.6359200536464316,100 µM,1.042781392920288,6.996765814200924,12.258046523470677,2.9554193162075832
426,FM 4-64,18,1.5421781532167222,100 µM,0.9830276725063843,4.130574667939504,10.214240923040569,2.2855219849182684
427,FM 4-64,19,1.446604497101567,100 µM,0.9221063395671,4.635092668948306,10.901525340001562,2.372311379105416
428,FM 4-64,1,1.4438343916712573,100 µM,0.9203405965573997,3.7367499295106064,9.486531502816621,1.9806476976954956
429,FM 4-64,2,1.4123401827048914,100 µM,0.900265303133576,3.7978036039103302,10.4043104214689,2.152648578629435
430,FM 4-64,3,1.6891505059961083,100 µM,1.0767119784175727,6.292801838121418,17.063538919035608,4.315445879065621
431,FM 4-64,4,1.6612686263752359,100 µM,1.0589392851838892,5.404598360101723,15.020115104277563,3.6775838409234214
432,FM 4-64,5,1.7773159668972704,100 µM,1.132911119641526,3.644271086078104,11.953790667280815,3.0506653248314044
433,FM 4-64,6,1.6368814678601853,100 µM,1.0433942253449269,1.5386812957896585,4.8794630144936075,0.9773677522411147
434,FM 4-64,7,1.7693588386076737,100 µM,1.1278390225650363,5.372805123421457,18.374415868180616,4.833739834206071
435,FM 4-64,8,1.7853831161909866,100 µM,1.138053347196379,6.798286594590088,22.800536217570894,6.163388880856214
437,FM 4-64,10,1.76104891867031,100 µM,1.1225420461828315,3.6117155166233017,10.983965340786867,2.7791932315215853
438,FM 4-64,11,1.8160021211479525,100 µM,1.1575707610013442,3.2194480647571875,10.876926537085728,2.751549633788615
439,FM 4-64,12,1.6417886838974745,100 µM,1.0465222226839894,6.788868707321396,19.506549286332806,4.87166348966893
440,FM 4-64,13,1.7202536732292941,100 µM,1.0965380108568474,3.1177454087582412,9.879421845024345,2.383575885331257
441,FM 4-64,14,1.5702768341681277,100 µM,1.0009385609977983,2.9582854158377714,8.52794356648833,1.9127355659932106
442,FM 4-64,15,1.6043039143277669,100 µM,1.0226283776650544,2.457702914459301,7.823031074344086,1.72378954989466
443,FM 4-64,16,1.501653237384436,100 µM,0.9571959528661884,4.423579096523792,10.13830560063222,2.3517946647496966
444,FM 4-64,17,1.556452497853603,100 µM,0.9921265407244811,3.1992252624708097,7.771292507701455,1.710120888534794
445,FM 4-64,18,1.4061979897802293,100 µM,0.8963500968377135,3.1541533941738207,7.767472887397981,1.7670479708646762
446,FM 4-64,19,1.5355096066736078,100 µM,0.9787769536295768,2.890760863301003,7.022235383326643,1.4986635795586045
447,FM 4-64,20,1.4977931460083918,100 µM,0.9547354221984832,3.092359055635858,7.679333872680154,1.6238026833221162
448,FM 4-64,21,1.4958232735596066,100 µM,0.9534797701686417,1.9897687110456992,5.155454745014729,1.0225400500509543
449,FM 4-64,22,1.4779848649775276,100 µM,0.942109067482261,2.3465338159849125,5.751443560997236,1.1688200627028507
451,FM 4-64,24,1.4485086441481787,100 µM,0.9233200963794606,5.288687794780869,12.640967441442456,2.7164256649929253
452,FM 4-64,25,1.3668208867965033,100 µM,0.8712500253476613,2.609416214185716,6.033323569353479,1.1699786095203675
453,FM 4-64,26,1.499479219876214,100 µM,0.9558101730413101,2.478067546240305,6.732349758818893,1.381758641748979
454,FM 4-64,27,1.5709383368952392,100 µM,1.0013602214167536,2.6976421980449623,7.6916058836500225,1.6678470894477393
455,FM 4-64,28,1.4158856674208562,100 µM,0.9025252946792818,2.4089792891343005,5.773754607501834,1.1505194651909754
456,FM 4-64,1,1.6961718154885776,100 µM,1.081187558306921,4.836852658816321,13.851356530179977,3.554742607876544
457,FM 4-64,2,1.7043822189939415,100 µM,1.0864211001200905,3.1665891675694153,9.96367703063277,2.3748380266585962
458,FM 4-64,3,1.7470399399543903,100 µM,1.1136123296565161,2.92246288707612,8.47264218679187,2.016867184638062
459,FM 4-64,5,1.626563699810787,100 µM,1.0368173901784419,4.408950747037743,11.571845123664376,2.8027029238973586
460,FM 4-64,6,1.5467498678021583,100 µM,0.9859418117962652,11.314097057108876,19.50521234214342,4.582854540484513
461,FM 4-64,7,1.5057148620022514,100 µM,0.9597849464829878,3.699670815976627,9.570081082623137,2.0895964591217395
462,FM 4-64,8,1.4441078220310397,100 µM,0.9205148887490049,5.519685784605744,13.661043432397152,2.974172674102235
463,FM 4-64,9,1.6076001715951234,100 µM,1.0247295046345637,2.4057271778497085,7.391451846534353,1.6137243157965147
464,FM 4-64,10,1.5892474058770145,100 µM,1.0130309362620988,2.76601828447986,7.919835003381372,1.784618438575743
465,FM 4-64,11,1.4069818912180236,100 µM,0.8968497776328681,3.492140961239617,8.959516459606924,1.821985443278365
466,FM 4-64,12,1.3952393612781404,100 µM,0.8893647592178019,3.5987617451611467,9.19657357124591,1.8689617434192656
467,FM 4-64,14,1.451717817484345,100 µM,0.9253657136051624,3.6652038205907878,9.53330958029612,2.0055342106406036
468,FM 4-64,15,1.397022529364249,100 µM,0.8905014006426066,3.691703116188826,8.875862858232233,1.7952244702556879
469,FM 4-64,16,1.5396640297346065,100 µM,0.9814250995806411,6.440838485862562,18.233443242906354,4.278089294632159
470,FM 4-64,17,1.5660514471194824,100 µM,0.9982451806077283,2.9113150747960868,7.799190053282885,1.738482905087225
471,FM 4-64,19,1.7432241237212762,100 µM,1.1111800212085419,5.859909396090689,18.883381483051288,4.904951549450444
472,FM 4-64,20,1.4400619779755202,100 µM,0.9179359541058668,2.616267211262107,7.553376854911548,1.5429673214097115
473,FM 4-64,21,1.555573876636805,100 µM,0.9915664828816424,4.876105891910246,14.371664928801932,3.3414990744367357
474,FM 4-64,22,1.4554499502524738,100 µM,0.9277446798620025,6.275973934836868,17.634760028673654,3.902246650100456
475,FM 4-64,23,1.5150506558140477,100 µM,0.9657358436881306,7.694802059836867,22.910992116757228,5.317414993262428
476,FM 4-64,1,1.4862837124908657,100 µM,0.9473989859903826,5.413313862504261,14.99369472317491,3.337674067837447
477,FM 4-64,2,1.5487191755225633,100 µM,0.9871971038523746,4.797236940984911,14.380005059365484,3.310141895429836
478,FM 4-64,3,1.4129747754476354,100 µM,0.9006698103726313,4.356958162788642,9.622935945977952,2.0214576318877513
479,FM 4-64,4,1.4984083149076117,100 µM,0.9551275481340874,5.449629899596342,15.427111262229001,3.4698698431594472
480,FM 4-64,5,1.4776969358456409,100 µM,0.9419255333660663,2.8073085937276248,6.9662418502315155,1.436688427267732
481,FM 4-64,7,1.4309135745626944,100 µM,0.9121045048045644,3.454180356657265,8.13492438166458,1.661714033580212
483,FM 4-64,9,1.3914708981350536,100 µM,0.8869626349594938,4.754275504812335,12.324217340268772,2.6332146780310213
484,FM 4-64,10,1.573273636117737,100 µM,1.002848806736491,2.7459237875822486,8.102455455337527,1.778066026173963
485,FM 4-64,11,1.5164727663492765,100 µM,0.9666423368883986,3.7472468592799433,9.96369896984539,2.3084529123949795
486,FM 4-64,12,1.5988029097006207,100 µM,1.0191218828001187,1.885921866188826,5.843815799071609,1.2176964604222202
487,FM 4-64,13,1.5249027418177112,100 µM,0.9720158400383014,1.7302239524592173,5.121261113721779,1.0098313206961664
488,FM 4-64,14,1.6838760334826046,100 µM,1.073349881484846,3.0602207127928813,9.158114750519593,2.144582921569745
489,FM 4-64,15,1.61749173059376,100 µM,1.031034662180472,2.7069149176316687,7.574397554692282,1.6900213128861683
490,FM 4-64,16,1.4294035183275469,100 µM,0.9111419525448955,4.022731222230769,10.425684932790835,2.273102368397506
491,FM 4-64,17,1.5126723227456833,100 µM,0.9642198273862769,10.592668259742632,28.270027656934545,6.594899404698109
492,FM 4-64,18,1.375987029341405,100 µM,0.8770927820700166,3.805852774385713,9.611814961837183,2.0025232918378566
493,FM 4-64,19,1.4617573587110928,100 µM,0.9317651991798843,2.0747193036848275,5.546878550165432,1.1098731648925593
494,FM 4-64,21,1.4446755572114836,100 µM,0.9208767790999137,3.16538133216123,8.269037451323944,1.7169088567050241
495,FM 4-64,2,1.4062464974830506,100 µM,0.8963810170100059,4.923123905731928,11.769797480746416,2.457573936204348
496,FM 4-64,3,1.3566257406437479,100 µM,0.8647513528223755,4.321071260533399,6.83962304068974,1.3279405896565546
497,FM 4-64,4,1.5884573677204061,100 µM,1.0125273437500002,3.380307288729609,7.055988241949105,1.5210672048872713
498,FM 4-64,5,1.5761006614030117,100 µM,1.0046508320605456,3.555715528867951,9.46667707673399,2.1156753038579885
499,FM 4-64,6,1.4647845218733468,100 µM,0.933694798008321,2.6352470764858955,6.31100347188619,1.2793708665695496
500,FM 4-64,7,1.4725814923026128,100 µM,0.9386648059660238,2.729638756740959,7.1091679386518445,1.4598512602304545
501,FM 4-64,8,1.4677091555230128,100 µM,0.9355590416455223,3.061266165455112,7.299860324317191,1.501795888993163
502,FM 4-64,9,1.517732771409382,100 µM,0.967445499505505,2.2441629221523116,6.010859864953228,1.218085321485375
503,FM 4-64,10,1.4954678955661926,100 µM,0.9532532422535646,2.500358311945032,6.140812693364295,1.2784659909912786
504,FM 4-64,11,1.6211009491622144,100 µM,1.03333527947395,3.4865619748939003,10.752616684437893,2.658776472240576
505,FM 4-64,12,1.3715897128928878,100 µM,0.8742898090512097,2.364147739009106,5.642177577747758,1.0841722495925918
506,FM 4-64,13,1.4748683454625944,100 µM,0.9401225104047305,6.1934495537985,15.40893213239405,3.4111619861287115
507,FM 4-64,14,1.5648115872294026,100 µM,0.9974548590878463,2.868953107377652,8.826811357195798,1.9479079857749333
508,FM 4-64,15,1.5003771791085883,100 µM,0.9563825574784554,2.5858468272345254,6.715032254076822,1.398382694582657
509,FM 4-64,16,1.6435598673815706,100 µM,1.0476512247868406,3.383691669869367,9.839850312536324,2.3331357512061834
510,FM 4-64,17,1.6034919699847945,100 µM,1.022110821534453,7.510356643985002,13.408039091331068,3.16066098472038
511,FM 4-64,18,1.5994988038825855,100 µM,1.0195654652984059,7.851602227982242,14.706537912970447,3.474999518312176
512,FM 4-64,19,1.5290071095960338,100 µM,0.9746320793462042,2.640114366918518,7.657510513383981,1.6442951788913176
513,FM 4-64,20,1.540786044229391,100 µM,0.9821403031354481,2.922069793460472,8.312715967869124,1.7995352869645274
514,FM 4-64,21,1.4439053014694276,100 µM,0.9203857964545115,3.191932042944212,8.00568279155839,1.6673288835636642
515,FM 4-64,22,1.4390002925195793,100 µM,0.9172592059749777,3.337532756961539,7.741478477205885,1.579514164991669
516,FM 4-64,23,1.4872295909006632,100 µM,0.9480019154572007,3.0261635635717754,7.207372746716929,1.6008004692453117
517,FM 4-64,24,1.6384923041481594,100 µM,1.0444210176410393,4.016761793490247,10.055918515508782,2.4321857558826987
518,FM 4-64,25,1.7021146558008617,100 µM,1.0849756916481155,3.0886579165024197,8.553218727404012,2.0086005282670856
519,FM 4-64,26,1.6989251690129117,100 µM,1.0829426231812145,3.4763145264944644,9.723825725217774,2.301958676747526
520,FM 4-64,27,1.6641518810581923,100 µM,1.060777152705432,4.05543897649642,10.806503242823476,2.614387299601678
521,FM 4-64,28,1.6994744869810245,100 µM,1.0832927738836697,3.1908926239495172,9.098613185505416,2.145169681792091
522,FM 4-64,29,1.5823251302293997,100 µM,1.008618483327184,3.6959639706786533,9.216932412740558,2.091921924290261
523,FM 4-64,30,1.5772612945956097,100 µM,1.0053906522580847,3.5389309255635877,9.084840271537123,2.02572691425554
524,FM 4-64,31,1.6051699536886046,100 µM,1.0231804154794972,4.071813574491111,10.85148977748251,2.5447159448126313
525,FM 4-64,32,1.5688866838929911,100 µM,1.0000524401650326,2.7578837292880576,7.509788768148833,1.637713703824896
526,FM 4-64,33,1.6138040838297008,100 µM,1.028684052552176,3.2155136038754035,9.080253680451584,2.0544545917832417
527,FM 4-64,34,1.6020932474177831,100 µM,1.0212192364820625,3.0467812411888264,8.746468200928106,1.960954784361596
528,FM 4-64,35,1.5564360176185985,100 µM,0.9921160357597822,4.485780740255482,11.240683547877367,2.5768475908397708
529,FM 4-64,36,1.6268288046580843,100 µM,1.0369863754545368,2.5213546397345254,6.89687416274102,1.5424837982035562
530,FM 4-64,37,1.5763347930759903,100 µM,1.0048000741653362,4.1998871595325955,13.042726511635541,3.0277350729853816
531,FM 4-64,38,1.6933330705014122,100 µM,1.0793780625156912,4.5062356888091895,13.495603770817091,3.3661525471217875
532,FM 4-64,39,1.5849827639805407,100 µM,1.0103125337294085,2.7834677722241494,7.713372807401946,1.6809319836247687
533,FM 4-64,40,1.5893855283633271,100 µM,1.0131189794145437,3.191920030622499,8.483848642031646,1.9115718984084569
534,FM 4-64,41,1.515863330938332,100 µM,0.9662538656392669,2.5295489973245866,6.2275287346760235,1.3171665141436413
535,FM 4-64,42,1.6713735401117469,100 µM,1.0653804410325574,3.338326342145005,9.278694327211877,2.1956733574800436
536,FM 4-64,43,1.5934347763243872,100 µM,1.0157000838026842,3.699633521307166,10.305927320440626,2.354260357429175
537,FM 4-64,44,1.568760996729149,100 µM,0.9999723236364214,5.053348569359837,13.522079079298802,3.1256348458909855
538,FM 4-64,46,1.475791604436299,100 µM,0.9407110216076344,3.94589997567464,10.275472600051948,2.240825408155415
539,FM 4-64,1,1.591102419874592,100 µM,1.0142133742889259,2.8670546346329555,7.929881826992326,1.748063460272289
540,FM 4-64,2,1.6424013065733498,100 µM,1.046912725585314,2.854853164049282,8.7001547852797,1.9775803479440124
541,FM 4-64,3,1.7454750219183985,100 µM,1.1126148069439972,3.4325901114180537,10.192790677645966,2.4977824574734204
542,FM 4-64,4,1.8134031174937062,100 µM,1.1559140830697185,3.1997844976917635,9.903597289835545,2.466691946510514
543,FM 4-64,6,1.5690726902895653,100 µM,1.0001710058668707,4.966847638605273,13.301132370475756,3.092276180590838
544,FM 4-64,8,1.5733379150393,100 µM,1.002889779926601,2.6621981461986053,7.0293942508568446,1.5437027334037592
545,FM 4-64,9,1.802637455020073,100 µM,1.1490517474164927,4.296038689147732,13.051744205261018,3.356731001978528
546,FM 4-64,10,1.6741776748008195,100 µM,1.0671678752476277,4.657467320820977,14.325774655473136,3.507495620716675
547,FM 4-64,11,1.524942510150394,100 µM,0.9720411894905907,2.6470504278367555,6.543851433739056,1.430034617841713
548,FM 4-64,12,1.7989769762545291,100 µM,1.1467184554335619,4.178967201030841,11.697644342349511,3.1145405671790534
549,FM 4-64,13,1.5214186791541815,100 µM,0.9697950006340781,3.336697731077173,8.078247957440496,1.8539195928209176
550,FM 4-64,14,1.4634020335844107,100 µM,0.932813561140774,3.0565987609956085,7.390487063080746,1.5149046907086405
551,FM 4-64,15,1.5683278427354121,100 µM,0.9996962191141184,2.9004908419563287,7.631247932508362,1.653255055773449
552,FM 4-64,16,1.3868692126551814,100 µM,0.8840293913796584,2.3995161739097695,5.594495078087379,1.0615416654578225
553,FM 4-64,17,1.5421239304865042,100 µM,0.982993109415102,5.114917665505237,14.229668595456072,3.3198984452880893
554,FM 4-64,18,1.6524340539057634,100 µM,1.0533078805409561,3.556480197658498,9.712428278335357,2.307705597558625
555,FM 4-64,19,1.5978048542365613,100 µM,1.0184856942133331,5.145708263988659,13.186913079034005,3.24896656024485
556,FM 4-64,21,1.5330863205611531,100 µM,0.9772322829947514,3.463032693259572,9.210510090834399,2.0076919536069116
557,FM 4-64,23,1.5959227385305665,100 µM,1.0172859807963115,3.7995315271877432,9.890815801062097,2.315967175506329
558,FM 4-64,24,1.5214449112875565,100 µM,0.9698117217327156,4.001003576571714,9.937760265691667,2.2328199442883214
559,FM 4-64,25,1.6084076610747446,100 µM,1.0252442211101342,4.852562491188825,15.60071031750545,3.7185388103966206
560,FM 4-64,26,1.7078740294147423,100 µM,1.0886468781624221,4.440902575111912,12.243083179329705,3.069567584779076
561,FM 4-64,27,1.6058679713904584,100 µM,1.0236253515690084,2.8260583927735166,8.399266443689687,1.8706523214741235
562,FM 4-64,28,1.682511128551911,100 µM,1.0724798527437347,2.95066973215296,8.148739316435462,1.9292814973964967
563,FM 4-64,29,1.4800833063407353,100 µM,0.9434466729494779,7.477814802577164,19.52936420007937,4.410025132597703
564,FM 4-64,30,1.7171655386437428,100 µM,1.0945695471305983,4.86196315476689,12.604896567050918,3.1914492532117764
565,FM 4-64,31,1.8078701095534109,100 µM,1.1523871883940529,2.420287423623497,8.039139322639723,1.9422579879264343
566,FM 4-64,32,1.4322563558820431,100 µM,0.9129604313343826,5.083031258766419,11.395672895395567,2.431462993776537
567,FM 4-64,33,1.5181229207903781,100 µM,0.967694191679707,2.8435142462757397,8.090208915515857,1.8190290549228825
568,FM 4-64,34,1.5958795785309174,100 µM,1.0172584694002307,2.5425597337403048,6.517476165747966,1.492964586675
569,FM 4-64,35,1.6053817934712988,100 µM,1.0233154481072724,5.044926954102776,13.187265212942057,3.105677536464559
570,FM 4-64,36,1.695902270729601,100 µM,1.081015742906411,2.439978253984902,6.911646146817467,1.5423315055692728
571,FM 4-64,37,1.4480897006749303,100 µM,0.9230530500420707,3.282120368835388,9.197351012698745,1.9300359266400833
572,FM 4-64,38,1.6656913383951264,100 µM,1.061758446053216,2.3046898466330386,6.708596406653778,1.4751605163501003
573,FM 4-64,39,1.842726311764014,100 µM,1.1746055107454823,4.145805585114538,13.194012941773154,3.458567244520642
575,FM 4-64,41,1.674655900275621,100 µM,1.0674727095979566,5.225171558725207,13.731871475873483,3.5336207596986653
576,FM 4-64,2,1.7245642089055624,100 µM,1.0992856673738713,3.8037914722659987,10.604086831618945,2.5822902783745088
577,FM 4-64,3,1.6568304712193938,100 µM,1.0561102804259308,3.0741456624291312,8.202853462647616,1.8763914998183284
578,FM 4-64,4,1.688392849445639,100 µM,1.0762290268507817,4.040380610482343,11.056135384925991,2.6792551608471253
579,FM 4-64,5,1.7060907034640602,100 µM,1.0875101361103041,3.0569371707036046,8.693133633811879,2.1121018155451106
580,FM 4-64,6,1.602541760376767,100 µM,1.021505131240226,2.633454816484902,7.327567314132917,1.5928932963134477
581,FM 4-64,7,1.6017270632733573,100 µM,1.0209858204228006,2.622422946638492,6.802797186015935,1.4744117753797343
582,FM 4-64,8,1.6031688576552872,100 µM,1.0219048606598478,3.131031105399647,8.881024215771493,1.993478699949507
583,FM 4-64,9,1.467210512280617,100 µM,0.9352411924366218,3.6618598835034284,6.200652182084506,1.3123493758487788
584,FM 4-64,10,1.771594836277712,100 µM,1.129264310285993,5.00828003885154,15.451633261038156,3.992406598371458
585,FM 4-64,12,1.8138191526255343,100 µM,1.1561792755485958,2.1835579263805895,6.936283459711526,1.6318606015566874
586,FM 4-64,13,1.6069053414709107,100 µM,1.0242866003965758,3.634709366730666,9.76769302880328,2.4490122251835653
587,FM 4-64,14,1.6451425195364477,100 µM,1.0486600517248639,3.2722896293886343,9.360009826210037,2.179323884965111
588,FM 4-64,15,1.6405762083182078,100 µM,1.045749356693007,3.5465062768316025,9.968337400886393,2.313041724399744
589,FM 4-64,16,1.6391860201207682,100 µM,1.0448632116875,4.524433472753406,12.620656897438012,3.0439488460808968
590,FM 4-64,17,1.7241581531169154,100 µM,1.0990268360086437,4.142016212748982,12.566611491912235,3.1161577668056406
591,FM 4-64,18,1.6299968850279563,100 µM,1.039005798869278,5.331407354757668,9.171084671908552,2.1604783478396326
592,FM 4-64,19,1.4650895135236088,100 µM,0.9338892082529906,3.749228220191244,9.10513835831346,1.9162483678370945
593,FM 4-64,20,1.7154097401888293,100 µM,1.0934503518774923,4.623985592399473,13.17130845180634,3.269902419521692
594,FM 4-64,21,1.5897063818688042,100 µM,1.0133235004512648,3.953091680414328,10.362752440557776,2.3697732967681713
595,FM 4-64,23,1.727057682879732,100 µM,1.1008750777232337,6.659251332528422,13.159098231642893,3.286235499533922
596,FM 4-64,24,1.7894564363509486,100 µM,1.1406497958802544,3.1905821974206643,10.517504785773077,2.6129279123625415
597,FM 4-64,25,1.7000074088072088,100 µM,1.0836324732247147,4.3209893733812095,13.47903478646964,3.3256340971759304
598,FM 4-64,26,1.7386305678922436,100 µM,1.1082519596965024,3.5662941011575873,10.877733926717617,2.662849000892978
599,FM 4-64,27,1.6497531326711283,100 µM,1.0515989860426396,3.1660194336818472,9.123883481826022,2.0961612798414384
600,FM 4-64,28,1.4494047011707685,100 µM,0.9238912682946587,4.27939208087705,6.856667246304788,1.5478047268189654
601,FM 4-64,29,1.5975212388067934,100 µM,1.018304909772035,5.668202155065603,15.593409061335423,3.7068880220000873
602,FM 4-64,30,1.66207224599537,100 µM,1.0594515349023237,4.898747025859073,15.229406206069825,3.7300147152936867
603,FM 4-64,31,1.6439014392962557,100 µM,1.0478689523195424,8.428734123381169,16.295777349760474,3.9721904606299
604,FM 4-64,32,1.7080257555688396,100 µM,1.088743592674821,4.696265108705075,15.08542157216517,3.793819698837947
605,FM 4-64,33,1.495329564085297,100 µM,0.9531650658821021,8.71139118424126,12.883620971347725,2.9253226329602366
606,FM 4-64,34,1.762856745251136,100 µM,1.123694405624792,6.6266830698449475,17.968187266835578,4.728931928767721
607,FM 4-64,35,1.7801422033718772,100 µM,1.1347126421555043,2.6119287195707224,7.660933767783141,1.8041974936577958
608,FM 4-64,36,1.5280001729407588,100 µM,0.9739902296386775,3.1851100677630857,8.04867610564169,1.7351343360397524
609,FM 4-64,37,1.6126739295833596,100 µM,1.0279636604910924,5.197521085323961,8.806900457495205,2.0371002549130637
610,FM 4-64,38,1.643970126871349,100 µM,1.0479127357092455,3.3038408106628214,9.113466270310472,2.160135516752077
611,FM 4-64,39,1.525193142573945,100 µM,0.9722009496372793,6.40314253933142,17.44346502415733,4.008159043446163
612,FM 4-64,40,1.7716264501274233,100 µM,1.129284461841788,4.339933297161947,12.372882871262163,3.124854828130707
613,FM 4-64,41,1.6071596365628857,100 µM,1.0244486952309972,3.5555572080585356,9.436731398268655,2.154349664225388
614,FM 4-64,42,1.4650365211709295,100 µM,0.9338554294389112,6.428686331210937,15.309002480003443,3.3857990643846807
615,FM 4-64,43,1.7759126635498346,100 µM,1.132016614671025,3.0651145157809982,9.288023131196391,2.25474140596705
616,FM 4-64,44,1.7339030661115205,100 µM,1.1052385172724992,2.946627070550336,8.745523194433758,2.069408001710018
617,FM 4-64,45,1.4040849462639453,100 µM,0.8950031835479715,3.5499821524928783,8.28697957593047,1.6682754559659723
618,FM 4-64,46,1.3049631195437208,100 µM,0.8318201470018234,3.273524332146529,6.7808041694374745,1.2736111120731417
619,FM 4-64,47,1.5327204254572984,100 µM,0.9769990511780682,3.7270980001096787,9.014946596504556,1.9668101585812698
620,FM 4-64,48,1.5340193449059665,100 µM,0.9778270189194955,3.474895866679124,8.38905132859934,1.8221330455691316
621,FM 4-64,1,1.5599874918647887,100 µM,0.9943798452002913,1.8214296786888262,5.7626950098571825,1.1778088255018153
622,FM 4-64,2,1.5247209015448149,100 µM,0.9718999299407161,2.6617620220192673,7.773230955026786,1.667255297061639
623,FM 4-64,3,1.4704397077538223,100 µM,0.9372995723348664,2.6528860876664533,6.301668387914556,1.2887857518992702
624,FM 4-64,4,1.4808484773182249,100 µM,0.9439344144231215,2.1492089031590256,5.429794940001094,1.069492578130465
625,FM 4-64,5,1.297024163520145,100 µM,0.8267596334381291,3.0844984862755402,6.384179068783295,1.2011021116459037
626,FM 4-64,6,1.766249748577986,100 µM,1.1258572012500851,3.081946242391226,9.359123983941828,2.306757036279122
627,FM 4-64,7,1.851072904508642,100 µM,1.1799258634051255,2.9658346291947013,10.509214078157179,2.676923531643476
628,FM 4-64,8,1.6623832347868384,100 µM,1.0596497678932495,3.101694227043105,8.148726345721627,1.8820422129443175
629,FM 4-64,9,1.7922651638319884,100 µM,1.1424401576699297,1.7525574233670134,5.771735259104033,1.2655661349717553
630,FM 4-64,10,1.6445807892768414,100 µM,1.0483019890791667,3.68585945634882,9.42659613228416,2.2982721150837535
631,FM 4-64,11,1.5220269555960253,100 µM,0.9701827331237511,4.441628064783813,12.037178284465671,2.779703079062212
632,FM 4-64,12,1.5482447578834821,100 µM,0.9868946967234906,3.9534064521643937,9.890034716166618,2.202752062488151
633,FM 4-64,13,1.5607742533591529,100 µM,0.9948813490758385,7.555053558324795,12.50145582880443,2.8777251009776266
634,FM 4-64,14,1.602760114569102,100 µM,1.0216443163356868,4.569428687819673,12.68590179484683,2.9753067525431574
635,FM 4-64,15,1.4609820320801186,100 µM,0.9312709842074514,5.277134164775127,11.954452079936678,2.674165698723735
636,FM 4-64,16,1.5980491511894135,100 µM,1.018641415953044,3.1112734286888264,9.578155318466695,2.174437900837002
637,FM 4-64,18,1.6487961286051067,100 µM,1.0509889647700401,6.4208249314128985,12.135570484983193,2.9048011443387796
638,FM 4-64,19,1.6020172331855476,100 µM,1.0211707828753012,3.765639905676764,11.199590629931865,2.621417359646678
639,FM 4-64,20,1.6311003820875005,100 µM,1.0397091988907339,3.5405885211072605,10.747244615601208,2.507864820911091
640,FM 4-64,21,1.6703021712344641,100 µM,1.0646975204169111,5.257280710509551,16.098463721910797,3.9713740302034095
641,FM 4-64,22,1.5614964893653387,100 µM,0.9953417225927893,4.926483743160185,12.151223234221831,2.770332297331556
642,FM 4-64,23,1.4759812525199196,100 µM,0.9408319086230859,6.421718767577592,15.882961688134491,3.553092051784824
643,FM 4-64,24,1.5340498935221052,100 µM,0.9778464914654906,3.707906621032392,8.972586115989316,1.9907591847255715
644,FM 4-64,25,1.4462176829139877,100 µM,0.9218597733388626,3.661758035767351,8.23583549672287,1.743433407806888
645,FM 4-64,26,1.422364649259062,100 µM,0.9066551796885707,3.564264523847713,8.521540174703706,1.775858233465282
646,FM 4-64,27,1.4523338836790012,100 µM,0.9257584115020815,4.540113191353321,10.709443322615709,2.29711719673205
647,FM 4-64,28,1.6437071213019019,100 µM,1.0477450885718183,2.468568285802997,6.777348260964624,1.4974879758258666
648,FM 4-64,29,1.5149968661416982,100 µM,0.9657015566400977,3.7545238250336603,8.952136765656787,1.944930816160433
649,FM 4-64,30,1.664198571132094,100 µM,1.0608069142699963,3.4064880802735167,9.232383147226347,2.158854528715922
650,FM 4-64,31,1.5545195427123606,100 µM,0.9908944208234234,2.9536770422145207,7.912799393683683,1.8101121086414733
651,FM 4-64,32,1.4384785733017256,100 µM,0.9169266474911483,4.866312447132954,12.247591446763096,2.612670081997686
652,FM 4-64,33,1.52331300925196,100 µM,0.971002499847508,3.6340343737058545,8.897920121616194,1.9463730034808888
653,FM 4-64,34,1.5629358151804902,100 µM,0.9962591892960334,5.006580125060939,12.328274921385297,2.842722501258431
655,FM 4-64,36,1.4901075420258654,100 µM,0.9498364023420612,2.5967491093286816,6.640445962864979,1.390937547061443
656,FM 4-64,1,1.6180007884391856,100 µM,1.0313591499498753,4.270234330944128,12.382267132357681,2.9219097073383926
657,FM 4-64,2,1.550293370621702,100 µM,0.9882005400255233,4.341243742922613,12.232618517028829,2.7751503067451764
658,FM 4-64,3,1.6396695357012718,100 µM,1.0451714180997953,4.360871876902292,12.476886481796074,2.965194394394322
659,FM 4-64,4,1.685870803440517,100 µM,1.0746214038863415,3.4070208274592177,11.226691145878293,2.7109546804001936
660,FM 4-64,6,1.4719048805113613,100 µM,0.938233514605193,4.789646312275306,13.280063333148334,2.92282068551954
661,FM 4-64,7,1.6194374141463184,100 µM,1.032274895528426,4.535202870403429,13.305814583766615,3.151317441905207
662,FM 4-64,8,1.5599678935339567,100 µM,0.994367352673729,4.563235480127497,11.675078134473042,2.7246865431596663
663,FM 4-64,9,1.667960751105776,100 µM,1.0632050334596403,3.4098685013091896,9.669725699649936,2.295927976370078
664,FM 4-64,10,1.5989737971503468,100 µM,1.0192308112605657,5.56560469276819,10.387223824211471,2.3772468614886386
665,FM 4-64,11,1.637227993140807,100 µM,1.0436151102922098,3.536523200525778,10.669613489619962,2.49148607269372
666,FM 4-64,12,1.5622488129790577,100 µM,0.995821274795901,2.383040799491813,7.097044626331974,1.52099370880896
667,FM 4-64,13,1.5623344382344135,100 µM,0.9958758547387595,1.6460180156889093,4.747133953524765,0.9448570735968934
668,FM 4-64,14,1.4970801223197054,100 µM,0.9542809208714678,3.802592534757714,8.977996840104172,1.9252579047376626
670,FM 4-64,16,1.845032324339414,100 µM,1.176075427933738,3.680638006148043,12.77799392276394,3.4730332264499033
671,FM 4-64,17,1.821995043704679,100 µM,1.1613908181718868,4.192849600237846,12.65271157060881,3.311117023457665
673,FM 4-64,19,1.5734250859084251,100 µM,1.0029453450870902,3.061046588995698,8.204395341566173,1.7982888885368171
674,FM 4-64,21,1.5875749070847738,100 µM,1.0119648385537525,2.1264042028162558,5.554113917803283,1.1777440050315908
675,FM 4-64,22,1.5512635152392773,100 µM,0.9888189374547829,1.6392591034306332,4.573213986542349,0.8838731399495826
676,FM 4-64,23,1.6247318904972907,100 µM,1.0356497434690355,2.2808143422784655,6.702358887575614,1.444943619933541
677,FM 4-64,24,1.6388042638926252,100 µM,1.0446198695446787,2.038729238481129,6.18005632228703,1.3247751782944683
191,FM 4-64,3,1.7535938669590723,1000 µM,1.1177899868200227,3.1609286156338574,9.538152014012448,2.4057430204600836
192,FM 4-64,4,1.9152534103850132,1000 µM,1.2208363205921462,3.2689052482488763,11.598209905808124,3.1161315007197277
193,FM 4-64,5,1.8654724149638482,1000 µM,1.1891045158315572,4.072174449796085,14.148986121452982,3.7856736325513864
194,FM 4-64,6,1.8501232472175664,1000 µM,1.1793205251732373,3.2872183334071865,10.07273519065033,2.656955841152156
195,FM 4-64,7,1.6902349083730053,1000 µM,1.0774032069519661,2.6245030163178726,7.277373536222219,1.7227816937814424
196,FM 4-64,8,1.6337386689184292,1000 µM,1.0413909170225868,2.041905036176503,5.625300059080497,1.2896166897034347
197,FM 4-64,9,1.8688201642716216,1000 µM,1.1912384652739683,3.34000637209752,10.382789636373518,2.886248291140583
198,FM 4-64,10,1.7647052921397155,1000 µM,1.1248727213346916,2.8834095606780323,8.19192387769758,2.1165271898870266
199,FM 4-64,11,1.8926054984019876,1000 µM,1.2063999053457202,5.104911739256896,14.8592395131623,4.097531192450434
200,FM 4-64,12,1.719561838319588,1000 µM,1.0960970158527175,6.194110929013426,17.518812766723677,4.50004513486045
202,FM 4-64,14,1.8092013359277688,1000 µM,1.1532357494773717,4.453702097212708,12.325395001651414,3.229378269900971
203,FM 4-64,15,1.7330827993175484,1000 µM,1.1047156561778646,5.417298275701659,14.673714975547828,3.7859950200131043
204,FM 4-64,16,1.7563470016511635,1000 µM,1.1195449122044978,4.810015368611093,13.813697183512021,3.5213518169442124
205,FM 4-64,17,1.7556283208286776,1000 µM,1.1190868048614975,2.9520169216156114,8.957408421227537,2.1481789681621577
206,FM 4-64,18,1.704827412324271,1000 µM,1.086704878853706,2.900391480131668,8.68758437475974,2.140722721420361
209,FM 4-64,21,1.8045315897107825,1000 µM,1.1502591220719682,4.32579277299576,14.457448303190452,3.7670693307985617
210,FM 4-64,22,1.7126397642600608,1000 µM,1.0916846914157121,2.580035042676512,8.052417455059206,1.969440175303306
211,FM 4-64,23,1.6484981964350232,1000 µM,1.0507990544363273,3.0316508105665614,9.052610154694651,2.090643431627398
212,FM 4-64,1,1.6960914505529219,1000 µM,1.0811363314395945,4.674805555713005,12.42816116765005,3.077262547452859
213,FM 4-64,2,1.733632949506452,1000 µM,1.1050663373612277,3.2345874404299435,9.132431249614925,2.2511851027560192
214,FM 4-64,3,1.7083758153892026,1000 µM,1.0889667306370154,4.9751362731314375,12.977109198770828,3.30450970696418
215,FM 4-64,4,1.8018669302634684,1000 µM,1.148560593293661,6.4021105654527455,17.663426269653048,4.74814126507688
216,FM 4-64,5,1.684550382978083,1000 µM,1.073779730794806,2.5901230260856605,7.00757394342961,1.6676904838548494
217,FM 4-64,6,1.88062870888504,1000 µM,1.1987655632962064,3.8248848795566865,11.247878324758165,2.94514874297974
218,FM 4-64,7,1.4840508240708683,1000 µM,0.9459756801927366,4.4943839557047776,10.192860846338776,2.309478425141382
219,FM 4-64,8,1.6853747068771512,1000 µM,1.0743051780021875,5.451325453280996,15.864296693793303,4.040729776972004
220,FM 4-64,9,1.8250101797828417,1000 µM,1.1633127505990997,5.083071349879837,16.649602593577917,4.5077488792162015
221,FM 4-64,10,1.6888258143744994,1000 µM,1.0765050108578218,3.180483401971366,9.436008397012806,2.288941745884922
222,FM 4-64,11,1.801628968797452,1000 µM,1.1484089099712145,4.239151716698047,12.69179652058429,3.339522789774427
223,FM 4-64,12,1.7186759679489603,1000 µM,1.095532337195609,5.963330517143647,17.28907410248286,4.435660807985999
224,FM 4-64,13,1.4723591698099416,1000 µM,0.9385230913644647,4.070696502357777,10.85924975259473,2.3384393205509575
225,FM 4-64,14,1.655961657902952,1000 µM,1.0555564744142694,3.693279124775308,11.046833801317558,2.669169035286261
226,FM 4-64,1,1.869927339107185,1000 µM,1.1919442096131623,2.811932003489084,9.76190560327157,2.4699669344788835
227,FM 4-64,2,1.8471718634610892,1000 µM,1.1774392302665813,3.1463574202325466,11.419850121476955,2.9391637911310844
228,FM 4-64,3,1.6552913064347692,1000 µM,1.0551291735592063,3.5555572080585356,9.641863224658342,2.2647429073501706
229,FM 4-64,4,1.8325737179653785,1000 µM,1.168133962285949,4.158117115640101,13.00082964353334,3.4521022933258867
230,FM 4-64,5,1.8383754125448395,1000 µM,1.171832125372454,4.049683354409547,11.611484386557677,3.1135360906846032
231,FM 4-64,6,1.7716983659857377,1000 µM,1.1293303030298945,4.211600315902619,13.086394163452965,3.555125530100457
232,FM 4-64,7,1.5795169308208648,1000 µM,1.0068284581457563,2.5106474269377017,7.03365554303671,1.6138845179427874
233,FM 4-64,8,1.8593551709802316,1000 µM,1.1852052126914983,4.045460911066477,13.963147727618658,3.74466240228111
234,FM 4-64,9,1.95437626621669,1000 µM,1.2457743278060323,3.823781283452362,14.434288996989896,3.9989664562834495
235,FM 4-64,10,1.846829777395473,1000 µM,1.1772211749996342,2.9712239436480434,10.314252308166866,2.6466288466201053
236,FM 4-64,11,1.8954130638810576,1000 µM,1.208189526442701,4.003098943648042,14.560046715903336,3.958426417593985
237,FM 4-64,12,1.7472835211850695,1000 µM,1.11376759517481,4.406975174964565,14.416425931506305,3.8429051788772286
238,FM 4-64,13,1.67797020369173,1000 µM,1.069585339689572,3.5318703501888304,10.410343274670966,2.465049725005133
239,FM 4-64,14,1.591699992040853,1000 µM,1.0145942835726742,3.2279937561397576,9.092005141317252,2.2050458813209386
240,FM 4-64,15,1.5983116458945432,1000 µM,1.0188087374512058,4.651367905118339,13.012678176522941,3.055383855748405
241,FM 4-64,16,1.5876070567312592,1000 µM,1.0119853316414613,3.959500744051863,12.123408249160475,2.8084737776143496
242,FM 4-64,17,1.7380414588402269,1000 µM,1.1078764450394905,2.7459959335073894,8.700012757234212,2.2033383008197265
243,FM 4-64,18,1.7616008560695804,1000 µM,1.1228938665842827,2.4905984394022926,7.357160759637634,1.8005878142534864
244,FM 4-64,19,1.9382342085904334,1000 µM,1.2354849268670391,4.48831128685498,15.060605353342423,4.161395827449748
245,FM 4-64,21,1.9322916405237842,1000 µM,1.2316969670628595,2.216981260713467,7.221577060819733,1.811823767752192
246,FM 4-64,2,1.8351838109762793,1000 µM,1.169797708884991,2.6634000249022978,9.710969750850731,2.4210904404265703
247,FM 4-64,3,1.8057832853597167,1000 µM,1.151056988036994,3.038265486403436,10.027868542817234,2.5157172538946777
249,FM 4-64,5,1.8037084416114249,1000 µM,1.1497344243523488,4.802167802309467,14.62422113117133,3.9489342829377665
250,FM 4-64,6,1.733621142281668,1000 µM,1.1050588111045019,8.264988443540473,23.61840002972322,6.2183782617123455
251,FM 4-64,7,1.5459506404755947,1000 µM,0.985432361849126,2.3831275728940957,6.353075197964415,1.350614986737693
252,FM 4-64,8,1.6536006320252006,1000 µM,1.0540514902018474,4.316143507448946,11.544038993483712,2.8060302724112764
253,FM 4-64,9,1.644297361754097,1000 µM,1.0481213244150833,2.814115401554812,7.883077957357997,1.7949115548556867
254,FM 4-64,10,1.586367719843079,1000 µM,1.0111953434976804,1.6268088614180534,4.527237168577371,0.8997839225876623
255,FM 4-64,11,1.6129591732950792,1000 µM,1.028145482845043,2.465824817500683,6.856289719119609,1.5103694340673015
256,FM 4-64,12,1.5862095205579918,1000 µM,1.0110945028297673,2.8385374060011483,8.257395262139992,1.8225950831652196
257,FM 4-64,13,1.824451148985714,1000 µM,1.1629564086666104,3.5573890699614044,11.461676468299823,2.9993221220149744
258,FM 4-64,14,1.8319958856004401,1000 µM,1.1677656357060273,3.080197033478302,10.072963430529024,2.5328393334560872
259,FM 4-64,15,1.7501842591033874,1000 µM,1.115616607001652,2.763512133099073,8.499354913344323,2.0398138616116914
260,FM 4-64,16,1.4109331733773107,1000 µM,0.8993684358672349,3.6871099862174574,9.483258883860959,2.158265022971045
261,FM 4-64,1,1.4580342608160872,1000 µM,0.9293919920049502,4.160254417074551,10.827032442446209,2.6126922196587894
262,FM 4-64,2,1.9815403660449726,1000 µM,1.26308948803848,4.261077877248615,10.97655298128309,2.943629523917525
263,FM 4-64,4,1.8301259315888811,1000 µM,1.1665736744946442,4.3169860020798945,13.61296124330385,3.5706412831918515
264,FM 4-64,5,1.8057398591733278,1000 µM,1.1510293069660085,2.985860962402298,10.578491028175598,2.652270183662438
265,FM 4-64,6,1.6940207221092622,1000 µM,1.079816390965715,3.332738207546131,10.544669131809611,2.6667817464002197
266,FM 4-64,7,1.7036069667352596,1000 µM,1.0859269325546457,3.7654551359283914,11.96706590988381,2.9192462397567955
267,FM 4-64,8,1.854102687633939,1000 µM,1.181857132271597,3.673588034483858,12.709897476826475,3.349464004050055
268,FM 4-64,9,1.7656701482037565,1000 µM,1.1254877476913805,3.14816795190842,7.637222152413398,1.868377006299248
269,FM 4-64,10,1.8023800757510688,1000 µM,1.1488876866410027,6.1539753513434565,19.56084444631162,5.2628705793413175
270,FM 4-64,11,1.6075216816258482,1000 µM,1.0246794729234734,2.7375020793615104,7.622064963095744,1.698340637415265
271,FM 4-64,12,1.6405344641497461,1000 µM,1.0457227477874937,2.4466136460544106,6.981435133232983,1.5488924630824448
272,FM 4-64,13,1.8500120505481341,1000 µM,1.179249645292781,5.979421943138705,12.446642200577948,3.254639451693157
273,FM 4-64,14,1.7295122887934051,1000 µM,1.1024397124790857,4.383840521512172,8.905471149728816,2.128197554880529
274,FM 4-64,15,1.8757910196306615,1000 µM,1.195681884281482,3.0551516940029377,11.292174628269231,2.937478398106279
275,FM 4-64,16,1.986140573205731,1000 µM,1.266021789296188,3.137986967418435,12.168810288066567,3.328370325154068
276,FM 4-64,17,1.8988360018400514,1000 µM,1.2103714032433448,5.308034636786185,12.326220899045552,3.2721905576605406
277,FM 4-64,18,1.865535218227994,1000 µM,1.1891445483961804,6.081971428882239,14.352670401942255,3.910954514061954
278,FM 4-64,1,1.8137128117185732,1000 µM,1.15611149086753,3.090418062417709,10.791285125924382,2.727035757245854
279,FM 4-64,2,1.8060180011465496,1000 µM,1.1512066024723624,4.150619512300257,13.092948823735828,3.3769892806618946
280,FM 4-64,3,1.699408142916044,1000 µM,1.0832504843131383,17.356937957697877,31.103496135882274,8.150696828101722
281,FM 4-64,4,1.8714772989738941,1000 µM,1.1929321975684264,3.8678166868395705,12.581985422064056,3.3096640694308403
282,FM 4-64,5,1.4817764452058975,1000 µM,0.9445259272200555,5.227190164956078,12.667380908538695,2.835069793484413
283,FM 4-64,6,1.8050147365921099,1000 µM,1.1505670934650523,5.667189931793933,18.628568086059907,4.998862977108616
284,FM 4-64,7,1.9278441840537446,1000 µM,1.2288620333859706,2.612301976432707,9.880253146478028,2.5566508853700736
285,FM 4-64,8,1.9033235585934771,1000 µM,1.2132318979672254,4.197564798366734,15.023130884578523,4.096371203416521
288,FM 4-64,12,1.809930981777554,1000 µM,1.153700846236765,3.4963280809441293,11.05878573406304,2.8042130944394517
289,FM 4-64,13,1.9022568185149638,1000 µM,1.2125519278779313,3.907567407724676,12.824407057801775,3.5497033975160033
290,FM 4-64,14,1.9763665737336134,1000 µM,1.2597915674945672,2.995701102851962,10.367317695288158,2.7903305787926604
291,FM 4-64,15,1.8965545061948719,1000 µM,1.208917113835058,3.364336395882568,10.39237086525944,2.838551034279248
292,FM 4-64,16,1.9602325803933014,1000 µM,1.2495073069579496,5.498601079320196,19.065523647880735,5.465761789176531
293,FM 4-64,17,1.706644525592027,1000 µM,1.0878631578907658,5.957226792298754,12.045583362018851,2.9521020430881078
294,FM 4-64,18,1.8582064196281105,1000 µM,1.1844729663128235,2.3106536399592175,8.553303413050998,2.099999708908078
295,FM 4-64,19,1.9581075971303294,1000 µM,1.248152782938298,4.835178417701928,17.2284484726587,5.0144669253819
296,FM 4-64,20,1.8144496011984899,1000 µM,1.1565811411774238,2.9087990986995145,8.86104798188833,2.315272198272525
297,FM 4-64,23,1.7411543565268215,1000 µM,1.1098606934619057,4.319016686071625,12.073537549510325,3.123810228815486
298,FM 4-64,24,1.9975565008047151,1000 µM,1.2732986222053584,5.3927342034840935,18.447698874172726,5.406831429671262
299,FM 4-64,25,1.785438504622333,1000 µM,1.1380886533383034,3.7398437217741423,10.71458837656349,2.7655396609630407
300,FM 4-64,26,1.8286300435846063,1000 µM,1.1656201534632995,2.68653184359511,8.276446452818641,2.0023326057908077
301,FM 4-64,27,1.3852200868113567,1000 µM,0.8829781922451462,3.3472747865538865,8.806375945706908,1.7765460258924115
302,FM 4-64,28,1.6642475962280532,1000 µM,1.0608381642432076,4.189057605193645,11.820850091991687,2.892828013188778
303,FM 4-64,29,1.6940620381935165,1000 µM,1.0798427269983302,2.829175928300355,7.906716238422357,1.820613327853463
305,FM 4-64,2,1.6652625365586444,1000 µM,1.0614851157181933,4.838426604964514,14.88020200356649,3.6412496246102495
306,FM 4-64,3,1.552782079260039,1000 µM,0.9897869128159743,4.61498831647232,13.399242988359848,3.0976132585027236
307,FM 4-64,4,1.6074417783882706,1000 µM,1.0246285403554702,2.6905567932950323,8.561147538816998,1.9126664504030748
308,FM 4-64,5,1.5476792477688326,1000 µM,0.986534224692018,9.139882506491118,23.453105803214687,5.568274915366688
309,FM 4-64,6,1.7844603765491287,1000 µM,1.1374651670301816,3.43395255907603,10.263593453677181,2.5404417897575535
310,FM 4-64,7,1.9970133859534407,1000 µM,1.272952425543813,4.477460849388256,14.686281852694188,4.580688925158015
311,FM 4-64,8,2.0509329549473363,1000 µM,1.3073222733464538,3.2969294060385423,10.813804983575237,3.079017783587668
312,FM 4-64,9,1.8572843383707962,1000 µM,1.1838852058194274,5.171898924515181,15.206289277554582,4.283294331209818
313,FM 4-64,10,1.9441189190769457,1000 µM,1.2392360066245003,4.968002429713702,16.28077464365339,4.648223629154122
314,FM 4-64,11,1.829896564221543,1000 µM,1.1664274692920915,2.714244485866735,8.703327603762302,2.1935624784107266
315,FM 4-64,12,1.82696051606343,1000 µM,1.1645559497265885,4.476709909315352,14.593690224577964,3.889165101430674
316,FM 4-64,13,1.7663625578837159,1000 µM,1.1259291090702144,2.873699253972321,8.948491009344396,2.2150291111793985
317,FM 4-64,1,1.632919739214267,1000 µM,1.0408689082265539,3.828196532941239,9.729451120616748,2.2532549726043283
318,FM 4-64,2,1.6188394988402146,1000 µM,1.0318937675177036,3.646153986135569,9.120666430617241,2.249457842536688
319,FM 4-64,3,1.848527816563089,1000 µM,1.1783035528606385,4.803182012973897,13.776630346257118,3.962452991748715
320,FM 4-64,4,1.7917061530034142,1000 µM,1.1420838284659574,3.7225590605186785,9.890628261833609,2.7295461360453284
321,FM 4-64,5,1.786076130502661,1000 µM,1.1384950939844514,5.294379949317385,14.773949020154447,3.848829574130401
322,FM 4-64,6,1.744337240094212,1000 µM,1.1118895528505468,4.791950469111009,13.589758861049066,3.7253709885899684
323,FM 4-64,7,1.7334463513031764,1000 µM,1.104947394425175,3.396057141681383,8.798953297380438,2.2548845658233603
324,FM 4-64,8,1.7352530680268548,1000 µM,1.1060990464130154,3.232203195444642,8.948414662782438,2.2359574028990585
325,FM 4-64,9,1.7594151960494069,1000 µM,1.1215006654952646,5.216476215581253,16.266057254192333,4.201146469791951
326,FM 4-64,10,1.603775032466865,1000 µM,1.0222912535113573,4.732744753484911,13.820305709796726,3.29129167860834
327,FM 4-64,11,1.8228644258983147,1000 µM,1.1619449868018505,14.45951864123629,26.49501793560507,7.348376252215833
328,FM 4-64,12,2.0700731903908056,1000 µM,1.3195227970407961,3.4568224506775427,12.468595090014265,3.56341763428809
330,FM 4-64,14,1.9008022098331647,1000 µM,1.2116247194462115,4.054606800440675,12.96032978966938,3.532220110648841
331,FM 4-64,15,1.8805850598156717,1000 µM,1.1987377401533492,3.646981885038072,11.47211318619004,3.0867280469514884
332,FM 4-64,16,1.6899477663253615,1000 µM,1.077220174545376,3.1386378499291303,8.542925977401557,2.1123465232911474
333,FM 4-64,17,1.4938772646301133,1000 µM,0.95223932941629,3.652177862635419,9.214173172135279,2.002275327115208
334,FM 4-64,18,1.6478308488987756,1000 µM,1.050373668371856,2.7505485503135936,7.526695201837377,1.6917466396035874
335,FM 4-64,19,1.8056615108857015,1000 µM,1.1509793655667806,2.274070310707665,7.367696218598185,1.7239332092473334
336,FM 4-64,21,1.5042011071931376,1000 µM,0.958820036648385,3.433472246674056,6.312221871807074,1.3127356491623312
337,FM 4-64,22,1.8081525954701991,1000 µM,1.1525672528520514,3.7869302345164453,12.019638714375457,3.23246822324245
339,FM 4-64,24,1.5634333375873743,1000 µM,0.996576324052896,4.256649965405853,10.409595299559621,2.3437336692861708
340,FM 4-64,25,1.6656299843430782,1000 µM,1.0617193372570901,3.826115810205279,11.694295909897034,2.809222043521471
341,FM 4-64,26,1.6698926371018115,1000 µM,1.0644364718575123,3.3572204330411792,10.115627888718578,2.38048371147789
343,FM 4-64,28,1.670540906144642,1000 µM,1.064849696754391,3.8172730531180386,10.726644108721812,2.5560800708457694
344,FM 4-64,29,1.4280936386016256,1000 µM,0.9103069984148879,2.683470878734907,6.678426289716893,1.499957786594429
345,FM 4-64,30,1.6385819729395823,1000 µM,1.0444781750473644,2.715322536199515,7.590225117819578,1.7776318233594615
346,FM 4-64,31,1.4535867454076798,1000 µM,0.9265570207590901,5.082082057661146,13.808201155517013,3.0192424828492523
347,FM 4-64,32,1.6120288638247724,1000 µM,1.0275524774575662,7.21037961010172,19.919277075335962,4.882048061273499
348,FM 4-64,2,1.7828656238545706,1000 µM,1.1364486268682783,3.4994218732076643,10.698344944654263,2.8256520121811164
349,FM 4-64,3,1.848884625114775,1000 µM,1.1785309926537406,3.6497256576882364,11.442701545724692,2.9885434787412706
350,FM 4-64,4,1.6382971093981042,1000 µM,1.0442965950246044,2.939962519356136,8.281354496226102,1.977086714788446
351,FM 4-64,5,1.8820815595408527,1000 µM,1.199691651112782,4.4881779004291875,14.861849153302193,4.030905969809475
352,FM 4-64,7,1.8806671574669536,1000 µM,1.1987900715022854,3.207062473566478,11.237274071947859,2.978962166055489
353,FM 4-64,8,1.8886600726640839,1000 µM,1.2038849801588418,4.010707760003987,12.030255391122335,3.30804165844691
354,FM 4-64,9,1.6094078096325595,1000 µM,1.0258817438936716,2.483888643799024,6.923526580094004,1.6692201469398837
356,FM 4-64,11,1.547020042636135,1000 µM,0.9861140288242782,2.369581081987028,6.157368278410643,1.2931191266106032
357,FM 4-64,13,1.8631071439006874,1000 µM,1.187596825618714,5.575193762447252,17.410787869528864,4.783011468338617
358,FM 4-64,14,1.8867117346706,1000 µM,1.2026430547956823,2.0408897581785985,6.93865171654699,1.6427155206921555
359,FM 4-64,15,1.872607462991602,1000 µM,1.1936525958580537,5.014864582842421,15.437693649203275,4.300910224610864
360,FM 4-64,16,1.872126858975877,1000 µM,1.19334624535893,4.511795542673101,10.212900132887563,2.639101686652975
362,FM 4-64,18,1.6997489363422071,1000 µM,1.0834677156153896,3.9073453318561353,12.188557763156231,2.979614665710454
364,FM 4-64,20,1.7103021439611743,1000 µM,1.0901946265766889,2.2461766961111005,6.862360242700046,1.601899807623699
365,FM 4-64,21,1.7549068542134592,1000 µM,1.1186269217759603,3.806876131561019,12.158466902287344,3.1547426633226237
366,FM 4-64,1,1.8637744642788665,1000 µM,1.1880221943718694,6.262204185175452,18.872342362502344,5.212323309031442
367,FM 4-64,2,1.8596299052268541,1000 µM,1.1853803360171995,3.0978859574821835,9.944059942348707,2.5609846959036404
368,FM 4-64,3,1.7608482715277767,1000 µM,1.1224141480582808,3.123327830948301,10.58550244433637,2.6067646683256247
369,FM 4-64,4,1.6092800176408875,1000 µM,1.02580028568868,4.339640166644932,12.528552400960171,3.1672706584447843
370,FM 4-64,5,1.7742942464155609,1000 µM,1.1309849901305458,6.410601457355797,21.682858946847556,5.79052650718655
371,FM 4-64,6,1.5458715697389258,1000 µM,0.985381959940586,5.567441028338014,15.817056726683411,3.654365463817972
372,FM 4-64,7,1.6469556655387623,1000 µM,1.0498158019154964,4.747596997691764,15.491531907233535,3.7669726651482205
373,FM 4-64,8,1.7927306295963357,1000 µM,1.1427368586224125,3.356748438116074,11.16106923344581,2.949034381035924
374,FM 4-64,9,1.633333762506266,1000 µM,1.0411328183022144,4.147731747336868,12.557489004693275,3.0258422772014195
375,FM 4-64,10,1.7122860829122857,1000 µM,1.0914592449902216,7.060935483554325,21.800118324830418,5.696747678550909
376,FM 4-64,11,1.7650114724051065,1000 µM,1.125067889236031,3.4340540186060515,11.001326016319958,2.72912378285869
377,FM 4-64,12,1.8774786219076018,1000 µM,1.196757609375212,4.521884117498014,14.150454069755405,4.028512005870482
378,FM 4-64,13,1.6284583801073862,1000 µM,1.0380251126184366,4.683900994673737,13.707618614165474,3.2808984216220365
379,FM 4-64,14,1.976224717440219,1000 µM,1.259701144308611,3.157650534483859,11.472233087492738,3.119969653838992
380,FM 4-64,15,1.8451806316620862,1000 µM,1.1761699631869564,2.016840147019267,6.609088543154376,1.5725923888350444
381,FM 4-64,16,1.8376966520751443,1000 µM,1.1713994643836299,3.7712201134434027,12.305122411734311,3.195575018141877
382,FM 4-64,17,1.8747384460743646,1000 µM,1.1950109443313666,3.118704421186842,9.549460589963351,2.5082539351099165
383,FM 4-64,18,1.529910191236798,1000 µM,0.9752077289503385,7.643745978890566,20.113658369124455,4.781132985516705
678,FM 4-64,4,1.11127185739243,25 µM,0.7083558959875959,1.9568000387256106,4.347119278519322,0.6820642354293429
679,FM 4-64,7,1.11786597673866,25 µM,0.7125591728785523,4.3144333674235815,7.817032710411571,1.3061474139480842
680,FM 4-64,8,1.2496571595701262,25 µM,0.7965665746469219,4.743881061861047,9.654493637540071,1.794689318486331
681,FM 4-64,9,1.2041718597901705,25 µM,0.7675729669481742,3.2077006051192116,6.233494299354401,1.0915307093227713
682,FM 4-64,10,1.2377563186817124,25 µM,0.7889806443865274,3.931215784229297,7.599342900093403,1.401620838410639
683,FM 4-64,11,1.2241301250762129,25 µM,0.7802949258414967,3.3635718154299434,6.811237188333838,1.2099375375598918
684,FM 4-64,12,1.2646632335353278,25 µM,0.8061318676921527,7.299401845210225,9.035389958169972,1.7041919295504473
685,FM 4-64,13,1.2636144895416757,25 µM,0.8054633688128342,2.7948089904767253,6.000354345188864,1.1030162386571116
686,FM 4-64,14,1.1742705668754212,25 µM,0.7485130429584541,2.6579296434441293,5.155856552111404,0.9401684090041916
687,FM 4-64,15,1.2695408239915118,25 µM,0.8092409808536775,2.2098937670590955,4.918415036980596,0.8610403257143299
688,FM 4-64,16,1.2115518849991718,25 µM,0.772277202311067,2.719675581357106,5.427142757102864,0.9423942823382067
689,FM 4-64,17,1.277327277233333,25 µM,0.8142042848606897,4.174657245446191,8.607563015873618,1.6712315413804026
690,FM 4-64,18,1.3320669035785462,25 µM,0.8490968602533344,3.727305207113348,7.5260207563382755,1.4788453905489818
691,FM 4-64,19,1.324924753690777,25 µM,0.8445442533017827,3.820202199083984,8.571750557821927,1.7311776218079615
692,FM 4-64,20,1.3678554414592505,25 µM,0.8719094795489024,3.7654289625755824,8.810893179003443,1.770127210688569
693,FM 4-64,21,1.1755426577623405,25 µM,0.7493239094210457,2.2490091263091903,4.285800433625804,0.7417862912348321
694,FM 4-64,22,1.289497480949625,25 µM,0.8219619145536021,2.2377655487348984,5.114448244705807,0.9056236421904971
695,FM 4-64,23,1.2944435180010732,25 µM,0.8251146574975182,2.419083803464134,5.57520449569316,1.005686119802896
696,FM 4-64,26,1.2662240498113524,25 µM,0.8071267758276559,2.337271372332871,5.0939990276084375,0.9081877995907934
697,FM 4-64,28,1.3172606846833803,25 µM,0.8396589604433962,4.186281129679026,9.26191105891448,1.7904549802135634
698,FM 4-64,30,1.3417698923961414,25 µM,0.8552818178691719,2.437881057590886,5.8177379729081755,1.0807517344188566
699,FM 4-64,31,1.1734188555993326,25 µM,0.7479701382676863,2.179933620161147,4.337561894284123,0.7220517900388906
700,FM 4-64,2,1.3024203006320734,25 µM,0.8301992828032817,4.961635839303653,9.308757536256728,1.7907650403238524
701,FM 4-64,3,1.2872143061290187,25 µM,0.8205065547917327,4.085209230916919,8.99439966762088,1.7014200415363576
702,FM 4-64,4,1.1999943851613755,25 µM,0.76491012728031,2.933445294877651,6.840862484888439,1.196629047612147
703,FM 4-64,6,1.2987547985337993,25 µM,0.8278627888069703,3.2699818442150335,7.312212279380045,1.3696653881488567
704,FM 4-64,7,1.2627096467691243,25 µM,0.8048865966138311,3.1304690664640367,7.152314977834112,1.304345087309273
705,FM 4-64,8,1.2289042047300538,25 µM,0.783338058310133,3.895335608203603,8.187313102606865,1.507800598973407
707,FM 4-64,13,1.2134257692005392,25 µM,0.7734716687358277,3.485425798849972,7.418420359856452,1.3363775475806199
708,FM 4-64,14,1.2757153385815954,25 µM,0.8131767898869503,3.32378280101741,7.465133335754626,1.3879111631275745
709,FM 4-64,15,1.168874411007108,25 µM,0.7450733816374548,2.8956302973987906,5.658312145483702,0.9570855406518558
711,FM 4-64,14,1.3544826711359874,25 µM,0.863385300122278,4.114913526201482,10.456055818538363,2.0942587584738144
712,FM 4-64,15,1.3313308622712712,25 µM,0.8486276868496975,3.2124822753235853,7.189714943829111,1.3830557402052899
713,FM 4-64,16,1.2821321285240568,25 µM,0.8172670320350076,3.241906540030514,6.90141308253899,1.26895183378835
714,FM 4-64,18,1.1725717079913827,25 µM,0.7474301425871774,4.319864462913951,7.849886951495434,1.3634938199786426
715,FM 4-64,19,1.154517844235724,25 µM,0.73592210272132,2.106075618709965,3.964400313478114,0.6343327764015373
716,FM 4-64,20,1.136610554555986,25 µM,0.7245074932885167,2.4208921760174107,4.672852264060373,0.8174056242307969
717,FM 4-64,21,1.2863618748510115,25 µM,0.8199631911515183,4.139418504790102,8.379378712807844,1.5847339779599265
718,FM 4-64,22,1.1950529016738771,25 µM,0.761760286905959,3.6066463547150414,7.589674079532233,1.3324335192527124
719,FM 4-64,23,1.1460501321882357,25 µM,0.7305245452159602,4.161644531227623,8.263146255770277,1.4257033778953296
720,FM 4-64,24,1.1927190763554567,25 µM,0.7602726410940805,3.09065417197753,6.578358192827729,1.1391301748072937
721,FM 4-64,25,1.0694209178428458,25 µM,0.6816789315838264,3.995993357138301,6.972983224611946,1.130826903127164
722,FM 4-64,26,1.1328005054585735,25 µM,0.7220788609748297,3.5294276047105217,6.949561595679421,1.173075403322778
723,FM 4-64,27,1.1461895174526389,25 µM,0.7306133932986295,3.167548179998015,6.13055872877135,1.0603255729231358
724,FM 4-64,1,1.0791995772795024,25 µM,0.6879121237777366,3.2779750487755392,5.609913992252864,0.9157696124412706
725,FM 4-64,2,1.216961363277918,25 µM,0.7757253557106842,2.7918229929854252,5.863439620084796,1.0165755494520332
726,FM 4-64,3,1.2894145994407156,25 µM,0.8219090835517967,3.580015906219339,7.595730633436721,1.4172664199712643
727,FM 4-64,4,1.2783221078759914,25 µM,0.8148384178557335,3.4963951025348,7.511342897467205,1.3993407452312843
728,FM 4-64,5,1.2399341426546502,25 µM,0.7903688505589337,2.656219053621267,5.809912359939031,1.0232707254802496
729,FM 4-64,6,1.254062691219671,25 µM,0.7993747842656175,2.760804208594978,6.0977136737938284,1.092166545332062
730,FM 4-64,7,1.1984852505620653,25 µM,0.7639481624972114,3.082565610858565,5.976262240041529,1.0345922764512316
731,FM 4-64,8,1.1783904942588515,25 µM,0.7511392003957004,3.0288184816827135,5.919926723367034,1.0186866987059804
732,FM 4-64,9,1.2486077639309028,25 µM,0.7958976603904124,3.161765923841688,6.771524796059756,1.217547346531772
733,FM 4-64,10,1.264831588130185,25 µM,0.8062391816397618,2.7103206113416887,5.690928514224342,1.0119293975054593
734,FM 4-64,11,1.2424351578251158,25 µM,0.7919630678786369,3.3485978670023218,6.855800995124804,1.2306186770564127
735,FM 4-64,12,1.1874176132595642,25 µM,0.7568933396060109,3.5561755461124074,6.572925719945321,1.1429560522901019
736,FM 4-64,13,1.1493852066274837,25 µM,0.7326504153411537,2.307556229706236,4.371658259387932,0.7438817113874818
737,FM 4-64,14,1.146796783821842,25 µM,0.73100048193963,2.2808426909766277,4.364638169226877,0.74051092533787
738,FM 4-64,15,1.1505633206177854,25 µM,0.7334013782901605,2.774138318580484,5.6584115037964855,0.935630288190346
739,FM 4-64,16,1.0634076410618896,25 µM,0.6778459000590378,3.2571438326845277,5.728135222407216,0.9132389159402178
740,FM 4-64,17,1.1575182080331061,25 µM,0.7378346188818302,2.7779102090946695,6.46356154875893,1.0914337613088374
741,FM 4-64,18,1.1633694514905741,25 µM,0.7415643658149361,3.482482318644045,7.329650283505631,1.2576259534005378
742,FM 4-64,19,1.0805030061781509,25 µM,0.6887429659692457,3.035679782439573,5.745969936100008,0.9082091429324862
743,FM 4-64,20,1.0620930813432516,25 µM,0.6770079627702182,6.020419712661667,6.969661053755747,1.1317414161571222
744,FM 4-64,21,1.1016254795871152,25 µM,0.7022070238211106,3.0964113731586496,5.473238404419342,0.8730444497601425
745,FM 4-64,22,1.1328004547819333,25 µM,0.7220788286721157,2.7353240100459315,5.016408045643449,0.8143044124529628
747,FM 4-64,7,1.168548673240061,25 µM,0.7448657472352168,4.104343062270045,8.645066863730595,1.5131873328955576
748,FM 4-64,8,1.2360702105553858,25 µM,0.7879058717063673,3.6945507900387984,7.9273111620783965,1.44227640930592
749,FM 4-64,9,1.2345661855025,25 µM,0.7869471638916796,3.45276717601741,7.598015415160739,1.3752707154415305
750,FM 4-64,10,1.243565086659724,25 µM,0.7926833162559505,3.63575377086791,7.096021798921791,1.3193100230679509
751,FM 4-64,11,1.2418949996988013,25 µM,0.7916187559166312,3.7226775094082614,7.185181392652517,1.3093790789072834
752,FM 4-64,7,1.0374701247734899,25 µM,0.6613125986279426,3.040299449796086,5.715397118759757,0.9393257124917888
753,FM 4-64,10,1.2153957808252331,25 µM,0.7747274094803026,3.151734602833673,5.962715785354489,1.0331459242059804
754,FM 4-64,11,1.2036597429423497,25 µM,0.767246529284721,6.321105731953453,9.677552766492077,1.7438199829991103
755,FM 4-64,13,1.298183267947064,25 µM,0.8274984791574834,4.0165878391176335,9.206280650515584,1.7613774886691596
756,FM 4-64,14,1.3205867273252796,25 µM,0.8417790734472689,4.234612777107048,9.54402492896182,1.867405478684836
757,FM 4-64,15,1.3508439457999288,25 µM,0.8610658743863246,4.583742874279612,10.769820229490218,2.1563768863607264
758,FM 4-64,16,1.3295487105034662,25 µM,0.8474916932547265,4.903181915377339,11.06810011075585,2.1901247343680437
759,FM 4-64,17,1.2714918936450068,25 µM,0.8104846474536564,2.6161330798232236,5.803934369412506,1.057478446710911
760,FM 4-64,18,1.2674523670653874,25 µM,0.8079097397471063,3.081679990390375,6.602448169721863,1.1976484733392518
761,FM 4-64,19,1.235691711391903,25 µM,0.7876646057080468,4.584477832253317,9.202054216691433,1.6942426665143935
762,FM 4-64,4,1.3903541970068691,25 µM,0.8862508182938027,4.372505167214519,11.035870546112296,2.3134828253834843
763,FM 4-64,5,1.2631507958287687,25 µM,0.8051677974157138,5.420666727456078,11.519146011885969,2.233384483628728
764,FM 4-64,6,1.1971435110060167,25 µM,0.7630929000165823,5.411648331765907,10.474281515146478,1.9376401808517816
765,FM 4-64,7,1.3306236418514916,25 µM,0.848176884689289,6.488097076855163,14.12791834748649,2.8776147748584204
767,FM 4-64,8,1.0474383460673393,25 µM,0.667666622874157,2.8653590809483003,5.644672103780339,0.8715647321092016
768,FM 4-64,9,1.1521999959715128,25 µM,0.7344446411325677,2.818210875821781,5.055057680776801,0.8691010031248788
769,FM 4-64,11,1.0709882246295113,25 µM,0.6826779769531216,2.3075278810080735,4.6938179180542,0.7289846156007943
770,FM 4-64,13,1.1275962379783362,25 µM,0.7187615147022688,3.7046052952906274,7.583584461554336,1.2766530360139818
771,FM 4-64,18,1.2653699462274797,25 µM,0.80658234621271,2.2980157130669907,5.0454673688528535,0.8825868039799687
772,FM 4-64,21,1.049435841401419,25 µM,0.6689398825069738,2.368826864013104,4.694981833559247,0.7355349342373375
773,FM 4-64,24,1.1956675546846849,25 µM,0.7621520839997987,4.324415626377269,9.783060827820055,1.7503156077285122
774,FM 4-64,25,1.3058552462868045,25 µM,0.8323888136464681,4.518881481095962,10.57536899418085,2.0530510584403165
775,FM 4-64,26,1.1998985046282085,25 µM,0.7648490103353183,4.0122655809441286,8.50976893766704,1.5362357421105242
776,FM 4-64,28,1.3444058884912298,25 µM,0.8569620758216567,4.26829950949096,8.572887401620218,1.7138270087896788
777,FM 4-64,29,1.3332742302374798,25 µM,0.8498664441778705,4.856236629310863,11.608726995948885,2.3114730321540646
778,FM 4-64,30,1.0103900324514137,25 µM,0.6440509871396052,4.767551381861978,6.812495530577483,1.147752649892778
779,FM 4-64,31,1.2472789538993778,25 µM,0.795050639551887,3.4337343661888253,8.486031231422052,1.5589885479454029
780,FM 4-64,32,1.2599962382921697,25 µM,0.8031569938347384,4.475587431618767,9.129373949532605,1.7554322170113326
781,FM 4-64,33,1.2741817548760073,25 µM,0.8121992405567685,3.6959639706786533,7.824067310487585,1.4523152713764438
782,FM 4-64,6,1.3205521750046456,25 µM,0.84175704882757,2.8176831248517464,6.930628165822029,1.3072931967743615
783,FM 4-64,9,1.1785322554753648,25 µM,0.751229562976982,3.395955717418434,6.068105051541982,1.0983144544984729
784,FM 4-64,10,1.20300379708916,25 µM,0.7668284109732885,3.409497637692777,6.255101995154971,1.088202096349638
785,FM 4-64,11,1.196959359244835,25 µM,0.7629755165114375,2.712814280600246,5.145158266086456,0.8843325356311162
786,FM 4-64,14,1.3013417120999833,25 µM,0.8295117601768712,2.4091118911533327,5.310048003760752,0.9519719503726575
787,FM 4-64,17,1.3724710471907455,25 µM,0.8748515962881227,2.5160067406338578,5.487995760930833,1.056275010554376
788,FM 4-64,18,1.3574248297062546,25 µM,0.865260714636121,2.7205263705636384,5.898453326276569,1.1574387966082786
789,FM 4-64,22,1.2918308533256724,25 µM,0.8234492716472895,2.5383875525554638,5.369090162178379,0.9699336929757255
790,FM 4-64,23,1.3518534362443695,25 µM,0.861709351950798,2.308472794169722,5.4946046616463855,1.0167067994762347
791,FM 4-64,24,1.374705951910889,25 µM,0.876276187332117,4.996183261773871,10.538782223142773,2.206800249955108
792,FM 4-64,25,1.2838556588644918,25 µM,0.8183656586855785,3.903420347544336,5.61677130520006,1.0118830014344526
793,FM 4-64,26,1.280155482967652,25 µM,0.8160070626361223,4.405523290959966,6.232435847889182,1.1362576831543418
794,FM 4-64,27,1.20668335184607,25 µM,0.769173862528934,6.072872359035179,7.801634118529894,1.3867002975452398
795,FM 4-64,28,1.2821767153909935,25 µM,0.8172954529563764,4.695033126305191,10.67548843137397,2.055801328393159
796,FM 4-64,29,1.1391979016838032,25 µM,0.7261567410227809,3.3466509914368854,6.524775329267017,1.1042832913147937
797,FM 4-64,30,1.1685662667814614,25 µM,0.7448769618526836,5.433517491372935,10.898790476129093,1.9259842074251972
798,FM 4-64,2,1.2470007566360126,25 µM,0.7948733088020428,3.390228143999619,8.188595773338339,1.4975066540076363
799,FM 4-64,3,1.297270162777824,25 µM,0.8269164402747518,5.163958318648042,13.10677934443196,2.5752805419033247
800,FM 4-64,5,1.1925216116730366,25 µM,0.7601467715589968,3.5296781602862595,8.004790674716299,1.4411149632860027
801,FM 4-64,6,1.2036844682985697,25 µM,0.7672622899212765,3.0964614831090653,7.267514674790286,1.2794040691797306
802,FM 4-64,7,1.168618142269744,25 µM,0.7449100287460254,7.070050528490056,13.920336996271432,2.517383201108548
803,FM 4-64,8,1.236565145107766,25 µM,0.7882213568920797,4.610309191468322,10.670902887551998,1.982486731814105
804,FM 4-64,9,1.1067114496571102,25 µM,0.7054489640015729,3.933321463977665,7.764635737818953,1.292609461307936
805,FM 4-64,10,1.2612629313083632,25 µM,0.8039644195429106,4.242321854706235,9.641949204695065,1.80392234141715
806,FM 4-64,11,1.128113574275773,25 µM,0.7190912793895143,3.8592775680930735,6.8358434257586875,1.1978480246380663
807,FM 4-64,13,1.2412898359443523,25 µM,0.7912330075413346,4.3894525998939,10.090575599746225,1.878651424983577
808,FM 4-64,14,1.275204534424467,25 µM,0.8128511889694161,9.124286663560044,11.44152494444358,2.1961974444657058
809,FM 4-64,15,1.292062724409063,25 µM,0.82359707278878,2.9355777939043297,6.298551889883911,1.1529663897091118
810,FM 4-64,16,1.270637725640835,25 µM,0.8099401767754024,2.825779742163627,5.74160916606836,1.028736931682511
811,FM 4-64,17,1.29040963728372,25 µM,0.8225433486221609,3.2829666162578635,6.78310883272452,1.249443819250888
812,FM 4-64,18,1.2197017805775967,25 µM,0.7774721746720219,2.552064780744387,4.9833871970644115,0.8757782146712163
813,FM 4-64,19,1.251215012901086,25 µM,0.7975595941180158,3.4218578583524515,6.97414418783438,1.2630065621305229
814,FM 4-64,20,1.3088559155582724,25 µM,0.8343015245247412,4.842983289543103,10.94505474573471,2.1351020707914974
1025,FM 4-64,3,1.4840617595307766,50 µM,0.9459826507620441,4.5394664520172805,11.604126284858749,2.539587965145717
1026,FM 4-64,4,1.5823088821291273,50 µM,1.008608126331684,3.612690654901481,9.713391474234305,2.1970205117255728
1027,FM 4-64,5,1.4995745240057599,50 µM,0.9558709225704436,2.8483988958825686,7.099878920609931,1.4877085248973665
1028,FM 4-64,6,1.3623856745212155,50 µM,0.8684228964644296,2.384312464755304,5.287271469258001,1.078089738200803
1029,FM 4-64,7,1.6058762393455268,50 µM,1.0236306217958042,4.111922769646528,10.85522961230522,2.521925545779334
1030,FM 4-64,8,1.5211830098469672,50 µM,0.9696447783980356,3.93674371648909,10.091340045693887,2.2105436434352206
1031,FM 4-64,9,1.54139686039703,50 µM,0.9825296545176805,4.608262226445372,11.848882033716961,2.667920537334563
1032,FM 4-64,10,1.4076103241649478,50 µM,0.8972503584450476,4.396635284303731,10.682501129712772,2.2523564762861517
1033,FM 4-64,11,1.490785091757005,50 µM,0.9502682915721221,4.265102957298496,10.49061217937824,2.2766623504096803
1034,FM 4-64,12,1.4799339769181454,50 µM,0.9433514861810627,3.0135859110664778,8.703379049988191,1.8390746836118046
1035,FM 4-64,13,1.358749234514484,50 µM,0.8661049274615813,4.134546508603171,8.837300968844612,1.7551977142448714
1036,FM 4-64,14,1.4770378962027535,50 µM,0.9415054429861801,4.608861695199513,11.48218470686466,2.49626135293067
1037,FM 4-64,15,1.4003032838017895,50 µM,0.8925926456729382,7.924324388768412,18.449427587746,3.934744684702885
1038,FM 4-64,16,1.6740036289672444,50 µM,1.0670569335446007,4.287066057554357,13.769913187866262,3.3862512686672623
1039,FM 4-64,17,1.626172119232511,50 µM,1.036567785718893,5.272746379396917,16.237357371165597,3.9262437479764016
1040,FM 4-64,18,1.6205398754343483,50 µM,1.0329776353200253,4.420204671254922,12.94737199341701,3.0874240687856442
1041,FM 4-64,20,1.5326441887419437,50 µM,0.9769504557543175,6.001871464043199,16.170405562621124,3.733352952704094
1042,FM 4-64,21,1.3564002891123463,50 µM,0.8646076436836392,4.148748393985969,8.421124931630116,1.7329691930824087
1043,FM 4-64,22,1.3827920813893304,50 µM,0.8814305133898409,4.643049990625572,11.268203812331741,2.322276078220994
1046,FM 4-64,25,1.5907378339770866,50 µM,1.0139809769971435,3.8219621688165217,11.906808008699942,2.8721187965890653
1047,FM 4-64,26,1.5972266279306635,50 µM,1.0181171165243788,5.826462528167309,18.04033916680836,4.323715602993112
1048,FM 4-64,27,1.3074071351642618,50 µM,0.8333780312073662,5.331066802529283,10.699938450634539,2.11805936158944
1049,FM 4-64,28,1.4401932199713292,50 µM,0.9180196114404012,5.000531023291692,12.151508090019249,2.589342744022365
1050,FM 4-64,29,1.3611237971291923,50 µM,0.8676185403703678,1.9126354049184344,4.922235908209454,0.9176965020067804
1051,FM 4-64,30,1.3815746550550734,50 µM,0.8806544916485677,3.5854870928231253,8.705109624364496,1.7715867948319277
1052,FM 4-64,31,1.493611962854569,50 µM,0.9520702186125991,3.4116041461072597,9.414552498870401,2.09859521472074
1053,FM 4-64,32,1.7003968106397185,50 µM,1.083880688890514,2.2544803129129765,6.514335444788717,1.5881698467655951
1054,FM 4-64,33,1.5593516972102985,50 µM,0.993974571828929,5.250616159315351,15.057855462626906,3.541693239483202
1055,FM 4-64,34,1.4387141186240189,50 µM,0.9170767906957196,6.712557191806692,11.665618224322893,2.476123252277248
1056,FM 4-64,35,1.4615282065718025,50 µM,0.9316191311697348,7.517618783421401,11.998745344676209,2.5873591919144334
1057,FM 4-64,36,1.4807668712974524,50 µM,0.9438823964532812,4.656712033967297,12.357303049612087,2.7057830291398046
1058,FM 4-64,37,1.3352094423798015,50 µM,0.8511000027548122,2.5063911599414004,5.210020672861736,1.0529101573582103
1060,FM 4-64,39,1.3834999330200863,50 µM,0.8818817179018555,4.2194920993882565,9.264448383964195,2.000842419282001
1061,FM 4-64,40,1.3696278606894348,50 µM,0.8730392693510206,4.778653929989729,11.308763121980938,2.3046258475315393
1062,FM 4-64,7,1.349300688592911,50 µM,0.8600821588946165,2.601430210707139,5.81116970378058,1.0953099561623418
1063,FM 4-64,8,1.4152916307189514,50 µM,0.9021466389998203,2.738987305553506,6.790585427514712,1.353547328133792
1064,FM 4-64,9,1.45703331356111,50 µM,0.928753960109407,2.756268043577174,6.805404897976549,1.371646283600144
1065,FM 4-64,10,1.4928618199073604,50 µM,0.951592056427573,4.3979824737663815,11.753344686850397,2.5775749332159497
1066,FM 4-64,12,1.4796129838715288,50 µM,0.9431468761968996,2.8607757623002583,8.04056397845129,1.6999262682758467
1067,FM 4-64,13,1.417258696491992,50 µM,0.9034005019757065,5.081801965907537,8.601261412425737,1.7497188585859307
1068,FM 4-64,14,1.3737058785038485,50 µM,0.8756387124517939,3.3439418205990727,8.503612921481801,1.6923419996642206
1069,FM 4-64,15,1.4648260123303236,50 µM,0.9337212451910074,14.096578889497708,23.62475370053045,5.3272764472849605
1070,FM 4-64,16,1.4172923166600888,50 µM,0.9034219324151954,4.432555551442842,12.053151894058756,2.5310324322642823
1071,FM 4-64,17,1.4322376801989076,50 µM,0.9129485269293781,4.270988548918052,11.496005007724143,2.4334615804498125
1072,FM 4-64,18,1.488723395898912,50 µM,0.9489541087219956,3.5973272519510298,10.339429795393432,2.2398138338886513
1073,FM 4-64,19,1.3586447921968043,50 µM,0.8660383529946524,7.206679196961174,11.158918774500702,2.25449406951528
1074,FM 4-64,20,1.447715506373536,50 µM,0.9228145280837631,6.300520625729693,10.705295852383383,2.27013778876922
1075,FM 4-64,21,1.4555854538165078,50 µM,0.927831053639825,3.5504546936397583,10.059428780523794,2.133165773640388
1076,FM 4-64,23,1.429750084101982,50 µM,0.9113628633040725,2.4585980970325956,7.072768572268843,1.414813948246192
1077,FM 4-64,24,1.438818102491187,50 µM,0.9171430729334152,5.515280151154747,12.81310902251111,2.748595124620859
1078,FM 4-64,25,1.3895185628535922,50 µM,0.8857181616126992,7.908535424648947,12.446713923409282,2.5911062584775615
1079,FM 4-64,27,1.449870919658569,50 µM,0.9241884490542137,2.4301489135049166,6.183989015189567,1.2357422676888932
1080,FM 4-64,28,1.4362165994463212,50 µM,0.9154848018200042,3.22797015838925,7.866822537458057,1.6189026475365518
1081,FM 4-64,29,1.3660476695746728,50 µM,0.8707571549718669,5.5113971500795795,13.793509433626054,3.005759338650805
1082,FM 4-64,30,1.3704276890353413,50 µM,0.8735491024047706,3.3875754532809976,7.41690664492425,1.5811795561053466
1083,FM 4-64,31,1.4136129879762538,50 µM,0.9010766249648777,3.8971939898348835,8.478250398869589,1.8804785957554384
1084,FM 4-64,32,1.5664919364576626,50 µM,0.9985259608846191,5.484622207666292,13.549769453063066,3.2138731969378838
1085,FM 4-64,33,1.3267553627735444,50 µM,0.8457111349504097,3.3765353982154225,7.85856988205562,1.5545895482219694
1086,FM 4-64,34,1.388303333728628,50 µM,0.8849435404343458,2.9621587306149055,6.790101717707911,1.3624689591886676
1087,FM 4-64,35,1.5649913140752876,50 µM,0.9975694220276912,3.3270984041575957,8.415467905008576,1.8865428585185837
1088,FM 4-64,36,1.437813478996489,50 µM,0.9165026976994136,2.6204766505669905,6.4193373504840725,1.2912946124953852
1089,FM 4-64,37,1.4448985899169533,50 µM,0.9210189464110596,3.349796804510606,7.475680494663874,1.6943817876048057
1090,FM 4-64,38,1.4101459685970719,50 µM,0.89886664942882,3.3499383198869714,7.815528224196323,1.567830318587745
1091,FM 4-64,39,1.5625526587801188,50 µM,0.9960149546441046,3.364272929760601,8.30148631152995,1.8555757148284615
1092,FM 4-64,40,1.4379219502500618,50 µM,0.916571840323248,3.3917348835078776,8.158344328680206,1.6688499881064152
1093,FM 4-64,41,1.5151181027233165,50 µM,0.9657788362425888,4.366058808907523,10.36061698121759,2.399558566339777
1094,FM 4-64,42,1.4971018340860849,50 µM,0.9542947605612113,4.235750310931655,9.56324736383631,2.112918869866311
1095,FM 4-64,43,1.491475241051169,50 µM,0.9507082121175591,3.5869130244209426,9.084052048107674,1.9383966468203657
1096,FM 4-64,44,1.3683940283403224,50 µM,0.8722527899550564,4.758858823460377,11.518198287788339,2.434900098778867
1097,FM 4-64,45,1.3814626657150517,50 µM,0.8805831064976126,3.8228199902155033,9.274943785227778,1.8768426938632203
1098,FM 4-64,47,1.4094185970967616,50 µM,0.8984030024036652,2.694672182652863,6.302434630581338,1.236929366317039
1099,FM 4-64,48,1.747434089467336,50 µM,1.113863571627181,3.754996366180541,12.196332835566828,3.0808884565450416
1100,FM 4-64,2,1.4765654368979326,50 µM,0.9412042841545605,7.247527501635272,17.526406051230257,3.9488658643200494
1101,FM 4-64,3,1.542805391380225,50 µM,0.9834274917300514,3.629327594320726,9.923513434660423,2.2387900007030046
1102,FM 4-64,4,1.5941363853097121,50 µM,1.0161473090771538,3.8700492480665605,11.704544799969735,2.7038455938192563
1103,FM 4-64,5,1.4533239220550125,50 µM,0.9263894897717563,3.694387962092172,9.467760364928676,2.0157600523789507
1104,FM 4-64,6,1.4758325029249562,50 µM,0.9407370914530863,4.324936086031041,10.904318690167257,2.4645345834235197
1105,FM 4-64,7,1.5800066245712414,50 µM,1.0071406026970648,3.448835436476961,10.23903212044901,2.3227543366427845
1106,FM 4-64,8,1.4306231765300412,50 µM,0.9119193969416731,4.323661408403345,10.832247255282825,2.3058985567718575
1107,FM 4-64,9,1.3246723151202453,50 µM,0.8443833418662764,4.123703054510605,9.190576537862313,1.8649589645208693
1108,FM 4-64,10,1.5181474989670742,50 µM,0.9677098584999001,3.816175370876137,9.175302677967466,2.0295098836985614
1109,FM 4-64,11,1.557007182179684,50 µM,0.9924801120942388,3.9419563676735763,9.55692636337635,2.1819479836894162
1110,FM 4-64,12,1.592823279646209,50 µM,1.0153102986439195,3.3914432649418806,8.791346493924099,1.9592298858817117
1111,FM 4-64,13,1.488749039949958,50 µM,0.9489704549604383,2.824977923472589,6.845126080517451,1.4699537433576595
1112,FM 4-64,14,1.4939985445984671,50 µM,0.9523166366747049,2.8235008140938187,6.976622448932331,1.5119703723143023
1113,FM 4-64,15,1.6698431294994731,50 µM,1.064404914321182,3.4868114562638017,9.651384879842142,2.2548275005245735
1114,FM 4-64,18,1.455607373498188,50 µM,0.9278450258606215,6.724408675006117,14.423739442133195,3.28763999372126
1115,FM 4-64,2,1.463147060669602,50 µM,0.9326510342430393,2.908844472024311,8.079174290278566,1.6802533568530762
1116,FM 4-64,3,1.4385616176729927,50 µM,0.9169795823059952,3.180384367922614,7.669999254691588,1.6723830587092634
1117,FM 4-64,4,1.4760437930839032,50 µM,0.9408717737352467,3.3486229219775296,8.475188195448883,1.8048604196056008
1118,FM 4-64,5,1.4332905297237866,50 µM,0.9136196427896193,4.836428770395156,12.195311941131234,2.62801602726893
1119,FM 4-64,6,1.5131419709648297,50 µM,0.9645191943529281,3.3279922403222937,7.835067613881985,1.6924181523991753
1120,FM 4-64,7,1.4953535624101957,50 µM,0.9531803630884722,3.4424407663552783,8.500016235562516,1.8297969128619456
1121,FM 4-64,9,1.2934631912628427,50 µM,0.8244897696985513,5.100415332253316,10.89657302444381,2.1189617087654655
1122,FM 4-64,10,1.6603437224851034,50 µM,1.058349725465051,3.6563263893084033,9.725703941539955,2.2744221475786253
1123,FM 4-64,11,1.7014568587726104,50 µM,1.0845563933457016,3.2137624578464217,9.293500691065303,2.1873519510607284
1124,FM 4-64,12,1.3531879114559462,50 µM,0.8625599839342155,4.540754099379971,9.737702524132294,1.9516751299251283
1125,FM 4-64,13,1.6878958617041837,50 µM,1.0759122329046815,3.5718210861723128,9.406031853989717,2.239890378496316
1126,FM 4-64,14,1.6000555181914802,50 µM,1.0199203306362283,5.811514857346504,15.689024665971175,3.7395458736483578
1127,FM 4-64,15,1.443404978442875,50 µM,0.9200668765040068,6.714480719526597,17.71626831269195,3.9088027050382608
1128,FM 4-64,16,1.342600938535278,50 µM,0.8558115500211914,4.400880194672167,9.178274773455952,1.8683271436066378
1129,FM 4-64,17,1.5274300231163038,50 µM,0.9736268001258518,2.9395411559902107,7.437884562683187,1.572740580209712
1130,FM 4-64,18,1.3760567002447104,50 µM,0.8771371922607425,4.493272106023708,10.547809439826747,2.145396194198588
1131,FM 4-64,19,1.5091568192673135,50 µM,0.9619789467235456,1.7383811142630985,4.6266153951812,0.8989760521607342
1133,FM 4-64,21,1.4093124330684343,50 µM,0.8983353304700091,3.465817596725127,7.603232418859751,1.5289732299582472
1134,FM 4-64,22,1.5859447236735948,50 µM,1.0109257138578753,3.570746189336678,9.206560227565983,2.070966262596461
1135,FM 4-64,23,1.458279950243193,50 µM,0.9295486013468627,3.432590111418053,9.21582656884862,1.9413268172065077
1136,FM 4-64,24,1.4617573936070944,50 µM,0.931765221423576,3.6631265378002644,8.547127703441317,1.8930979623856217
1137,FM 4-64,25,1.4520933805024963,50 µM,0.9256051080219765,3.2982681997960857,8.632862934683786,1.80926941212907
1138,FM 4-64,26,1.4330777206776675,50 µM,0.913483992326112,4.115993976911419,9.79632674653924,2.1270181296772392
1139,FM 4-64,27,1.5044827398366092,50 µM,0.9589995572060043,3.8342898837031836,9.928042698031325,2.1693399348189972
1140,FM 4-64,28,1.4334692538682836,50 µM,0.913733566579435,4.134930992498015,10.129648630935518,2.127669572726962
1141,FM 4-64,30,1.3202657508844402,50 µM,0.8415744740480947,2.060624241048856,5.136281599693216,0.9621306506989357
1142,FM 4-64,2,1.3919639949472644,50 µM,0.8872769487180028,2.9368296760174104,7.565313608384833,1.4986152998009892
1143,FM 4-64,3,1.3614491891173086,50 µM,0.8678259543634028,2.244262979714521,4.934874823748184,0.9213481868938598
1144,FM 4-64,5,1.3064188473988467,50 µM,0.8327480688260577,2.256766325370367,5.477016470268951,0.9972127586078601
1145,FM 4-64,6,1.3789038431723093,50 µM,0.8789520411350913,1.991739911545602,4.783189452527309,0.8813114380830068
1146,FM 4-64,7,1.2530056449762046,50 µM,0.7987009932990686,3.509929795282343,7.069991510971584,1.30473292696071
1148,FM 4-64,10,1.2726584046132552,50 µM,0.8112282143104936,4.316060417215041,9.778509354990522,1.8532199639177172
1149,FM 4-64,12,1.4677931212135493,50 µM,0.9356125637351501,2.417507794877652,6.483369708780997,1.3407301512330463
1150,FM 4-64,13,1.3665278728687242,50 µM,0.87106325003974,2.9993506630175073,7.123866542000178,1.4027352982350838
1151,FM 4-64,14,1.3596427890492286,50 µM,0.8666745042207354,2.038449641910247,4.930442252556714,0.9412185082757508
1152,FM 4-64,15,1.471803578274698,50 µM,0.9381689417141045,5.169241172532498,10.879494476481089,2.3505514791291766
1153,FM 4-64,16,1.1956993164919862,50 µM,0.7621723298679177,4.051318907342216,8.559760185293127,1.547680777929142
1154,FM 4-64,17,1.4175056931227048,50 µM,0.9035579445659158,4.017548434828584,9.648592106838686,1.9957762474075476
1155,FM 4-64,20,1.2507942461549353,50 µM,0.7972913855752648,6.289630331912595,14.412618199789389,2.765451826060121
1156,FM 4-64,21,1.412101864701102,50 µM,0.9001133925439385,4.182340258099073,10.689327760939529,2.2162483262525337
1157,FM 4-64,22,1.441711971934559,50 µM,0.9189877066014007,3.6090645585011605,9.175835683904424,1.991079935579996
1158,FM 4-64,23,1.491921745323327,50 µM,0.9509928264823185,4.907884759669312,11.084560324776591,2.4376401115441815
1159,FM 4-64,24,1.4982785634936429,50 µM,0.9550448409382863,3.9980222131319896,10.212091634438181,2.21536251546303
1160,FM 4-64,25,1.5232606620464637,50 µM,0.9709691322683642,2.2019010122960863,6.324995219946752,1.3005916121863386
1161,FM 4-64,26,1.4244314078460822,50 µM,0.9079725896643204,3.2551027041319016,7.36816597255968,1.5109548467384364
1162,FM 4-64,27,1.535940437835881,50 µM,0.9790515775138597,2.5680229212050754,7.31706668019233,1.5530896723585825
1163,FM 4-64,29,1.4871000282363984,50 µM,0.9479193285757627,2.86488778679617,6.8568120163537785,1.4264342913718413
1164,FM 4-64,30,1.4371500088766351,50 µM,0.916079783209063,4.695663317773189,11.098904352855113,2.364044616127659
1165,FM 4-64,31,1.3339021615597957,50 µM,0.8502667052404349,3.8031405897553032,8.991121285757806,1.8725016452704542
1166,FM 4-64,32,1.337162304645386,50 µM,0.852344812016089,4.238937473566477,10.501367832862657,2.159831161288685
1167,FM 4-64,33,1.3631358565391691,50 µM,0.868901083554246,3.630980322118857,9.151768684564423,1.8253505488000186
1168,FM 4-64,35,1.308636472472467,50 µM,0.8341616453379967,2.793300003480914,5.984904387766609,1.1758843916974546
1169,FM 4-64,38,1.3799143142261345,50 µM,0.8795961437675304,2.475681018931539,5.928237932743362,1.1369393729785953
1170,FM 4-64,39,1.3832532565038984,50 µM,0.8817244793616361,2.5727454714776274,6.042689110630436,1.1665947576008469
1171,FM 4-64,41,1.4016022226560567,50 µM,0.8934206257840396,2.3357943618373818,5.578364617863594,1.0747216088078346
1172,FM 4-64,42,1.2621248027108216,50 µM,0.8045138005836103,3.0533342309169202,6.053627727039965,1.1104088875044427
1173,FM 4-64,43,1.429866676693517,50 µM,0.9114371826968412,3.2014430453567764,8.581790160675004,1.7737270447176996
1174,FM 4-64,44,1.4054986247518653,50 µM,0.8959043019244404,3.4794079869918124,9.559015705840535,1.9594767940959466
1175,FM 4-64,45,1.3010100493973524,50 µM,0.8293003490542689,3.0720232079591065,6.9112278746942275,1.3566373881747036
1176,FM 4-64,46,1.3922499725215023,50 µM,0.8874592388565355,2.696312021094978,6.39976621409409,1.25902045478784
1177,FM 4-64,47,1.490479386297229,50 µM,0.9500734263252184,3.987485948044961,10.733713194736247,2.3388844174467667
1178,FM 4-64,48,1.2239580263082783,50 µM,0.7801852252527994,3.85656766721452,8.762177571298063,1.7423190995693725
1179,FM 4-64,2,1.3875797390369724,50 µM,0.884482300853113,4.0266423443694634,10.539353988261075,2.1575104745106324
1180,FM 4-64,3,1.387712013890234,50 µM,0.884566616559999,4.002746253562233,8.643419388076037,1.738498688082086
1181,FM 4-64,4,1.3682518596731945,50 µM,0.8721621676533083,2.3734332491479293,5.507822181914741,1.0668324209960542
1182,FM 4-64,5,1.3644519777143655,50 µM,0.8697400161593352,2.258802571086482,5.765075214708871,1.0874276815059791
1183,FM 4-64,6,1.3241325042628702,50 µM,0.8440392512632471,4.295375052822292,9.643489602206479,1.8862383502518472
1184,FM 4-64,7,1.3361284252848051,50 µM,0.851685788271417,4.550971432578428,10.195922866701602,2.0420923753132647
1186,FM 4-64,9,1.3637616210520995,50 µM,0.8692999634316454,4.073740095903867,9.474397692511237,1.9046244511742951
1187,FM 4-64,10,1.1973869926075822,50 µM,0.7632481020284807,3.6942921557362167,7.392062614929285,1.3003334396063364
1188,FM 4-64,11,1.2593715988980398,50 µM,0.8027588311396655,5.931545605201928,13.740277177370873,2.6414335464552763
1189,FM 4-64,12,1.5554275856527207,50 µM,0.991473232899276,2.6744404353159936,7.357639365432598,1.6051877422371155
1190,FM 4-64,13,1.5968119569067705,50 µM,1.0178527935662152,3.2654659711108165,9.47103060723924,2.1665697724381734
1191,FM 4-64,14,1.4881765622799707,50 µM,0.9486055416134843,2.472203761126443,6.2574297696167465,1.3171287346952347
1192,FM 4-64,15,1.4853418681901795,50 µM,0.9467986279780248,2.1495134090688612,5.246670487365331,1.0353860608905983
1193,FM 4-64,17,1.5453659916758395,50 µM,0.9850596902821879,2.9367923813479493,7.880838837985253,1.6969570777548977
1194,FM 4-64,18,1.4264883055886353,50 µM,0.9092837140608293,4.997360885283503,11.377888500340907,2.3951381565427488
1195,FM 4-64,19,1.5672962093112113,50 µM,0.9990386269923803,2.876883512495992,7.34723705765707,1.5815076555556973
1196,FM 4-64,20,1.2917371607062653,50 µM,0.8233895493399837,2.749160424648946,7.043160404776932,1.3169491317243454
1197,FM 4-64,21,1.5909827740822635,50 µM,1.0141371087002113,3.1699460653630367,9.883265520558973,2.243867114304393
1198,FM 4-64,25,1.2583915439735474,50 µM,0.80213411660241,4.03930477556699,9.415453671864828,1.7598338733914094
1200,FM 4-64,31,1.441480530275105,50 µM,0.9188401791867895,6.008647054564067,11.447925186178447,2.4373492199066775
1201,FM 4-64,32,1.4123591647152223,50 µM,0.9002774028001393,6.2068984286888265,10.222012267306596,2.1120783589191863
1202,FM 4-64,34,1.3973228910968007,50 µM,0.8906928596476797,4.119819271098975,10.648289772147184,2.19661891619691
1203,FM 4-64,35,1.3718328547458094,50 µM,0.8744447944977795,6.40690391418896,9.88036532582577,1.9955402928377621
1204,FM 4-64,36,1.448475639780971,50 µM,0.9232990584687555,4.930829689608164,13.82367708197184,3.0116118181666183
1205,FM 4-64,37,1.581962145077542,50 µM,1.0083871063956404,7.27911590437949,12.429605642016456,2.8898745054015746
1206,FM 4-64,38,1.3677136524315294,50 µM,0.8718190992399758,4.14930775592335,10.366501000329512,2.0936073173150667
1207,FM 4-64,39,1.3943488681091496,50 µM,0.8887971338591688,4.014164053688826,8.704122219057727,1.7584267225474273
1208,FM 4-64,40,1.3224763267275113,50 µM,0.8429835571824786,2.9256918382214216,7.582248196351933,1.4479600110673736
1209,FM 4-64,41,1.4001478741442905,50 µM,0.8924935831920067,3.4307714351843086,8.85964365395126,1.7990179328898233
1210,FM 4-64,42,1.3221120673026,50 µM,0.8427513679934979,4.6979391488417015,7.514527642807613,1.437359351321915
1211,FM 4-64,43,1.6688173701595368,50 µM,1.063751066505749,3.6070146144377015,11.162674150385298,2.659389990997344
1212,FM 4-64,44,1.345846913934895,50 µM,0.8578806259158556,5.147812029224851,7.626566193425455,1.4944500969965897
1213,FM 4-64,45,1.5748328205555933,50 µM,1.0038426746925095,3.130789669038535,9.347229446892435,2.0864770592545527
1214,FM 4-64,46,1.3349456322811002,50 µM,0.8509318427878401,2.782330699796086,6.416043257290743,1.2581458930175604
1215,FM 4-64,47,1.425484748011205,50 µM,0.9086440182724344,3.3646942931265276,8.796616721915303,1.8352328018672883
1216,FM 4-64,48,1.3627671072530227,50 µM,0.8686660324016001,3.0593573145998785,7.611158912935299,1.494748103041326
1217,FM 4-64,1,1.6265947138564214,50 µM,1.0368371594022707,3.3153298091247674,8.758680011116605,2.002173417391027
1218,FM 4-64,2,1.363654803841974,50 µM,0.8692318751415641,2.2400053169597305,5.651560493347093,1.068822733221014
1219,FM 4-64,3,1.5244194580472055,50 µM,0.97170778138821,4.040948790753788,9.549320993336229,2.2357612129730153
1220,FM 4-64,4,1.6063297162399046,50 µM,1.023919680705818,4.978561348833287,12.437255167857685,2.956866539571594
1221,FM 4-64,5,1.619156519316691,50 µM,1.0320958452740752,1.9089964484634616,5.593016209644738,1.1561638756199502
1222,FM 4-64,6,1.3360940945257391,50 µM,0.851663904881285,2.679212086683368,7.026710465407508,1.397158637287599
1223,FM 4-64,7,1.5839554297905538,50 µM,1.009657682060318,3.381755902455209,8.828676084044393,1.9683053547486378
1224,FM 4-64,8,1.6222517195257522,50 µM,1.034068812827213,3.229131289964365,8.48007593879697,1.9912261161459606
1225,FM 4-64,9,1.5244110003277378,50 µM,0.9717023902002556,4.879494222805637,13.242820794340073,2.9840446112158197
1226,FM 4-64,10,1.5523472011296098,50 µM,0.989509709280515,3.8695214386766748,10.545656103702141,2.454332397661938
1227,FM 4-64,11,1.5783781441306781,50 µM,1.006102563522492,3.8252708098368684,11.295025708639033,2.632303005909256
1228,FM 4-64,12,1.663226921243544,50 µM,1.0601875573387365,3.0183962238040536,8.180989436795048,1.865964680446328
1229,FM 4-64,13,1.6127786705649305,50 µM,1.0280304253347747,4.352791417944212,13.015609612484417,3.0670044828427905
1230,FM 4-64,14,1.534094309371101,50 µM,0.9778748033752203,3.1915768728242786,9.301578769363465,2.056883065685117
1231,FM 4-64,15,1.5682487691274156,50 µM,0.9996458153753135,3.3355254276383426,8.826617976769887,1.947978697889807
1232,FM 4-64,16,1.384104517833318,50 µM,0.8822670972437586,3.631404210540021,9.262799297921651,1.872541553494582
1233,FM 4-64,17,1.4035794295738762,50 µM,0.8946809530104585,5.861821979002417,14.443134833254176,3.052454170682534
1234,FM 4-64,18,1.576734315856518,50 µM,1.0050547412076853,3.3471119586072606,9.755725264260175,2.2126401427326012
1235,FM 4-64,19,1.4139379151976148,50 µM,0.9012837427025284,3.408596836045699,9.003613410758335,1.8492253287182192
1236,FM 4-64,20,1.502129748387785,50 µM,0.9574996943642563,4.036198467414437,11.32012760591558,2.5402100452777825
1237,FM 4-64,21,1.4016289303996543,50 µM,0.8934376500499921,3.3987398650941247,8.033559507138495,1.6089496916728818
1238,FM 4-64,22,1.4273925265558935,50 µM,0.9098600899036731,3.539607094283114,9.044922440097155,1.8777045588484085
1239,FM 4-64,23,1.4267086043963313,50 µM,0.9094241387087428,3.553302367489731,8.19859368639844,1.6801877318409753
1240,FM 4-64,24,1.4180921952666024,50 µM,0.9039317975064681,2.5793650358417857,5.910553442861755,1.151472616448601
1241,FM 4-64,25,1.420593933454851,50 µM,0.9055264756980148,4.412380549761979,11.761083404341235,2.482284602302319
1242,FM 4-64,26,1.4822925703216365,50 µM,0.9448549198660664,3.3191994823693673,9.435103586878036,2.0210871374907997
1243,FM 4-64,27,1.458613116431666,50 µM,0.9297609708335717,3.4286576752807063,8.54230974493901,1.7856961267839273
1244,FM 4-64,28,1.564172316692748,50 µM,0.9970473700915595,3.271554661066478,9.619390276699649,2.1446626240654325
1245,FM 4-64,29,1.1718235230024545,50 µM,0.7469532284597556,2.833174355614906,5.043329712481018,0.8787611610693911
1246,FM 4-64,30,1.1747102064641428,50 µM,0.7487932815811718,2.6967219093676795,4.717632473809287,0.827878835246636
1247,FM 4-64,31,1.5688250975544393,50 µM,1.0000131833029648,8.108056159216837,21.639382814031592,5.1873488387148745
1248,FM 4-64,32,1.3449740953073672,50 µM,0.8573242668064043,4.827254587870868,10.577437616788767,2.1122148386052424
1249,FM 4-64,34,1.4108958773049844,50 µM,0.8993446623031393,4.266331838309272,10.837681820875112,2.257077321155297
1250,FM 4-64,36,1.3775659416960597,50 µM,0.8780992251543324,4.23991172964696,9.830261305904221,2.0007986798676374
1251,FM 4-64,37,1.6053199724732763,50 µM,1.0232760416666666,2.864369788729609,9.172784714533835,2.073033420511184
1252,FM 4-64,38,1.5840991698124838,50 µM,1.009749305987754,3.638276038729609,11.73298342932594,2.697190637364281
1253,FM 4-64,39,1.3438681008294906,50 µM,0.8566192748603544,3.6703843242411174,7.8328463990819595,1.5399828086736522
1254,FM 4-64,40,1.3855461823091795,50 µM,0.8831860546750289,3.880830386322763,8.938684865167613,1.8026854007717636
1255,FM 4-64,41,1.4684472486185622,50 µM,0.9360295229166372,3.237250493627265,9.081477786731545,1.9309668904213024
1256,FM 4-64,42,1.5733283853664357,50 µM,1.002883705445442,3.1647005061480433,9.658412423543554,2.1657300368755057
1257,FM 4-64,43,1.4405208437690624,50 µM,0.9182284480515746,4.167478202568895,9.198769430354034,2.0261214011489836
1258,FM 4-64,44,1.4110026580211978,50 µM,0.8994127273309759,4.249680119449044,10.103307606325473,2.09420086662914
1259,FM 4-64,45,1.290409272559369,50 µM,0.8225431161366151,3.183061119467279,7.770181637003953,1.5120739216193582
1260,FM 4-64,46,1.5668244464222265,50 µM,0.998737912075776,2.8533046786888265,8.821283466286092,1.9491570331879553
1261,FM 4-64,47,1.523446587092526,50 µM,0.971087646115101,4.22852324603639,11.32260888974239,2.5135000579061013
1262,FM 4-64,48,1.437434664199331,50 µM,0.9162612305073228,4.271647511583984,10.62477823310103,2.2347576548142336
1263,FM 4-64,49,1.3863898817128708,50 µM,0.8837238523732882,4.641701855201928,12.195845329799958,2.5237369335563344
1264,FM 4-64,50,1.5043590498231567,50 µM,0.9589207137171487,2.386146645187402,6.121814425736467,1.2446657973484672
1265,FM 4-64,51,1.4124811185080188,50 µM,0.9003551395731807,2.9628466918748124,6.988310359559361,1.4464837003624802
1266,FM 4-64,53,1.407227655155054,50 µM,0.8970064344694995,2.70693623020193,6.894324979159059,1.3658719255147223
1267,FM 4-64,1,1.2450720997228075,50 µM,0.7936439287122673,4.157652602606879,9.49940290874635,1.7632369542520239
1268,FM 4-64,2,1.4103460710469973,50 µM,0.8989942003510027,5.64308334723129,13.928417051385077,2.9697928428515863
1269,FM 4-64,3,1.3732725031379611,50 µM,0.8753624668206642,4.254652923845973,10.25842170868421,2.0954080644760964
1270,FM 4-64,4,1.4903891853356446,50 µM,0.9500159296986846,7.750122293370069,12.049919273501816,2.715439068999642
1271,FM 4-64,5,1.4540532675725568,50 µM,0.9268543950909435,5.342597880593074,13.805224418663526,3.043353386800462
1272,FM 4-64,6,1.4927016544586766,50 µM,0.9514899624717567,2.5327776470192673,6.8446346975053425,1.405738479379266
1273,FM 4-64,7,1.3329737846076357,50 µM,0.8496749316943067,2.2358029327383626,5.711265607756593,1.057562372382092
1274,FM 4-64,8,1.6063256296462323,50 µM,1.0239170757962244,7.435298677587375,13.453202399554417,3.1726657535527485
1275,FM 4-64,9,1.5177698748206505,50 µM,0.9674691502620308,2.6566579781806388,7.552975559027161,1.597679091437626
1276,FM 4-64,10,1.5112417145285286,50 µM,0.9633079175248612,4.016097959519267,11.824884423285567,2.6355135898125948
1277,FM 4-64,11,1.4252983546800668,50 µM,0.9085252059276367,3.3656272121122535,5.669906061974561,1.1662201566480868
1278,FM 4-64,12,1.5463663510271608,50 µM,0.9856973474314272,5.308242071527768,13.580620800215254,3.107142737920762
1279,FM 4-64,13,1.5101212781541835,50 µM,0.9625937199083495,5.443064924208376,9.684712044884225,2.1222458791708285
1280,FM 4-64,14,1.5918130281285425,50 µM,1.0146663359499946,4.014164053688826,12.801727390651367,2.9778085759944526
1281,FM 4-64,15,1.521909881346742,50 µM,0.9701081067088047,4.38996450614297,10.526564836009031,2.3456995760480144
1282,FM 4-64,16,1.4222519912610103,50 µM,0.9065833683162056,4.372272225208176,11.061916389790701,2.3360754290720904
1283,FM 4-64,17,1.673210953378699,50 µM,1.0665516598593037,5.436782560731364,10.908284358259122,2.596909752388333
1284,FM 4-64,18,1.1720907656644604,50 µM,0.747123576438994,8.669377232207564,9.244627121417286,1.7775994260684334
1285,FM 4-64,19,1.3753738908977275,50 µM,0.8767019504038078,8.918810742411539,13.328124012844532,2.770827990838715
1286,FM 4-64,20,1.475491851613486,50 µM,0.9405199507387322,4.7965899502301905,11.248286267925941,2.4486949384697057
1287,FM 4-64,21,1.4040461074548691,50 µM,0.894978426600138,5.3790368308108185,12.575254825223805,2.7110394390044186
1288,FM 4-64,22,1.5762279502556438,50 µM,1.0047319695505805,2.1151785471523117,5.724598731346381,1.175107799352826
1289,FM 4-64,23,1.6119030257653895,50 µM,1.027472264743899,5.130762988525693,15.651693319308386,3.7441006046061753
1290,FM 4-64,24,1.556045979671409,50 µM,0.9918674146166185,3.3585702552273675,9.453952338265404,2.098655204143069
1291,FM 4-64,25,1.5044751344036729,50 µM,0.9589947092894245,2.1663943154904484,5.58009818369457,1.1162657576084933
1292,FM 4-64,26,1.3784335681602498,50 µM,0.8786522746330315,3.652211889107146,8.919171722299044,1.8269446751834888
1293,FM 4-64,27,1.4285406784825345,50 µM,0.9105919541917097,2.375181260544962,5.777410094280867,1.127086832611367
1294,FM 4-64,28,1.4633444414335843,50 µM,0.9327768502861535,2.814303494659642,6.841502029607533,1.4073858229234184
1295,FM 4-64,2,1.3710774966408712,50 µM,0.8739633080247301,5.262432209429038,12.108063649372445,2.518538976734862
1296,FM 4-64,3,1.5674349923451738,50 µM,0.999127091196451,4.324396376725502,11.670471978830301,2.6697732551836113
1297,FM 4-64,4,1.350719527050748,50 µM,0.8609865663808466,2.661404124775308,6.600045899862224,1.259337770036175
1298,FM 4-64,5,1.558248780228295,50 µM,0.993271541565191,4.2278723635256945,12.220819601954062,2.7896063548911347
1299,FM 4-64,6,1.3480175130872987,50 µM,0.8592642267847183,2.87881927991015,7.2089489210136675,1.3876302642901068
1300,FM 4-64,7,1.6587046507737375,50 µM,1.0573049351169745,4.174445286066477,13.021337412772,3.1483141703373105
1301,FM 4-64,8,1.414833812116375,50 µM,0.9018548125630484,4.008200260362646,9.999396240193411,2.166838599154335
1302,FM 4-64,9,1.4527611317025817,50 µM,0.9260307513931163,3.6975611124645646,9.623649754321576,2.1291413714871568
1303,FM 4-64,10,1.5506554639336099,50 µM,0.9884313484732324,4.106638668708008,11.834015023942564,2.741285840656171
1304,FM 4-64,11,1.5178743408252633,50 µM,0.9675357398276763,4.087786529776441,10.101910796657148,2.293602209322888
1305,FM 4-64,13,1.6439066393319386,50 µM,1.0478722669683485,5.4770670485918505,14.081174910784842,3.4244150003024574
1306,FM 4-64,14,1.39676574161359,50 µM,0.8903377169175247,3.1459546672062357,7.3978212217722366,1.4702145225055927
1307,FM 4-64,15,1.6016818927559409,50 µM,1.020957027466222,3.1297695312276246,7.7474915285762105,1.7844111933415059
1308,FM 4-64,16,1.5746340164147163,50 µM,1.003715951348982,3.2513941120649634,8.072239179595257,1.778697216551123
1309,FM 4-64,17,1.4414232104407214,50 µM,0.9188036419143187,2.8201093485664774,7.43372943775085,1.5140447339505805
1310,FM 4-64,18,1.4345220516724433,50 µM,0.9144046494714371,2.679212086683368,7.021440149939211,1.4617653699051567
1311,FM 4-64,19,1.4393475818238828,50 µM,0.9174805779324158,3.093726527255303,7.891181890534501,1.7553368353352834
1312,FM 4-64,20,1.4721913040319652,50 µM,0.9384160890024655,3.033817658403346,7.951386267140843,1.6607039218198532
1313,FM 4-64,21,1.484379455753876,50 µM,0.9461851592582942,4.548341269412594,12.225069419678462,2.745227109762451
1314,FM 4-64,22,1.500172320707718,50 µM,0.9562519749795522,4.555114880706106,11.510252967743018,2.542958751195329
1315,FM 4-64,23,1.5269769202761436,50 µM,0.9733379796485032,4.064844881561019,11.269096466190481,2.564574205803112
1316,FM 4-64,24,1.3187574371206792,50 µM,0.8406130324886311,2.271302174337382,5.183365278740149,0.9398901668233671
1317,FM 4-64,25,1.4968919360110213,50 µM,0.95416096563242,3.598634350300265,9.201982324598644,1.9703751374003873
1318,FM 4-64,26,1.2774616188993073,50 µM,0.8142899180120529,3.0118502662684072,6.326336305641547,1.159973077650942
1319,FM 4-64,27,1.4618460334073768,50 µM,0.9318217229220451,3.5138146091074405,8.236626923112473,1.7375218644864618
1320,FM 4-64,28,1.5622368771072626,50 µM,0.9958136665359567,4.258321444061019,12.283196194419608,2.869349444455501
1322,FM 4-64,5,1.181339326293296,50 µM,0.7530188687630585,3.5679883758221798,6.567395508842558,1.1730651112545871
1323,FM 4-64,6,1.3622931435857266,50 µM,0.8683639146470834,2.999503128485433,6.826988525263275,1.3256919471534891
1324,FM 4-64,7,1.3202873126165982,50 µM,0.8415882181018114,3.7197340292023346,7.82340664857822,1.516541185467391
1325,FM 4-64,8,1.4901559512508493,50 µM,0.9498672597418141,3.00606801011208,7.322488058281815,1.5386147177572846
1326,FM 4-64,9,1.4329420015217968,50 µM,0.9133974811239971,3.3545429511052762,7.932112250987488,1.6229243565087774
1327,FM 4-64,10,1.3143797195972111,50 µM,0.8378225523751571,2.887286381969824,6.164189376182549,1.259861280753531
1328,FM 4-64,11,1.340186446220272,50 µM,0.8542724847998652,3.016270756969824,6.708208671757327,1.3540339738783969
1329,FM 4-64,12,1.4384907871132235,50 µM,0.9169344329176661,3.405893949312633,8.79175290780595,1.8266381641582439
1330,FM 4-64,13,1.6446964674517752,50 µM,1.0483757255971091,3.3895093591114396,9.769612681125766,2.264131764294676
1331,FM 4-64,14,1.5729422806035456,50 µM,1.0026375914244283,3.757608484328682,10.785375022599066,2.454701444551396
1332,FM 4-64,15,1.387068806101492,50 µM,0.88415661784864,3.942591334654293,9.875329073402755,2.07165249148234
1333,FM 4-64,16,1.2380224115752934,50 µM,0.7891502594710763,2.7492981976203636,5.897335724893595,1.1477980383974338
1334,FM 4-64,18,1.348082946269218,50 µM,0.8593059357328011,2.521191811787899,5.833685802793534,1.10442073284445
1335,FM 4-64,19,1.3657578699781079,50 µM,0.8705724285689476,3.64624373851741,8.754067734247535,1.7536414495104415
1336,FM 4-64,20,1.427003289381624,50 µM,0.9096119791956611,2.866537187343389,7.0638999860960885,1.4106004656841775
1337,FM 4-64,21,1.5746357818633996,50 µM,1.0037170766955616,5.444275481616811,15.180872592527761,3.5562055484262376
1338,FM 4-64,22,1.4079464329874352,50 µM,0.897464603649332,2.586983003278453,6.662638276862417,1.3122858725705036
1339,FM 4-64,23,1.3084835291222292,50 µM,0.8340641549505885,4.031225663017507,9.560954101614831,1.9420610661729527
1340,FM 4-64,24,1.3655017567008594,50 µM,0.8704091747721625,3.9804834314616353,8.81817326680456,1.752173452044828
1341,FM 4-64,25,1.3494753041368992,50 µM,0.860193463747063,2.938191441472321,7.118895593543591,1.389186529024536
1342,FM 4-64,27,1.320326144084721,50 µM,0.8416129703703149,4.293850459420754,8.96624189561117,1.7665627960339532
1343,FM 4-64,28,1.6722202647915416,50 µM,1.0659201671267808,5.525051299667751,14.525846249892489,3.667879756619945
1344,FM 4-64,29,1.4264205235394911,50 µM,0.9092405078788012,2.4391777778295842,6.170913478739674,1.2238981204442454
1345,FM 4-64,30,1.4398548853168338,50 µM,0.9178039474282745,2.5079983462839657,6.6611280546114475,1.3382178446906987
1346,FM 4-64,31,1.589543315337635,50 µM,1.0132195572639848,3.245576090659026,9.130232732823096,2.058818283691493
1347,FM 4-64,32,1.4101745343509695,50 µM,0.8988848580427267,2.389758146586385,6.122656272734714,1.197322630234102
1348,FM 4-64,33,1.5930650269032391,50 µM,1.0154643951358957,4.033196863517409,11.244492819149304,2.6221806549603843
1349,FM 4-64,34,1.538208443578012,50 µM,0.9804972680790307,2.8727827588287655,7.924795172631032,1.703491337518678
1350,FM 4-64,35,1.5336020474669936,50 µM,0.9775610218105878,4.106159165441288,10.230452730101563,2.3540678442204257
1351,FM 4-64,36,1.4578191117555332,50 µM,0.9292548499505142,3.711934863525695,10.34327227786336,2.204243172319737
1352,FM 4-64,37,1.2011414358259684,50 µM,0.7656412895929844,2.6470273613499726,5.419993849909262,0.9257034472029299
1353,FM 4-64,38,1.3007910739034405,50 µM,0.8291607679237313,4.086087233686841,8.933633368329646,1.7178381688616753
1354,FM 4-64,39,1.4796182632407453,50 µM,0.9431502414151284,3.674231954874714,9.219752562950012,2.0459853227966995
1355,FM 4-64,40,1.5468056912041896,50 µM,0.9859773952007218,4.132854052219809,10.507014168254766,2.3618032156227438
1356,FM 4-64,41,1.234832017434025,50 µM,0.787116612631684,4.090670552334883,8.274030153231239,1.5600446047780683
1357,FM 4-64,42,1.575428027027064,50 µM,1.0042220760159495,3.4978406234086443,9.00470345448718,1.9991450154855903
1358,FM 4-64,43,1.243877984041459,50 µM,0.792882765835922,3.8454318057929906,8.826979598452555,1.6301931935586773
1359,FM 4-64,44,1.5388568207076851,50 µM,0.980910561873499,3.1001469149643652,7.770256324943115,1.730832893813458
1360,FM 4-64,45,1.411417488748807,50 µM,0.8996771520887739,3.1289217543852965,7.426502083828014,1.5301655651568484
1361,FM 4-64,46,1.5811263324922693,50 µM,1.007854335976971,2.6970853440310827,7.44545152011982,1.610900092928639
1362,FM 4-64,47,1.3326957735266303,50 µM,0.8494977196223281,6.049994446492903,9.121252641192187,1.7885511798252092
1363,FM 4-64,48,1.5146899440225088,50 µM,0.9655059158603096,3.1250233846329554,7.606826008438163,1.6407301096484863
1364,FM 4-64,49,1.3141026615832498,50 µM,0.8376459478148828,3.5010742275387976,7.8212792496118,1.5046359512237366
815,FM 4-64,2,1.7784400871091508,500 µM,1.1336276654395567,3.3533880544660404,9.895795551840905,2.4548312014267855
816,FM 4-64,3,1.8608203116950341,500 µM,1.1861391345368846,4.171086815338958,12.508009188795754,3.4439515323002876
817,FM 4-64,4,1.9912155676392276,500 µM,1.2692567332976559,3.543180993972764,13.861454893483643,3.866832906429151
818,FM 4-64,5,1.9580183797554294,500 µM,1.2480959132775442,3.363514605270011,12.430866259088559,3.47419177326742
819,FM 4-64,6,1.997654988874861,500 µM,1.2733614012676626,2.6865416549184347,10.405981111956965,2.7797748955797674
820,FM 4-64,7,1.7636894953077915,500 µM,1.1242252239016988,3.2320088945163565,10.260643994154178,2.558442884941144
821,FM 4-64,8,1.6415328480376985,500 µM,1.0463591457208936,3.889762997336869,12.249099930678689,2.908707461977414
822,FM 4-64,9,1.9062979945401732,500 µM,1.2151278869874311,5.931545605201928,20.87987185308093,6.032725211202096
823,FM 4-64,10,1.8321529338577889,500 µM,1.1678657426765293,2.9381914414723216,9.267637716722298,2.4099729043819407
824,FM 4-64,11,1.8210351630836505,500 µM,1.1607789633023275,3.7314075012803616,12.151393235578542,3.147247683631936
825,FM 4-64,12,1.4325945246679637,500 µM,0.9131759896172208,2.993741703442302,6.9617054741713424,1.443915406259719
826,FM 4-64,13,1.4179938603832114,500 µM,0.9038691160897042,2.988709441397888,7.323268648836335,1.498593112324582
827,FM 4-64,14,1.501218075225559,500 µM,0.9569185682830186,2.9935524247619796,8.026769084908294,1.7086892039164376
828,FM 4-64,15,1.5320435197123636,500 µM,0.9765675724429029,3.2690880080503355,8.773140276366766,1.9182844271524275
829,FM 4-64,16,1.5079630041218706,500 µM,0.9612179754172281,3.770159502764525,8.842850948056965,1.906938718689462
830,FM 4-64,17,1.4257074431357333,500 µM,0.908785970400006,3.717260567047341,8.172842041360676,1.8415885614327097
831,FM 4-64,18,1.4733833742995925,500 µM,0.9391759480746521,1.7534760667785072,4.25811692283028,0.8407138232590652
832,FM 4-64,19,1.4677072815725734,500 µM,0.9355578471368755,3.506345507446747,7.8367812512776585,1.8813885968406983
833,FM 4-64,20,1.740640236086796,500 µM,1.1095329786525032,5.3258767133908735,14.031491702767529,3.842343381202295
834,FM 4-64,21,1.9581874549004565,500 µM,1.2482036865240709,2.6176644098027624,8.473773386733917,2.2960486730612732
835,FM 4-64,1,1.4872756281178263,500 µM,0.9480312608725421,2.8910229541890073,6.805089718364814,1.4240387618725754
836,FM 4-64,2,1.2884122364469162,500 µM,0.8212701492245622,1.313973867089211,2.9087621186062838,0.4767949246531979
837,FM 4-64,3,1.516464287188378,500 µM,0.966636932033074,2.1380847622819905,5.446221854914241,1.1082285610203817
838,FM 4-64,4,1.520653403373423,500 µM,0.9693071923558869,2.177897374445032,5.795931694371223,1.1998443112115043
839,FM 4-64,5,1.5618762156457398,500 µM,0.9955837707899017,2.656820806127265,7.71250560514407,1.693326473923679
840,FM 4-64,6,1.5806082115193785,500 µM,1.0075240711155506,2.606401038729609,8.260509887476676,1.820224466790308
841,FM 4-64,7,1.3835179934029838,500 µM,0.8818932300972055,4.2998205984989175,10.40165769583975,2.139843604414119
842,FM 4-64,8,1.6838197787398879,500 µM,1.0733140231317204,5.3709645596472875,16.487886408352335,4.113923091480191
843,FM 4-64,9,1.6115181001540793,500 µM,1.0272269023472231,2.803629072420665,7.554168729598094,1.8475837252221257
844,FM 4-64,10,1.5106781170265196,500 µM,0.9629486646464083,2.7198674078977065,7.354804130502392,1.6426595364608507
845,FM 4-64,11,1.5094445864578356,500 µM,0.9621623776137658,3.2527360943694648,9.500573469860823,2.0620348644827997
846,FM 4-64,12,2.106441043569369,500 µM,1.342704688179383,11.140172227680951,41.31111860625866,14.068814572023028
847,FM 4-64,13,2.1226079408608545,500 µM,1.3530099226187051,5.28588004856566,19.402404652697758,6.111927109964456
848,FM 4-64,14,1.813641182342442,500 µM,1.1560658322912143,3.460447904918435,12.221549314034991,3.1435388901003614
850,FM 4-64,16,1.9409426411910584,500 µM,1.237211357882794,2.085347472895865,7.225100956264519,1.7905961527958463
851,FM 4-64,17,1.4523349908485244,500 µM,0.9257591172430344,3.3532712858417852,8.254220173767681,1.7228208518577814
852,FM 4-64,18,1.363133198053363,500 µM,0.8688993889607199,3.8677956052019296,9.639985890617162,1.959692067921313
853,FM 4-64,19,1.9971500972157838,500 µM,1.2730395691424603,2.1741760636319065,8.367254007190153,2.130079244810096
855,FM 4-64,21,1.3464460957372355,500 µM,0.8582625612268534,3.150537985854279,6.741503346628217,1.2985853328128645
856,FM 4-64,22,1.529744939197653,500 µM,0.9751023926588868,3.134889557165453,8.65627643721233,1.9044505628448665
857,FM 4-64,23,1.18082982222984,500 µM,0.7526940965617489,3.3223680909577027,6.064657003416109,1.0564763107106556
859,FM 4-64,25,1.3998933499695794,500 µM,0.8923313423338145,2.734052344782441,6.399298253097092,1.2782649329604763
861,FM 4-64,27,1.350568844211086,500 µM,0.8608905169063741,2.8684921402072776,6.286545044889158,1.2450136088860817
862,FM 4-64,28,1.5605760374270408,500 µM,0.9947550006730995,3.943708072862646,10.559145138492754,2.561429883223162
864,FM 4-64,30,1.5512885783327341,500 µM,0.9888349133745399,2.808008128964037,7.343206647093618,1.5976034736254892
865,FM 4-64,31,1.4141617448192803,500 µM,0.9014264179904417,6.2286145550009,14.118826852820964,2.9985373768836086
866,FM 4-64,32,1.465743974902114,500 µM,0.9343063803185625,2.3772783264858957,5.556660967909998,1.1040899919897424
867,FM 4-64,1,1.6984724720668523,500 µM,1.0826540614321667,4.637221415183456,14.260523094108047,3.535368726362124
868,FM 4-64,2,1.659566198634087,500 µM,1.0578541099228462,4.7484286152594795,12.958694267439824,3.155457337965197
869,FM 4-64,3,1.7141470666157277,500 µM,1.0926454882752474,2.3705979418969187,7.173081849993205,1.6254013702789607
870,FM 4-64,4,1.510126187895541,500 µM,0.9625968495153985,2.2422290163218705,5.6897606375271295,1.267402820188485
872,FM 4-64,6,1.619215573582161,500 µM,1.0321334881216382,3.231266114862862,9.357327989975108,2.1415720011715162
873,FM 4-64,7,1.7669040779961964,500 µM,1.1262742892004587,6.917089053024148,20.44737124725042,5.388287192625742
874,FM 4-64,8,1.5777062849479944,500 µM,1.0056743016078566,3.7137719325867127,9.41002008153858,2.1974394252329064
875,FM 4-64,9,1.613940171175616,500 µM,1.0287707984489673,4.876809376902292,14.23481364435834,3.3901943354828625
876,FM 4-64,10,1.4718125265661823,500 µM,0.9381746456064417,3.8436040844290402,9.620224500577187,2.0421645431009083
877,FM 4-64,11,1.663317978400381,500 µM,1.0602455997281737,3.459438811599191,9.661434949790598,2.3697409913351932
878,FM 4-64,12,1.7441189861634574,500 µM,1.1117504316646334,2.991355633422703,9.181654437115514,2.215837992170433
880,FM 4-64,14,1.7334937479954848,500 µM,1.1049776064081598,3.5001152151101977,10.072708330978053,2.4388829616012178
881,FM 4-64,15,1.5348784873076398,500 µM,0.9783746604184409,3.714237423591004,9.21791665126645,2.018772714887531
882,FM 4-64,16,1.576734479927404,500 µM,1.0050548457910766,4.009519331357105,10.747754436396363,2.5179449987834834
884,FM 4-64,18,1.3638383981676416,500 µM,0.8693489033216546,2.991455690984912,7.054383914984295,1.3831458756906603
885,FM 4-64,19,1.384196551119556,500 µM,0.882325761845494,2.5197786311480432,6.851456453696621,1.3334267814588878
886,FM 4-64,20,1.4490441078576046,500 µM,0.9236614159882819,3.074308490375757,7.674562381967789,1.577656914499815
887,FM 4-64,21,1.6739400801595847,500 µM,1.0670164257496006,5.400486572479564,16.363706451002884,4.082412066824344
888,FM 4-64,22,1.4270595007742304,500 µM,0.9096478099162084,4.074441278853924,6.672082129250299,1.3309669735904228
889,FM 4-64,23,1.459867377339604,500 µM,0.9305604719667412,2.280769963221421,6.415851723646919,1.2850386853361422
890,FM 4-64,24,1.466323322758195,500 µM,0.9346756729151066,3.7035578772892768,10.246953040160694,2.192290175756305
891,FM 4-64,25,1.6974744365675731,500 µM,1.0820178855714928,2.2196461747619796,6.131099172434578,1.3783521710544928
892,FM 4-64,26,1.6621821772989898,500 µM,1.0595216082030687,3.013800154198049,7.802691062026252,1.7965454755646793
893,FM 4-64,27,1.7509626569609722,500 µM,1.116112779660193,3.0118502662684077,8.440535523434463,2.0582875598724546
894,FM 4-64,28,1.487970209933897,500 µM,0.9484740068319456,2.8827060756859866,7.280788646685013,1.5947982865453942
895,FM 4-64,1,1.5844739732642683,500 µM,1.0099882162356308,6.730139526325955,18.008551876703187,4.320063918106033
896,FM 4-64,2,1.7160344650879444,500 µM,1.0938485690758446,2.724814949798172,8.834779093509699,2.1002923360585077
897,FM 4-64,3,1.7111353907011115,500 µM,1.0907257614534704,2.073309738733165,6.422424947679216,1.4612327915569296
898,FM 4-64,4,1.7395663739046334,500 µM,1.108848468734293,5.981037964200332,18.15672005147681,4.766667754664435
899,FM 4-64,5,1.7373681161618277,500 µM,1.1074472375030167,5.567590784079897,10.237686807730773,2.5014176792697413
900,FM 4-64,6,1.5911645229109175,500 µM,1.0142529605086679,2.312490709020237,6.0996193707989335,1.3524957221302445
901,FM 4-64,7,1.6006299092990184,500 µM,1.020286463662023,2.644830570010696,6.945023355257741,1.6033578297997824
902,FM 4-64,8,1.8585912244299518,500 µM,1.1847182517021506,2.9880676918557083,9.623699565556631,2.4191578319797427
903,FM 4-64,9,1.722761270217693,500 µM,1.0981364236121756,5.429930201521587,15.465565042289208,3.9447730784492294
904,FM 4-64,10,1.7534291302890481,500 µM,1.1176849790393246,3.26296935695326,9.450520905185789,2.306146448155264
905,FM 4-64,11,1.8395258378525263,500 µM,1.1725654387774254,2.7586176921846284,8.91373535614615,2.2119586315356434
907,FM 4-64,13,1.7029353491368533,500 µM,1.0854988246326143,3.036234129214604,8.703860164705718,2.0841827583656416
908,FM 4-64,15,1.6492158341962004,500 µM,1.0512564969027514,3.211361702078798,9.988660801214914,2.325587741480505
909,FM 4-64,17,1.7249568004803415,500 µM,1.0995359162709886,3.1631845408219537,9.650019607458624,2.331080102034191
910,FM 4-64,18,1.6554030446188321,500 µM,1.0552003986162988,2.740486730444213,8.036534720326372,1.8277521144688509
912,FM 4-64,20,1.6216327032321616,500 µM,1.033674234454369,3.0383043278058275,9.654849198587813,2.228479739537919
913,FM 4-64,21,1.7188359136830818,500 µM,1.0956342910991919,2.481345677005382,7.196900010420247,1.6422868815462743
914,FM 4-64,22,1.7199241890523642,500 µM,1.0963279883877186,3.5303348392003344,9.538396625575196,2.344757978018441
915,FM 4-64,23,1.6009961676638773,500 µM,1.0205199270314738,4.54401433757958,12.920878806526625,3.05632112939498
916,FM 4-64,1,1.6519156763475862,500 µM,1.0529774521248672,4.503844609342099,11.508113303078384,2.8212291276042865
917,FM 4-64,2,1.6206722620879426,500 µM,1.0330620222915838,4.253053071392597,10.48810721922918,2.51427075422457
918,FM 4-64,3,1.8138890874538367,500 µM,1.156223853972528,2.429517267111505,7.275221543681533,1.7157143598554894
919,FM 4-64,4,1.646254203329819,500 µM,1.0493686702004152,3.1817864404111917,9.151993448050671,2.142557211112747
920,FM 4-64,5,1.776599174786077,500 µM,1.1324542162161548,3.0286661594838584,10.025084605928669,2.468003452076599
921,FM 4-64,6,1.667885842425747,500 µM,1.063157284562909,2.138785876612648,6.1841272221833865,1.3387091194224958
922,FM 4-64,7,1.4465469979206989,500 µM,0.9220696879741422,5.53632296223938,7.7107724307278165,1.638461601583019
923,FM 4-64,9,1.4216184359561055,500 µM,0.9061795223691691,3.3153298091247674,7.704510637373913,1.5754880832776827
924,FM 4-64,10,1.4758261442358498,500 µM,0.940733038246043,2.5692732724699137,6.85880020145141,1.3960844824598289
925,FM 4-64,11,1.5214793536634383,500 µM,0.9698336762705412,5.501519629839278,14.587029443592147,3.3106509711280645
926,FM 4-64,12,1.513884768069677,500 µM,0.9649926740916985,4.4723447835545125,11.230526526892602,2.480764596453838
927,FM 4-64,13,1.4969090504863258,500 µM,0.954171874879701,3.093868042631669,8.34500998980474,1.7709201780768487
928,FM 4-64,14,1.717329889693579,500 µM,1.094674309106157,3.9316035438271677,11.15929071554925,2.7274729718625093
929,FM 4-64,15,1.5739019782115033,500 µM,1.0032493296363159,3.4135380519377017,9.893190935114202,2.268378809242389
930,FM 4-64,16,1.5562537465995656,500 µM,0.9919998510925105,4.573738198734956,13.138781122691382,3.1249277503099426
931,FM 4-64,17,1.5331537737465535,500 µM,0.977275279549792,4.8535894496697605,12.51352738632556,2.827587687371595
932,FM 4-64,18,1.7899198971914985,500 µM,1.1409452188379932,4.571456697067941,14.549541202429628,3.7699178136635747
933,FM 4-64,19,1.7233429638278606,500 µM,1.0985072114582632,4.343324975468769,12.799990850364802,3.3092954702921813
934,FM 4-64,1,1.347488245959863,500 µM,0.858926857051311,1.8605427645355161,4.3874478460291755,0.8532794416897805
935,FM 4-64,2,1.5476445505470928,500 µM,0.9865121077082842,3.0608138060680425,8.234534781994432,1.9092238478359076
936,FM 4-64,3,1.7396086544360405,500 µM,1.1088754195326134,4.421567118912898,12.791617267092452,3.1952169798946217
937,FM 4-64,4,1.8706279467948732,500 µM,1.1923907966323934,2.835051515789341,10.221029667909804,2.6065072261140823
938,FM 4-64,5,1.8326963453266523,500 µM,1.1682121284104574,3.851984348566478,13.464477051882632,3.515729849744984
939,FM 4-64,6,1.5608930468347884,500 µM,0.9949570713739526,3.336697731077174,8.421936478364168,2.0023057615770385
940,FM 4-64,7,1.7202971316739428,500 µM,1.096565712490154,2.7295545048475653,7.683991652537599,1.7766388501316193
941,FM 4-64,8,1.823688027729386,500 µM,1.162469973742809,3.230252522518929,11.352616342659216,2.9211448824546062
943,FM 4-64,10,1.8256876908581468,500 µM,1.1637446151888458,2.6060001663884536,8.295359753985993,2.014093265254334
944,FM 4-64,11,1.858575604168924,500 µM,1.18470829490902,3.006255537685793,9.992377852122091,2.610838933464284
945,FM 4-64,12,1.9838646321644018,500 µM,1.2645710405484167,3.6087548467292985,12.081886345268641,3.2972985634992207
946,FM 4-64,13,1.8522988180713587,500 µM,1.1807072951442132,4.1257643552019285,14.00949244346423,3.7956468696098096
947,FM 4-64,14,1.6978352934484162,500 µM,1.0822479058833117,2.1301917249927635,6.295649308108661,1.3826411217241505
948,FM 4-64,15,1.5997076921539752,500 µM,1.0196986165499715,2.9785194469264957,8.461706572420912,2.0370738488463775
949,FM 4-64,16,1.6955229015894908,500 µM,1.0807739223605515,2.9822890536888265,10.139562580677326,2.4171344964090435
950,FM 4-64,17,1.6074296501086263,500 µM,1.0246208094493583,2.143890616188826,6.689799824215321,1.4393256431841883
951,FM 4-64,18,1.4591947115316195,500 µM,0.930131695886482,3.347274786553887,9.533797216089026,2.0287931819383522
952,FM 4-64,19,1.6752049588270306,500 µM,1.0678226949409186,3.6741562147553033,11.633179652118462,2.805366684500487
953,FM 4-64,20,1.6993175643250173,500 µM,1.083192746974991,2.0839817473368694,6.417273482241404,1.4609848483803614
954,FM 4-64,21,1.668394519516947,500 µM,1.063481529628874,3.2739711318777354,10.0827849437393,2.4119917016903782
955,FM 4-64,23,1.6217367769701299,500 µM,1.033740573978237,3.302851518444128,9.002703024840267,2.0932581368088545
956,FM 4-64,24,1.759294257939969,500 µM,1.1214235761473252,4.720883458962155,16.30399788252786,4.213601816721768
957,FM 4-64,25,1.7851088005683289,500 µM,1.1378784907133515,1.8077151558304414,6.399049194533399,1.446468810812074
959,FM 4-64,1,1.9982609429123512,500 µM,1.2737476533915677,4.318066679820732,16.202901763235204,4.6924384401899095
961,FM 4-64,3,1.8893361632659238,500 µM,1.2043159392989022,2.646964599885616,8.626231042978397,2.4091653785504614
962,FM 4-64,4,1.627865942737552,500 µM,1.03764747639816,3.8034662456485555,11.237677820789202,2.7044966637950822
964,FM 4-64,6,1.7179934767645622,500 µM,1.0950972981444425,3.0704771073781734,9.046694341350777,2.252658110796701
965,FM 4-64,7,2.001356533287542,500 µM,1.275720869647556,3.165577757634844,11.80480451859256,3.2434005924015197
966,FM 4-64,8,1.8709206474866322,500 µM,1.1925773722748771,3.1961601914723214,10.992264780360657,2.945927886270198
967,FM 4-64,9,1.6706165902324257,500 µM,1.0648979399178056,3.8396821409959223,10.982277525303132,2.7392159512263934
968,FM 4-64,10,1.7666945026742809,500 µM,1.1261407000035895,3.4432908269494615,10.589054339684845,2.612629981526748
970,FM 4-64,12,1.7360889170579437,500 µM,1.1066318400632718,3.942796553169537,11.533728435006212,3.016917858025578
971,FM 4-64,13,1.3783131034592986,500 µM,0.8785754870489588,3.187644436686931,7.943673564337122,1.578499611012218
973,FM 4-64,1,1.602217271858821,500 µM,1.0212982931444545,3.5080440734956078,9.080220676822707,2.050016976084495
974,FM 4-64,2,1.622466351474573,500 µM,1.0342056252601053,3.3043090781410283,8.221907919919412,2.0107260109656364
976,FM 4-64,4,1.862001134930952,500 µM,1.186891824435146,5.704428511588155,19.618892905572025,5.4415222399707375
977,FM 4-64,5,1.9606406972743582,500 µM,1.2497674521213726,3.727603615897375,13.780464257790122,3.803006679362832
978,FM 4-64,6,1.8836002673731274,500 µM,1.200659718143471,3.510375065593698,11.50342248867798,3.0389813635440754
979,FM 4-64,7,1.7092092919390418,500 µM,1.0894980120010835,5.790520948457936,17.49028144390248,4.553177772927732
980,FM 4-64,8,1.7276112141278106,500 µM,1.1012279140886843,3.615396149794127,11.692870517332842,2.8925645788226206
981,FM 4-64,9,1.6185015234366884,500 µM,1.0316783325022354,6.274238290038797,18.917314088795848,4.631350905787205
982,FM 4-64,10,1.9043168044884935,500 µM,1.213865020799609,5.58454256672985,17.838637023666035,4.96156199307122
983,FM 4-64,11,1.7106207251862093,500 µM,1.090397699198031,2.5016635494430757,7.814170592219324,1.7955458577174055
984,FM 4-64,12,1.8610112510297045,500 µM,1.1862608446320246,5.934092678133856,20.179584939799614,5.691667626445374
985,FM 4-64,13,1.734334571551684,500 µM,1.105513570960449,3.4534808214208534,9.553191668588447,2.3153420587817495
986,FM 4-64,14,1.6505255502610465,500 µM,1.0520913467105926,3.8015273732686743,9.721989263512787,2.272178685504136
987,FM 4-64,15,1.8002376911948696,500 µM,1.1475220705482696,2.812660219068797,8.407736456032392,2.0421623025484865
988,FM 4-64,16,1.5537462482559077,500 µM,0.9904015012161113,2.5575523742567725,7.250764952391574,1.5750426278417926
989,FM 4-64,2,1.3413993592755917,500 µM,0.855045629650372,2.4690394119563783,5.6734725902624445,1.099292737252477
990,FM 4-64,3,1.400879267381657,500 µM,0.892959793785326,2.739968732377652,7.287116535026753,1.4483144059831525
991,FM 4-64,4,1.3325442459665335,500 µM,0.8494011316993233,5.012416870553745,7.8832687281569696,1.5848312409924261
992,FM 4-64,5,1.6070446286581295,500 µM,1.024375385962093,7.167386885446445,19.137156434821044,4.6654387986999994
993,FM 4-64,6,1.6089748853855306,500 µM,1.0256057858183736,4.045718606997848,12.38228720357168,2.9016722565752153
994,FM 4-64,7,1.5875292684925357,500 µM,1.0119357472331352,1.8305963159849121,4.830367209115411,1.0146365956442809
995,FM 4-64,8,1.663623202181516,500 µM,1.060440157939582,4.030030675264856,10.89107923768133,2.578396695201382
996,FM 4-64,9,1.6063221943422719,500 µM,1.023914886036987,2.679730084749929,7.0940685057477975,1.6178585078929164
997,FM 4-64,10,1.5973129808749706,500 µM,1.0181721603166145,2.634789947870359,7.0210427679915,1.5402680980993564
998,FM 4-64,11,1.6113978024168856,500 µM,1.0271502211905392,3.8572057987672537,9.476140885547892,2.257822682488413
999,FM 4-64,12,1.7099201847586505,500 µM,1.0899511550522958,3.2799703582896584,10.746250816980705,2.6158506711898597
1000,FM 4-64,13,1.7124385796537815,500 µM,1.091556450696673,3.8784197008806722,12.581441791271953,3.1070546802924857
1001,FM 4-64,14,1.4462634648141535,500 µM,0.9218889560079785,3.1606351855665613,9.042325205406609,1.8799992982378324
1002,FM 4-64,15,1.6735328537719627,500 µM,1.0667568482117058,4.151746885713466,13.137477344404733,3.2031157097294134
1003,FM 4-64,16,1.5003263735667431,500 µM,0.956350172599026,4.23963700880289,12.595374415140766,2.8013941132647395
1004,FM 4-64,18,1.7568915843307968,500 µM,1.1198920445010685,3.989339176380589,13.336930243308384,3.3742760903684594
1005,FM 4-64,20,1.4633674567339217,500 µM,0.9327915208850565,4.350374947132954,11.194431982640033,2.436235617356843
1006,FM 4-64,21,1.5712313932182607,500 µM,1.0015470237485933,4.311324633099073,12.7916880711241,2.950768791519248
1007,FM 4-64,22,1.5219030738349835,500 µM,0.9701037674095963,4.577079963273543,8.247422338680344,1.7951251201459324
1008,FM 4-64,23,1.5695113627061832,500 µM,1.000450627986923,2.9868723723368693,8.387746787608783,1.9308986087525581
1009,FM 4-64,24,1.6857906149093969,500 µM,1.0745702894642208,2.5308437411888263,8.178263344378806,1.8901682773197506
1010,FM 4-64,25,1.597322989431708,500 µM,1.0181785400518055,2.898978299491813,8.851559645923757,1.9929037557545957
1011,FM 4-64,1,1.8454807319142899,500 µM,1.176361255517111,5.019280040660877,14.779119440070009,3.9309052577607093
1012,FM 4-64,2,1.7416342166171763,500 µM,1.1101665697621026,5.233401920272966,15.35347136212121,4.009660280652662
1013,FM 4-64,3,1.5317139778855227,500 µM,0.9763575132261015,4.432567052689778,11.698072960533318,2.6982943663309054
1014,FM 4-64,4,1.0921668671021325,500 µM,0.6961778385438726,4.05956846354338,5.428649783224014,0.8666147716455825
1015,FM 4-64,5,1.132568425123636,500 µM,0.7219309264505258,2.7662583826860967,5.8410069883018645,0.9654493043762793
1016,FM 4-64,6,1.6009812432891972,500 µM,1.0205104138158476,7.400830326443816,20.50184806686317,5.153685290555436
1017,FM 4-64,7,2.145656146075911,500 µM,1.3677014960149096,6.435659572875646,15.940149740103303,4.923798523348225
1018,FM 4-64,8,2.04410467861496,500 µM,1.3029697382153826,3.261902731665551,10.504306170059166,2.986162045040172
1019,FM 4-64,9,1.9754922939986086,500 µM,1.2592342770341696,12.332935441256431,42.952004219917534,13.20370596725115
1020,FM 4-64,10,1.8678737283046323,500 µM,1.1906351804045352,8.006188075972759,26.97980639884468,7.613882244267553
1021,FM 4-64,11,1.602227738388068,500 µM,1.021304964804187,2.98827747282149,7.912830842694693,1.7696848930482716
1022,FM 4-64,12,1.5385473047178788,500 µM,0.9807132676877214,3.1069770809275603,7.455577565280595,1.6047550728525564
1023,FM 4-64,13,1.6654323195467466,500 µM,1.0615933401637783,4.210064401617634,12.063087921809196,2.942557100220586
1024,FM 4-64,14,1.344728396473031,500 µM,0.8571676514680588,5.433966434769308,13.282232311819968,2.7111918398232993
1365,mGreenLantern,2,0.9370843413590089,0 µM,0.6329107568147103,4.815570215577081,7.813108350095414,1.1884829813255857
1366,mGreenLantern,3,1.0079384277315704,0 µM,0.6807659086406785,4.682002521929039,8.478959147770903,1.3632020582304578
1367,mGreenLantern,4,0.9736473620880124,0 µM,0.6576055768001399,4.850664018444128,9.198877393495946,1.4443818222586062
1368,mGreenLantern,5,0.9927399319739523,0 µM,0.6705007798493374,4.337838265132843,7.518996835855245,1.1965250508181486
1369,mGreenLantern,6,1.0355313418946197,0 µM,0.6994022804322846,3.871368319061018,7.712430197315765,1.3179451651217249
1370,mGreenLantern,7,1.068989373032329,0 µM,0.7219999772182402,3.701844009565394,6.912588968889648,1.1505178988530904
1371,mGreenLantern,8,1.0744136722264863,0 µM,0.7256635720054336,4.527116036333288,8.063247282674354,1.3633083028172233
1372,mGreenLantern,9,1.026611264773232,0 µM,0.6933776223384833,4.084050987970725,7.4977771323672835,1.2259379083848303
1373,mGreenLantern,11,1.001795264259043,0 µM,0.6766167898569893,4.728161434836868,9.525082027792841,1.559269446782871
1374,mGreenLantern,12,0.9740479670127477,0 µM,0.6578761470731744,2.96015883360726,5.6347445291353075,0.8665729135876701
1375,mGreenLantern,13,1.0542915277928901,0 µM,0.7120729899200128,4.367826042210522,8.834932121041241,1.4837495175619881
1376,mGreenLantern,14,0.9631528959534231,0 µM,0.6505175696587799,3.525615301291988,6.663874057728334,1.0426936437716874
1377,mGreenLantern,15,0.9936213013783289,0 µM,0.6710960605003281,3.160928615633857,5.751999369513632,0.9110503115836056
1378,mGreenLantern,16,1.0068965066758202,0 µM,0.6800621907202833,5.8936041284849106,11.916199149919306,1.9514042238876959
1379,mGreenLantern,17,1.067315667999994,0 µM,0.7208695497082004,3.2447453159809134,6.355544664328928,1.0635248567103985
1380,mGreenLantern,18,1.0353351539527949,0 µM,0.6992697742604729,3.6025584407455615,5.858265412300615,0.9614449041341773
1381,mGreenLantern,19,1.0390249661886664,0 µM,0.7017618891658641,3.21812758360726,6.442072653356787,1.1005616451982139
1382,mGreenLantern,20,0.9777007879613746,0 µM,0.660343277905551,4.007620858612406,6.377085359991192,1.001653074133162
1383,mGreenLantern,21,0.9878417638300083,0 µM,0.667192536215159,2.867079689608163,5.772072722270782,0.900657054597303
1384,mGreenLantern,1,0.7843539399027957,0 µM,0.5297559929285929,3.2742395069698227,4.279317256382321,0.5435392504998836
1385,mGreenLantern,2,0.7978847798572518,0 µM,0.5388947798850517,3.1621782382863453,4.042702826022944,0.5134828409464974
1386,mGreenLantern,3,1.0272352326719736,0 µM,0.6937990529158504,4.194640684694876,7.606152629256449,1.2368607827696254
1387,mGreenLantern,4,1.0180391260131547,0 µM,0.6875879632963814,4.797175537301231,8.280856364230361,1.3449114535186182
1388,mGreenLantern,5,1.0742101126232773,0 µM,0.7255260869821144,4.850664018444128,10.126515798066878,1.7474716678861895
1389,mGreenLantern,6,1.0185464791956207,0 µM,0.6879306317975125,2.6229680019489443,5.0481625308454365,0.7952085187326678
1390,mGreenLantern,7,1.10694216928422,0 µM,0.7476334575132825,5.162084900878554,11.863086910733415,2.1197580092068615
1391,mGreenLantern,8,0.9793885715109492,0 µM,0.6614832141061191,2.5464921698776517,4.75910039182412,0.7567414681378225
1392,mGreenLantern,9,1.0179266046970887,0 µM,0.6875119659200879,3.3797875939524897,6.834603017035064,1.185715851008822
1393,mGreenLantern,11,1.142195130184534,0 µM,0.7714434575086073,4.200071780185245,7.663227920370349,1.3689154166558593
1394,mGreenLantern,12,1.0303106473570869,0 µM,0.6958762010976792,2.496201165470008,5.013705063279167,0.813800727476673
1395,mGreenLantern,13,1.0721778971619904,0 µM,0.7241535200008453,5.181342974057042,6.05581780979252,1.0523186277269865
1396,mGreenLantern,2,1.0207253853005824,0 µM,0.6894022742645285,4.041663965577082,6.755030607249955,1.108426812647308
1397,mGreenLantern,3,1.0069727492601346,0 µM,0.6801136852865781,3.106594303684828,6.333868881470841,1.0079068868918057
1398,mGreenLantern,5,1.0679600008769718,0 µM,0.7213047348786379,3.3355858813961023,6.3432430666685535,1.0655192517442593
1399,mGreenLantern,6,1.0025202912890958,0 µM,0.6771064762022293,3.6566093133217796,6.519732527836438,1.0674155823770326
1400,mGreenLantern,7,1.0371704777765547,0 µM,0.7005093597908545,3.8951577441187686,6.812151067464079,1.1343648873703798
1401,mGreenLantern,8,1.0403563378645504,0 µM,0.702661103268368,3.8916000663978876,7.440053157262391,1.2244058522450003
1402,mGreenLantern,9,1.0388368677940565,0 µM,0.7016348467087087,8.128898109587894,9.9291247989706,1.663905592067888
1403,mGreenLantern,10,1.012756032193403,0 µM,0.6840197392206991,4.0509023206572765,7.219234642444078,1.1821434160454605
1404,mGreenLantern,11,1.000030712273897,0 µM,0.6754250039279467,4.167927145965266,7.438629659109037,1.1795574199262269
1405,mGreenLantern,12,0.9227708894004573,0 µM,0.623243390376189,3.307434837092172,5.368960138059391,0.8082175379676072
1406,mGreenLantern,13,1.0725162484155624,0 µM,0.7243820438791303,3.448439211679369,7.366291961544025,1.2472005161377921
1407,mGreenLantern,14,0.9348447820772442,0 µM,0.6313981489336551,3.1096506027593778,5.639723050361578,0.8554749113076892
1408,mGreenLantern,15,0.9228011134173232,0 µM,0.6232638038059566,5.479904349180014,5.5781877575275844,0.8255616833173945
1409,mGreenLantern,16,0.952430237619376,0 µM,0.6432754405336414,5.224653560658647,9.021769818827583,1.3870784594152075
1410,mGreenLantern,17,0.9500378286442644,0 µM,0.6416595973184488,2.5216157002090624,4.373207615933897,0.6366910642551182
1411,mGreenLantern,18,1.0700049373580494,0 µM,0.7226858936908743,3.3969299734989176,6.771169895910944,1.126079699993406
1412,mGreenLantern,19,0.9410274653254652,0 µM,0.6355739595422308,3.203312919498332,5.033490690770423,0.7449240328188946
1413,mGreenLantern,20,0.9107477879320596,0 µM,0.6151229364172766,2.6598281161888258,4.890716209363951,0.7092695646057915
1414,mGreenLantern,21,0.8958256586410772,0 µM,0.6050444667150234,3.6899429605289353,4.915847722581619,0.7117258376254448
1415,mGreenLantern,22,0.8731578742778346,0 µM,0.5897345485748418,4.877377557173736,8.24433806454206,1.1707863545651243
1416,mGreenLantern,23,1.006054238695799,0 µM,0.6794933193379027,2.712631398531043,4.612650783733195,0.7238044876365534
1417,mGreenLantern,24,0.8826951472315836,0 µM,0.596176063363523,3.733641195186096,5.984355773681366,0.866393329279697
1418,mGreenLantern,25,0.8733952898129411,0 µM,0.5898949000388155,4.716303388190581,4.496713151376286,0.6500714924733259
1419,mGreenLantern,26,0.7941388107611745,0 µM,0.5363647363970083,4.091547839308418,3.752550312050151,0.4738734978997161
1420,mGreenLantern,28,1.0177528564825344,0 µM,0.687394615635684,2.6683960133431195,4.997207834834223,0.7882257030926915
1421,mGreenLantern,29,1.0277035613841197,0 µM,0.6941153641234548,4.825787548775538,9.051471371664224,1.4906979501643232
1422,mGreenLantern,30,1.0492955912870814,0 µM,0.7086987131176664,5.490366757333473,10.613761481119367,1.7997820530547763
1423,mGreenLantern,31,1.0685638122656973,0 µM,0.7217125516632588,3.2871667410468333,6.105951855143603,1.011018117445643
1424,mGreenLantern,32,0.8951908894748601,0 µM,0.6046157409155821,2.645037778442757,4.223801976164684,0.6126924968891914
1425,mGreenLantern,33,1.0337652966926447,0 µM,0.6982094859782337,2.6389354964141374,4.462035521811244,0.7177333250627402
1426,mGreenLantern,34,0.9525393925870244,0 µM,0.6433491642638707,2.9177010598328708,4.982536315148283,0.7404911936226122
1427,mGreenLantern,35,1.0109131826110487,0 µM,0.6827750707608974,3.0573610591247675,5.218414176537079,0.8503499152675988
1428,mGreenLantern,36,0.9597774380459804,0 µM,0.6482377710061874,4.723746985995599,7.9278603812108095,1.2222107939175277
1429,mGreenLantern,37,1.0116409644449873,0 µM,0.6832666177124195,3.076179625821781,5.318464894385694,0.8522470728768202
1430,mGreenLantern,38,1.0137772515570023,0 µM,0.6847094751300112,4.700928201330141,9.379006830806587,1.5300978257441487
1431,mGreenLantern,39,0.9682569368347317,0 µM,0.653964860616942,2.4994854801274973,4.173032175146982,0.6147809549326423
1432,mGreenLantern,41,1.012185712244081,0 µM,0.6836345426969492,2.8821035945676385,4.792943803105876,0.7596194321218614
1433,mGreenLantern,2,1.0349926602487738,0 µM,0.6990384525535047,2.5427202793634667,4.668708586307976,0.7284660672296397
1434,mGreenLantern,3,1.0027484374703552,0 µM,0.6772605671051206,4.6321110795797,7.625269070440997,1.2319613475262308
1435,mGreenLantern,4,1.028790940207898,0 µM,0.6948497844140594,3.0202796618389325,5.38344811068816,0.8723552476224339
1436,mGreenLantern,5,1.0215697238444907,0 µM,0.6899725441145804,4.5300401500051475,8.166951808757755,1.3547429128299857
1437,mGreenLantern,6,1.078277141988969,0 µM,0.7282729759442056,3.187617099388258,5.768665373560863,0.9514152254136145
1438,mGreenLantern,7,1.015220650986094,0 µM,0.6856843532543512,2.504941630593075,4.32727126519363,0.6835222532348172
1439,mGreenLantern,8,1.089612368850107,0 µM,0.7359288364625287,2.849507733199433,5.549265849680054,0.917156430153279
1440,mGreenLantern,9,1.0044656946601054,0 µM,0.6784204099278424,2.3523203322675545,4.102229534904,0.6357849028565448
1441,mGreenLantern,10,1.0665100134511973,0 µM,0.7203254071932688,3.724485881961538,6.695729968832707,1.1730235524648296
1442,mGreenLantern,11,0.9646540961235283,0 µM,0.6515314866498735,2.8397416271492046,4.742827841991429,0.7157992134769097
1443,mGreenLantern,12,0.9436684755424217,0 µM,0.6373577090953876,2.689226500821781,4.321347660732348,0.6412176259310433
1444,mGreenLantern,13,1.0881896839061944,0 µM,0.7349679489897376,4.420261881414853,8.146193570703314,1.3944880737761314
1445,mGreenLantern,14,0.972087922660719,0 µM,0.6565523247665997,5.1796067473368685,10.200132977630147,1.6224716852130898
1446,mGreenLantern,15,0.9449021442194724,0 µM,0.6381909341761934,5.654583622047218,8.312416374535244,1.264044768604381
1447,mGreenLantern,16,0.9131110970817771,0 µM,0.6167191254864116,6.711770818648043,6.770282850977414,1.0171346904703256
1448,mGreenLantern,17,1.0658629725793871,0 µM,0.7198883930315835,3.996555748571624,7.193142224380322,1.2036302011831121
1449,mGreenLantern,18,1.033517521943358,0 µM,0.6980421378568649,4.112800772416449,7.640230307047581,1.2964899126602147
1450,mGreenLantern,19,1.0273151571369405,0 µM,0.6938530342400254,2.2747120602498456,4.128184385778477,0.6345182935629563
1451,mGreenLantern,20,0.9677114047610266,0 µM,0.6535964059299982,2.9061079610310423,4.863008779748467,0.737287631835
1452,mGreenLantern,1,0.7736079682288342,0 µM,0.5224981178743444,6.119837358114499,5.048615448058904,0.6312486633991499
1453,mGreenLantern,2,0.8995691542243349,0 µM,0.6075728395819695,4.045037022645314,7.3192566663034615,1.0863371190168594
1454,mGreenLantern,3,0.82340158946289,0 µM,0.5561289418128671,3.400539036066477,5.568668786004357,0.7334268646280085
1455,mGreenLantern,4,0.8524993406855024,0 µM,0.5757816869662025,5.321842154428703,5.178747563317805,0.7022992260413686
1456,mGreenLantern,5,0.7797611703832873,0 µM,0.5266540168265784,6.585529550827077,5.751182039391567,0.7390448413773614
1459,mGreenLantern,8,0.7481968992755984,0 µM,0.5053353736336937,2.686117766497271,4.053877071662916,0.4853931911440822
1460,mGreenLantern,9,0.7652294833080094,0 µM,0.51683925346038,6.067485558509786,5.025813257053079,0.636588348274879
1461,mGreenLantern,10,0.8558835122960818,0 µM,0.5780673708910202,3.5022416920654234,5.403991268079371,0.7393257402148289
1462,mGreenLantern,11,0.9756586020920306,0 µM,0.658963976868199,4.545749982377651,9.082154500933223,1.4308986780601591
1463,mGreenLantern,12,1.0534370966589068,0 µM,0.7114959034916223,3.8137647867482873,6.719638952611818,1.1124115287441234
1464,mGreenLantern,13,0.9851549792736763,0 µM,0.665377870478156,4.128286373158648,7.103537531789867,1.106179621947567
1465,mGreenLantern,1,0.9420133768153884,0 µM,0.636239848363225,4.422806485722592,7.929690333234018,1.1992092695216243
1466,mGreenLantern,2,0.979191621434997,0 µM,0.6613501931856705,3.719874214615333,7.12737139857832,1.1090407426945117
1467,mGreenLantern,3,1.0634313279154035,0 µM,0.7182460498649541,5.457994149078241,9.683427247747193,1.6683380342403946
1468,mGreenLantern,4,1.0924616845059942,0 µM,0.737853276396672,4.967496238792505,9.068886239674274,1.5689262518435358
1469,mGreenLantern,5,1.0693757497473375,0 µM,0.7222609376978028,4.458686661748287,8.26806098770069,1.4090407011099513
1470,mGreenLantern,6,1.0791553093882433,0 µM,0.7288660939473073,2.8292052344818166,5.719883740248125,0.9442382324626997
1471,mGreenLantern,7,1.0376189741323167,0 µM,0.7008122761404569,3.330839734801434,6.246706167967445,1.02183815418972
1472,mGreenLantern,8,1.003314934403581,0 µM,0.6776431815475101,3.7140202406748974,6.131915170626832,0.9787205253466209
1473,mGreenLantern,9,1.0240820592793263,0 µM,0.6916693861716445,3.325793166659552,5.755471841533489,0.9113312104210735
1474,mGreenLantern,10,0.9818605239372076,0 µM,0.6631527813071292,4.277078607074354,6.964566960510794,1.1138652050886886
1475,mGreenLantern,11,1.0,0 µM,0.6754042607273001,3.911831813734756,6.786537657793459,1.070192390475266
1476,mGreenLantern,12,0.9693138857279668,0 µM,0.654678728402804,5.974531117832384,9.673074418270414,1.5384829328102652
1477,mGreenLantern,13,0.8039708566423882,0 µM,0.5430053420768464,6.761400950617864,10.052874860799337,1.3859548640653365
1478,mGreenLantern,2,1.1851407747708567,0 µM,0.8004491288418901,4.058174757448947,8.583142713219088,1.5858057224518483
1479,mGreenLantern,3,1.1475221181752675,0 µM,0.7750413278943921,4.95522086717191,10.963417007992737,2.006555777707402
1480,mGreenLantern,4,1.1538204195648374,0 µM,0.7792952274882522,13.119995441348102,14.467208562092287,2.7508423153206
1481,mGreenLantern,5,1.1756217238759816,0 µM,0.7940199213094115,3.2375115541018014,7.415836752536122,1.360641788416806
1482,mGreenLantern,6,1.0994731897596859,0 µM,0.7425888769191272,5.39599990307708,10.954793248281463,1.9303476739883398
1483,mGreenLantern,7,0.9567626152735212,0 µM,0.6462015468603308,2.975807262296086,5.470932084706321,0.8320223565791501
1484,mGreenLantern,8,0.9519916505205781,0 µM,0.6429792169384133,3.2527804734265082,6.073312583143948,0.9180295332165164
1485,mGreenLantern,9,1.038849713025113,0 µM,0.7016435224324944,2.4091525857154235,4.680848181195569,0.7326795497916541
1486,mGreenLantern,10,1.0020104338938882,0 µM,0.6767621163451428,2.5445936971329557,4.362285897660124,0.6665729413107102
1487,mGreenLantern,11,0.9738888495253331,0 µM,0.6577686784442184,3.28261977110726,6.504167829680063,0.9957863788227845
1488,mGreenLantern,12,1.1204430520983049,0 µM,0.7567520112894954,3.2982681997960848,7.051106714933263,1.2429773557943076
1489,mGreenLantern,13,0.987871625025896,0 µM,0.6672127045940919,3.2592008611355694,5.427962584068514,0.8379411842617959
1490,mGreenLantern,14,0.8463715186751719,0 µM,0.5716429298714467,3.5933918034494754,5.30868639800868,0.743748305096756
1491,mGreenLantern,15,0.8148959825626958,0 µM,0.5503842186724044,3.631794247336869,5.803837731105363,0.7890448344466012
1492,mGreenLantern,1,0.8966164445160943,0 µM,0.605578566864333,3.493581831357104,5.535005865699814,0.809799168142764
1493,mGreenLantern,2,0.9314172094677976,0 µM,0.6290831517892826,3.6847804117482865,5.6503039005156275,0.84499583547493
1494,mGreenLantern,3,0.966433373084975,0 µM,0.6527332178906485,3.7137719325867127,6.465961676751262,0.9859227392349742
1495,mGreenLantern,4,0.9864716825987068,0 µM,0.6662671775139953,3.995393888384159,6.675668849271833,1.0646037530941632
1496,mGreenLantern,5,0.9731124442285457,0 µM,0.657244290998717,7.043311671943736,7.83415160202725,1.2168215836333744
1497,mGreenLantern,6,0.9722043697327255,0 µM,0.6566309736151822,3.759110423082623,6.742239409692531,1.0436434459368196
1498,mGreenLantern,7,0.9996794401499715,0 µM,0.6751877532387727,2.7666822711072605,5.547419957923927,0.8575841507887053
1499,mGreenLantern,8,0.9720270294518814,0 µM,0.6565111972339015,2.782330699796086,5.194915634787139,0.7845504530471189
1500,mGreenLantern,9,0.938302760437125,0 µM,0.6337336822514213,5.77047774976065,9.981039078729513,1.525770668606666
1501,mGreenLantern,10,0.8486923576648262,0 µM,0.5732104344135213,4.862483346458835,7.737696826063991,1.0783706370382706
1502,mGreenLantern,11,0.9267474601998796,0 µM,0.6259291832372027,3.9021027850053476,7.169487831944842,1.0805460112204563
1503,mGreenLantern,12,0.9408266315529057,0 µM,0.6354383155565462,3.9966201646195088,7.557138676413429,1.1451205635615709
1504,mGreenLantern,13,0.9808400711329346,0 µM,0.6624635631352521,3.8220048654727257,6.839393946077321,1.060121890384344
1505,mGreenLantern,14,1.0037781522903728,0 µM,0.6779560408818945,4.006634578757921,7.174239867338553,1.1473999345377548
1506,mGreenLantern,15,1.006594116636067,0 µM,0.6798579551990325,3.71461970942904,6.267656789225851,1.0303369358313041
1507,mGreenLantern,17,0.891322351926292,0 µM,0.6020029141724956,5.706348046998133,8.320049813030781,1.2075122857558298
1508,mGreenLantern,1,0.9029119894483009,0 µM,0.6098306047351454,2.754328471176353,4.179405153387909,0.5817614444913081
1509,mGreenLantern,2,0.8875702303342883,0 µM,0.5994687152624895,2.7328874722307694,4.323183539709618,0.6048441726771918
1510,mGreenLantern,3,0.9470570682063045,0 µM,0.6396463790184433,3.5677289606222375,6.953485305715417,1.0524239471972496
1511,mGreenLantern,4,0.8453786711640763,0 µM,0.5709723564322002,3.0551001016425845,5.153844915972285,0.6999677226929166
1708,mGreenLantern,1,1.3704896600823546,100 µM,0.9256345557023316,5.232124644270079,12.806641165114456,2.7735216250771675
1709,mGreenLantern,2,1.496988581922789,100 µM,1.0110724664907706,5.709376905520245,14.3244304174709,3.385406320780404
1710,mGreenLantern,3,1.5885561968411737,100 µM,1.0729176237512843,3.915666717365131,10.649329900903046,2.537283630976726
1711,mGreenLantern,4,1.6751417281469463,100 µM,1.13139786051254,4.045679103953681,11.832557410377659,2.9752731901574596
1712,mGreenLantern,5,1.5482956155288818,100 µM,1.0457254555936044,3.651942345278258,9.544437371192329,2.1996347852435503
1713,mGreenLantern,6,1.5066358561248114,100 µM,1.0175882765912212,3.74123319059644,9.678328346502576,2.1913997933107483
1714,mGreenLantern,7,1.509241944113181,100 µM,1.0193484395223962,3.107511112064321,8.426039775483254,1.8750854495669547
1715,mGreenLantern,8,1.6310077163462273,100 µM,1.1015895608993456,3.632580620495518,10.458925491691359,2.53111229964951
1716,mGreenLantern,9,1.3160840788346988,100 µM,0.8888887943203194,2.689226500821781,6.770326016109329,1.550528020435676
1717,mGreenLantern,10,1.6456588287388707,100 µM,1.1114849846337316,2.717270332024641,8.719752987744746,2.1196888936167255
1718,mGreenLantern,11,1.7056167885565918,100 µM,1.1519808461591365,4.387440236621274,9.490081481555963,2.3551765500198902
1719,mGreenLantern,12,1.7225345722664813,100 µM,1.163407189358859,2.899626345821055,8.818275234346968,2.185492793319408
1720,mGreenLantern,13,1.4632515521855352,100 µM,0.9882863328619457,2.900219262913465,7.618840447787735,1.8090562654353997
1721,mGreenLantern,14,1.816194173111821,100 µM,1.2266652828278195,2.790325033653342,8.485842115477018,2.1631599418555276
1722,mGreenLantern,15,1.5302845461928525,100 µM,1.0335607026237954,4.333817337918123,11.409141980628956,2.9194050744271087
1723,mGreenLantern,16,1.5722445497934552,100 µM,1.0619006678357754,3.3556578131505512,8.989422037168053,2.0985089841769207
1726,mGreenLantern,21,1.570756480508938,100 µM,1.060895619500755,6.883488158519809,11.606439440384703,2.8452462103074647
1729,mGreenLantern,24,1.5842825282630768,100 µM,1.0700311697847014,3.274239506969824,9.03884122383979,2.173842540776369
1730,mGreenLantern,25,1.561584346180975,100 µM,1.0547007208956858,4.232365199700591,11.543067558479358,2.8829368649508456
1731,mGreenLantern,26,1.5475204844716073,100 µM,1.0452019287748993,3.1583888342681457,8.43082906150736,2.0754117862012365
1732,mGreenLantern,29,1.4412486056597973,100 µM,0.9734254490299075,4.103736535441136,9.65622784422645,2.1848311578233046
1735,mGreenLantern,32,1.5548240977050778,100 µM,1.0501348202714895,2.295818921727714,6.2900151597783776,1.3914209852587696
1736,mGreenLantern,33,1.606588587184296,100 µM,1.085096777020127,4.433200409225125,12.348106842340437,3.017381749691692
1738,mGreenLantern,4,1.540409378620482,100 µM,1.0403990575845663,2.6256641220486454,7.670642624950849,1.7237214340420812
1739,mGreenLantern,5,1.5755145738671814,100 µM,1.064109256027851,2.9869078054226144,7.970595822359128,1.8203451634815027
1740,mGreenLantern,6,1.5590868614549536,100 µM,1.0530139090706294,3.2053942743122334,8.830872976786015,2.090866207412324
1741,mGreenLantern,7,1.43992876554992,100 µM,0.9725340233962175,3.153862390196793,7.726520488519483,1.6881892787150095
1742,mGreenLantern,9,1.5829257995546016,100 µM,1.069114829434346,2.8227941944698243,7.710967725160196,1.7544605764371826
1743,mGreenLantern,10,1.6365159380156564,100 µM,1.1053098372839085,4.213688165901926,7.121982320154944,1.6827558088893846
1744,mGreenLantern,11,1.57352714498535,100 µM,1.0627669380931695,4.390087501733786,13.093224128421268,3.1692213810011105
1745,mGreenLantern,12,1.4146501443942148,100 µM,0.955460734962343,2.3180485050623303,5.920730996188667,1.303397575976443
1746,mGreenLantern,13,1.5916123647992884,100 µM,1.0749817726116933,2.1727208205503357,6.629462144374552,1.4575767713197998
1747,mGreenLantern,14,1.4885268441751076,100 µM,1.0053573727628295,3.0896612066738207,8.11769952585279,1.8774412139894587
1748,mGreenLantern,15,1.5645970149891408,100 µM,1.0567354902448811,2.6754263626727677,8.008103106173587,1.8139843428076847
1749,mGreenLantern,16,1.6394936652449004,100 µM,1.1073210069418236,3.977833153292008,10.877383352233178,2.799047403607001
1750,mGreenLantern,17,1.7215999757777731,100 µM,1.1627759589083246,3.964048961380348,11.929982871753465,3.066408581976797
1751,mGreenLantern,18,1.8205466516200006,100 µM,1.229604965356968,4.734102900950376,15.317134816215283,4.332816052942061
1752,mGreenLantern,19,1.7371654344717282,100 µM,1.1732889360303966,6.8651551276942895,14.03733167847854,3.7039583369342166
1753,mGreenLantern,20,1.5663468580288438,100 µM,1.0579173416895005,3.9965528599427036,10.78976163207942,2.574440893920275
1754,mGreenLantern,21,1.4037424804545386,100 µM,0.9480936522629041,4.99610825026681,11.750190786502438,2.7051511864894233
1755,mGreenLantern,1,1.322625938060137,100 µM,0.8933071939142587,3.857918084961628,9.462925190915822,1.9345275663740946
1756,mGreenLantern,2,1.4404523835309269,100 µM,0.972887677211583,6.598042008732962,10.934705073977684,2.445854459499487
1757,mGreenLantern,3,1.679750081721978,100 µM,1.1345103621520545,6.246921010314763,18.150026477990135,4.8000293293582
1758,mGreenLantern,4,1.682611611944939,100 µM,1.1364430518568422,5.787729454461843,17.12279502610201,4.488906134065981
1759,mGreenLantern,5,1.8434786734141035,100 µM,1.2450933505837964,3.523770460919746,12.468053798125261,3.4095686258314006
1760,mGreenLantern,6,1.3859106472399916,100 µM,0.9360499561332205,2.9666552169462763,6.510889743791623,1.3886191137432229
1761,mGreenLantern,7,1.712150492331168,100 µM,1.1563937375268154,9.901328271290817,19.08965285988768,5.406667667453554
1762,mGreenLantern,8,1.9034007164596098,100 µM,1.2855649537682161,7.15665799401065,26.057867820890674,7.920240731253392
1763,mGreenLantern,9,1.7692612293648249,100 µM,1.1949665726526237,2.430461566339807,8.298704756751027,2.0793624443538032
1764,mGreenLantern,10,1.8395505330296618,100 µM,1.2424402678314095,3.691076859484613,11.665952966606804,3.269049006271795
1765,mGreenLantern,11,1.6546230280413672,100 µM,1.1175394430366463,3.3940572446737383,10.67756463859369,2.6444116506315285
1766,mGreenLantern,12,1.7798437777611296,100 µM,1.2021140709288407,6.734493796957544,22.447129719586325,6.326258878749401
1767,mGreenLantern,13,1.5745878165215734,100 µM,1.063483320167967,3.1210570621427935,9.54784087202791,2.2433038746454286
1768,mGreenLantern,14,1.8031667494020598,100 µM,1.217866505347947,3.104075292958491,11.296351751932075,3.0159077501641582
1769,mGreenLantern,15,1.652096511113403,100 µM,1.1158330227386997,2.872525016091123,9.386513291214841,2.492719643980819
1770,mGreenLantern,16,1.5225213603917698,100 µM,1.0283174138569264,3.394057244673738,9.485848027429732,2.3702243905519476
1771,mGreenLantern,17,1.7435906731182744,100 µM,1.1776285695884636,2.482627121625046,7.737548413380267,1.8596671762158146
1772,mGreenLantern,18,1.5753354839913996,100 µM,1.0639882979626947,3.1449996822346833,9.220976675143454,2.18592590672233
1773,mGreenLantern,19,1.7338932895740269,100 µM,1.171078915424772,2.974407234567654,9.089741203363687,2.2523136335257012
1774,mGreenLantern,20,1.4068724025483017,100 µM,0.9502076149807762,2.660346114255387,6.880152977114902,1.5763176602241487
1775,mGreenLantern,21,1.5530178689512018,100 µM,1.0489148856752735,2.006427721472143,5.847752285381203,1.2386352521052753
1777,mGreenLantern,23,1.4714365440039499,100 µM,0.9938145112101211,2.8777216524327507,7.970997802305574,1.8747784686126134
1778,mGreenLantern,24,1.4533232590889047,100 µM,0.9815807214027321,5.338355269608325,13.619734540257273,3.1133574638126973
1779,mGreenLantern,25,1.2293370121207583,100 µM,0.8302994558561287,2.8133664966992007,6.208054385035826,1.244242728891234
1780,mGreenLantern,26,1.4314565791643947,100 µM,0.9668118726137579,2.553787671727714,6.752794836290746,1.4150164876060516
1783,mGreenLantern,1,1.8728351392371345,100 µM,1.264920832680567,5.1336106623756645,16.693762315420063,5.0428377079661315
1784,mGreenLantern,2,1.8520734720123377,100 µM,1.2508983141771368,3.3105067964349466,11.089346519733803,3.0529436033003408
1785,mGreenLantern,3,1.618542656585283,100 µM,1.0931706064265834,3.0162707569698246,8.97171738856012,2.3670097397536782
1786,mGreenLantern,5,1.5751495076965503,100 µM,1.0638626887807592,4.526446123575796,12.48271851160776,3.045077304830064
1787,mGreenLantern,6,1.5117625437459064,100 µM,1.0210508632539266,11.082767744882768,19.86001633657196,4.809225494916321
1788,mGreenLantern,7,1.4639064669259,100 µM,0.9887286650680013,3.6047395224253473,10.068953027124346,2.241024456937239
1789,mGreenLantern,8,1.408876071248931,100 µM,0.9515609013582672,5.459220425313592,14.409758772922139,3.2089148231520097
1790,mGreenLantern,9,1.4637655834804664,100 µM,0.9886335117886894,4.364816001643993,8.265381169236568,1.8684361861958652
1791,mGreenLantern,10,1.5450969485238273,100 µM,1.0435650622697428,2.5906190897360313,8.010869801675579,1.794583683547775
1792,mGreenLantern,11,1.2477314115251725,100 µM,0.8427231115873898,6.281609347347094,8.545815471063191,1.7624546879480232
1793,mGreenLantern,12,1.4339225892948873,100 µM,0.9684774263628892,3.665507575525778,9.887254647739137,2.1982276863775043
1794,mGreenLantern,14,1.336829297672005,100 µM,0.9029002035127565,3.7700453261152247,9.46032658888615,1.947742546200581
1795,mGreenLantern,15,1.4218739576565949,100 µM,0.9603397292184529,3.824259399902298,9.760251821069447,2.127246896142439
1796,mGreenLantern,16,1.458249960850294,100 µM,0.984908236763707,7.241902654038104,19.358950829784337,4.581018938113471
1797,mGreenLantern,17,1.6706846661705628,100 µM,1.128387541863365,2.7639876138805897,9.067153875869769,2.1894447939299533
1798,mGreenLantern,19,1.7397017308162541,100 µM,1.1750019613879565,5.756648435707664,19.606150955997137,5.348404471477992
1799,mGreenLantern,20,1.327985545233518,100 µM,0.8969270954349848,2.4663515536888263,6.658707427916971,1.33314588262142
1800,mGreenLantern,22,1.3187334923376048,100 µM,0.8906782194886107,6.302687473566477,17.006570972589575,3.7713477918405354
1801,mGreenLantern,23,1.4181850718352815,100 µM,0.9578482400174013,5.883238553680541,16.929357629597543,3.8601018316802755
1802,mGreenLantern,24,1.2921859475132453,100 µM,0.8727478946023893,2.1961187561397586,5.216859638056032,1.0929673837865521
1803,mGreenLantern,1,1.5241473963576175,100 µM,1.029415645476356,5.36343138043594,15.77974662821865,3.7926226074097653
1804,mGreenLantern,2,1.6339095366260223,100 µM,1.103549462680184,4.9158557411805415,16.13315119120074,4.145214151709929
1805,mGreenLantern,3,1.5093314569474328,100 µM,1.0194088968720396,4.2730820047941,10.843767571032721,2.522894237043931
1806,mGreenLantern,4,1.4673193377365161,100 µM,0.9910337325548032,3.6807321157934396,10.123633880220092,2.4628343912720205
1807,mGreenLantern,5,1.3941300536429557,100 µM,0.9416013782384317,2.9584231888091903,7.037791920118042,1.5709280768660991
1808,mGreenLantern,7,1.5025454384267776,100 µM,1.0148255910498147,3.6096994603410475,9.159869981851454,2.1040529893238196
1810,mGreenLantern,9,1.4339075906198024,100 µM,0.9684672961938318,4.903243319061018,13.772580313278015,3.1603606400719766
1811,mGreenLantern,10,1.4266315216709673,100 µM,0.9635530082244429,2.998995815193602,8.180246652934672,1.8615447262965903
1813,mGreenLantern,12,1.4716200014008465,100 µM,0.993938419117647,1.950414053688826,5.644790593559283,1.1693818603777861
1814,mGreenLantern,13,1.425515416115085,100 µM,0.9627991857765785,1.9417654144593008,5.642069673699847,1.141205360986774
1816,mGreenLantern,15,1.6624583250661003,100 µM,1.122831436031215,2.612203923086796,8.645118454000269,2.059428994241872
1817,mGreenLantern,16,1.5930950083790034,100 µM,1.0759831564025728,3.8800183684460126,12.230026586919578,2.9662975160246394
1818,mGreenLantern,17,1.474556217297533,100 µM,0.9959215518446843,4.167173776211138,11.313077493257708,2.611311702469899
1820,mGreenLantern,19,1.3724136566751264,100 µM,0.9269340311987144,4.169897400504178,10.907728109421006,2.332985541859946
1821,mGreenLantern,20,1.379911555068876,100 µM,0.9319981437203533,3.8980818577906273,10.300567243317184,2.2359225659659727
1822,mGreenLantern,21,1.2295929688012521,100 µM,0.8304723300886958,2.2716760536805416,5.356376985186357,1.0693718814392705
1823,mGreenLantern,22,1.312676312064319,100 µM,0.8865871741240401,3.1895155721329544,7.828907655393602,1.6337376334229599
1824,mGreenLantern,2,1.553226610963863,100 µM,1.0490558709200177,4.864644247878709,13.6849600703559,3.299573905035578
1825,mGreenLantern,3,1.6271467238036652,100 µM,1.0989818300854628,2.444451607097713,7.956174550243726,1.858562868826585
1826,mGreenLantern,4,1.6943744619542571,100 µM,1.1443877308714319,3.5023390136335673,8.370969513093206,2.022665912960229
1827,mGreenLantern,5,1.7814231955170519,100 µM,1.203180816410659,3.559628469238435,11.337754978542621,2.968073225879002
1828,mGreenLantern,6,1.6211283357180541,100 µM,1.0949169851297307,2.768749613658732,7.845708008730373,1.9149913548811377
1829,mGreenLantern,7,1.644622246062876,100 µM,1.1107848722777687,2.8235203637756903,8.66795972105979,2.0569801812927593
1830,mGreenLantern,8,1.6942686526462727,100 µM,1.1443162668139946,2.8246163214698696,8.266132290694655,2.011252786284116
1831,mGreenLantern,9,1.657511095706995,100 µM,1.1194900562432801,2.4283632596288425,7.218715994673801,1.6969233409679028
1832,mGreenLantern,10,1.6643103414308489,100 µM,1.1240822957749028,4.069874058908418,7.3027401234120815,1.7801242147011798
1833,mGreenLantern,11,1.9600262600649945,100 µM,1.3238100871852925,3.437306274902298,13.875560434398624,4.002550895369384
1834,mGreenLantern,12,1.5098204716844477,100 µM,1.0197391795089779,2.3125423013805895,6.6932124338812535,1.4916920816603352
1835,mGreenLantern,13,1.6563871237390868,100 µM,1.118730920787217,11.467855004453472,18.924077601727827,4.961248798973866
1836,mGreenLantern,14,1.7623573192773625,100 µM,1.1903036423638733,3.0901325008259524,10.63228539883597,2.762131720156395
1837,mGreenLantern,15,1.5191448588768923,100 µM,1.026036910347426,2.7216625451791754,7.311517621777691,1.7218253226935714
1838,mGreenLantern,16,1.8364162939452071,100 µM,1.2403233893996308,3.39079154508075,12.108349339203837,3.313111454670429
1839,mGreenLantern,17,1.622800110055104,100 µM,1.0960461086399487,8.261971099610776,16.2772664502057,4.144943245672497
1840,mGreenLantern,18,1.769714628627951,100 µM,1.1952728004467497,4.667260497292303,16.44848506320766,4.511542494653683
1844,mGreenLantern,22,1.4788733308794804,100 µM,0.9988373487519753,3.937945883710222,9.28364872547472,2.2615533357848903
1845,mGreenLantern,23,1.7240830111233048,100 µM,1.1644530115602332,3.1172148948023346,9.243981898573352,2.3566927313572124
1846,mGreenLantern,24,1.7666267664735797,100 µM,1.1931872451911487,4.23342993825422,12.04162571720993,3.3659670299603683
1847,mGreenLantern,25,1.7358995988941344,100 µM,1.1724339852879095,3.3035162840663173,9.243138037128686,2.4600378327823806
1848,mGreenLantern,26,1.8140103602771727,100 µM,1.225190326334667,3.5504060409140417,10.687535489071477,2.8460207243709257
1849,mGreenLantern,27,1.8029920448601686,100 µM,1.2177485091559852,3.9104748893692807,11.681472125610465,3.155443030362987
1850,mGreenLantern,28,1.7613375356747747,100 µM,1.1896148761736658,3.153718098346512,9.806314725865583,2.521642395567411
1851,mGreenLantern,29,1.6461739554275137,100 µM,1.1118329033940553,3.768753284244508,10.373255022359727,2.6937743008830273
1852,mGreenLantern,30,1.6689066379270965,100 µM,1.1271866540120346,3.8293688363800698,10.822421039922041,2.708881330073912
1853,mGreenLantern,31,1.6939286927250357,100 µM,1.1440866564347145,4.03528928688843,12.044123370567126,3.164671617594272
1854,mGreenLantern,32,1.5258378445906788,100 µM,1.0305573814155045,3.035751564233788,8.197577222984812,2.01788862879446
1855,mGreenLantern,33,1.660783323052748,100 µM,1.12170013253467,3.186201142274486,9.03929838539687,2.2887578134958018
1856,mGreenLantern,34,1.7754010104789388,100 µM,1.1991134069770293,3.082337595275627,10.678082730831385,2.7951203812309986
1857,mGreenLantern,35,1.7977869544323883,100 µM,1.2142329689035916,2.581523763915402,8.443759383241206,2.194546856337241
1858,mGreenLantern,36,1.7290340478990225,100 µM,1.1677969628935705,4.429115535593347,13.333341305804117,3.486021327683577
1859,mGreenLantern,37,1.5085376849642032,100 µM,1.0188727798925203,4.593781397432243,13.413019095926847,3.368199072457696
1860,mGreenLantern,38,1.8172658535752444,100 µM,1.2273891003789539,4.583337018436132,15.635694560699685,4.636570176866703
1862,mGreenLantern,40,1.4879015076057631,100 µM,1.0049350177795058,3.288616270395159,8.313196572624856,1.943184661522823
1863,mGreenLantern,41,1.6277121648358084,100 µM,1.0993637313677624,2.6443939306315714,7.567091731225341,1.7957027790522764
1864,mGreenLantern,42,1.6717526562453366,100 µM,1.1291088669102818,3.398870836812233,10.312595111477737,2.5417088415478855
1865,mGreenLantern,43,1.716439874968181,100 µM,1.1592908048357438,3.6446670025058636,11.460755425061798,2.9819893210019206
1866,mGreenLantern,44,1.751770648183848,100 µM,1.1831533596003951,5.165387484144748,16.37218751462323,4.4163416836212175
1867,mGreenLantern,46,1.6149784103559681,100 µM,1.0907632993370229,3.9830202129344756,12.299157498807356,3.064867349226176
1868,mGreenLantern,1,1.5491536109933655,100 µM,1.0463049493860015,2.8814313980582904,8.3602671331157,1.902454330090015
1869,mGreenLantern,2,1.6366448325994642,100 µM,1.105396893234997,2.802224540351962,8.850826471955529,2.0967913490850565
1870,mGreenLantern,3,1.6900977404022364,100 µM,1.1414992149132528,3.0292343397553037,9.917507472017126,2.4708161690765276
1871,mGreenLantern,4,1.7619549014220015,100 µM,1.1900318476297698,3.257649742570268,10.4763245881686,2.6823264556044206
1872,mGreenLantern,6,1.7314379370401154,100 µM,1.1694205598617806,4.702477244172295,15.198748308976011,4.028136242537809
1873,mGreenLantern,8,2.026752055093856,100 µM,1.3688769734482018,4.460392617283208,15.60476564505946,4.722941252160603
1874,mGreenLantern,9,1.6615581007397815,100 µM,1.122223420685609,2.6840750019022925,8.036287270238994,1.9859810469821286
1876,mGreenLantern,11,1.6394692843575533,100 µM,1.107304539986629,4.621297468595109,14.431842657592345,3.660261101621682
1877,mGreenLantern,12,2.020016283692922,100 µM,1.3643276047447261,4.186091729290127,13.890394999440042,4.255303481343218
1878,mGreenLantern,13,1.7829088153123573,100 µM,1.2041842103502292,3.2521092868882584,10.019633431672816,2.608984834724909
1879,mGreenLantern,14,1.3998376192637507,100 µM,0.9454562923770974,3.3387316944698244,7.662808904458761,1.7495095423216693
1880,mGreenLantern,15,1.7327728593812952,100 µM,1.1703221720987536,2.8590833168557084,9.082380308154125,2.2413488678627265
1881,mGreenLantern,16,1.5434478266361877,100 µM,1.0424512383203723,2.570739055591119,6.998597396123831,1.5915990791775616
1882,mGreenLantern,17,1.4918207134173558,100 µM,1.0075820660833226,4.994449045290627,14.64800297857606,3.505585311319706
1883,mGreenLantern,18,1.8804207385291583,100 µM,1.2700441787625698,3.663331981915545,11.776375711989154,3.326007632893247
1884,mGreenLantern,19,1.7923571825741103,100 µM,1.2105656778557334,5.082423229828368,15.039645786816052,4.15219657599427
1885,mGreenLantern,21,1.6079827140228184,100 µM,1.0860383762268593,3.535995391135892,10.042431289705538,2.475118911634543
1886,mGreenLantern,23,1.763558706533939,100 µM,1.1911150644357487,3.5729826461413374,11.566863458067061,3.018270191233307
1887,mGreenLantern,24,1.6744980786305423,100 µM,1.1309631368867459,4.506040894174954,12.747860524396387,3.402108559036982
1888,mGreenLantern,25,1.7072995664015207,100 µM,1.153117401485459,5.126179669877652,17.671816061302444,4.746066757853249
1889,mGreenLantern,26,1.77239514384149,100 µM,1.1970832318429183,4.500580361688514,13.423044423138325,3.78344989847757
1890,mGreenLantern,27,1.6370556520826927,100 µM,1.1056743624643592,2.906484233738027,9.07059668504927,2.162186306684809
1892,mGreenLantern,29,1.6096092614796114,100 µM,1.0871369533094524,7.776391289751292,23.396436014599054,6.062125012002024
1893,mGreenLantern,30,1.914887801536071,100 µM,1.293323379972195,4.795044261374545,15.448251036329207,4.44343902325138
1895,mGreenLantern,32,1.6000231110564413,100 µM,1.0806624264696705,5.109419141602776,13.890729518104827,3.4432243872926347
1896,mGreenLantern,33,1.674464505033658,100 µM,1.1309404611363623,5.99129164610726,20.745523575451013,5.514044179489776
1897,mGreenLantern,34,1.7024229220200275,100 µM,1.1498236950921468,2.6429571522412076,7.7079250089828,1.944183501324079
1898,mGreenLantern,35,1.511790855221036,100 µM,1.0210699849448566,4.905603638367859,13.011641433439248,3.0533283577904786
1899,mGreenLantern,36,1.8451939558579264,100 µM,1.2462518596547052,2.4215908793598797,8.099505177178546,2.0237092878369274
1900,mGreenLantern,37,1.522109869424321,100 µM,1.0280394911042607,4.057312394265908,10.29389656208466,2.3784004515496746
1901,mGreenLantern,38,1.9301670540449765,100 µM,1.303643052217438,4.457796898839717,15.410991992051066,4.555687094670883
1902,mGreenLantern,39,1.8570269080341837,100 µM,1.2542438859715317,5.298475213401358,16.14566712783048,4.7316017960519865
1903,mGreenLantern,2,1.821006712396086,100 µM,1.2299156923653296,3.900985552139356,12.497020049365908,3.3686028041621157
1904,mGreenLantern,3,1.654193831210652,100 µM,1.1172495616684908,3.120680943185937,8.88195409951325,2.1529740876283805
1905,mGreenLantern,4,1.7169198115850075,100 µM,1.1596149560716273,4.13575745677008,12.141894571731406,3.227831997966578
1906,mGreenLantern,5,1.7754295442448464,100 µM,1.199132678804098,3.1391822869372743,9.67737646874667,2.585202607308817
1907,mGreenLantern,6,1.6318318827828342,100 µM,1.1021462064221783,2.9164163915106904,8.402649536057123,1.9774076377422407
1908,mGreenLantern,7,1.618976334993472,100 µM,1.0934635146712597,2.6724057686941243,7.342989993367643,1.7527667403153047
1909,mGreenLantern,8,1.480260478760253,100 µM,0.999774234340908,3.7586421556044165,9.892569080714917,2.464348957729531
1911,mGreenLantern,10,1.8371340246400616,100 µM,1.2408081477689903,4.918194706820421,16.710745886801895,4.7409695575537905
1912,mGreenLantern,12,1.784672869151942,100 µM,1.205375659829637,2.3188088673207323,7.723888655492254,1.9677197167537994
1913,mGreenLantern,13,1.6347342194289447,100 µM,1.1041064569590264,3.805257255387203,10.751237094811321,2.928115747848594
1915,mGreenLantern,15,1.7474501019104425,100 µM,1.1802352442386677,3.637128864215849,11.59421121476681,2.995833014844232
1916,mGreenLantern,16,1.7855561491973062,100 µM,1.2059722309356913,4.328689106497323,14.243673637164417,3.867064699364853
1917,mGreenLantern,17,1.7538377281662028,100 µM,1.1845494742277416,4.199774261440391,13.784768355510753,3.6766991286970567
1918,mGreenLantern,18,1.7567338646724537,100 µM,1.1865055371637114,3.3942503524104555,11.210265248148545,2.894524332599655
1919,mGreenLantern,19,1.5761933384387772,100 µM,1.0645676965115374,3.83424027037622,10.221373779390447,2.4364456835449233
1920,mGreenLantern,20,1.8321665563858123,100 µM,1.2374530985450427,4.209422679006703,14.112953614081455,3.9158879192440414
1922,mGreenLantern,23,1.7649508469122204,100 µM,1.1920553219787704,6.359156601928691,13.880056177608331,3.832021940733547
1923,mGreenLantern,24,1.680515752127888,100 µM,1.1350274992065188,5.6678562662329695,11.132497790522505,3.022216858400253
1924,mGreenLantern,25,1.8550101668158545,100 µM,1.2528817703598878,4.245454998168604,14.973444944586667,4.185225842150419
1925,mGreenLantern,26,1.879034364084923,100 µM,1.2691078155559699,3.572798440518099,12.598581682599416,3.469391410829389
1926,mGreenLantern,27,1.69426940008788,100 µM,1.1443167716392408,3.6797288256220377,10.584613851259142,2.669435103792075
1927,mGreenLantern,28,1.6189839166885827,100 µM,1.093468635380441,2.755489083861748,7.917555453547441,1.890500007238163
1928,mGreenLantern,29,1.640965345556932,100 µM,1.1083149860949981,9.140480864641862,16.28981191297545,4.312156452423925
1929,mGreenLantern,30,1.862767725684067,100 µM,1.2581212586723214,5.038585733978139,17.88111103650446,5.1595538370554905
1930,mGreenLantern,31,1.7001288252609421,100 µM,1.1482742523665397,5.245373612464565,17.59979718266672,4.869590429821455
1931,mGreenLantern,32,1.8372812286286766,100 µM,1.2409075699700969,4.554120435191764,17.34337852803082,4.8989949801428105
1932,mGreenLantern,33,1.5043512797314609,100 µM,1.0160452639611952,4.9589313540024165,13.145165449629058,3.223521562700327
1933,mGreenLantern,34,1.9152907296084307,100 µM,1.2935955193090334,5.061088013623508,18.963069597338325,5.603089110967019
1934,mGreenLantern,35,1.8495508935313643,100 µM,1.2491945539230684,2.709037548284444,8.972272659720032,2.2978457902212237
1935,mGreenLantern,36,1.4426967000755384,100 µM,0.9744034981682343,3.179536591080286,8.161327274216891,1.914547588562657
1936,mGreenLantern,37,1.6318387812079216,100 µM,1.1021508656478747,3.234765304514778,9.666443721813694,2.4053602018613276
1937,mGreenLantern,38,1.6524720412389542,100 µM,1.1160866573855284,3.4127994656260996,9.918762780919012,2.6388542852651353
1938,mGreenLantern,39,1.608490554622264,100 µM,1.0863813739314951,6.424612065578966,19.455894076128086,4.953515620697445
1939,mGreenLantern,40,1.6333826613048346,100 µM,1.1031936088433818,4.87093119886674,13.24309867033634,3.603210084888616
1940,mGreenLantern,41,1.6797794373081603,100 µM,1.134530189040038,3.501332511539419,10.685280005380537,2.653981939106102
1941,mGreenLantern,42,1.5565290348800611,100 µM,1.0512863421037455,6.283602973923783,16.949401042183567,4.176352730433554
1942,mGreenLantern,43,1.7282235182557333,100 µM,1.167249527719047,3.4241817986125587,10.051774996180141,2.6595081876608475
1943,mGreenLantern,44,1.744489162384454,100 µM,1.1782354130670591,3.231392638218547,9.771412517693312,2.5144774373083862
1944,mGreenLantern,45,1.4276732147838516,100 µM,0.9642565721912552,3.5875692402594814,8.628583255359292,1.9098774726261007
1945,mGreenLantern,46,1.3963235708746715,100 µM,0.9430828891227113,3.2814562666847205,7.911199081113389,1.6560093507628975
1946,mGreenLantern,47,1.586245115724597,100 µM,1.071356709718262,3.763981466306775,10.212761566374478,2.4240367893157884
1947,mGreenLantern,48,1.5837073978470873,100 µM,1.069642724251268,3.6274291215760295,9.503702232778327,2.2927225774967916
1948,mGreenLantern,1,1.4916561967228241,100 µM,1.007470950806875,1.9504140536888261,6.2027671076742905,1.296629033750627
1949,mGreenLantern,2,1.4947578129442083,100 µM,1.009565795617939,2.5661557369430756,7.9144393075444,1.7368537728594966
1950,mGreenLantern,3,1.5947173409387183,100 µM,1.0770788867257208,2.5993865001511685,7.360669560140362,1.659978193373393
1951,mGreenLantern,4,1.3845883646379875,100 µM,0.9351568808299414,2.2867877750795813,5.141802380243158,1.0344112973029067
1952,mGreenLantern,5,1.3717539600257107,100 µM,0.9264884692709116,3.0521782702941915,7.31574483199459,1.5043423179207611
1953,mGreenLantern,6,1.8665931691303725,100 µM,1.2607049794751275,3.0775778644006624,10.953150571906358,2.9380350037940968
1954,mGreenLantern,7,1.8991124618533244,100 µM,1.2826686483360474,3.2085757206886028,11.324369027259735,3.1697659343345204
1955,mGreenLantern,8,1.537900801843731,100 µM,1.0387047541411871,3.2070979066522214,8.27488296854382,2.0220305287832687
1956,mGreenLantern,9,1.3983473400386262,100 µM,0.9444497514387749,2.053674182177909,5.639554798155187,1.3385064171592298
1958,mGreenLantern,11,1.5805313899156275,100 µM,1.0674976349622565,4.847622951649052,13.703284531210818,3.4225930834676883
1959,mGreenLantern,12,1.5475044426049698,100 µM,1.0451910940298221,4.499909495916925,12.2887289737734,2.995088925873058
1960,mGreenLantern,13,1.5108408575884322,100 µM,1.020428352496115,4.489979712639376,12.763114272807854,3.0224964498194176
1961,mGreenLantern,14,1.545653517469616,100 µM,1.043940971307117,4.738377812205177,12.787100113468451,3.0619916115904973
1962,mGreenLantern,15,1.6508155353617895,100 µM,1.1149678462581716,4.1431386173655005,12.616325053988419,3.1593884797057146
1963,mGreenLantern,16,1.551686501470551,100 µM,1.048015674406248,3.4531183366833678,10.740924960916336,2.7661121670733473
1964,mGreenLantern,18,1.658881269980683,100 µM,1.1204154777856679,3.851984348566477,12.096837324657486,3.133145633114058
1965,mGreenLantern,19,1.6485336629927156,100 µM,1.1134266599376632,3.8448543478498425,12.174729576269023,3.1577970315166786
1966,mGreenLantern,20,1.6194062353355987,100 µM,1.0937538711940202,6.425168162245914,12.782014906902225,3.2479174968408913
1967,mGreenLantern,21,1.7744620195363685,100 µM,1.1984792084936329,5.281913016693003,17.514741308838545,4.835232386021685
1968,mGreenLantern,22,1.4714859961624385,100 µM,0.9938479114086665,5.137834258745449,12.161768623477492,2.993627490956629
1969,mGreenLantern,23,1.631645830182602,100 µM,1.1020205457032621,6.158937596904657,18.35109321271032,4.734340362346153
1970,mGreenLantern,24,1.582028622134998,100 µM,1.0685088719825175,3.8005781303832062,10.17172042839754,2.4722587926965267
1971,mGreenLantern,25,1.5956532769735818,100 µM,1.0777110219114359,3.6010013900730677,9.817253364249382,2.340399074327991
1972,mGreenLantern,26,1.549981178768428,100 µM,1.0468638921873192,3.3752386779767245,9.620359855635188,2.242536116195366
1973,mGreenLantern,27,1.5210813632399247,100 µM,1.0273448336451352,6.312258212885755,10.809519158688303,2.50847381919891
1974,mGreenLantern,28,1.5500444597570964,100 µM,1.046906632436689,2.4567440033449426,6.783257172748344,1.588535058251773
1975,mGreenLantern,29,1.6425358957296605,100 µM,1.109375742373345,3.687806113137223,10.292025769800441,2.5217368261726936
1976,mGreenLantern,30,1.7548547283784348,100 µM,1.1852363605042437,2.8960657811441255,10.132524405827843,2.5788611887542268
1977,mGreenLantern,31,1.8296071888111847,100 µM,1.235724490780372,2.957663743899022,10.38825711360906,2.72717577493714
1978,mGreenLantern,32,1.5502738615217777,100 µM,1.047061571365973,4.691652705269518,13.609413496766903,3.265315049500957
1979,mGreenLantern,33,1.6722345273458854,100 µM,1.1294343247047138,3.6794878049603588,10.713605043431144,2.6697120957888814
1980,mGreenLantern,34,1.6666414924636455,100 µM,1.1256567651148526,5.107548006156751,13.878893755675543,3.618667867539689
1983,mGreenLantern,1,1.643102765208702,100 µM,1.109758608434766,4.2742494693207265,13.322119068408636,3.365756136623178
1984,mGreenLantern,2,1.4277924261182853,100 µM,0.9643370880344587,4.395316213309274,11.847342861066778,2.645560413373042
1985,mGreenLantern,3,1.585349807027849,100 µM,1.0707520144098122,4.810420985937518,13.559644197966353,3.3607929461700126
1986,mGreenLantern,4,1.6328001171839597,100 µM,1.1028001560620813,3.5405885211072605,11.263316200492014,2.852246795646418
1987,mGreenLantern,6,1.5414316801224577,100 µM,1.0410895243747487,4.625890598566476,14.343457586758417,3.4542130043395707
1988,mGreenLantern,7,1.6678147252485152,100 µM,1.1264491715365785,4.672835884632954,14.756452056631177,3.7935388000004804
1989,mGreenLantern,8,1.5836733527947284,100 µM,1.0696197300778483,3.993792745745581,11.89396214238954,2.865502769668412
1990,mGreenLantern,9,1.5931200736419222,100 µM,1.0760000855879444,3.798168815771841,10.671313497363212,2.641693364236883
1991,mGreenLantern,10,1.732931633882679,100 µM,1.170429409073483,6.343918992336759,13.61654176422788,3.581315439015621
1992,mGreenLantern,11,1.7651277226948423,100 µM,1.1921747846359727,3.5232347274104554,12.21090179111505,3.2012658631143176
1993,mGreenLantern,12,1.5829436365733836,100 µM,1.0691268766328301,2.3204825178222537,7.240619767111019,1.6396537149114987
1994,mGreenLantern,13,1.6442387927990663,100 µM,1.1105258863096017,2.066843792263536,6.36887812341224,1.4189106341431739
1995,mGreenLantern,14,1.596056781360699,100 µM,1.077983550493717,3.876266667365688,10.42186814397581,2.486663472040658
1997,mGreenLantern,16,2.027135795941018,100 µM,1.3691361536513902,6.403680111290757,16.652250229685173,5.084268958164286
1998,mGreenLantern,17,1.9677804313629788,100 µM,1.3290472875183603,4.723482558992908,16.00793954512757,4.7780892253245595
2000,mGreenLantern,19,1.5852753054664939,100 µM,1.0707016957378421,2.951210389198379,8.786650889372494,2.032295792778591
2001,mGreenLantern,21,1.7563086689380112,100 µM,1.186218358153026,2.121260161941445,7.196043361133313,1.6975857375369976
2002,mGreenLantern,22,1.4510741278691632,100 µM,0.9800616485939839,2.2373572999006175,5.607269633983759,1.3063109034651863
2003,mGreenLantern,23,1.6513111907654532,100 µM,1.1153026140296585,2.31486776334357,6.78531197710451,1.5815966150834917
2004,mGreenLantern,24,1.52379503063582,100 µM,1.0291776561665196,3.1175395385373905,7.959723305792353,1.817977276090567
1513,mGreenLantern,3,1.7971052918901387,1000 µM,1.213772571118178,3.217528114853118,11.23595053134992,3.257652793721586
1514,mGreenLantern,4,1.9382923608553004,1000 µM,1.3091309190568474,3.2839373901623157,12.695160011142844,3.630527141008862
1515,mGreenLantern,5,1.7131593881778675,1000 µM,1.1570751500803063,4.246614584478056,13.81307455433056,3.955427136475965
1517,mGreenLantern,9,1.932839211340659,1000 µM,1.3054478386402755,2.677371399632903,9.085538328668928,2.5172150958416113
1518,mGreenLantern,10,1.6427676729392082,1000 µM,1.109532285688213,2.153057253484912,6.22080352157668,1.5584567449816324
1519,mGreenLantern,12,1.7773838540433746,1000 µM,1.2004526279688048,3.4178802419660403,10.342083662988275,3.0520934497013186
1520,mGreenLantern,14,1.8944582970516601,1000 µM,1.2795252055988764,2.935282363938671,9.617051682279145,2.769349458317022
1521,mGreenLantern,15,1.7931276127512006,1000 µM,1.211086029679933,5.454999591403032,15.277136069692942,4.556676580847173
1522,mGreenLantern,16,1.6172492719422702,1000 µM,1.0922970489279333,6.238981659225122,17.240863514418486,4.542695999526677
1523,mGreenLantern,17,1.6976589605601387,1000 µM,1.1466060952241972,3.0331024835800515,8.740641351824067,2.4236109526656606
1524,mGreenLantern,18,1.9769743559310913,1000 µM,1.335256903344469,4.262145713649907,14.25881226833783,4.1412844252429055
1525,mGreenLantern,19,1.8330243089230718,1000 µM,1.2380324282633575,5.469553049722045,16.571440127310826,4.669379858366063
1526,mGreenLantern,20,1.7994905123232923,1000 µM,1.2153835591615036,5.036826942094399,15.426233378406083,4.246950012297502
1527,mGreenLantern,21,1.6340244940062174,1000 µM,1.1036271053845699,2.984691526547374,8.766105257263469,2.0919454573178573
1528,mGreenLantern,22,1.5888384678836758,1000 µM,1.0731082708160702,3.0602701366584175,8.281900103763684,2.0372201470623823
1531,mGreenLantern,28,1.6449363389828904,1000 µM,1.1109970119742105,4.605649039906282,14.167505920668475,3.8562984954629314
1532,mGreenLantern,30,1.7701895084327748,1000 µM,1.195593536290261,2.395205667466634,8.874288307877181,2.2089887306792586
1533,mGreenLantern,31,1.5873735451183122,1000 µM,1.0721188557387071,3.109037049163136,9.992329123800571,2.358869964442364
1534,mGreenLantern,1,1.5179231248819884,1000 µM,1.0252117460017927,4.736418891606948,12.378694597474166,2.9359781058376995
1535,mGreenLantern,2,1.6438450340935666,1000 µM,1.1102599400022088,3.1376645032602197,8.363066851192976,2.049787098670115
1536,mGreenLantern,3,1.737598070310635,1000 µM,1.1735811401193377,4.8970878835824685,14.128587409060641,3.7639896821181016
1537,mGreenLantern,4,1.769044195722915,1000 µM,1.1948199872061567,6.433653541243961,18.787323597465406,5.527898828619815
1538,mGreenLantern,5,1.667935191143024,1000 µM,1.126530534715002,2.7630732085397014,7.580749163801822,1.9207425111893601
1539,mGreenLantern,6,1.7878085302328852,1000 µM,1.2074934986839028,3.7989197558447456,11.743707182753127,3.443443816885964
1540,mGreenLantern,7,1.6591567000553573,1000 µM,1.1206015044316353,4.375190013117865,12.088713256272257,3.1168535005409357
1541,mGreenLantern,8,1.8393473581519233,1000 µM,1.2423030426533122,5.354752342017358,18.904952133827194,5.413940242941807
1542,mGreenLantern,9,1.9439742789634509,1000 µM,1.3129685107561957,5.050041518647226,18.372744702819364,5.587830240483379
1544,mGreenLantern,11,1.9241162068479174,1000 µM,1.2995562842395345,4.148296676182838,14.42881196032587,4.185570509379411
1545,mGreenLantern,12,1.867014870157427,1000 µM,1.2609897981455531,6.007321095629914,19.704814712939644,5.858032400383137
1546,mGreenLantern,13,1.6224265462499998,1000 µM,1.0957938020543279,4.466804685707664,13.694390799573165,3.5635875825151277
1547,mGreenLantern,14,1.743884028976349,1000 µM,1.1778267033849166,3.782813036062479,12.341755112206917,3.3357155529861395
1548,mGreenLantern,1,1.796282570126154,1000 µM,1.2132169013333896,2.7750527239213727,9.725452483386691,2.507141379105854
1549,mGreenLantern,2,1.6054555253462024,1000 µM,1.084331502227011,3.4734016763805893,11.01973514248349,2.941972779505761
1550,mGreenLantern,3,1.8712020342233915,1000 µM,1.2638178265960698,3.847391218595109,12.291336045791411,3.5857929149815932
1551,mGreenLantern,4,1.8367614098970537,1000 µM,1.240556482183953,4.032690436017716,13.80092220697112,3.8021084764576
1552,mGreenLantern,5,1.9854754326150572,1000 µM,1.340998566757589,3.925225147619547,12.932865842246983,3.9051070829618024
1553,mGreenLantern,6,1.9418258617496942,1000 µM,1.3115174606162046,4.149250680386531,15.07162602205605,4.394570623960582
1554,mGreenLantern,7,1.355520719251455,1000 µM,0.9155244692865669,2.3304614988749233,6.0485163664750825,1.3214494459772743
1555,mGreenLantern,8,1.7129048383293877,1000 µM,1.1569032260280756,4.425508356252573,14.045765786475304,3.782583745339242
1556,mGreenLantern,11,1.7830155183451897,1000 µM,1.2042562780332366,3.771843732377652,13.74928779798028,3.691010724324792
1557,mGreenLantern,12,1.6794819579750966,1000 µM,1.1343292702310086,2.8441734744784846,9.60796146580036,2.3557383476948246
1558,mGreenLantern,14,1.8011838535787497,1000 µM,1.216527249060305,1.9347656250000003,7.437811818218939,1.7957862679306238
1559,mGreenLantern,15,1.7430029225344803,1000 µM,1.1772316003399241,1.9272724236726892,7.121927293562245,1.6694051513631654
1560,mGreenLantern,16,1.7264591621653147,1000 µM,1.1660578740981382,4.223289044877652,14.685198685381224,3.8912915954392187
1561,mGreenLantern,18,1.5464135457029853,1000 µM,1.0444542976142077,3.8111395780258013,10.25760179691006,2.4129472799329417
1562,mGreenLantern,19,1.4154899282703988,1000 µM,0.9560279285704077,3.1531987552997442,8.51042982825149,1.9333565528087175
1563,mGreenLantern,20,1.5123526105446803,1000 µM,1.0214493968839322,4.438814356771635,12.784433176576831,2.9912051045486514
1564,mGreenLantern,21,1.4687571023962398,1000 µM,0.9920048049319038,3.9575668382214215,11.902978894358654,2.711723880834286
1565,mGreenLantern,22,1.7765321569819212,1000 µM,1.1998773881446503,2.710076975484621,8.646592187445309,2.274460103977621
1566,mGreenLantern,23,1.6937711962936517,1000 µM,1.1439802826739085,2.5646772028639093,7.3624915332782965,1.91063171937841
1567,mGreenLantern,24,1.8825096695105308,1000 µM,1.271455051647754,4.643464763576445,15.534724926235803,4.463539636005296
1568,mGreenLantern,25,1.7850118527145407,1000 µM,1.2056046107721325,2.2662025732271185,7.758905092627139,2.0248104995990706
1569,mGreenLantern,2,1.8481974164438306,1000 µM,1.2482804097313513,2.9810901161805416,10.496570989593767,2.8615064644828143
1570,mGreenLantern,3,1.8839658497385694,1000 µM,1.2724385619781582,3.25068334376427,11.493861225711527,3.332861004009822
1572,mGreenLantern,5,1.7648378561542672,1000 µM,1.191979007539426,6.18820400350357,17.22705942936666,4.971334891036789
1573,mGreenLantern,6,1.8042229751862,1000 µM,1.2185798847428453,8.430128641381417,26.01601668424136,7.592806280641474
1574,mGreenLantern,7,1.5373295443957105,1000 µM,1.0383189244268218,2.57504277766828,6.878256127254412,1.5887616391516945
1575,mGreenLantern,8,1.5883700948820996,1000 µM,1.072791929695196,4.819732658168165,12.600908382443418,3.252382326441939
1576,mGreenLantern,9,1.336001338271001,1000 µM,0.9023409962056089,3.2466781913978875,7.182423037813754,1.7618988231265342
1579,mGreenLantern,12,1.5371418301435618,1000 µM,1.0381921414211215,3.0977416656319017,8.872728988121612,2.0753068772968386
1580,mGreenLantern,13,1.7975516928146416,1000 µM,1.2140740722045797,3.447484322132955,11.540845219651203,3.0806475452187745
1581,mGreenLantern,14,1.57099417551154,1000 µM,1.061056159718266,3.6161647603975875,10.227806631763915,2.569912136098135
1582,mGreenLantern,15,1.4913815473804706,1000 µM,1.0072854514708436,2.5780193007457557,7.328418539081627,1.6324393046651346
1584,mGreenLantern,1,1.8683479151042712,1000 µM,1.2618901423823927,3.7782297174144364,13.097953833785628,3.6786511754762152
1585,mGreenLantern,2,2.0143914038133115,1000 µM,1.3605285369079578,2.8702707264327065,11.763959224922075,3.352718190753365
1586,mGreenLantern,4,1.6636762782263452,1000 µM,1.1236540467850107,4.437344897391031,13.279748279242837,3.626034114655918
1587,mGreenLantern,5,1.6677476462346361,1000 µM,1.1264038660847993,3.5978027327325464,10.88325718143387,2.700961576958526
1588,mGreenLantern,6,1.5255651525756935,1000 µM,1.030373204066717,4.169002624091272,10.077408744241072,2.3105136348625352
1589,mGreenLantern,7,1.4566189988500842,1000 µM,0.983806678079681,3.691103647434684,10.72682578042727,2.3983142742987114
1590,mGreenLantern,8,1.7334324793050129,1000 µM,1.1707676822056932,4.072404723286538,12.937878738787962,3.391989622562433
1591,mGreenLantern,9,1.887773767605692,1000 µM,1.2750104459301124,2.337640609455378,7.986855778663563,2.00486161817414
1592,mGreenLantern,10,1.6673293911955118,1000 µM,1.126121374849304,6.028691288290634,18.74344658915691,4.912614284481934
1593,mGreenLantern,11,1.490663699323207,1000 µM,1.006800613834413,2.72728775852726,7.1380476650438665,1.637875570842167
1594,mGreenLantern,12,1.6295933413401555,1000 µM,1.1006342859939786,2.403976031820727,7.242281057886515,1.66269647976804
1595,mGreenLantern,13,1.6843223779519336,1000 µM,1.1375985105070738,3.647442676025695,11.711558876030328,2.9848310469311436
1596,mGreenLantern,14,1.6858052521262836,1000 µM,1.1386000500425524,2.8404724508683135,9.43399634150621,2.356195721964442
1597,mGreenLantern,15,1.7320231696637973,1000 µM,1.169815828469332,4.565480066511233,10.399592976103524,2.633730956722518
1598,mGreenLantern,16,1.780183911264867,1000 µM,1.202343798546481,3.1143672209523623,11.20200092957311,2.930708177394013
1599,mGreenLantern,17,1.684032900931875,1000 µM,1.1374029964943437,4.951408799596664,10.62671278363603,2.743939099091075
1600,mGreenLantern,18,1.6477244887545515,1000 µM,1.1128801402095363,5.1734951151385795,13.22660455570702,3.379236471361635
1601,mGreenLantern,1,1.67368852547561,1000 µM,1.1304163612366194,3.0931583469838584,10.242142513593983,2.5286776009696097
1602,mGreenLantern,2,1.6032391368487497,1000 µM,1.0828345439924045,3.9874505149592174,11.82775681093322,2.9176962247763782
1603,mGreenLantern,3,1.8637706253787312,1000 µM,1.2587986213991798,17.140421022027468,36.48079489984817,11.110707568662685
1604,mGreenLantern,4,1.8804372262743088,1000 µM,1.2700553146558942,4.264589022660453,14.257185406725444,4.264526507329699
1605,mGreenLantern,5,1.7887692569406648,1000 µM,1.2081423775957316,5.534912615478152,17.257414199086764,4.966191577129241
1606,mGreenLantern,6,2.0579127904652195,1000 µM,1.3899230668854168,5.6982693918673055,22.68060830918463,7.234308271744758
1607,mGreenLantern,7,2.1583419787823286,1000 µM,1.4577533685761765,3.927905827284337,12.273217773218038,3.684269152225568
1608,mGreenLantern,8,2.085184525013554,1000 µM,1.408342512596786,7.2035569804814354,18.356625869882052,5.785973380052905
1609,mGreenLantern,9,1.9342037721156384,1000 µM,1.306369468801718,2.4564385638133612,8.537499053195775,2.3748840063244097
1611,mGreenLantern,11,2.0028316331990474,1000 µM,1.3527210185820537,3.5037991645555606,13.200234916925279,3.841595957833371
1612,mGreenLantern,12,1.9090580446600809,1000 µM,1.289385937339147,4.143959856822683,13.689484287555414,4.24335322046222
1614,mGreenLantern,14,1.824006866648198,1000 µM,1.2319420093300453,3.610653319473995,11.810720984495214,3.5098544307840873
1615,mGreenLantern,15,1.8614490821164695,1000 µM,1.2572306411883853,5.98432965802218,20.636799295940982,6.479823821381739
1616,mGreenLantern,16,1.694960148186518,1000 µM,1.1447833058481502,5.785249450541153,12.119712896778568,3.3025966077164077
1617,mGreenLantern,17,1.885570506514578,1000 µM,1.2735223540016793,2.30090614897349,9.038168422744448,2.3442913642445378
1618,mGreenLantern,18,1.996754833902301,1000 µM,1.3486167224454464,4.539368257467181,18.35412342493131,5.5625357279621905
1619,mGreenLantern,19,1.7377812506252648,1000 µM,1.17370486088432,2.897733988658732,8.720389133626883,2.2992609645368702
1622,mGreenLantern,24,1.9352640471933777,1000 µM,1.307085583106766,5.502057873513542,19.205008525310983,5.77259036466717
1623,mGreenLantern,25,1.5805684530789024,1000 µM,1.0675226675806484,4.180266205021396,10.773863062818174,3.0223608824531984
1624,mGreenLantern,26,1.7301083442836782,1000 µM,1.1685225472490508,2.803837300943404,8.424496313213565,2.164114486960703
1625,mGreenLantern,27,1.5737059001946703,1000 µM,1.0628876701231715,3.315815101229609,11.097651696730956,2.6398872745208815
1628,mGreenLantern,1,1.6746383019286,1000 µM,1.1310578442997072,5.052739037968768,15.812243184817499,4.127553783835418
1629,mGreenLantern,2,1.8060474293920397,1000 µM,1.2198121288869712,4.787323951109446,16.077822709696036,4.53892865017511
1630,mGreenLantern,3,1.6627738386799495,1000 µM,1.1230445352703262,4.690382786066477,15.504595799823706,4.135673584036065
1631,mGreenLantern,4,1.6549657142823881,1000 µM,1.1177708947839244,2.5378435306481264,8.484190478061228,2.022665912960229
1632,mGreenLantern,5,1.4273281421956354,1000 µM,0.9640235086949138,2.6911249735664775,6.943422432114542,1.6005615758906138
1633,mGreenLantern,6,1.6253186897064076,1000 µM,1.0977471680674202,6.777998580411961,17.137435674704065,4.624860237814283
1634,mGreenLantern,7,1.8372628734381051,1000 µM,1.2408951727961786,3.5319258839250254,11.060542206368238,3.005286622613896
1636,mGreenLantern,9,1.9327555237849294,1000 µM,1.305391315708566,3.360414106667874,11.491766331187039,3.523358300047143
1637,mGreenLantern,10,1.9132413411963023,1000 µM,1.2922113536435966,5.189605711583166,16.801556835519072,4.959386044989955
1638,mGreenLantern,11,2.0261799817539154,1000 µM,1.3684905926769575,5.030461491171486,17.726633375227042,5.556701297329781
1639,mGreenLantern,12,2.1553564529044595,1000 µM,1.4557369316777524,2.8440798262560203,12.081296719192116,3.623969613780859
1640,mGreenLantern,13,2.010499539443925,1000 µM,1.3578999551307014,4.318424203873759,16.72094460523277,5.079821875282191
1641,mGreenLantern,14,1.9306384748069374,1000 µM,1.3039614518086617,2.976896620997048,11.047490757299126,3.0398067252912377
1642,mGreenLantern,1,1.677085623224349,1000 µM,1.1327107755302248,4.323600004719667,11.468182087424502,3.0188176206994504
1643,mGreenLantern,2,1.8369807641633198,1000 µM,1.2407046349899977,3.5815674076437403,11.013300202946485,3.0142999559342325
1644,mGreenLantern,3,2.1064013276063682,1000 µM,1.4226724314669825,4.549630417843639,16.48270067322714,5.474563890101167
1645,mGreenLantern,4,2.150649495146031,1000 µM,1.4525578323526462,3.6977738004566296,13.21939575398115,4.156929518114086
1646,mGreenLantern,5,1.9682704309341847,1000 µM,1.3293782353165073,5.015318626423125,16.667623285496038,4.980691279864044
1647,mGreenLantern,6,2.0524387628107377,1000 µM,1.3862258852842406,4.692864079508274,16.957618746990274,5.182888760102867
1648,mGreenLantern,7,1.9629413993971248,1000 µM,1.325778984710827,3.237844300601142,10.844401547058036,3.065344590598201
1649,mGreenLantern,8,1.7311491841532891,1000 µM,1.1692255349317209,3.3321144124291298,9.885443795187653,2.7909981146129654
1650,mGreenLantern,9,1.795601557442425,1000 µM,1.2127569424651896,5.4826223106586465,17.387742386958433,5.131459962858851
1651,mGreenLantern,10,1.6674727989567455,1000 µM,1.1262182330622625,4.770523402255303,15.33218145859863,4.048875843258566
1652,mGreenLantern,11,1.79926835456042,1000 µM,1.215233512861906,8.08084600431086,28.138602806750743,8.117999859440726
1653,mGreenLantern,12,1.8875380350020454,1000 µM,1.2748512311252171,3.4961132321873176,12.117988160386735,3.6385014312949115
1655,mGreenLantern,14,1.8818084575586544,1000 µM,1.2709814501077839,3.9679318495415927,13.570001738398545,3.8325095586681055
1656,mGreenLantern,15,1.9314545091197894,1000 µM,1.3045126048604616,3.402325921257076,12.037754118226802,3.368248920356625
1657,mGreenLantern,16,1.6512778623775004,1000 µM,1.115280103894432,3.0891788077749376,8.854783415262617,2.2567076978293237
1658,mGreenLantern,17,1.6055010045621618,1000 µM,1.0843622190832445,3.9804834314616353,11.050988204874308,2.7007988208842133
1659,mGreenLantern,18,1.8859769062263572,1000 µM,1.2737968380985734,2.894757465581256,9.813358825638607,2.591961582617976
1660,mGreenLantern,19,2.0247534483093665,1000 µM,1.3675271059104395,2.3260985161864944,9.048056639698435,2.4247430750081076
1661,mGreenLantern,21,1.6474454163913657,1000 µM,1.1126916535463893,2.2461614524592175,7.4618704170611245,1.7393256015996277
1662,mGreenLantern,22,1.8652729502403576,1000 µM,1.2598132980117187,4.0067716245957925,13.735914323651741,4.255469841306408
1664,mGreenLantern,24,1.524153059196172,1000 µM,1.0294194701816435,4.121804581765909,10.746019953212338,2.719909880813462
1665,mGreenLantern,25,1.883992772713358,1000 µM,1.272456745870042,4.016948966074441,14.202743370447363,4.0482100951741415
1666,mGreenLantern,26,1.890415185485765,1000 µM,1.2767944708206749,3.405122354714521,11.808686239326876,3.263201794861576
1667,mGreenLantern,27,1.5528884216634729,1000 µM,1.0488274564256017,3.4297881620481268,6.020214785903668,1.3220817015809345
1668,mGreenLantern,28,1.7213388914115781,1000 µM,1.1625996214149872,3.974621399308234,12.114169285143841,3.236132625825805
1669,mGreenLantern,29,1.659654739753632,1000 µM,1.1209378825658616,2.7914973370921725,8.700740843843278,2.317633056420834
1671,mGreenLantern,31,1.7831889490971011,1000 µM,1.2043734139020188,4.9882491197486925,17.5937006384032,4.859524404200551
1672,mGreenLantern,32,1.8130922782289784,1000 µM,1.2245702498076194,7.199286063368843,23.97769599506381,6.881669581083539
1674,mGreenLantern,4,2.1678329441809105,1000 µM,1.4641636070447943,3.5611582173239675,14.166004146995297,4.482338426650838
1675,mGreenLantern,5,1.7565269841612863,1000 µM,1.1863658091850076,3.0595197871983832,9.829519400860946,2.7691241000489764
1677,mGreenLantern,7,1.8524348073975914,1000 µM,1.2511423616358888,3.2559062323776513,11.88537833954382,3.3893253728845467
1678,mGreenLantern,8,1.9066567360645672,1000 µM,1.287764083282416,4.527066720401239,14.38553787423842,4.145224144509966
1679,mGreenLantern,9,1.8253554894327233,1000 µM,1.2328528749048275,2.6462963531319015,8.361448478332349,2.3503068391776583
1680,mGreenLantern,10,1.593252345004757,1000 µM,1.0760894222299753,2.1789746077325467,6.632604008638089,1.4621977037262328
1681,mGreenLantern,11,1.9979510957048092,1000 µM,1.349424682763806,5.0340647631220365,18.49732667733496,5.662936346342486
1683,mGreenLantern,13,2.0691727079395434,1000 µM,1.397528063123013,4.788378025295724,17.901982986050054,5.798981608984585
1684,mGreenLantern,14,1.887131611497567,1000 µM,1.2745767309586327,2.9146391405500744,10.454385208863318,2.8190466002225705
1686,mGreenLantern,16,1.6842388454444868,1000 µM,1.137542092295635,3.859978682423732,12.350283933780513,3.1620662026016206
1687,mGreenLantern,17,1.6060034863120958,1000 µM,1.0847015973980876,2.0892646012213243,6.0940522193158655,1.4418437399213608
1688,mGreenLantern,18,1.6074412121873871,1000 µM,1.0856726435800172,3.240489478070857,6.814485724337553,1.625529392148791
1689,mGreenLantern,19,1.7077334704306861,1000 µM,1.1534104621155041,3.708340837096343,12.251429482100761,3.1598544792994083
1690,mGreenLantern,1,1.997030246313178,1000 µM,1.34880273716121,6.2420176439577055,21.491578701127345,6.628547096760155
1691,mGreenLantern,2,1.9319130061179184,1000 µM,1.3048222756865286,3.1479030434981308,11.900255366913273,3.342351199852976
1692,mGreenLantern,3,1.787908805167123,1000 µM,1.2075612248017311,3.2433515959523618,11.723037297036587,3.095876693824986
1693,mGreenLantern,4,1.826653073128698,1000 µM,1.2337292684617391,3.9891573749920037,15.333131689119321,4.251457870698568
1694,mGreenLantern,5,1.8794294338742383,1000 µM,1.269374647374958,6.323019287385615,24.014905006187814,7.102423154959793
1695,mGreenLantern,6,1.70643460748797,1000 µM,1.1525332045498928,5.7152825828057265,18.706316878181838,5.012576499258772
1696,mGreenLantern,7,1.794350792014085,1000 µM,1.2119121701657185,8.005535136359189,17.53430719489518,4.948490869257928
1697,mGreenLantern,8,2.091591360216358,1000 µM,1.4126697163905373,3.276809360980471,13.291793215066539,3.994120227701627
1698,mGreenLantern,9,1.7712295524134138,1000 µM,1.1962959864261284,4.227156856538534,14.665670678997156,3.9993981424091833
1699,mGreenLantern,10,1.9672494837252896,1000 µM,1.328688683221642,7.063608023065117,26.577458476108202,8.256787245442718
1700,mGreenLantern,11,1.9154939129285244,1000 µM,1.2937327501891334,3.535326295423664,12.255593803695959,3.435552398995842
1701,mGreenLantern,12,2.106316260539557,1000 µM,1.4226149768076108,4.234812982645248,16.887626822884357,5.299235390356545
1702,mGreenLantern,13,1.8814917381932674,1000 µM,1.2707675364989466,4.723960243910209,16.502057328380015,4.781202569162627
1705,mGreenLantern,16,2.0656157879340533,1000 µM,1.3951257041962388,3.6852507314612413,14.036702612483747,4.2143241764004795
1706,mGreenLantern,17,2.1227724579520766,1000 µM,1.433729562655396,3.1767279765809615,11.786211806864458,3.615564935254084
1707,mGreenLantern,18,1.7258342197460905,1000 µM,1.165635785325485,4.5465363555363005,14.733360370276062,4.43454046114497
2005,mGreenLantern,1,1.1889166878021644,25 µM,0.8029993965913711,3.2220871071383024,6.138564615550456,1.2266134067036292
2006,mGreenLantern,2,1.3143311636095227,25 µM,0.8877048679085419,3.177414352530514,7.1496952697785465,1.4130529374092498
2007,mGreenLantern,3,1.247767582667722,25 µM,0.842747541731183,4.1629435352181785,10.028737231257296,2.0209969900986207
2008,mGreenLantern,4,1.3169686231790558,25 µM,0.8894862193393005,4.8299469790024165,11.380841154983585,2.3752070735480544
2009,mGreenLantern,5,1.3004038575908383,25 µM,0.8782983060830694,5.4665329689220234,12.07205497608013,2.517497508468424
2010,mGreenLantern,6,1.3235812407425362,25 µM,0.8939524094162353,4.984283125848722,11.219733829367003,2.3983705154425667
2011,mGreenLantern,7,1.2454499564089636,25 µM,0.8411822070812441,3.341443879100233,7.061534075399996,1.3932537133705463
2012,mGreenLantern,8,1.1857990925772044,25 µM,0.8008937594932101,4.063194716904505,7.830176989040823,1.5846193177643209
2013,mGreenLantern,9,1.2192922010514688,25 µM,0.8235151476617298,3.4033867099164494,6.963513216229047,1.3535123766661459
2014,mGreenLantern,10,1.3012144759922644,25 µM,0.8788458012052165,4.168030516264408,9.758819507719307,1.9917563934505371
2015,mGreenLantern,11,1.381271917483057,25 µM,0.9329169382910244,2.641752502260953,6.500330242317801,1.3164209956549098
2016,mGreenLantern,12,1.2386658859230184,25 µM,0.8366002169699625,2.7366230140364856,5.869060175826446,1.1609916905866766
2017,mGreenLantern,13,1.3017575863655355,25 µM,0.8792126202653691,2.202466416093615,5.083241584859878,0.9706807059334102
2018,mGreenLantern,14,1.2489098179851004,25 µM,0.8435190123312937,2.7297173342225824,5.88083114119247,1.151399814310908
2019,mGreenLantern,15,1.3679601067140725,25 µM,0.9239260845796566,4.137478065429941,9.599772353071558,2.0930726196474354
2020,mGreenLantern,16,1.3684296618936467,25 µM,0.9242432241485876,3.7081379180363,8.278870518787139,1.7708162661071685
2021,mGreenLantern,17,1.2641423882296396,25 µM,0.8538071551762834,3.7601548272198677,8.258574278998617,1.664815593153148
2022,mGreenLantern,18,1.2874101474745545,25 µM,0.8695222989078758,3.742787001368985,9.059156617188247,1.8039572928847958
2023,mGreenLantern,19,1.061606241132736,25 µM,0.7170133784757434,2.2867877750795813,4.282072312811694,0.7559441601300756
2024,mGreenLantern,20,1.1433137831089604,25 µM,0.7721990004600401,2.390757907439574,4.722515591105719,0.807085561444136
2025,mGreenLantern,21,1.1986435873702357,25 µM,0.809568986003313,2.4210550039640366,5.3783947615891075,0.9512552486124491
2026,mGreenLantern,22,1.1471945611997638,25 µM,0.7748200945175059,2.373410182661147,4.917316984244546,0.8535124459737463
2027,mGreenLantern,23,1.1428843515399503,25 µM,0.7719089605486399,2.2822044564315385,4.747356062786317,0.8198045854776294
2028,mGreenLantern,24,1.2114873274513158,25 µM,0.8182437027777485,2.0233577036616173,4.377323036727546,0.7620943290445688
2029,mGreenLantern,26,1.1361378766676677,25 µM,0.7673523626750106,2.491166619673738,4.800133959050658,0.882865046160793
2030,mGreenLantern,27,1.069904765775589,25 µM,0.7226182373772767,2.282041628484912,4.167133069192183,0.7050560820437769
2031,mGreenLantern,2,1.4668687049511446,25 µM,0.9907293732515399,6.862920846815352,19.25611197250118,4.535513326443714
2032,mGreenLantern,3,1.4348410297987004,25 µM,0.9690977449923892,4.152645395537672,11.633967736552924,2.6446975062254787
2033,mGreenLantern,4,1.3714044439049027,25 µM,0.9262524045937249,4.147409283178653,9.946515173313285,2.1096185510507217
2034,mGreenLantern,5,1.4614972498071266,25 µM,0.9871014695609646,3.050940671415705,8.621164340691974,1.899999736631118
2035,mGreenLantern,6,1.2366702733269266,25 µM,0.835252371719801,3.4558031825867124,7.227128587220693,1.49828221877595
2036,mGreenLantern,7,1.345572469592494,25 µM,0.9088053790801259,4.251839652668279,10.641504486470637,2.2603607648256574
2037,mGreenLantern,8,1.258287049333994,25 µM,0.8498524343381619,3.2201274806149054,7.265557589239228,1.4138734464452456
2038,mGreenLantern,9,1.2134747123108347,25 µM,0.8195859909795725,3.796821626309189,8.516166873536338,1.615871890860922
2039,mGreenLantern,10,1.216890757712342,25 µM,0.8218932025985884,3.6281487936086054,7.951145267031346,1.5279027674166756
2040,mGreenLantern,11,1.2739649494667704,25 µM,0.8604413548870963,4.017603117566096,9.57008936357292,1.975315576540092
2041,mGreenLantern,12,1.3069555291023414,25 µM,0.8827233329368241,6.8436028674980145,17.280397466540492,3.663624416000019
2043,mGreenLantern,14,1.3190160005295226,25 µM,0.8908690267251222,5.019003050801,12.533376443469885,2.621978030591698
2044,mGreenLantern,15,1.3254504685182722,25 µM,0.8952148938202371,3.5042230529767235,8.4864894538442,1.7670610904306128
2045,mGreenLantern,16,1.351679972510184,25 µM,0.9129304125731381,3.1439834667063336,8.216644849407007,1.678607951339471
2046,mGreenLantern,17,1.3556647248482265,25 µM,0.9156217312801952,2.8696039898883483,7.30340692804872,1.4719271685760915
2047,mGreenLantern,18,1.2776890933912546,25 µM,0.8629566575612546,3.7636262961868407,8.300347686595378,1.6683999734673707
2048,mGreenLantern,19,1.2336643175275994,25 µM,0.8332221363653775,3.598761745161146,8.463386625460773,1.6285123385469658
2049,mGreenLantern,2,1.4124664864434533,25 µM,0.9539858830784276,3.1732719887277105,8.15570776185957,1.7345019746361219
2050,mGreenLantern,3,1.4734339212721634,25 µM,0.9951635483273524,3.6716895617391607,9.812242358545433,2.2303630355789754
2051,mGreenLantern,4,1.5089262405875004,25 µM,1.0191352120160249,3.3586293230843007,8.861287298932332,1.9975136823131627
2052,mGreenLantern,5,1.4562849376757285,25 µM,0.9835810517391778,4.308114403977467,9.98030512393998,2.287749729807074
2053,mGreenLantern,6,1.519009733768472,25 µM,1.0259456462734677,4.244295034894748,12.23060093324165,2.863930363487238
2054,mGreenLantern,7,1.3880797234429296,25 µM,0.937514959442527,4.770262341780765,12.93875621523884,2.8748604803908853
2055,mGreenLantern,8,1.3549810062145773,25 µM,0.9151599448018898,4.735454654363465,12.236435722635594,2.623128725948873
2056,mGreenLantern,9,1.349638932606749,25 µM,0.9115518855260437,3.78432202305829,9.770908727113989,2.060038577909362
2057,mGreenLantern,10,1.4009711603354789,25 µM,0.9462218908466519,4.308012979714519,11.32797053944531,2.5429771755945465
2058,mGreenLantern,11,1.2613919998066943,25 µM,0.851949531116771,3.4644074284494755,7.469089134848363,1.6282023550399554
2059,mGreenLantern,12,1.3106391025375026,25 µM,0.885211234129634,3.49461550263284,7.718199300954317,1.5716076319254038
2060,mGreenLantern,13,1.28063010456399,25 µM,0.8649430290381667,3.93377370109699,8.417911240875892,1.6591203190309023
2061,mGreenLantern,14,1.2087154570281469,25 µM,0.8163715696837561,4.362210790745503,8.898342430487823,1.6750055580143635
2062,mGreenLantern,15,1.1995568596565873,25 µM,0.810185813996719,4.468932343644904,8.954759772537072,1.6932160191784562
2063,mGreenLantern,16,1.2439941166062527,25 µM,0.8401989266755568,4.330081796112407,8.83640102520963,1.740978814347991
2064,mGreenLantern,17,1.079404836565358,25 µM,0.7290346256658977,3.710036390780997,7.066150542201503,1.232374782543744
2065,mGreenLantern,18,1.0654964509124247,25 µM,0.7196408427360682,4.097152343727624,8.013700155234035,1.3591303534154988
2066,mGreenLantern,19,0.9378953274365035,25 µM,0.6334585002668407,3.103320065336758,5.22609032668832,0.7701206155422712
2068,mGreenLantern,21,0.8769531496339058,25 µM,0.5922978937209655,3.4852629709033454,5.5735126333098215,0.787640340259263
2069,mGreenLantern,2,1.1104843526869497,25 µM,0.7500258632757636,3.5054947182402145,6.63209252560553,1.2381056863149584
2070,mGreenLantern,3,1.2275884559310748,25 µM,0.8291184735554954,2.8174957009984865,5.983492948998497,1.1655366422213067
2071,mGreenLantern,4,1.325684897631523,25 µM,0.8953732282421653,3.4630369444658258,7.97265812289313,1.6180491565826847
2072,mGreenLantern,5,1.2592163940128815,25 µM,0.8504801176939669,3.542558192187311,7.828471972437003,1.585199505397961
2073,mGreenLantern,6,1.1884572099721675,25 µM,0.8026890633072814,2.879394422301434,5.915634368097046,1.1573029764223284
2074,mGreenLantern,7,1.2537319442903452,25 µM,0.8467758969836211,2.870529115964134,6.872057917256842,1.3006298991439182
2075,mGreenLantern,8,1.1235964974941164,25 µM,0.7588818617457973,3.217262782138299,5.956380990230652,1.0998723955875744
2076,mGreenLantern,9,1.197346508986152,25 µM,0.8086929337362055,2.994165591863466,6.326631812661435,1.1548705025055175
2077,mGreenLantern,10,1.25986276643628,25 µM,0.8509166803827468,3.225398760522855,7.032616632828811,1.3824387654198582
2078,mGreenLantern,12,1.243399924169937,25 µM,0.8397976065723772,2.72050771861255,6.030243406804159,1.1120842877292123
2079,mGreenLantern,13,1.2150760969879446,25 µM,0.8206675730135559,3.262459222105746,6.895949115565727,1.273060177308923
2080,mGreenLantern,14,1.1506303195462753,25 µM,0.7771406203435691,3.669935380844745,6.9502235690997,1.294494020491098
2081,mGreenLantern,15,1.2209520363276518,25 µM,0.8246362074793694,2.1571411698610827,4.7639118738613,0.83537315702869
2082,mGreenLantern,16,1.1608140346704396,25 µM,0.7840187449284628,2.304914233440082,4.692703066082042,0.8163599370480916
2083,mGreenLantern,17,1.0993702685460396,25 µM,0.7425193634929113,2.8555656361710082,5.362895043295395,0.9616180351812272
2084,mGreenLantern,18,1.0571430872226304,25 µM,0.7139989453085764,3.253408290878812,5.977836143129699,1.0006306346690967
2085,mGreenLantern,19,1.0887650187075775,25 µM,0.7353565325659365,2.975383373874923,6.29660096301805,1.108809026014271
2086,mGreenLantern,20,1.1068220179763888,25 µM,0.7475523068080413,5.616642938780657,7.192819076980599,1.240867404828528
2087,mGreenLantern,21,1.0191220394449412,25 µM,0.6883193676422088,5.227743173996595,5.4037355568449,0.901685268271125
2088,mGreenLantern,22,1.0481601971638936,25 µM,0.7079318630892607,4.021818927515184,7.369741217929225,1.2345600684517484
2089,mGreenLantern,23,1.0812660725602852,25 µM,0.7302917123870907,3.0844984862755394,5.3796907277165875,0.9027766833445524
2090,mGreenLantern,24,1.062507810254375,25 µM,0.7176223021018385,2.6403827420106074,4.743905517466371,0.7663028915224394
2091,mGreenLantern,25,0.9519275960694219,25 µM,0.6429359542891838,3.661192631969823,6.281625922969027,0.9817522998601191
2092,mGreenLantern,1,1.039792099870026,25 µM,0.702280014522802,5.207612369063135,7.253722814051164,1.2089167799431682
2093,mGreenLantern,2,1.1089988448618935,25 µM,0.749022544961377,7.333714696724152,9.21917715265906,1.6364844468100286
2094,mGreenLantern,3,1.1539262707988107,25 µM,0.779366719862681,4.50148954221452,9.914205057903255,1.8429772726251872
2095,mGreenLantern,4,1.1309247003770002,25 µM,0.7638313611963712,3.5255498752730063,7.521095876163825,1.338169881419395
2096,mGreenLantern,5,1.1272497835534836,25 µM,0.7613493067159497,4.041735683361191,8.143633296535166,1.4722597827772645
2097,mGreenLantern,6,1.1343201646039824,25 µM,0.7661246722024221,4.191955033645913,8.320991733610368,1.4993942549878998
2098,mGreenLantern,7,1.130743101774847,25 µM,0.7637087087267348,4.4972037956434425,6.2581407582739255,1.11137757876904
2099,mGreenLantern,8,1.0662263673065584,25 µM,0.7201338313786407,5.002466393769131,6.182483941687315,1.101165300931062
2100,mGreenLantern,9,1.206831127011043,25 µM,0.8150988851615879,4.104075036054194,9.486713793802569,1.8017170087753214
2101,mGreenLantern,10,1.2611194161716188,25 µM,0.8517654269682365,3.785756516268407,8.617424544104553,1.6933999700019904
2102,mGreenLantern,11,1.2829466820460211,25 µM,0.8665076553398354,3.5706864409766266,8.302992845044448,1.7053268494660077
2103,mGreenLantern,12,1.290684896019915,25 µM,0.871734078028223,3.7068662527728096,8.122775019754387,1.678016158953371
2104,mGreenLantern,13,1.3178618384349845,25 µM,0.8900895007289014,3.857541923295003,8.499295063425542,1.7294504028738975
2105,mGreenLantern,14,1.187794197232234,25 µM,0.8022412616778137,3.505657546186841,7.253750255593421,1.4653101139782667
2106,mGreenLantern,15,1.204384792975585,25 µM,0.8134466207308774,3.5531994138069303,7.603624753275671,1.4977683843723184
2107,mGreenLantern,16,1.244343396386653,25 µM,0.8404348317274251,4.129203419079198,9.276329435004836,1.8036911684708188
2108,mGreenLantern,17,1.1378122872866963,25 µM,0.7684832667413094,4.291316867487529,8.622413910321692,1.5805459419128558
2109,mGreenLantern,1,1.0608414657951348,25 µM,0.7164968459542285,3.53037420027301,7.235294330926804,1.229141496240838
2110,mGreenLantern,2,1.130361123398598,25 µM,0.7634507189039105,3.2760672283337735,6.696497265143629,1.167552808249474
2111,mGreenLantern,3,1.122807832636474,25 µM,0.7583491941406599,3.18975615745524,5.968363625754706,1.0353931149057216
2112,mGreenLantern,4,1.1252037185722492,25 µM,0.759967385709899,6.883055757382799,10.086098429990685,1.8207540841888006
2113,mGreenLantern,5,1.148515476542384,25 µM,0.7757122463679715,4.672430532308134,9.68761270253133,1.7588493991319505
2114,mGreenLantern,6,1.2235002507075663,25 µM,0.8263572823288101,4.009095442935941,9.112828012159783,1.796836367202183
2115,mGreenLantern,7,1.3114098241761745,25 µM,0.8857317828082277,4.104745984801433,10.056476731832069,2.1032986784401344
2116,mGreenLantern,8,1.3630286551993258,25 µM,0.9205953612150267,4.170076210550004,10.80125666606803,2.2886802388079848
2117,mGreenLantern,9,1.285272353592646,25 µM,0.8680784238114782,3.037553200209062,6.737778321041356,1.401933917524549
2121,mGreenLantern,13,1.3597090630689177,25 µM,0.9183532945462722,8.410741396731671,11.142023468457571,2.417478596646117
2122,mGreenLantern,14,1.2126061858323178,25 µM,0.8189993844954276,7.605037422776681,9.365712869209558,1.8192262478276513
2123,mGreenLantern,1,1.2753662307408866,25 µM,0.8613877862301117,4.180865673775538,9.204111873501784,1.8741248633076524
2124,mGreenLantern,2,1.4822754023578621,25 µM,1.0011351223237732,4.55671928606248,13.547905573145025,3.197262420825757
2125,mGreenLantern,4,1.574354636461105,25 µM,1.06332582936161,4.543352107361081,13.508904406457102,3.332282923278543
2126,mGreenLantern,5,1.5180912804389513,25 µM,1.0253253189814302,5.390180352251292,14.53286890870036,3.456507395652195
2127,mGreenLantern,6,1.3989946059866545,25 µM,0.9448869176178969,5.3966758405629855,13.220422091310454,2.929295724323093
2128,mGreenLantern,7,1.3939628730717684,25 µM,0.9414884637683409,6.62474293110442,16.266491717989727,3.6911835533882544
2129,mGreenLantern,8,1.2145742330383469,25 µM,0.8203286119636922,3.6136486057615533,7.912015023788054,1.5272705444700532
2130,mGreenLantern,9,1.1256644979897554,25 µM,0.7602785980917381,4.0885770964588355,9.24103626981022,1.6649223611383492
2131,mGreenLantern,10,1.355270721199377,25 µM,0.9153556195370202,6.527365087088171,16.67611539510367,3.714648084729986
2132,mGreenLantern,11,1.4158415356422431,25 µM,0.9562654056874546,2.685349679529989,7.075823694016041,1.5519205265770697
2133,mGreenLantern,12,1.44102079792862,25 µM,0.9732715867176437,2.842757566714604,7.420183047888852,1.6072748375232955
2134,mGreenLantern,13,1.4515995278718865,25 µM,0.9804165059944093,5.1454872005503045,12.17433879232477,2.792933401526383
2135,mGreenLantern,14,1.1437399864523587,25 µM,0.7724868600141076,5.385746221170154,9.731612608389808,1.8321891822132048
2137,mGreenLantern,2,0.9329777253692826,25 µM,0.6301371308780783,3.575620920290627,5.792294106289248,0.8597991612120036
2139,mGreenLantern,4,0.9303019594192219,25 µM,0.6283299071546983,4.105871770903855,4.7043135985316535,0.7134830471678059
2140,mGreenLantern,5,1.0775289056199313,25 µM,0.7277676139125264,3.0743062080522923,5.537933600883773,0.9734814360746282
2141,mGreenLantern,6,1.1197138088784013,25 µM,0.7562594773116661,2.4851117290663676,4.539783158966712,0.7810756702035091
2142,mGreenLantern,7,1.0578503920943818,25 µM,0.7144766620325905,3.109374955944129,5.96918284842852,1.03202232885611
2143,mGreenLantern,9,1.1043381232852574,25 µM,0.7458746737504532,2.862634143931539,5.956165861654667,1.0043659846045858
2144,mGreenLantern,10,1.0667508965761616,25 µM,0.7204881006822069,2.7777473811480426,6.11941099843436,1.0115167137209724
2145,mGreenLantern,11,1.1689577154507642,25 µM,0.789519021625497,2.784330596803732,5.570236012188232,0.9874690111693679
2146,mGreenLantern,12,1.008214526791535,25 µM,0.6809523871221614,2.692490999147703,5.431060101080183,0.8456891365825651
2147,mGreenLantern,13,1.0846649883995616,25 µM,0.7325873546267914,2.870790176438671,5.236844466059805,0.9284719723600457
2148,mGreenLantern,14,1.0349819191121667,25 µM,0.6990311979440753,2.272874991188826,4.8996670813457435,0.7825841611848454
2149,mGreenLantern,15,1.076006170100209,25 µM,0.7267391518545452,4.189657073947786,8.609542434081112,1.4709280907276192
2150,mGreenLantern,16,1.1084447537113273,25 µM,0.7486483094374533,3.820155044025354,8.090335138132078,1.4102957998925216
2151,mGreenLantern,17,1.1683960752368443,25 µM,0.7891396874320198,2.5661251770727285,5.254638273269612,0.9424391648624262
2152,mGreenLantern,18,1.132212238881826,25 µM,0.764700970188381,2.3477370136195113,4.892565144071771,0.8614001929611959
2153,mGreenLantern,19,1.235467469725519,25 µM,0.8344399930425922,2.244425807661147,4.923151504626377,0.8903101936820071
2154,mGreenLantern,20,1.1246044988582984,25 µM,0.7595626701619848,2.506815048362564,4.680699448203224,0.8882021240726782
2155,mGreenLantern,21,1.1900313911949632,25 µM,0.8037522720123145,2.206809986837382,4.871152658069575,0.8455081574342402
2156,mGreenLantern,22,1.1208047931939782,25 µM,0.7569963327667932,2.4645531474263995,4.680884813752214,0.8155083079778861
2157,mGreenLantern,23,1.2584870628474516,25 µM,0.8499875243173542,2.6090702450460723,6.0777283032207965,1.1339943970516884
2158,mGreenLantern,24,1.288688297058417,25 µM,0.8703855665826634,4.510986509063366,10.973043481506606,2.3237314495294608
2159,mGreenLantern,25,1.2259378806280539,25 µM,0.8280036679631838,5.478793209984528,11.182602106320875,2.193854872089916
2160,mGreenLantern,26,1.4125308634836529,25 µM,0.9540293636056714,4.382878736814326,11.820909152274247,2.5952116248980204
2161,mGreenLantern,27,1.2983063378217417,25 µM,0.8768816322940618,4.042714661479454,9.813643734449931,2.0137315855290696
2162,mGreenLantern,28,1.193689303766787,25 µM,0.8062228417486923,4.084025932995516,7.677210929726689,1.4289323861978853
2163,mGreenLantern,29,1.1155467140377835,25 µM,0.753445003701458,4.9674641198720835,9.947391676662528,1.804604965559395
2164,mGreenLantern,30,1.0095571420500375,25 µM,0.6818591951882715,5.149844548737689,8.21417710092071,1.3261234116847291
2165,mGreenLantern,31,1.0373934336302744,25 µM,0.7006599451244109,5.971457740291066,7.138294436616234,1.1730013649884223
2166,mGreenLantern,32,1.1035198305138285,25 µM,0.7453219953261079,4.3392734883837,8.226914601342,1.4374225527215208
2167,mGreenLantern,33,1.0457539106328704,25 µM,0.7063066469136768,3.71461970942904,6.6014942110047725,1.077527940525868
2168,mGreenLantern,35,0.8821775383944418,25 µM,0.5958264681495273,2.750434373664292,4.7117614969144945,0.6846194425180016
2169,mGreenLantern,1,1.2798798634948891,25 µM,0.8644363130235234,5.020136943093074,12.02700283679374,2.5180725607359746
2170,mGreenLantern,2,1.2122711069110415,25 µM,0.8187730707643177,3.2384593974263987,6.850348056289961,1.3354620489305236
2171,mGreenLantern,3,1.3330167835264193,25 µM,0.9003252152147446,3.0624296698776514,8.240967062601381,1.6699435887451206
2172,mGreenLantern,4,1.2033342977846446,25 µM,0.8127371118030428,3.1315051760256942,7.0152185874142114,1.3876402570901427
2173,mGreenLantern,5,1.2403610385835284,25 µM,0.8377451302994541,2.861623539142584,6.894952810935342,1.3176642662842573
2174,mGreenLantern,7,1.3229971723662348,25 µM,0.8935579271463252,3.33935850195103,8.889974039218755,1.8215554648993348
2175,mGreenLantern,8,1.20288422571259,25 µM,0.8124331312079427,3.355430819061019,7.540634158515983,1.515136149024008
2176,mGreenLantern,9,1.2818195390648774,25 µM,0.8657463781679221,4.104909542788801,10.353413851545962,2.08513395612003
2177,mGreenLantern,11,1.5456027375408476,25 µM,1.0439066743268675,3.6032176689483078,9.742448690469711,2.249805923583827
2178,mGreenLantern,12,1.486834133842953,25 µM,1.0042141089923151,4.827297566184815,13.271752610088475,3.078136661583284
2179,mGreenLantern,13,1.199503952359727,25 µM,0.8101500801829961,4.92804720182049,7.059014020219839,1.445214525970973
2181,mGreenLantern,15,1.4330394770256838,25 µM,0.9678809685735686,2.842239568648043,8.36588250709171,1.8640446854352606
2182,mGreenLantern,16,1.3302090811513718,25 µM,0.8984288810677834,4.52259640512078,11.60482403769987,2.5391459063994946
2183,mGreenLantern,17,1.2994508114713201,25 µM,0.8776546146732772,4.254554013039192,6.928730866185948,1.3870049633368957
2184,mGreenLantern,18,1.3285545876186196,25 µM,0.8973114290864168,2.751033842418435,7.335675997059225,1.4679773246058874
2185,mGreenLantern,19,1.3017750319737997,25 µM,0.8792244031035217,5.076223811480427,10.626905070142703,2.238793729328257
2186,mGreenLantern,20,1.5353421593153314,25 µM,1.036976636075828,3.18231860591692,7.817695719103573,1.8146222730358161
2187,mGreenLantern,21,1.395490971959477,25 µM,0.9425205482679121,4.666389526325957,10.762369937031039,2.3518057639702783
2188,mGreenLantern,22,1.3784405629472551,25 µM,0.9310046293739141,2.5997223530052382,6.22006744844781,1.2873144573722444
2189,mGreenLantern,23,1.192479554723493,25 µM,0.8054057720904407,3.3581156649643646,6.4430951010021476,1.2410504662287978
2190,mGreenLantern,24,1.3286591907564453,25 µM,0.8973820784913897,2.682729069842159,6.116769414359413,1.1879269738454756
2191,mGreenLantern,25,1.380368872543901,25 µM,0.9323070178914902,4.850178726339284,11.291861810313268,2.569869967913129
2192,mGreenLantern,26,1.2005801660232005,25 µM,0.810876959476759,3.0065844248966194,6.067421806101887,1.1846935701884462
2193,mGreenLantern,27,1.1953580857143513,25 µM,0.8073499441863021,2.4959127662684075,5.1211722793105965,0.9194492527710623
2194,mGreenLantern,28,1.1425836001291851,25 µM,0.7717058317643893,2.4891199053231263,4.928492023619311,0.8958777144137635
2195,mGreenLantern,29,1.5412102380146495,25 µM,1.0409399614316306,5.362242052370474,13.294653015491049,3.2614422160775574
2196,mGreenLantern,30,1.2008992599914656,25 µM,0.8110924769024975,2.715092262709063,5.61301529932029,1.0263721718303147
2197,mGreenLantern,31,1.1716562461102737,25 µM,0.791341620730633,3.725273233637515,8.059688755826732,1.4698998770537974
2198,mGreenLantern,32,1.3764654310777518,25 µM,0.9296706168937534,5.186027135045929,12.650607754224952,2.936617761416205
2199,mGreenLantern,33,0.9725261160504954,25 µM,0.6568482824490773,3.731005430279633,6.36766035165289,1.0360952450272163
2200,mGreenLantern,35,0.9402797666150886,25 µM,0.6350689606475022,5.481598953483341,9.2782260531182,1.4228215873829597
2201,mGreenLantern,36,1.3561324440074574,25 µM,0.9159376307931635,4.110942390785169,10.365847381714767,2.2016115919930517
2202,mGreenLantern,38,1.2632768522777384,25 µM,0.8532225685065566,4.8572924829081385,9.648727226464963,1.9688199518106895
2203,mGreenLantern,4,1.3127102604075385,25 µM,0.8866101029796951,5.288263568644045,13.90721008535634,2.940771787506637
2204,mGreenLantern,7,1.2112864963751613,25 µM,0.8181080606132273,3.630426775717423,8.982945225192234,1.7095186868076595
2205,mGreenLantern,8,1.1786831140962057,25 µM,0.7960875973078998,3.1966968987621067,7.827830560584914,1.4367875608469438
2206,mGreenLantern,9,1.182651668776131,25 µM,0.7987679760476506,4.368146747983178,9.457780626828168,1.8037967313179664
2207,mGreenLantern,10,1.236466654708678,25 µM,0.8351148468374725,2.281836564895303,5.831783799734618,1.0772689272861373
2208,mGreenLantern,11,1.1467416824543355,25 µM,0.7745142182832507,2.494004597334505,5.255762804479811,0.9161291338277525
2209,mGreenLantern,12,1.3031615549450868,25 µM,0.8801608666259252,2.6961351929998902,6.2613918317387975,1.2364845022561093
2210,mGreenLantern,13,1.119179367229364,25 µM,0.7558985131447961,4.087386237677395,8.58682039558589,1.518119095422183
2211,mGreenLantern,14,1.342088240527167,25 µM,0.9064521159240542,4.260386754206318,10.878508272110906,2.2760266715560045
2212,mGreenLantern,15,1.16947673201455,25 µM,0.789869567624066,3.42033414259583,6.914324398585679,1.3175573254702881
2213,mGreenLantern,16,1.1223818414196838,25 µM,0.7580614778578073,3.2957702582972463,6.123865600173382,1.1981025174088478
2214,mGreenLantern,17,1.2566781581559527,25 µM,0.8487657823814664,3.501591468455648,5.370637193832092,1.0323032276935777
2215,mGreenLantern,18,1.282398009096102,25 µM,0.8661370792917142,2.9863729700649966,7.0639971946624325,1.3755516142789979
2216,mGreenLantern,19,1.3755546441162578,25 µM,0.9290554674993454,2.4352689394427456,6.510800945118009,1.3097450485677873
2217,mGreenLantern,20,1.1814861116364472,25 µM,0.7979807537893869,4.0034799644818735,7.692228967599665,1.4864075214995045
2218,mGreenLantern,21,1.385435251394726,25 µM,0.9357288717537959,2.5900728683032326,6.94768118637118,1.4169902158728327
2219,mGreenLantern,22,1.3302562598017276,25 µM,0.898460745729249,2.7986771343014736,6.434279391779806,1.2583690787715778
2220,mGreenLantern,23,1.2207999240360108,25 µM,0.824533470189486,3.274799009774225,6.589971709438794,1.252471882745513
2221,mGreenLantern,24,1.062991501918858,25 µM,0.7179489895129086,2.6300171672062365,4.998948057594661,0.896899995234139
2222,mGreenLantern,25,1.2933740871026629,25 µM,0.8735503691434207,3.3322529154412894,7.179361290180956,1.450697182924495
2223,mGreenLantern,26,1.3160638349281755,25 µM,0.8888751214995998,4.934189015772711,11.71117215509971,2.429203153620117
2224,mGreenLantern,27,1.2440447849625782,25 µM,0.8402331482993032,5.451194815663382,11.272313170244303,2.3059685180013583
2225,mGreenLantern,28,1.2404926894394737,25 µM,0.8378340478484879,3.0734584312099646,6.882348309617313,1.3202877374975146
2226,mGreenLantern,29,1.2345785322266432,25 µM,0.8338396008683311,6.257339988792503,13.068245742278453,2.5975669317393177
2441,mGreenLantern,3,1.301933853982784,50 µM,0.8793316721650869,4.335424524260689,10.442813348005423,2.1212903074721683
2442,mGreenLantern,4,1.6031478016827323,50 µM,1.0827728558321221,3.700410669657068,11.166704363324982,2.692999772738286
2443,mGreenLantern,5,1.3293132902159566,50 µM,0.8978238600532831,2.7459652316655507,6.848417580570296,1.349113614989929
2444,mGreenLantern,6,1.2182979446293456,50 µM,0.8228436226379724,2.217712268931538,4.876161114009205,0.8700854773843372
2445,mGreenLantern,7,1.4910702444282908,50 µM,1.0070751961305644,4.261006289964364,10.561915094581002,2.5230011778579007
2446,mGreenLantern,8,1.244578904973231,50 µM,0.8405938952302378,3.9023140157727125,8.340800686837039,1.6112257389143483
2447,mGreenLantern,9,1.397365941529026,50 µM,0.9437869107039194,4.460613483191146,11.148067808754494,2.4188398913449785
2448,mGreenLantern,10,1.3053111896220069,50 µM,0.8816127390457241,4.3069768701528615,10.686339224149952,2.1866483357951307
2449,mGreenLantern,11,1.2440324608378825,50 µM,0.840224824532974,4.24483816649842,9.175629830802079,1.7853613729239226
2450,mGreenLantern,12,1.3207412864383126,50 µM,0.8920342921788917,4.546026802474617,9.866600551778294,2.0333531883499356
2451,mGreenLantern,13,1.3621123339805445,50 µM,0.919976473959667,3.1803489348368688,8.457680089538941,1.7772469446577592
2452,mGreenLantern,14,1.2993015425025554,50 µM,0.877553797775779,4.292633476894776,9.96611128156341,2.016815108406991
2453,mGreenLantern,15,1.236967665499835,50 µM,0.8354532316604902,7.987701714223136,17.128336258641923,3.4380735124242205
2454,mGreenLantern,16,1.4862841021542328,50 µM,1.0038426152462185,7.4583301395361286,12.771306185193485,2.972081472865853
2455,mGreenLantern,17,1.4917839209077322,50 µM,1.00755721626556,2.917796866188827,8.753788393836317,1.9648873680861432
2456,mGreenLantern,18,1.4440675291944736,50 µM,0.9753293619958923,2.4552864436480433,7.068495814969445,1.5249997886118185
2457,mGreenLantern,19,1.4887764978416802,50 µM,1.005525989912939,4.332692555051478,12.622124136873659,2.916278996123533
2458,mGreenLantern,20,1.3387930063252267,50 µM,0.9042265007039693,10.852517385514572,15.150662258596363,3.2495953125675783
2459,mGreenLantern,21,1.40635725681944,50 µM,0.9498596833606076,4.035881709420755,9.204188253641803,2.0072930997437206
2460,mGreenLantern,22,1.343600101518369,50 µM,0.9074732332791393,4.403802024592171,10.787205798352666,2.2873592334989934
2461,mGreenLantern,23,1.459450272412911,50 µM,0.9857189323072989,2.364080717418435,7.147070892901156,1.5168537223252567
2462,mGreenLantern,24,1.6018450628838137,50 µM,1.0818929804967177,2.439638014959218,8.167469241256036,1.8831458063830597
2463,mGreenLantern,25,1.5060692486569558,50 µM,1.0172055874932715,3.750375752863037,11.759872559918204,2.7292603054484754
2464,mGreenLantern,26,1.458432410593206,50 µM,0.9850314640974385,5.748971324796085,16.79033635829643,3.9182578838361124
2465,mGreenLantern,27,1.1910431151695011,50 µM,0.8044355946953975,5.280765484021209,9.87266750371346,1.8851120982453335
2466,mGreenLantern,28,1.2970065844203837,50 µM,0.8760037733088898,2.7627370840119525,6.182621227983053,1.2103509175715828
2467,mGreenLantern,29,1.292698016175292,50 µM,0.8730937479585205,2.285777170290628,5.341115743054796,1.024124981130573
2468,mGreenLantern,30,1.4793357940139082,50 µM,0.9991496983233972,1.954997372336869,5.688873296083495,1.1837376957998003
2469,mGreenLantern,31,1.4097502711089054,50 µM,0.9521513396684211,3.5230416196737373,9.578181711220878,2.06941173033527
2470,mGreenLantern,32,1.4852972916707796,50 µM,1.003176119241164,6.17618874164476,10.673686123148842,2.4766850499521835
2471,mGreenLantern,33,1.5467685525615766,50 µM,1.0446940707590877,5.041724660909864,15.054407343718005,3.6836688099399684
2472,mGreenLantern,34,1.6497878925291427,50 µM,1.114273771910496,1.8592083274592173,5.8335053708290285,1.3362357698335643
2473,mGreenLantern,35,1.300298133617582,50 µM,0.878226899661071,4.486268014311064,11.324492527937208,2.505085330548355
2474,mGreenLantern,36,1.2022144070077858,50 µM,0.8119807328008031,4.325464074792087,10.052036623865606,1.9244797935487152
2476,mGreenLantern,38,1.2479742046906346,50 µM,0.8428870951258184,2.4164716853159938,5.861707358501968,1.082715904547305
2478,mGreenLantern,40,1.2846710012954556,50 µM,0.8676722679077575,4.137783340007495,8.832688222676532,1.8560348851458395
2479,mGreenLantern,41,1.2364543927525655,50 µM,0.8351065650600693,4.714161742489729,10.732233456236843,2.094794415943212
2480,mGreenLantern,6,1.5921377315512393,50 µM,1.0753366075544053,2.591538983199433,7.327829270046711,1.6567377757096087
2481,mGreenLantern,7,1.4533239778821812,50 µM,0.9815812068787736,2.633632575525778,7.010306209891356,1.519856993893153
2482,mGreenLantern,8,1.6143259039366715,50 µM,1.0903225937212782,2.7949083523013845,8.114801400682435,1.8757668687404336
2483,mGreenLantern,9,1.5868672635496401,50 µM,1.0717769110100983,4.356323991339993,12.986179381150116,3.1650341645250095
2484,mGreenLantern,11,1.4051488799881708,50 µM,0.9490435405002042,3.3237100732622045,8.22504884438623,1.7367240159841077
2485,mGreenLantern,12,1.393074820945515,50 µM,0.9408886695785215,5.4037327113138485,9.274704131760657,1.9800559053093953
2486,mGreenLantern,13,1.509294705756603,50 µM,1.0193840749611665,3.566103122328584,10.359677660080454,2.3848211373002286
2487,mGreenLantern,14,1.4108400360690345,50 µM,0.9528873715656837,13.696070920460146,24.2870089141787,5.646347531937035
2488,mGreenLantern,15,1.4921097436546185,50 µM,1.0077772783370489,4.287781232377652,13.350073304403312,3.1008422668052797
2489,mGreenLantern,16,1.4727165508383364,50 µM,0.9946790332798259,3.889339108915706,11.394717788916152,2.639887274520882
2490,mGreenLantern,17,1.401992232238442,50 µM,0.946911527160422,4.498363783263376,12.397782175577921,2.718037140759216
2491,mGreenLantern,18,1.37086117284041,50 µM,0.9258854770020367,4.74371405716974,11.92850462791199,2.6065321656313105
2492,mGreenLantern,19,1.4479035576947434,50 µM,0.9779202319892458,4.502997978162369,11.278986594043928,2.5460670628066904
2493,mGreenLantern,20,1.4461515646356122,50 µM,0.9767369284123439,3.551653631148043,10.47685815137096,2.3252805765571254
2494,mGreenLantern,22,1.2826101899309215,50 µM,0.8662803871315959,5.1044615746136515,7.901390265279915,1.6651683085081708
2495,mGreenLantern,23,1.3272263268630233,50 µM,0.8964143161127301,2.2989890611642925,5.900765105048852,1.2124283581196973
2496,mGreenLantern,24,1.2395716934308787,50 µM,0.8372120032201701,3.6127496986102323,7.480216465903122,1.4867975467162193
2497,mGreenLantern,25,1.405175962005411,50 µM,0.9490618318100372,7.33068007415444,12.944597809531619,2.862078254957786
2498,mGreenLantern,27,1.5118511452800518,50 µM,1.0211107051075954,2.623886536479454,7.208350270414024,1.6452223054826902
2499,mGreenLantern,28,1.595097509344478,50 µM,1.0773356540867647,3.209179139198379,9.692017226331751,2.285104746499468
2500,mGreenLantern,29,1.63805317125672,50 µM,1.1063480911646544,5.328566292809115,17.987403929583085,4.629729002015381
2501,mGreenLantern,30,1.52934693627767,50 µM,1.032927436892181,3.5316400766983778,9.46792726590058,2.319407967056218
2502,mGreenLantern,31,1.5940136631838961,50 µM,1.0766036197719349,3.4826493233353544,9.358247854789438,2.2312252437114912
2503,mGreenLantern,32,1.6221435176948085,50 µM,1.095602643362244,5.492108928151048,15.423033055743346,3.9081054069640473
2504,mGreenLantern,33,1.4822107482552327,50 µM,1.0010914546673837,3.4429010034849115,9.406178000217547,2.2005614927214934
2505,mGreenLantern,34,1.6051315020134982,50 µM,1.0841126554875276,2.9897432559426944,8.596148115360583,2.0362968903564824
2506,mGreenLantern,35,1.5858422597677857,50 µM,1.0710846190885723,3.395470425313593,8.773666538985362,2.1215554233147746
2508,mGreenLantern,37,1.4780046644441198,50 µM,0.998250647740382,3.3839814268516464,8.993423951576986,2.2640680866151044
2509,mGreenLantern,38,1.6048003864326554,50 µM,1.0838890186134331,3.3914435971057455,9.541205267321219,2.280599882008933
2510,mGreenLantern,39,1.5799486285641886,50 µM,1.0671040354625074,3.429222245876137,8.643325417809448,2.084285157004751
2511,mGreenLantern,40,1.4727779760064572,50 µM,0.9947205201000905,3.6218177913394376,9.099772487169753,2.053609395243147
2512,mGreenLantern,41,1.7273669115805574,50 µM,1.1666709719208659,4.35230612583937,12.016145805102465,3.161356303975731
2513,mGreenLantern,42,1.70786616625187,50 µM,1.1535000854385125,3.938066430868811,11.289660936808804,2.926355573741587
2514,mGreenLantern,43,1.5416642448392481,50 µM,1.0412465995753637,3.87495554653125,10.475101081941704,2.5854403382417708
2515,mGreenLantern,44,1.56743329573032,50 µM,1.0586511263420924,4.78429841317464,14.671687807785958,3.6514993699179015
2516,mGreenLantern,45,1.6319947482598354,50 µM,1.1022562064592702,3.914009883050335,11.912240099501828,2.9545202385705522
2517,mGreenLantern,46,1.668738819180348,50 µM,1.1270733085154507,2.7153718592799443,8.257476639739005,1.9812357614563438
2519,mGreenLantern,48,1.6077923671544119,50 µM,1.0859098151409214,2.7206547131643997,7.804322348630008,1.8160272575141703
2520,mGreenLantern,2,1.4208283489871218,50 µM,0.9596335206680373,3.956940030740214,9.887700331011645,2.367599911772339
2521,mGreenLantern,3,1.5421891525568163,50 µM,1.041601124484298,3.488308250695048,9.852842230430507,2.285533376365696
2522,mGreenLantern,4,1.5586261539708413,50 µM,1.052702745272911,3.7255506319237788,10.850555773615671,2.6222076882838943
2523,mGreenLantern,5,1.6349057996741132,50 µM,1.1042223429876699,4.034395801025695,12.796938951451835,3.206460229693112
2524,mGreenLantern,6,1.5281349215399531,50 µM,1.0321088369742628,3.8077239084033456,10.883384788482717,2.624156939622694
2525,mGreenLantern,7,1.5082274022890763,50 µM,1.0186632136517098,4.240110943127653,12.269082018043608,2.942496535586826
2526,mGreenLantern,8,1.6307662313258657,50 µM,1.1014264608876916,3.4890727272739492,11.215735144825672,2.760452503148083
2527,mGreenLantern,9,1.5457576673751965,50 µM,1.0440113145971004,4.221620845623406,12.577062393212906,2.9953604640581237
2528,mGreenLantern,10,1.3816007511928394,50 µM,0.9331390339796822,5.614674038980599,13.520506836088881,2.94540585957592
2529,mGreenLantern,11,1.419980982007153,50 µM,0.9590612053993668,4.188195242010605,10.622338959533742,2.4537229278530437
2530,mGreenLantern,12,1.5342966473747135,50 µM,1.0362704928564934,3.857649379702125,10.199691113473829,2.483883040823089
2531,mGreenLantern,13,1.3350877847269502,50 µM,0.9017239782495546,5.342633313678817,12.870002277697623,2.735047159952188
2532,mGreenLantern,14,1.6831878599634251,50 µM,1.1368322522237635,3.854168960304008,11.452269822597062,2.8739900688514752
2533,mGreenLantern,15,1.4441570792278489,50 µM,0.9753898444699822,3.534106729714521,9.675453087876052,2.1255615031176327
2534,mGreenLantern,16,1.6206225440516493,50 µM,1.0945753712832005,3.550102701079858,9.840633076879906,2.464945724596223
2535,mGreenLantern,17,1.451986698609412,50 µM,0.980678002760163,2.6201509946737382,6.503811361686531,1.3938200315144302
2536,mGreenLantern,18,1.6057163119966957,50 µM,1.084507638641895,2.674339674524566,7.504463915084383,1.7082245218491448
2537,mGreenLantern,19,1.6531900724239446,50 µM,1.116571618707206,2.695525280994382,7.98309823856908,1.8713295063525734
2538,mGreenLantern,20,1.3715616455727349,50 µM,0.9263585792699722,2.250744771107261,5.832550852812348,1.245224546494049
2539,mGreenLantern,21,1.6234688418170364,50 µM,1.0964977729212415,3.5034057231015656,9.813923417536436,2.5369569828737446
2540,mGreenLantern,22,1.3564365116669268,50 µM,0.9161429993859185,2.895666646107261,7.943986370426216,1.6191008991634779
2541,mGreenLantern,23,1.5728646866453777,50 µM,1.0623195109077979,6.880106588735726,16.888125687298274,4.399718491255647
2542,mGreenLantern,2,1.6873060040235108,50 µM,1.1396136642682342,2.9373223520597325,10.41549280276769,2.5812263307419943
2543,mGreenLantern,3,1.71842385554261,50 µM,1.160630793768913,3.0271179566804935,9.655139077289654,2.3946254682845307
2544,mGreenLantern,4,1.5816031797880046,50 µM,1.0682215264086643,3.524316297301434,10.020188925021627,2.501613229969248
2546,mGreenLantern,6,1.551221007406194,50 µM,1.0477012777318382,2.5424268492961697,7.132945042743115,1.645418774241188
2547,mGreenLantern,7,1.5701837277701225,50 µM,1.0605087798606159,3.434520739347475,9.053560231643194,2.124685244219532
2548,mGreenLantern,8,1.5667796366415385,50 µM,1.0582096422084661,3.5465850203951588,9.74619493709443,2.298802589756855
2549,mGreenLantern,10,1.4038049834993125,50 µM,0.9481358670856528,5.038448440611056,12.663967021806542,2.7948181821243936
2550,mGreenLantern,11,1.6996169898615867,50 µM,1.147928556557024,3.292060525798744,9.674360180373691,2.4295332848784055
2551,mGreenLantern,12,1.7331185300216223,50 µM,1.170555639522039,3.426413930922275,10.458021067842177,2.669178625246133
2552,mGreenLantern,13,1.4818607158449486,50 µM,1.0008550412860853,4.622093653077082,11.875444261997623,2.7143254664498073
2553,mGreenLantern,14,1.662724249096105,50 µM,1.12301104225411,3.7414960761052747,9.960519465162102,2.600984113859936
2554,mGreenLantern,15,1.7184695205082479,50 µM,1.160661636081271,5.264056273821607,17.27175591220327,4.605953667207908
2555,mGreenLantern,16,1.5872355115894319,50 µM,1.0720256273051783,6.210912556944427,19.991150843660396,5.056004695821715
2556,mGreenLantern,17,1.4424343001091804,50 µM,0.9742262721129414,4.497141248004582,10.604403687545728,2.3764868121867773
2557,mGreenLantern,18,1.6343360666491167,50 µM,1.1038375428751102,3.147804487225217,8.831690890774151,2.1002343108943404
2558,mGreenLantern,19,1.370289183558161,50 µM,0.9254991530037153,4.557764293523708,11.195854002515459,2.398205147919464
2559,mGreenLantern,20,1.4723890826876098,50 µM,0.9944578598955727,2.013858557650662,5.923074659090887,1.3938327676750106
2560,mGreenLantern,21,1.7489022281076776,50 µM,1.181216016459394,1.9697990115077335,6.548433377735753,1.5049061670325217
2561,mGreenLantern,22,1.4926869517945671,50 µM,1.0081671271740966,3.5238553301310596,8.579613108465278,1.9256905741222217
2562,mGreenLantern,23,1.4631420928654992,50 µM,0.9882124035708172,2.0476406041408,5.232662999410851,1.1969799076791148
2563,mGreenLantern,24,1.5808463877939594,50 µM,1.0677103858714019,2.103528545778037,5.7377348619752615,1.3641543522134731
2564,mGreenLantern,25,1.4825136440168043,50 µM,1.0012960317553055,3.3627603872960865,9.524677319407283,2.1485952077899793
2565,mGreenLantern,26,1.6812047711457894,50 µM,1.1354928655869316,3.64067188883557,10.278574193499045,2.637572394798947
2567,mGreenLantern,28,1.3748403541155316,50 µM,0.92857303298946,3.4484013680535055,9.004650365697467,1.903828150732899
2569,mGreenLantern,30,1.7327156519059983,50 µM,1.1702835339261926,4.058504605544644,13.428578136873503,3.5124059769472216
2570,mGreenLantern,32,1.6018582514327784,50 µM,1.0819018880988813,2.090463538729609,7.071498070063822,1.5856739375048288
2571,mGreenLantern,2,1.3936940031527119,50 µM,0.9413068678794287,3.1471536047145205,7.746541458650347,1.7081458306407196
2572,mGreenLantern,3,1.345462297276502,50 µM,0.9087309682284908,2.5364163520555616,6.093689064607972,1.3160388719870777
2576,mGreenLantern,8,1.46176313100591,50 µM,0.9872810468554701,3.7796272887917826,9.51892356611192,2.1016596330018693
2577,mGreenLantern,9,1.1879288920211946,50 µM,0.8023322351121756,3.349959632457232,6.9293509503421635,1.3911528208868098
2578,mGreenLantern,11,1.6097291644886738,50 µM,1.087217936312647,3.709415608028203,9.804144359755053,2.3631156890714378
2579,mGreenLantern,12,1.3915145408464458,50 µM,0.9398348497516822,2.7491817266171923,7.289803434593013,1.5164507429208505
2582,mGreenLantern,15,1.5592921626833238,50 µM,1.0531525703950033,3.1303062385174107,8.905804653843306,2.063753766074716
2583,mGreenLantern,16,1.3411106497351013,50 µM,0.9057918469378452,2.68487345566419,6.284333585777982,1.286933734579937
2584,mGreenLantern,17,1.55117792147601,50 µM,1.0476721773110145,4.162005440835789,12.681078313548715,3.1573518133099148
2585,mGreenLantern,18,1.3417615120556123,50 µM,0.9062314421222653,4.97349225794464,12.610048122803509,2.6825865544726066
2586,mGreenLantern,19,1.274099997285036,50 µM,0.8605325667589548,5.282689011741117,12.673803900655223,2.5759377212543084
2587,mGreenLantern,20,1.5688637076656893,50 µM,1.059617232657836,3.7520051716201075,11.41424420387763,2.720083892617893
2588,mGreenLantern,21,1.4085364348408735,50 µM,0.9513315094811671,4.885811909343373,8.118103752125924,1.7395679558264303
2589,mGreenLantern,22,1.3623755020175363,50 µM,0.9201542187731385,3.7498763402427127,9.439863232388499,1.9827257725936593
2590,mGreenLantern,23,1.5717577295791363,50 µM,1.0615718673888161,4.031030015680624,12.539303840509909,3.051307462966691
2591,mGreenLantern,24,1.6189758602645448,50 µM,1.0934631940373196,3.639968815940346,11.346799634328567,2.7671607139796364
2592,mGreenLantern,25,1.6023270484324492,50 µM,1.0822185155898751,4.254017721983858,12.21898077191143,3.0621044933206583
2593,mGreenLantern,26,1.5580367852857895,50 µM,1.0523046831518879,4.139083108107344,11.873282662547238,2.84129174098518
2594,mGreenLantern,27,1.483469353375477,50 µM,1.00194152192817,2.417507794877652,6.99489845680407,1.5393256293226676
2595,mGreenLantern,28,1.3841654655404905,50 µM,0.9348712529776341,2.5166084931398562,6.688616189905078,1.4783686680870853
2596,mGreenLantern,29,1.5889407447190036,50 µM,1.0731773490264243,2.4442213336072602,7.519186500806501,1.7089885271531227
2597,mGreenLantern,30,1.3227108920120578,50 µM,0.8933645721753516,3.825641148213424,9.611764276897297,1.9935149107941137
2598,mGreenLantern,31,1.2921254607450563,50 µM,0.8727070415814367,2.5930135675229655,6.017913416598648,1.4345552882343338
2599,mGreenLantern,32,1.563172821004701,50 µM,1.0557735835596882,5.047829123179264,12.970937601110473,3.1396063063758133
2600,mGreenLantern,33,1.396877729333117,50 µM,0.9434571701066634,3.7282828274509328,9.39849206217623,2.0101020881183973
2601,mGreenLantern,34,1.4925772920499252,50 µM,1.0080930625153353,4.671564219369464,13.445327474756642,3.2117651273285546
2602,mGreenLantern,35,1.4157530899550554,50 µM,0.956205669093485,3.736222178540572,10.0752664979344,2.1929672313098307
2603,mGreenLantern,36,1.5116861134829283,50 µM,1.0209992419286626,4.340196899902298,12.055024976690408,2.8137636549133513
2604,mGreenLantern,37,1.4856381998292503,50 µM,1.0034063700639118,2.8624713159849122,7.594315722454928,1.74381998299911
2607,mGreenLantern,40,1.5010260675265688,50 µM,1.0137994014701885,3.1662410972806168,8.189033993552053,1.8306191128585594
2608,mGreenLantern,41,1.5681282151845568,50 µM,1.0591204779023462,2.3583605284173053,6.9724180351009295,1.5396852193685608
2609,mGreenLantern,42,1.7400003389510519,50 µM,1.1752036425944867,3.012108550269028,9.02765624794796,2.2368471654666555
2610,mGreenLantern,43,1.5109422771205143,50 µM,1.0204968516802044,3.472031013025778,9.966799023237689,2.5058119134045693
2611,mGreenLantern,44,1.5658695395547149,50 µM,1.05759495875835,3.8630494586072603,12.06237853947818,3.143819788937828
2612,mGreenLantern,45,1.6127364075956974,50 µM,1.0892490411201736,3.5802784535035586,11.517696952192,2.8039918229555667
2613,mGreenLantern,46,1.5202887528744082,50 µM,1.0268095012271687,2.876603462669906,7.968049952219158,1.8565388152818147
2614,mGreenLantern,47,1.668879357575789,50 µM,1.1271682287465272,4.1966109392337865,12.674244335396384,3.3091090020599965
2615,mGreenLantern,48,1.7209046422433762,50 µM,1.1623063276765664,3.609894300745755,12.371599988572205,3.190304257260667
2616,mGreenLantern,2,1.4529144792616653,50 µM,0.9813046297657152,4.338462060249845,11.692984515180122,2.8193494513862616
2617,mGreenLantern,3,1.5707661140767293,50 µM,1.0609021260534872,4.184425633819885,10.845360982782598,2.6141736247554075
2619,mGreenLantern,5,1.3826740056595046,50 µM,0.9338639146193125,2.5450868546323426,6.39646686456696,1.3038282339020197
2620,mGreenLantern,6,1.523597803838025,50 µM,1.0290444483469592,4.463178146258428,12.596571784492715,2.959416215498696
2622,mGreenLantern,8,1.2680612639588729,50 µM,0.8564539805410682,3.8880273525387974,8.941746201152695,1.7998606294022257
2623,mGreenLantern,9,1.2045696330781956,50 µM,0.8135714625237339,2.616177458880267,5.355183199737254,1.0914454304635455
2624,mGreenLantern,10,1.4018936600952654,50 µM,0.9468449511149316,4.484793429987529,11.412351509851703,2.5867255777219427
2625,mGreenLantern,11,1.373909512450543,50 µM,0.9279443385628642,3.8592555254820713,9.224104557950557,2.0094049706476307
2626,mGreenLantern,12,1.4616162096931897,50 µM,0.9871818155748672,6.1491569584506465,17.05734051908993,3.9774540424634734
2627,mGreenLantern,13,1.607911090562816,50 µM,1.0859900014368056,3.0058768334672914,8.77418186872297,2.091853642621516
2628,mGreenLantern,14,1.6376417090559103,50 µM,1.1060701878410995,3.2920457902183315,10.171015997946178,2.518471211310995
2629,mGreenLantern,15,1.5967508892708158,50 µM,1.0784523539336144,2.6338860085568934,7.463230573742927,1.7745285623772062
2630,mGreenLantern,16,1.474168092964025,50 µM,0.9956594110161411,1.8771980590634487,5.299527365581104,1.1819909801705244
2631,mGreenLantern,18,1.5259795380086247,50 µM,1.030653081753702,3.1859215457036036,9.033948434653789,2.3266121381279885
2632,mGreenLantern,19,1.450714511823249,50 µM,0.9798187623843475,5.270362614547377,12.81621307598318,2.901170393978671
2633,mGreenLantern,20,1.6542235562190557,50 µM,1.1172696380658167,3.160672263654741,8.603067753258712,2.156770397668946
2634,mGreenLantern,21,1.6914449540326728,50 µM,1.1424091287393594,3.042102116184828,10.203027997525517,2.630378572104895
2635,mGreenLantern,22,1.7050573485669858,50 µM,1.1516029980065354,3.3692421786888263,11.955673680938833,3.049999577223636
2637,mGreenLantern,27,1.5137046712644395,50 µM,1.0223625844548196,11.494745632127565,18.824366805624887,4.56371618234435
2638,mGreenLantern,28,1.3651943747769835,50 µM,0.9220580974453172,4.510659191874811,11.12177295461185,2.4268924596420995
2639,mGreenLantern,29,1.363601565763245,50 µM,0.9209823074509134,5.009622158259377,12.692841647187258,2.8130149488311296
2640,mGreenLantern,30,1.6099185847141702,50 µM,1.0873458715400153,2.9388824150964337,9.364389402158656,2.251879749434252
2641,mGreenLantern,31,1.6132574734032905,50 µM,1.0896009711867414,2.848625553684828,8.251351482898656,1.936516585501911
2642,mGreenLantern,32,1.7114419146931248,50 µM,1.155915161171025,4.1119860384456715,13.754300526663773,3.583281730877895
2643,mGreenLantern,33,1.6547451646117777,50 µM,1.1176219345966922,3.0164736760298663,10.7742007720479,2.6503039881331087
2644,mGreenLantern,34,1.6699236175933962,50 µM,1.1278735264117263,7.120854163729608,14.150365602242626,3.6480332021922424
2645,mGreenLantern,35,1.5422125877106516,50 µM,1.0416169526870491,5.987535014519338,11.394666450006468,2.684831088515705
2646,mGreenLantern,36,1.4829359026147442,50 µM,1.0015812270114828,6.470641883715036,11.705122771265803,2.67643411810284
2647,mGreenLantern,37,1.3861596347750937,50 µM,0.9362181233752965,4.1491449279767245,11.397878790817357,2.4589449218245747
2648,mGreenLantern,38,1.4867703499701177,50 µM,1.0041710290928365,4.2250190283531825,8.330540695540433,1.8894617409480254
2649,mGreenLantern,39,1.60265089400206,50 µM,1.082437242267408,4.229141252315268,12.528929819217202,3.1702183654692564
2650,mGreenLantern,40,1.5194855042675186,50 µM,1.0262669836956522,2.4930650924184348,7.735453776359017,1.7081458306407196
2651,mGreenLantern,41,1.338126616328118,50 µM,0.903776418060616,4.22667342601741,10.77552989967706,2.252236886015503
2652,mGreenLantern,42,1.4364985936349388,50 µM,0.9702172706698121,4.979221540431396,8.877562338491657,1.923344334852097
2653,mGreenLantern,43,1.5109380930413272,50 µM,1.0204940257352941,3.834229411463169,9.643183930663778,2.2064603683083135
2654,mGreenLantern,44,1.5019251268361271,50 µM,1.0144066299585108,3.569104726225611,10.352036754413982,2.36039293124058
2655,mGreenLantern,45,1.2737734411895616,50 µM,0.860312009380705,5.050622372336869,8.034835246145613,1.6753106613681708
2656,mGreenLantern,46,1.6414058092186616,50 µM,1.108612477128826,6.251674923932058,12.162234066669045,3.0396063202373345
2657,mGreenLantern,47,1.223180052743572,50 µM,0.8261410192596522,2.9380286135256948,6.908701060851167,1.3921346384896247
2658,mGreenLantern,48,1.5151723973139886,50 µM,1.0233538928822654,5.597260573055336,10.262223854174023,2.3629772815748664
2659,mGreenLantern,49,1.282168157928981,50 µM,0.8659818368341076,2.782330699796086,6.570314669482,1.2907301581638069
2660,mGreenLantern,50,1.404720496115947,50 µM,0.9487542082076773,3.704884891861509,9.998036467513408,2.2323293274412492
2661,mGreenLantern,51,1.1942056724175871,50 µM,0.8065715993355487,3.851888542210522,8.169880953074147,1.5893674804498208
2662,mGreenLantern,1,1.558201202664494,50 µM,1.0524157313500024,3.4453545523843494,9.074921874563897,2.1576130941813494
2663,mGreenLantern,2,1.4661807302496745,50 µM,0.9902647122068944,2.3650476703336554,7.009612410461276,1.4891654341071547
2664,mGreenLantern,3,1.5952964245738743,50 µM,1.0774700022802226,3.8716833487176445,10.855043002303884,2.6037982872646643
2665,mGreenLantern,5,1.4758945435992388,50 µM,0.9968254631310998,5.108571364760448,12.250838170110601,2.9749674073433345
2666,mGreenLantern,7,1.4437321608374232,50 µM,0.9751028527786273,2.5968531255665854,6.503964518362902,1.4658253756014217
2667,mGreenLantern,8,1.6215633681227786,50 µM,1.095210807869436,3.062429669877652,9.831920552820458,2.3730333789266234
2668,mGreenLantern,9,1.5335641090308278,50 µM,1.035775733337887,3.4801289336216326,9.471684192524139,2.1679514694619053
2669,mGreenLantern,10,1.4633562860436649,50 µM,0.988357070555969,3.3115815149326986,7.758089330333765,1.8238060061963377
2670,mGreenLantern,11,1.455019208802253,50 µM,0.9827261730651069,5.058433589930026,13.2929981342995,3.0567499153546605
2671,mGreenLantern,12,1.5633580436565973,50 µM,1.0558986837279623,3.8933648891607655,10.840679528134505,2.6251763653497986
2672,mGreenLantern,13,1.5984720425526078,50 µM,1.0796148281935014,3.749597041292914,12.091218851464475,2.9500166316086305
2673,mGreenLantern,14,1.5832697899439074,50 µM,1.0693471620089325,2.9974521902728113,8.25739854286695,1.9066342502663323
2674,mGreenLantern,15,1.5153664296975555,50 µM,1.0234849431808457,4.498482232152958,12.84758394710266,3.049225162379978
2675,mGreenLantern,16,1.4415972817477876,50 µM,0.9736609463453498,3.4563825843369522,9.775007854100975,2.3280029492875536
2676,mGreenLantern,17,1.5435427866732785,50 µM,1.0425153747340223,3.392158771929041,9.287570276686095,2.1362020965557056
2677,mGreenLantern,18,1.3881881516229728,50 µM,0.937588192297311,3.5985989172145207,9.99575423081387,2.1323330699280207
2678,mGreenLantern,19,1.413935207471652,50 µM,0.9549778635186927,5.8481074561440325,15.655312905649236,3.516338848032802
2679,mGreenLantern,20,1.475374135857422,50 µM,0.9964739775249613,3.375100174964565,9.494121443568492,2.2187481006393344
2680,mGreenLantern,21,1.4951909292390582,50 µM,1.009858324208871,3.415619284483858,10.344995181594884,2.3494641426652554
2681,mGreenLantern,22,1.4772737107190907,50 µM,0.9977569584801028,3.9008885954386043,11.57266751062102,2.666788742447552
2682,mGreenLantern,23,1.4398341198014715,50 µM,0.9724700992544557,3.478681121948397,8.98260425497415,1.945332411689095
2683,mGreenLantern,24,1.4052781834016868,50 µM,0.9491308725766195,3.5987617451611467,9.52139752547609,2.0664336261590166
2684,mGreenLantern,25,1.3995245373404002,50 µM,0.9452448355121097,3.7392992847659987,8.871675524932947,1.9921218208549965
2685,mGreenLantern,26,1.4481144241958102,50 µM,0.978062652122511,2.70402715266828,6.752956756434885,1.4713159303790564
2686,mGreenLantern,27,1.3617277486109969,50 µM,0.919716723362461,4.383570277255303,11.724778450534593,2.502527742999206
2687,mGreenLantern,28,1.3155778819453936,50 µM,0.8885469067845159,3.5061215257214218,9.335286251039994,1.9398138754732113
2688,mGreenLantern,29,1.4679102567907276,50 µM,0.9914328418017626,3.59211712582178,9.1652700641401,2.0662918484119612
2689,mGreenLantern,30,1.4406497625937311,50 µM,0.9730209878715793,3.3144596815266807,9.240042261038981,2.040457921396739
2690,mGreenLantern,31,1.3238372894713188,50 µM,0.8941253458186089,3.980690638465305,8.94139644990717,1.8681711792791302
2691,mGreenLantern,32,1.3708221703533987,50 µM,0.9258591345561302,4.7061024130906555,11.007114648056993,2.346674665910692
2692,mGreenLantern,33,1.3819854917663872,50 µM,0.933398889402331,2.7869140184441297,6.82329232540972,1.5169253048984632
2693,mGreenLantern,34,1.3859086235391722,50 µM,0.9360485893170646,5.405690277927959,13.613831984261362,3.047801266697535
2694,mGreenLantern,35,1.3446021543524644,50 µM,0.9081500240327612,4.4248961351120775,11.13379473278261,2.3467606731516852
2695,mGreenLantern,37,1.479996905290665,50 µM,0.9995962156965336,4.320052345835785,10.962610389619515,2.5409671443179094
2696,mGreenLantern,38,1.437443576886162,50 µM,0.9708555163840041,3.175765616188826,9.173388157191432,2.078370498423069
2697,mGreenLantern,39,1.45031803954604,50 µM,0.9795509833190603,3.911893217418435,11.549186716693391,2.6087075035619733
2698,mGreenLantern,40,1.4197841851568456,50 µM,0.9589282879681714,3.6845975296790843,8.723620822842772,2.035040260935497
2699,mGreenLantern,41,1.5065971836962389,50 µM,1.0175621570681905,3.8923477856780058,10.502819386293341,2.4012312248990755
2700,mGreenLantern,42,1.3066745390931025,50 µM,0.8825335510873625,3.266971342418434,8.567662908105676,1.735393017875081
2701,mGreenLantern,43,1.5190478069888795,50 µM,1.0259713610887506,3.098174355255393,9.707048821112886,2.217683587341512
2702,mGreenLantern,44,1.5789210573493588,50 µM,1.0664100094858107,4.208487477408426,10.916131962625444,2.6642606529103423
2703,mGreenLantern,45,1.4874030598593047,50 µM,1.0045983640477978,4.410319249070654,11.50023633045022,2.7178169491906137
2704,mGreenLantern,46,1.2969986974740935,50 µM,0.8759984464317612,3.1805117627834956,8.108788861007305,1.6268269455221598
2705,mGreenLantern,47,1.3766864391159033,50 µM,0.9298198866643759,3.2123453274509326,8.622250683683697,1.8643155914726919
2706,mGreenLantern,48,1.6712800610189285,50 µM,1.1287896740807664,4.246443990263653,13.211879008811156,3.364469529667046
2707,mGreenLantern,49,1.5088162563373657,50 µM,1.019060928184871,4.35501875384195,11.77122000535391,2.7687550204483053
2708,mGreenLantern,50,1.2867120081073982,50 µM,0.869050772604717,4.577372495648555,11.81344116324005,2.4103955809664632
2709,mGreenLantern,51,1.3408742403607505,50 µM,0.9056321750391328,2.5171208726383925,5.9188990822321905,1.2111512361774017
2710,mGreenLantern,52,1.4194102765338992,50 µM,0.9586757484911108,2.891734209969914,7.495351042635588,1.5688072727912628
2711,mGreenLantern,53,1.5035032530698431,50 µM,1.0154725031407281,5.175709744285264,13.984785939335717,3.281849080360127
2712,mGreenLantern,54,1.338982974604342,50 µM,0.9043548060890869,2.757177181402799,6.867998255431594,1.3823232865525967
2713,mGreenLantern,1,1.4234759520053835,50 µM,0.9614217230272857,4.18051451310958,10.143672396005844,2.21743542488068
2714,mGreenLantern,4,1.2561206487403036,50 µM,0.8483892381467414,4.297557652528309,9.905243003314336,2.0067612469646465
2715,mGreenLantern,5,1.3817293790574838,50 µM,0.9332259097875113,2.8025654594971607,7.188106969838816,1.5476072818508306
2716,mGreenLantern,6,1.3896124905318759,50 µM,0.9385501968651039,4.184154976404332,11.080353390656084,2.411244386854023
2718,mGreenLantern,8,1.3504512138957476,50 µM,0.9121005037695424,5.459877585279695,12.723142793256747,2.8063609350294385
2719,mGreenLantern,9,1.33653815258899,50 µM,0.9027035628831981,2.835189596983858,7.655841096908249,1.7003069292775386
2720,mGreenLantern,10,1.3561923394685156,50 µM,0.9159780844427604,2.7398729260216963,6.482204788447231,1.4219517733191072
2721,mGreenLantern,11,1.3564700041118134,50 µM,0.916165620325897,2.656702357237682,6.574429723344105,1.3331458826214204
2722,mGreenLantern,12,1.3772171783491176,50 µM,0.930178350203824,2.5283770881726846,6.703202362619342,1.5048013384000611
2723,mGreenLantern,13,1.5902224319031457,50 µM,1.0740430060115134,4.46112015718618,14.076797463013808,3.519294918987815
2724,mGreenLantern,14,1.561872419197548,50 µM,1.0548952866384795,4.65335835527001,13.853312998199952,3.360673691462847
2725,mGreenLantern,15,1.5114109192152045,50 µM,1.0208133745477144,6.779261022226246,12.540935816195145,2.9480332992228835
2726,mGreenLantern,16,1.3434284545711095,50 µM,0.9073573021996194,2.9223801848368693,7.581480279034217,1.5778087700557346
2727,mGreenLantern,17,1.311917173332925,50 µM,0.8860744485903733,3.1654637829825476,5.246013742680638,1.1128890137703475
2728,mGreenLantern,18,1.5272231747957565,50 µM,1.0314930393385282,5.638857903298017,10.345919385709125,2.3994978590709115
2729,mGreenLantern,19,1.4603606635346307,50 µM,0.9863338143498367,4.601065721258241,12.171802901184117,2.817164435674127
2730,mGreenLantern,20,1.4955065482849574,50 µM,1.010071494657238,7.136414735238696,12.675714018579857,3.1220372602307602
2731,mGreenLantern,21,1.5262232353265004,50 µM,1.0308176759605232,3.9634195016040654,10.654884444711662,2.4595502208666566
2732,mGreenLantern,22,1.5976462521724861,50 µM,1.0790570858522996,5.399118564738912,10.61706918543498,2.6662917652428404
2733,mGreenLantern,23,1.4498064807440691,50 µM,0.9792054743245967,4.919279287462537,12.647195680318445,2.8882237324400144
2734,mGreenLantern,24,1.4630910675971822,50 µM,0.988177940887191,4.9002619952292275,14.65223846153115,3.3921693127268684
2735,mGreenLantern,25,1.4780956829160476,50 µM,0.9983121220041269,4.9525489244343355,12.11877342828428,2.909579735580254
2736,mGreenLantern,26,1.5045775219960662,50 µM,1.0161980689506662,5.380351474388255,14.502684937790095,3.424999525242936
2737,mGreenLantern,27,1.4149975115937965,50 µM,0.9556953482489773,2.243547804891226,5.403799378271081,1.1210830433282128
2738,mGreenLantern,28,1.8015697760213192,50 µM,1.2167879027223267,5.30233960443458,18.734527747329388,5.266989362658931
2739,mGreenLantern,29,1.5293350540948034,50 µM,1.0329194116152463,3.21750345652083,9.715101384021647,2.2225253307049835
2740,mGreenLantern,30,1.3802126137440993,50 µM,0.9322014800323281,2.3663416749006174,6.167439559754639,1.3877080092339396
2741,mGreenLantern,31,1.5163664274054245,50 µM,1.0241603458934578,3.6501525769042487,10.13102398632099,2.367791682690787
2742,mGreenLantern,32,1.3211295756052075,50 µM,0.8922965443366069,2.421514709829944,5.599715197569468,1.1138032884659541
2743,mGreenLantern,33,1.4308165044014793,50 µM,0.9663795633917008,2.873339249268961,7.155643005607705,1.501895251290085
2745,mGreenLantern,2,1.374726499535287,50 µM,0.9284961351208596,5.2871117847659965,13.398863448415646,2.9174025914734036
2746,mGreenLantern,3,1.5515897810722974,50 µM,1.0479503490371684,4.394849630427656,12.200525461675491,2.935871160333428
2747,mGreenLantern,4,1.292534119303505,50 µM,0.8729830513129957,2.7545810515048195,6.5325746871467665,1.261367565176724
2748,mGreenLantern,5,1.6225179726051073,50 µM,1.0958555518041102,4.167963494673737,13.192542908815643,3.289917179132166
2749,mGreenLantern,6,1.3147415382975025,50 µM,0.887982036721298,2.987013887713234,7.9292813027922024,1.5787853732489825
2751,mGreenLantern,9,1.5985969223996692,50 µM,1.0796991725742857,2.3530156073776523,7.20720260472458,1.6578649387340123
2752,mGreenLantern,10,1.4166850433597202,50 µM,0.956835114393795,3.77522811351741,10.261935858276967,2.239986034946523
2753,mGreenLantern,12,1.4699626940590143,50 µM,0.992819066677639,3.3711760845192678,10.429778951913095,2.337479923259428
2754,mGreenLantern,13,1.4655374962733076,50 µM,0.9898302692386117,4.14148022943458,11.908982454430914,2.8804728395338595
2755,mGreenLantern,14,1.5789054161361127,50 µM,1.0663994453437413,4.254973441967996,11.787286296088734,2.89534969416618
2756,mGreenLantern,17,1.534567739559439,50 µM,1.0364535896731069,5.5698956007509075,14.614684973353882,3.8196496574194634
2757,mGreenLantern,18,1.3762138309156395,50 µM,0.9295006850722631,3.309560303926401,8.080953071796406,1.8062681049809137
2758,mGreenLantern,19,1.533538544618719,50 µM,1.0357584670250257,3.2550743849206643,8.85744343539245,2.124478396392012
2759,mGreenLantern,20,1.5078498136313114,50 µM,1.018408188663453,3.45547865599021,8.725064072489408,1.973272327727402
2760,mGreenLantern,21,1.4683417907284355,50 µM,0.991724301661939,2.9459235855582904,7.857274032901002,1.7507689578574896
2761,mGreenLantern,22,1.52080761313062,50 µM,1.0271599416549362,2.450837592134497,7.451193452872936,1.6864137395168337
2762,mGreenLantern,23,1.3932450752349976,50 µM,0.9410036600510452,3.238359330944129,7.942768379119459,1.8146064900409549
2763,mGreenLantern,24,1.4453847021790949,50 µM,0.9762189862418204,3.355854707482183,8.815521635433925,1.9929772518329067
2764,mGreenLantern,25,1.4677976158728403,50 µM,0.9913567636458893,4.6197344630669885,13.025055260494657,3.028092124557804
2765,mGreenLantern,26,1.3345340656907068,50 µM,0.9013499940532299,2.3484677218153536,5.7424565751078696,1.2181696385240888
2766,mGreenLantern,27,1.4027062664993462,50 µM,0.9473937889425421,2.3824390469858145,5.826041522461026,1.2214435269853479
2767,mGreenLantern,28,1.50669021402539,50 µM,1.017624990148876,4.209477685249844,11.685360337013938,2.9314280875358496
2768,mGreenLantern,29,1.3200938152179311,50 µM,0.8915969873579479,2.5202966292146045,6.0057186452176685,1.2847446669327383
2769,mGreenLantern,30,1.5869167497781083,50 µM,1.071810334219653,3.6756687572198183,10.284151654053074,2.447459560083944
2770,mGreenLantern,31,1.4574638193920377,50 µM,0.9843772734732664,3.119819283232118,8.11933003578692,1.756374200141335
2771,mGreenLantern,32,1.649034916740537,50 µM,1.1137652088546472,4.289050121167225,13.504226864605,3.5182520250916633
2772,mGreenLantern,33,1.5400276537556676,50 µM,1.040141238984445,3.703784872878709,9.571135749714575,2.2992931448133125
2774,mGreenLantern,6,1.2949284906690515,50 µM,0.8746002199350492,3.1081760184358442,6.950968349659992,1.4348212689846702
2775,mGreenLantern,7,1.3201140504835147,50 µM,0.8916106543425399,3.2300041217819,7.137369307004985,1.4703198969816773
2776,mGreenLantern,8,1.3263634882957145,50 µM,0.8958315512680499,2.9895572182402153,6.80544536680656,1.429805077421453
2777,mGreenLantern,9,1.4182106476131084,50 µM,0.9578655140067169,6.112843192416259,8.90929515190718,1.9365992327124526
2778,mGreenLantern,10,1.4145770348091915,50 µM,0.9554113564371183,2.7595796969617266,6.79356059467349,1.3999135753949
2779,mGreenLantern,11,1.3029539513761668,50 µM,0.8800206502909343,2.7270051495921726,6.417481346029172,1.2564904947039193
2780,mGreenLantern,12,1.3368385815782293,50 µM,0.9029064739025764,3.1283350380175077,8.338476221773504,1.6912483990255147
2781,mGreenLantern,13,1.4179730838865978,50 µM,0.9577050624536375,3.3241693947691124,8.441679710557706,1.8565489332383858
2782,mGreenLantern,14,1.3710032910902068,50 µM,0.9259814642734765,3.6778917565610194,9.682876696977967,2.087607979783059
2783,mGreenLantern,15,1.3319322427867284,50 µM,0.8995927117782251,3.7739564482539194,10.240982780537042,2.117612846790192
2784,mGreenLantern,16,1.367366941905922,50 µM,0.9235254585409184,2.4461552394377017,6.5730331613009465,1.3225924234888446
2785,mGreenLantern,18,1.2664790741776915,50 µM,0.8553853628215792,2.502231729714521,5.508699882013206,1.0946627696113935
2786,mGreenLantern,19,1.343628949834361,50 µM,0.9074927175546751,3.6031822358625636,9.390217342526054,1.9359847825381407
2787,mGreenLantern,20,1.4796222319141654,50 µM,0.9993431597016647,3.007104119673738,8.28263181335745,1.8171945690004934
2788,mGreenLantern,21,1.4826662764134295,50 µM,1.001399120326311,5.345169304179122,14.420962262927578,3.3710092353656997
2789,mGreenLantern,22,1.3717152960222343,50 µM,0.9264623554382267,3.1747295066271675,7.800328670852595,1.6346921129712537
2790,mGreenLantern,23,1.2325377636102328,50 µM,0.832461257049649,3.7920754797145197,9.31465292762104,1.8298050219753728
2791,mGreenLantern,24,1.269875669107015,50 µM,0.857679437508809,4.066666914483829,8.597312135268805,1.6948998458653772
2792,mGreenLantern,25,1.2641736837309143,50 µM,0.8538282922911858,2.607977047316091,6.562337452387218,1.2441692328129224
2793,mGreenLantern,27,1.3232737694032382,50 µM,0.8937447419636219,4.359608606019709,9.535517288361532,1.9723743736652695
2794,mGreenLantern,28,1.5860992503995297,50 µM,1.0712581916562192,5.241146989715882,14.378082659886287,3.55079497443604
2795,mGreenLantern,29,1.2674753441208146,50 µM,0.8560582477859991,2.3880480065610197,5.338663776337234,1.0221586892682994
2796,mGreenLantern,30,1.3613292007690876,50 µM,0.9194475424519319,2.312066820599073,6.3947020339641645,1.2682147497992486
2797,mGreenLantern,31,1.40711274095949,50 µM,0.9503699405677092,3.4070562605449615,8.87538128968571,2.0102327776096267
2798,mGreenLantern,32,1.3851741967450228,50 µM,0.9355525543311038,2.3530156073776523,6.391442889640097,1.2915728546762093
2799,mGreenLantern,33,1.4592781138221198,50 µM,0.9856026556615577,4.000632290631901,11.338098401934433,2.6070483766230805
2800,mGreenLantern,34,1.447649180954152,50 µM,0.9777484248548206,2.921181247328585,7.731025130397267,1.6733043819946964
2801,mGreenLantern,35,1.4497078586896839,50 µM,0.9791388645688632,4.038166775917154,10.370421523893894,2.3520544825313032
2802,mGreenLantern,36,1.4243074875699102,50 µM,0.9619833456905134,3.709285450708093,10.767079572709921,2.3631218185421203
2803,mGreenLantern,37,1.4794944764480653,50 µM,0.9992568731155295,3.6110772078951587,9.9735944280064,2.2432146146494274
2804,mGreenLantern,38,1.2739738690707394,50 µM,0.8604473792256209,4.116536314222165,9.256213230874007,1.863873384068405
2805,mGreenLantern,39,1.4820616737389132,50 µM,1.0009907691038957,4.087858311570655,10.568886055442377,2.403772048901792
2806,mGreenLantern,40,1.272089508916889,50 µM,0.8591746743489657,4.110764526700334,9.18392406114695,1.8203198484663572
2807,mGreenLantern,41,1.490102679625356,50 µM,1.0064216987401324,3.615759888367861,9.221982572528777,2.057291074841392
2808,mGreenLantern,42,1.2247018643615237,50 µM,0.8271688573104411,3.7120976914723207,9.207892560513157,1.7627819828564977
2809,mGreenLantern,43,1.3370515780833565,50 µM,0.9030503326496593,3.295770258297247,7.083286422492532,1.5944507770756875
2810,mGreenLantern,44,1.434481526735366,50 µM,0.9688549350916686,3.2116457922145205,8.411695380604282,1.8463480586747987
2811,mGreenLantern,45,1.5105755480816807,50 µM,1.0202491613248437,2.6058796178014743,7.2939891386686275,1.5864618940689543
2812,mGreenLantern,46,1.3548196237322423,50 µM,0.9150509463857139,6.14646789285359,9.851195875597508,2.0657983324057696
2813,mGreenLantern,47,1.3832664350105999,50 µM,0.9342640439272221,3.078891810452191,7.3053066745013435,1.588759304248024
2814,mGreenLantern,48,1.271176704209812,50 µM,0.858558162160594,3.751550581357104,8.246736600807141,1.6772147782428368
2230,mGreenLantern,5,1.9360406693100156,500 µM,1.3076101169933183,4.075909991601802,15.091290199531771,4.642944704226182
2231,mGreenLantern,7,2.0725384765633006,500 µM,1.3998013175921207,3.5405885211072605,13.999330246471144,4.288763450455931
2232,mGreenLantern,9,2.059526066653951,500 µM,1.391012680497016,2.9186333492978913,12.126893266094395,3.5204254868779197
2233,mGreenLantern,10,1.661646395225896,500 µM,1.1222830551577294,3.389104730762004,10.67897834382179,2.8355980011483997
2234,mGreenLantern,11,1.5381774027493078,500 µM,1.0388915715713347,4.256519808085744,12.565636487514617,3.2214685647700914
2235,mGreenLantern,12,2.125940327323784,500 µM,1.4358691551264748,5.82135848432868,24.15364580315864,8.096554595088946
2238,mGreenLantern,15,1.495261159809923,500 µM,1.0099057582356663,2.8970798267471163,7.658637059753522,1.7640746940079448
2239,mGreenLantern,16,1.3649728217715338,500 µM,0.9219084596014595,3.2439562667453306,7.578995331426103,1.6469798453022744
2240,mGreenLantern,17,1.5329600970410964,500 µM,1.0353677810664919,3.4434163953476546,9.43062963535485,2.169918050506505
2241,mGreenLantern,18,1.5700384277064618,500 µM,1.0604106435785354,3.3809581712403047,9.729442082593017,2.2884700943833565
2242,mGreenLantern,19,1.5382730638481472,500 µM,1.0389561814850767,3.766012823495607,9.796497070356976,2.266559985060881
2243,mGreenLantern,20,1.4403942494797104,500 µM,0.972848413225698,3.222937896344835,7.797023079875446,1.8205939456917635
2244,mGreenLantern,21,1.3399825195715216,500 µM,0.9050299030187084,2.0057910176492935,4.920860313740176,1.0298313793002238
2245,mGreenLantern,22,1.4881827582763922,500 µM,1.005124975680781,3.273671326698378,8.648779637850657,2.184295626234283
2246,mGreenLantern,23,1.796024927628582,500 µM,1.213042888492785,5.3702756565661645,16.449996405462606,4.99159579842589
2248,mGreenLantern,2,1.4628015454675773,500 µM,0.9879823964072811,1.3095073170654237,3.980061623701835,0.7348576249012596
2249,mGreenLantern,3,1.5555012189317798,500 µM,1.050592150833033,2.1231735767471163,6.250473397711976,1.3538253381300163
2250,mGreenLantern,4,1.6305320153468006,500 µM,1.1012682704175005,2.2626548815164536,6.890929204490483,1.5763570458759983
2251,mGreenLantern,5,1.7246246368867049,500 µM,1.1648188279085532,2.6912250400487467,9.896834542547877,2.4701204262809386
2252,mGreenLantern,6,1.6873238611599117,500 µM,1.1396257250542436,3.0515948333273206,10.050013345803396,2.5863717567052404
2255,mGreenLantern,9,1.794711541136046,500 µM,1.2121558216597446,5.4137048372562075,18.624375501649286,5.188415550230319
2256,mGreenLantern,10,1.7375349522340586,500 µM,1.173538509901489,2.767653090039015,8.319773087521488,2.149520250984545
2257,mGreenLantern,11,1.6738794744416083,500 µM,1.1305453289818361,4.497099331303196,10.182952163153242,2.5110974194563256
2258,mGreenLantern,12,1.6125493459348683,500 µM,1.089122698877431,5.822783943870526,11.219270627990793,2.7693816385934644
2260,mGreenLantern,14,2.130004910111742,500 µM,1.4386143916595404,5.2016205491027945,20.263680472686858,7.090370214385909
2261,mGreenLantern,15,1.6318263417846228,500 µM,1.1021424640083777,3.738878675745755,11.809125370865248,3.0110907989563125
2262,mGreenLantern,16,1.7897480369595733,500 µM,1.208803449790817,3.7551559141345883,13.037066730069691,3.666313411977031
2263,mGreenLantern,17,1.6256217904731545,500 µM,1.0979518836167108,2.196718224893901,7.101288552225924,1.8157990610001886
2264,mGreenLantern,18,1.621591532495203,500 µM,1.0952298302065722,3.583468486592255,10.013590430466987,2.5456995483249742
2265,mGreenLantern,19,1.4319885660100649,500 µM,0.9671711787959745,3.9101575726203635,10.398991155862884,2.4897481742227496
2268,mGreenLantern,22,1.6042671471926775,500 µM,1.083528866558765,6.458547965337729,16.940426685890948,4.412006223586668
2269,mGreenLantern,23,1.6466388152935059,500 µM,1.1121468717281875,3.9315441110656604,11.750803493693983,3.065920477698904
2271,mGreenLantern,25,1.5779935388371873,500 µM,1.0657835595307865,2.8672849081234073,8.05848447054608,2.02822576665704
2272,mGreenLantern,26,1.610379467272703,500 µM,1.0876571535837434,2.8415598269104936,7.876033425470668,1.8391811685866957
2274,mGreenLantern,28,1.4635719747604192,500 µM,0.9885027476342556,2.2853532818694644,5.808771896340428,1.2642934871654052
2275,mGreenLantern,29,1.5183339297859808,500 µM,1.0254892053842768,2.976733791622031,8.014120269280626,1.8005388209020299
2276,mGreenLantern,30,1.4144493178538036,500 µM,0.9553250958612821,6.159652471170154,14.645714179766294,3.299001323607179
2277,mGreenLantern,31,1.3915036078904415,500 µM,0.9398274655866145,2.5778647673747157,5.955065989777404,1.2757607104604303
2278,mGreenLantern,1,1.6850660788571938,500 µM,1.1381008092671934,4.672835884632954,14.874487913797585,3.860954520992714
2279,mGreenLantern,2,1.6724380331406188,500 µM,1.1295717733855595,4.733846811858363,14.206036998125557,3.6462280956454145
2280,mGreenLantern,3,1.691262179778838,500 µM,1.1422856822295682,2.421123775420754,7.69008660560066,1.8281173883981445
2282,mGreenLantern,6,1.495501473006979,500 µM,1.010068066792867,1.4165242999304843,4.019732074959018,0.7740443410563168
2283,mGreenLantern,7,1.6656738393110246,500 µM,1.1250032080526662,3.2191168758259523,10.373304531279297,2.55030400199463
2284,mGreenLantern,8,1.8648143330252558,500 µM,1.259503545990596,6.900541255132641,22.136565875762148,6.487382107941075
2285,mGreenLantern,9,1.5315450791384846,500 µM,1.0344120719460626,3.7594455533896998,9.872297478838856,2.362815344423035
2286,mGreenLantern,10,1.7000649191541573,500 µM,1.1482310899097308,4.688688786501875,15.73455749271072,4.135452985601241
2287,mGreenLantern,11,1.5842379693551079,500 µM,1.0700010745084056,3.998393208404642,11.086585558307672,2.6720616851277317
2288,mGreenLantern,12,1.6159151113936914,500 µM,1.0913959512089288,3.262378212447066,9.401886791598757,2.360793084785214
2289,mGreenLantern,13,1.8081737220920873,500 µM,1.2212482360361367,3.0416199309460135,10.287135897224905,2.688347395358395
2290,mGreenLantern,14,1.8494456076897778,500 µM,1.2491234434170666,3.0251297431056026,11.118238171895177,2.965204484934709
2291,mGreenLantern,15,1.7478431651318738,500 µM,1.1805007208131575,3.070269608735857,10.046055542212876,2.622984829276535
2292,mGreenLantern,16,1.6046565771661485,500 µM,1.0837918892221023,3.468333065627705,9.671281339962963,2.308191506100454
2293,mGreenLantern,17,1.8355743620335518,500 µM,1.2397547449992565,4.034639048888106,12.755091918788596,3.6256829429567934
2294,mGreenLantern,18,1.695995367225238,500 µM,1.1454824971976876,2.960174077259144,9.16395110851092,2.328304201315017
2295,mGreenLantern,19,1.4966568524544634,500 µM,1.0108484149944548,3.1675481799980156,8.544187305305593,1.9212389218994104
2296,mGreenLantern,20,1.4843555227361556,500 µM,1.0025400444900983,2.537843530648127,7.907135100934923,1.7234718578061796
2297,mGreenLantern,21,1.5962023452024126,500 µM,1.078081864932618,2.9002412870938246,8.317421477216499,1.9263245248573888
2298,mGreenLantern,22,1.824778766199763,500 µM,1.2324633535760257,5.502694824084262,19.401837389079112,5.511913860970072
2299,mGreenLantern,23,1.5919689146175238,500 µM,1.075222587878091,2.6052567839588363,7.649986836590096,1.7682931333264413
2300,mGreenLantern,24,1.6260702623869938,500 µM,1.0982547834581344,2.3373671786888264,8.017119724441256,1.862640191247922
2301,mGreenLantern,25,1.6215501319362426,500 µM,1.0952018680926539,6.374706636434036,12.037530254504752,2.9932480192551374
2302,mGreenLantern,26,1.7975306159865665,500 µM,1.2140598368250952,2.1468057355826247,7.289867587608586,1.758366536528773
2303,mGreenLantern,27,1.5802636117098345,500 µM,1.067316776421134,3.0987770024369135,8.466362595274346,2.111345126640395
2304,mGreenLantern,28,1.785149705144007,500 µM,1.2056977168903458,3.0509037688492473,9.565784442076403,2.522121383641532
2305,mGreenLantern,29,1.5075639545249115,500 µM,1.018215118205023,2.9536770422145207,8.096691588009387,1.9410109669013933
2306,mGreenLantern,1,1.442594859034236,500 µM,0.9743347142950217,6.783566603785172,17.459551343476935,4.046187551575084
2307,mGreenLantern,2,1.6278097080979863,500 µM,1.0994296125026426,4.834323503777398,9.818597840285282,2.388887139499982
2308,mGreenLantern,3,1.7883149446546789,500 µM,1.207835533142076,2.2225417059931445,8.253603897673843,2.0329554928474356
2309,mGreenLantern,4,1.7694420211367734,500 µM,1.1950886801857021,6.11498954923336,20.477426297269954,5.749838904930415
2310,mGreenLantern,5,1.8287400596052625,500 µM,1.235138828020091,3.3848998123409775,11.057843627488426,2.9855539369143878
2311,mGreenLantern,6,1.7812535604160535,500 µM,1.2030662441406759,2.283101457355798,7.23652667718038,1.7590663918509788
2312,mGreenLantern,7,1.5143074674982897,500 µM,1.0227697155995124,2.54402551686151,6.910869370098717,1.543565377970595
2313,mGreenLantern,8,1.778919499958455,500 µM,1.2014898097628186,3.135489025919596,9.93418020789418,2.8228213933216786
2314,mGreenLantern,9,1.5866563116605106,500 µM,1.0716344332053718,5.338004750621706,15.041544130387734,3.772686023573622
2315,mGreenLantern,10,1.8924380158601937,500 µM,1.2781606990742926,3.289319755387205,11.251803270633902,3.0810092681091255
2318,mGreenLantern,13,1.590740767138587,500 µM,1.0743930918380156,3.1229894212403044,8.760369092707107,2.121335286090112
2319,mGreenLantern,14,1.7315773936951628,500 µM,1.1695147494807865,2.213953537704212,7.502179273582601,1.9204358328129236
2320,mGreenLantern,15,1.6983317191779699,500 µM,1.1470604792611214,3.365309742551479,10.700788298076732,2.7027958796481264
2321,mGreenLantern,17,1.6179132554212179,500 µM,1.092745506198667,3.1824004242048676,9.659636615097543,2.348575313683693
2322,mGreenLantern,18,1.6680999936950534,500 µM,1.1266418430608214,2.960724237404789,9.306132641134232,2.2750231412763426
2323,mGreenLantern,19,1.638537465600886,500 µM,1.1066751856281503,3.0302236319739957,8.828284781068387,2.298899542461091
2324,mGreenLantern,20,1.7002865620076946,500 µM,1.1483807884373696,3.0820932369430754,10.450811343572113,2.63516825508101
2325,mGreenLantern,21,1.7043219769627256,500 µM,1.1511063248918003,2.498364769049019,7.699884916752781,1.8281668834637983
2326,mGreenLantern,22,1.6946269244054273,500 µM,1.1445582450866258,3.4613971060237096,9.727034690043036,2.4593775373905475
2328,mGreenLantern,1,1.76439484269752,500 µM,1.1916797943631794,4.406679978232235,13.414712348486379,3.5585691843731566
2329,mGreenLantern,2,1.7069059419264418,500 µM,1.1528515458378643,3.3321144124291306,9.718687021380012,2.6145936446832874
2330,mGreenLantern,3,1.8769680560896667,500 µM,1.2677122223319988,2.3919895756668823,8.378276200210431,2.1254557630524245
2331,mGreenLantern,4,1.6664563933637953,500 µM,1.125531748394157,3.034296151549068,9.772847002480374,2.570271801018518
2333,mGreenLantern,6,1.6930324866977833,500 µM,1.1434813550654188,2.237213008050336,6.712187189773861,1.5582021122300773
2336,mGreenLantern,9,1.247385011598289,500 µM,0.842489151600857,4.378501666502418,9.644595791285038,1.9985217325039486
2337,mGreenLantern,10,1.5161358943559875,500 µM,1.0240046428896297,3.5367915756178663,9.406034544686674,2.21899283360108
2338,mGreenLantern,11,1.5569076738703407,500 µM,1.051542076491058,2.612157843975729,7.666317671338152,1.7358089544145758
2339,mGreenLantern,12,1.635925366924485,500 µM,1.104910963052669,5.398172493217176,16.370675574095323,4.2059375330237625
2340,mGreenLantern,13,1.6629354457566483,500 µM,1.1231536853784923,4.701519094442613,12.819761914471233,3.2921501581156045
2341,mGreenLantern,14,1.5556213372415275,500 µM,1.0506732792512279,3.2590695714267195,9.4852130395752,2.3208336333472537
2342,mGreenLantern,15,1.904187555047249,500 µM,1.2860963879028122,3.9051172191600263,13.30216341874776,3.7330458632957173
2343,mGreenLantern,16,1.651584494454059,500 µM,1.1154872045054154,3.4860171888772697,10.434530534267918,2.6944166004572505
2344,mGreenLantern,17,1.7243649966009635,500 µM,1.1646434657533071,4.4656093661888265,15.90354135023271,4.251123006235265
2345,mGreenLantern,18,1.630284487263252,500 µM,1.1011010888952222,5.684111170203449,15.430274777825968,3.9627840534731185
2346,mGreenLantern,19,1.936283574551281,500 µM,1.307774176228222,4.394913170028744,15.709152869104791,4.586658833171776
2347,mGreenLantern,20,1.8381696081828434,500 µM,1.2415075853061242,5.3700152385097,16.71583285720854,4.7607274630274
2348,mGreenLantern,1,1.2629969618556314,500 µM,0.8530335293229288,2.4052437473285844,5.352500856025309,1.0073332258701222
2349,mGreenLantern,2,1.5530403205032888,500 µM,1.0489300495492129,2.7207786866650925,7.8479743809189735,1.805849269058717
2350,mGreenLantern,3,1.6501692776878032,500 µM,1.1145313610716334,4.466733453317921,12.594014765777361,3.1660894883061976
2351,mGreenLantern,4,1.802587904576789,500 µM,1.217475551086659,2.9374604332542495,10.277968623063067,2.6904753313509704
2352,mGreenLantern,5,1.754550554890516,500 µM,1.185030920434503,4.004987605069416,13.868502025954257,3.679894025533252
2353,mGreenLantern,6,1.7313489226862353,500 µM,1.1693604391879042,3.2551598797982737,9.61301084590416,2.4692660157135373
2354,mGreenLantern,7,1.7577452999875791,500 µM,1.1871886648849972,2.48698243606256,7.977605988175643,1.933355660253589
2355,mGreenLantern,8,1.7850255418012653,500 µM,1.205613856439632,3.3252120120161464,11.362680799867988,3.0299110210666442
2356,mGreenLantern,9,1.6115282494955248,500 µM,1.0884330459916849,2.582591194348729,7.528614386977077,1.8295024367745472
2357,mGreenLantern,10,1.8877522555744006,500 µM,1.2749959166125213,2.5256368036065346,9.330710059699015,2.4340582697671054
2358,mGreenLantern,11,2.005640196004596,500 µM,1.3546179338674416,2.9729308036808297,11.696075548072734,3.333761368691787
2359,mGreenLantern,12,1.950134699377005,500 µM,1.3171292849513816,3.5850395386784255,12.228371514702026,3.441011031812329
2360,mGreenLantern,13,1.9035597143770926,500 µM,1.2856723416391307,4.130284912385616,15.409277481347994,4.410850494344865
2361,mGreenLantern,14,1.642132344269341,500 µM,1.1091031819976225,2.347073361384777,7.243752981023492,1.6796545984231466
2362,mGreenLantern,15,1.5942903023886383,500 µM,1.076790463069502,3.0513645598368684,9.325393147283142,2.3741569742764947
2363,mGreenLantern,16,1.6709815345628862,500 µM,1.1285880480404156,2.906731756148043,9.473164173419349,2.356460347516033
2364,mGreenLantern,17,1.5110643440511995,500 µM,1.020579296205283,2.2461614524592175,6.955661020053641,1.5213481037247392
2365,mGreenLantern,18,1.4244311420805067,500 µM,0.9620668624738284,3.301579853180639,9.236389784704697,2.0347576825372737
2366,mGreenLantern,19,1.6375338628311027,500 µM,1.105997348041361,3.549222878616315,12.15162585363331,3.0332649016827444
2367,mGreenLantern,20,1.6022905082189238,500 µM,1.0821938361739722,2.1309520883785544,6.59636114820146,1.5206007888883848
2368,mGreenLantern,21,1.6912155268843447,500 µM,1.1422541726658522,3.2691239085347497,11.056882776182533,2.7947817886727178
2369,mGreenLantern,22,1.5646982830719358,500 µM,1.0568038871394765,3.418897365633857,9.33353089577342,2.285769222150237
2370,mGreenLantern,23,1.6957350964758588,500 µM,1.1453067092246143,4.690382786066476,15.552627901890464,4.190448857342256
2371,mGreenLantern,24,1.6247725340650119,500 µM,1.0973782922202013,2.030554669877652,6.588866755253415,1.6258424712627013
2373,mGreenLantern,1,2.0440775424506294,500 µM,1.3805786814281438,4.579889674693069,17.83805445732545,5.649421679752322
2374,mGreenLantern,2,2.0060855716141943,500 µM,1.3549187424517881,4.757722647416448,15.163448290002739,5.297471175802226
2376,mGreenLantern,4,1.913456482888359,500 µM,1.2923566612590718,2.725777863385725,9.890602811918196,2.97561351766698
2377,mGreenLantern,5,1.690334131016043,500 µM,1.1416588741410136,3.8033708632457546,12.372811239215205,3.309686263184413
2380,mGreenLantern,8,1.7809801014283038,500 µM,1.2028815487752154,3.6389269212403037,11.699437289263322,3.525267675753377
2381,mGreenLantern,9,2.1015490903611846,500 µM,1.4193952097575258,3.2594781410911238,13.644909252117001,4.141314921078399
2382,mGreenLantern,10,1.5672001018129873,500 µM,1.0584936261767501,4.144210448662722,11.365519429152789,3.09296710655615
2383,mGreenLantern,11,1.8001635576260475,500 µM,1.215838136826647,3.2941706527461108,11.119938940199619,2.9193317731650463
2384,mGreenLantern,12,1.684521854804249,500 µM,1.1377332380230443,4.688419401161594,11.998082368059679,3.3562062801899573
2385,mGreenLantern,13,1.8429449323033196,500 µM,1.2447328595634477,3.915195059479662,12.919257625471811,3.6025733491513403
2386,mGreenLantern,14,1.4359848965842772,500 µM,0.9698703174930722,4.244447321540464,10.068913465817392,2.3042004292815443
2387,mGreenLantern,15,1.328163742943065,500 µM,0.8970474509272647,3.736064980614905,9.044662100273557,1.8925250654901045
2388,mGreenLantern,1,1.465618491638642,500 µM,0.9898849738534578,3.5613382665106896,8.840380601098932,2.0774411862664186
2389,mGreenLantern,2,1.6161109933926499,500 µM,1.0915282507456252,3.1447027850931555,8.15226827363983,1.9653258276655268
2390,mGreenLantern,3,1.6677443303376407,500 µM,1.1264016265138403,2.834455410149974,8.4494500842344,2.112944512057514
2391,mGreenLantern,4,1.7936567996674528,500 µM,1.211443444777891,5.595537557095617,20.12485691186026,5.637686581227387
2392,mGreenLantern,5,1.8506825628718067,500 µM,1.2499588882173376,4.012407096320493,13.756412512339347,3.9983053288638715
2393,mGreenLantern,6,1.8174812016819697,500 µM,1.2275345474077757,3.5539145886302257,11.29199471338394,3.0913217010425447
2394,mGreenLantern,7,1.748462914623365,500 µM,1.1809193022602942,5.706031365782881,19.15854836571945,5.24340322096405
2395,mGreenLantern,9,1.708325912506198,500 µM,1.153810600017539,3.956596877402025,13.60772869906593,3.541291643954539
2396,mGreenLantern,10,1.4547802129607426,500 µM,0.9825647542554545,6.072911120418424,17.777106432182308,4.142911594374851
2397,mGreenLantern,11,1.9887113142113013,500 µM,1.3431840949749014,5.549003159580019,18.63265370200983,5.818657774011865
2398,mGreenLantern,12,1.3890005650505852,500 µM,0.9381368997877926,2.951379736023869,7.303498225608852,1.5711625796325603
2399,mGreenLantern,13,1.8885923779418354,500 µM,1.275563338839019,5.92057191972018,21.31533783928312,6.5184091001626765
2400,mGreenLantern,14,1.6298462688589834,500 µM,1.10080511431785,3.597653607865222,9.8670575729319,2.3870235808517295
2401,mGreenLantern,15,1.58262300984846,500 µM,1.0689103239767137,3.5376118545691293,9.476294374225375,2.2237474751042896
2402,mGreenLantern,16,1.7763011196969436,500 µM,1.1997213445779895,2.586357904415601,8.279735291727938,2.103929951981428
2403,mGreenLantern,17,1.6274924050427841,500 µM,1.0992153046672173,2.5310265778310477,7.714751278545988,1.8272935875949625
2404,mGreenLantern,2,1.4633270069859061,500 µM,0.9883372953556087,2.5400103784849124,6.539503574776154,1.4115166582748917
2405,mGreenLantern,3,1.4620261900917526,500 µM,0.9874587180828713,4.9469361897527175,9.181278735486707,2.0292431965773967
2406,mGreenLantern,4,1.469370306550876,500 µM,0.9924189656306408,5.194960440897427,9.68498348411618,2.1653756419597263
2407,mGreenLantern,5,1.7399923502276085,500 µM,1.1751982469766353,7.4473293733333685,22.619940915877304,6.378659567246973
2408,mGreenLantern,6,1.8313117647157164,500 µM,1.2368757686090257,6.099319287623771,21.523680239944913,6.255190350431439
2409,mGreenLantern,7,1.7827143395313023,500 µM,1.2040528605790963,4.155675849374161,11.874834939482055,3.279014776970305
2410,mGreenLantern,8,1.819834858557766,500 µM,1.2291242172899786,2.5121245363164726,8.690010881760005,2.2114745418999617
2411,mGreenLantern,9,1.8266478539567947,500 µM,1.2337257434107982,2.67133623258307,9.00902191505162,2.2964583280322106
2412,mGreenLantern,10,1.6805814176247034,500 µM,1.1350718499628507,3.9536459047594006,11.138081987145778,3.033614776129575
2413,mGreenLantern,11,1.7524699835016724,500 µM,1.1836256936537308,3.3131204440029376,11.973689468352452,3.1265233157220007
2414,mGreenLantern,12,1.8380049491544586,500 µM,1.241396373896786,3.8944463824671813,14.529475074536347,4.016468526540298
2415,mGreenLantern,13,1.3414213536957813,500 µM,0.9060016977167134,3.327398209336952,8.83213180908974,1.9395198570698076
2416,mGreenLantern,14,1.737498968320317,500 µM,1.1735142062128303,4.250879835094061,14.987784615828405,3.9799173442416724
2417,mGreenLantern,15,1.5017873237020434,500 µM,1.0143135571346091,4.35468989068891,13.34134904750622,3.164800586103653
2418,mGreenLantern,16,1.7784233900001345,500 µM,1.2011547349831797,4.018747372336868,14.454871609110933,3.8924151907890896
2419,mGreenLantern,17,1.4861844442930952,500 µM,1.0037753059021912,4.328998945025313,12.00937125739886,2.7789671505350104
2420,mGreenLantern,18,1.5607776733783958,500 µM,1.0541558906478108,4.361440057173737,13.444644878342022,3.24778235351202
2423,mGreenLantern,21,1.7570294454360833,500 µM,1.1867051736708558,2.788812491188826,9.685274739728655,2.4893254976382266
2424,mGreenLantern,22,1.6425859955503124,500 µM,1.109409580005675,3.020067702459218,9.968228383707652,2.5016850464868035
2425,mGreenLantern,3,1.9422253378518213,500 µM,1.31178726847764,5.244702296775376,16.70795673771821,4.952227955697651
2426,mGreenLantern,8,1.8908630543927445,500 µM,1.2770969633886962,4.95703738615519,17.46062911670323,5.035871677008305
2427,mGreenLantern,9,1.637541646150661,500 µM,1.1060026049285532,4.817562797967176,13.64576925973232,3.507216268976707
2428,mGreenLantern,10,1.4348273908403115,500 µM,0.9690885331817815,7.614661443648042,15.323504711978805,3.5101118729956315
2429,mGreenLantern,11,1.683041114415229,500 µM,1.1367331396552691,7.681353184946544,22.954246987904543,6.305824506232742
2430,mGreenLantern,12,2.0477100453723365,500 µM,1.383032089378569,6.086554747530283,15.876274029447684,5.45280823292183
2431,mGreenLantern,13,2.2012545308810862,500 µM,1.4867366891023597,3.3633700396901918,13.00762622705581,4.221402352822052
2433,mGreenLantern,15,1.4726381474859327,500 µM,0.9946260793215571,2.8462234185419435,7.542163945487514,2.100630482192375
2434,mGreenLantern,16,1.745630113645677,500 µM,1.1790060164101714,5.423411173047548,18.581052674202112,5.0586457223513825
2435,mGreenLantern,17,1.5379295641292072,500 µM,1.038724180311346,3.471152139654244,9.086524664784838,2.1292665641979913
2436,mGreenLantern,18,1.7873463332025308,500 µM,1.207181328840306,5.422619882938287,17.387610488892445,5.108990827052643
2438,mGreenLantern,20,1.5855943715180414,500 µM,1.0709171943085107,3.2338114453818307,8.461384055093239,2.0206260345959306
2439,mGreenLantern,21,1.6364816781465779,500 µM,1.1052866980223608,4.191506895395158,12.354516347379905,3.2033681569156904
2440,mGreenLantern,22,1.4223552794394647,500 µM,0.960664816001384,4.0040882358667345,10.875531327303845,2.4077913386943
