,Sampling iteration,Image_full_path,Image,label,Width,Length,SurfaceArea,Volume
0,0,/Users/reyesmatte/Desktop/copypasta/20260226/processed_masks/PY79_46_cp_masks.tif,PY79_46_cp_masks.tif,4,0.7352129736830999,2.346533815984912,4.3956300680677245,0.7938201146835511
1,0,/Users/reyesmatte/Desktop/copypasta/20260226/processed_masks/PY79_46_cp_masks.tif,PY79_46_cp_masks.tif,7,0.7496307005697346,3.9400926645431036,7.785294401428667,1.3986569015245511
2,0,/Users/reyesmatte/Desktop/copypasta/20260226/processed_masks/PY79_46_cp_masks.tif,PY79_46_cp_masks.tif,16,0.8135993967200118,3.723096226877039,7.92848040080802,1.4773581509132292
3,0,/Users/reyesmatte/Desktop/copypasta/20260226/processed_masks/PY79_46_cp_masks.tif,PY79_46_cp_masks.tif,22,0.7667829612733953,4.353084848011508,9.023666252657748,1.6217243703767354
4,0,/Users/reyesmatte/Desktop/copypasta/20260226/processed_masks/PY79_46_cp_masks.tif,PY79_46_cp_masks.tif,29,0.7512149134403322,3.838166612031298,7.772963014728623,1.375631568308534
5,0,/Users/reyesmatte/Desktop/copypasta/20260226/processed_masks/PY79_46_cp_masks.tif,PY79_46_cp_masks.tif,35,0.7314906644275762,5.9733038316259375,11.472017751600404,2.0140967970152484
6,0,/Users/reyesmatte/Desktop/copypasta/20260226/processed_masks/PY79_46_cp_masks.tif,PY79_46_cp_masks.tif,36,0.7296181529756287,7.4051238881095784,15.003058544062505,2.6435289666079256
7,0,/Users/reyesmatte/Desktop/copypasta/20260226/processed_masks/PY79_46_cp_masks.tif,PY79_46_cp_masks.tif,40,0.7912448978971329,2.659924369499389,5.5165221698261755,0.9666840643970593
8,0,/Users/reyesmatte/Desktop/copypasta/20260226/processed_masks/PY79_46_cp_masks.tif,PY79_46_cp_masks.tif,41,0.6950270758489538,5.117799405740213,9.503065709944678,1.6707862852575237
9,0,/Users/reyesmatte/Desktop/copypasta/20260226/processed_masks/PY79_46_cp_masks.tif,PY79_46_cp_masks.tif,43,0.713900860656844,2.9186082943226834,5.370620559601401,0.8779042487624242
10,0,/Users/reyesmatte/Desktop/copypasta/20260226/processed_masks/PY79_46_cp_masks.tif,PY79_46_cp_masks.tif,47,0.7291619860186562,3.6987409221075165,8.111785944219099,1.3835685522751833
11,0,/Users/reyesmatte/Desktop/copypasta/20260226/processed_masks/PY79_46_cp_masks.tif,PY79_46_cp_masks.tif,48,0.7531373415618058,4.623555485014262,9.542413086115527,1.7218397281955844
12,0,/Users/reyesmatte/Desktop/copypasta/20260226/processed_masks/PY79_46_cp_masks.tif,PY79_46_cp_masks.tif,50,0.6974209661782579,3.9578151463096054,7.69721847221658,1.2820912698116722
13,0,/Users/reyesmatte/Desktop/copypasta/20260226/processed_masks/PY79_46_cp_masks.tif,PY79_46_cp_masks.tif,53,0.8537685937306879,5.237580794735658,12.005322386739858,2.4444448850430107
14,0,/Users/reyesmatte/Desktop/copypasta/20260226/processed_masks/PY79_46_cp_masks.tif,PY79_46_cp_masks.tif,54,0.8058938674854328,4.05996508498453,9.09208059130719,1.6980684239595312
15,0,/Users/reyesmatte/Desktop/copypasta/20260226/processed_masks/PY79_46_cp_masks.tif,PY79_46_cp_masks.tif,57,0.670331483906018,3.8377934795745503,7.43363564151927,1.1752133479470976
16,0,/Users/reyesmatte/Desktop/copypasta/20260226/processed_masks/PY79_46_cp_masks.tif,PY79_46_cp_masks.tif,59,0.7933767963516908,4.39015349291099,9.126939922847868,1.6970194746126268
17,0,/Users/reyesmatte/Desktop/copypasta/20260226/processed_masks/PY79_46_cp_masks.tif,PY79_46_cp_masks.tif,61,0.7902468823169266,4.617510334429039,9.403831568062202,1.816572781903229
18,0,/Users/reyesmatte/Desktop/copypasta/20260226/processed_masks/PY79_46_cp_masks.tif,PY79_46_cp_masks.tif,62,0.6607727023149144,4.182384637156116,8.193129851573678,1.2851643137867221
19,0,/Users/reyesmatte/Desktop/copypasta/20260226/processed_masks/PY79_46_cp_masks.tif,PY79_46_cp_masks.tif,64,0.7675433366532898,4.670873431117917,10.317077882576797,1.866330280897781
20,0,/Users/reyesmatte/Desktop/copypasta/20260226/processed_masks/PY79_46_cp_masks.tif,PY79_46_cp_masks.tif,71,0.7864603917803384,5.014354686936747,11.363795628674113,2.1132873431450694
21,0,/Users/reyesmatte/Desktop/copypasta/20260226/processed_masks/PY79_46_cp_masks.tif,PY79_46_cp_masks.tif,83,0.7815311871511182,7.068999832587685,13.840477360415264,2.5921453350621007
22,0,/Users/reyesmatte/Desktop/copypasta/20260226/processed_masks/PY79_46_cp_masks.tif,PY79_46_cp_masks.tif,86,0.773025906678821,6.364269155217998,11.800296543881862,2.208485642979914
23,0,/Users/reyesmatte/Desktop/copypasta/20260226/processed_masks/PY79_46_cp_masks.tif,PY79_46_cp_masks.tif,87,0.7276444334626913,2.6873530830522925,4.938080035363423,0.8991561711675653
24,0,/Users/reyesmatte/Desktop/copypasta/20260226/processed_masks/PY79_46_cp_masks.tif,PY79_46_cp_masks.tif,89,0.7819098974373879,2.957061423354279,6.158973130119249,1.0823040908734984
25,0,/Users/reyesmatte/Desktop/copypasta/20260226/processed_masks/PY79_46_cp_masks.tif,PY79_46_cp_masks.tif,91,0.7503962884633243,6.313939488011764,12.23423407253594,2.242203496276066
26,0,/Users/reyesmatte/Desktop/copypasta/20260226/processed_masks/PY79_46_cp_masks.tif,PY79_46_cp_masks.tif,92,0.7072807028474057,3.7048536033788118,6.9333011656954495,1.16327106156286
27,0,/Users/reyesmatte/Desktop/copypasta/20260226/processed_masks/PY79_46_cp_masks.tif,PY79_46_cp_masks.tif,93,0.785246458365722,3.47436068880919,7.269368975080773,1.309130360346259
28,0,/Users/reyesmatte/Desktop/copypasta/20260226/processed_masks/PY79_46_cp_masks.tif,PY79_46_cp_masks.tif,95,0.7438634932032246,7.19529936168434,14.404721257415044,2.5814603163276133
29,0,/Users/reyesmatte/Desktop/copypasta/20260226/processed_masks/PY79_46_cp_masks.tif,PY79_46_cp_masks.tif,166,0.6971897628788816,5.437762401741373,9.531302534525379,1.5989451584751702
30,0,/Users/reyesmatte/Desktop/copypasta/20260226/processed_masks/PY79_46_cp_masks.tif,PY79_46_cp_masks.tif,171,0.7482779670053344,5.023847429923581,9.817610656072144,1.7435069038851998
31,0,/Users/reyesmatte/Desktop/copypasta/20260226/processed_masks/PY79_46_cp_masks.tif,PY79_46_cp_masks.tif,173,0.7459855388964249,4.545150513623509,9.867384505086353,1.8042822086640147
32,0,/Users/reyesmatte/Desktop/copypasta/20260226/processed_masks/PY79_46_cp_masks.tif,PY79_46_cp_masks.tif,174,0.764654138268687,4.24224912695103,10.040365098861479,1.8139711962877088
33,0,/Users/reyesmatte/Desktop/copypasta/20260226/processed_masks/PY79_48_cp_masks.tif,PY79_48_cp_masks.tif,1,0.7792044344084174,2.2164302411893475,5.040134204499675,0.8613661688194796
34,0,/Users/reyesmatte/Desktop/copypasta/20260226/processed_masks/PY79_48_cp_masks.tif,PY79_48_cp_masks.tif,4,0.7658552332278799,4.644411756080483,10.335835319203264,1.8651245413707669
35,0,/Users/reyesmatte/Desktop/copypasta/20260226/processed_masks/PY79_48_cp_masks.tif,PY79_48_cp_masks.tif,7,0.7573826659316706,7.492414820021001,12.524744891336931,2.335488316382009
36,0,/Users/reyesmatte/Desktop/copypasta/20260226/processed_masks/PY79_48_cp_masks.tif,PY79_48_cp_masks.tif,8,0.7652692496835235,4.305266730127496,9.060905004881814,1.6303046723857406
37,0,/Users/reyesmatte/Desktop/copypasta/20260226/processed_masks/PY79_48_cp_masks.tif,PY79_48_cp_masks.tif,9,0.7799140328937776,4.135818860453759,9.838363356144308,1.809799029527562
38,0,/Users/reyesmatte/Desktop/copypasta/20260226/processed_masks/PY79_48_cp_masks.tif,PY79_48_cp_masks.tif,10,0.7970368796797714,4.139789957961307,9.362228347327422,1.736648398171971
39,0,/Users/reyesmatte/Desktop/copypasta/20260226/processed_masks/PY79_48_cp_masks.tif,PY79_48_cp_masks.tif,11,0.7570978941009122,4.081341087092171,8.274182589046791,1.530898664198639
40,0,/Users/reyesmatte/Desktop/copypasta/20260226/processed_masks/PY79_48_cp_masks.tif,PY79_48_cp_masks.tif,13,0.8231926164064934,6.431834676513103,16.17288843014498,3.198175042316139
41,0,/Users/reyesmatte/Desktop/copypasta/20260226/processed_masks/PY79_48_cp_masks.tif,PY79_48_cp_masks.tif,15,0.8462553761353958,3.7106631982622047,10.000692840791261,1.9659374673577017
42,0,/Users/reyesmatte/Desktop/copypasta/20260226/processed_masks/PY79_48_cp_masks.tif,PY79_48_cp_masks.tif,18,0.7860629439495632,3.7617249362416136,7.544046369693816,1.3998036657054747
43,0,/Users/reyesmatte/Desktop/copypasta/20260226/processed_masks/PY79_48_cp_masks.tif,PY79_48_cp_masks.tif,20,0.8023375989420363,4.212978152810793,10.700591379004162,2.0205402893723816
44,0,/Users/reyesmatte/Desktop/copypasta/20260226/processed_masks/PY79_48_cp_masks.tif,PY79_48_cp_masks.tif,22,0.794061648220207,4.295375052822292,9.177699521649576,1.6941035454239817
45,0,/Users/reyesmatte/Desktop/copypasta/20260226/processed_masks/PY79_48_cp_masks.tif,PY79_48_cp_masks.tif,24,0.7893296982586313,6.494290618296989,15.484567334940758,2.9439151983369176
46,0,/Users/reyesmatte/Desktop/copypasta/20260226/processed_masks/PY79_48_cp_masks.tif,PY79_48_cp_masks.tif,25,0.7740875626694986,7.771186044437771,12.57268386671314,2.318539004457902
47,0,/Users/reyesmatte/Desktop/copypasta/20260226/processed_masks/PY79_48_cp_masks.tif,PY79_48_cp_masks.tif,26,0.7836886629153549,7.970663171381237,16.264226917159462,3.1081977689517064
48,0,/Users/reyesmatte/Desktop/copypasta/20260226/processed_masks/PY79_48_cp_masks.tif,PY79_48_cp_masks.tif,27,0.7890529652597953,4.57088262552897,10.168630107006194,1.8793899518732144
49,0,/Users/reyesmatte/Desktop/copypasta/20260226/processed_masks/PY79_48_cp_masks.tif,PY79_48_cp_masks.tif,28,0.8324726453222161,4.439682200617864,9.352756079390014,1.810393007478941
50,0,/Users/reyesmatte/Desktop/copypasta/20260226/processed_masks/PY79_48_cp_masks.tif,PY79_48_cp_masks.tif,29,0.7612324994071704,4.7568446446465265,9.899089582090161,1.7775436264900877
51,0,/Users/reyesmatte/Desktop/copypasta/20260226/processed_masks/PY79_48_cp_masks.tif,PY79_48_cp_masks.tif,32,0.8244876463724786,4.3716210416637225,9.952164731873557,1.9132238675898348
52,0,/Users/reyesmatte/Desktop/copypasta/20260226/processed_masks/PY79_48_cp_masks.tif,PY79_48_cp_masks.tif,35,0.8200397161567343,5.610570576096988,12.068815586853963,2.335805618490448
53,0,/Users/reyesmatte/Desktop/copypasta/20260226/processed_masks/PY79_48_cp_masks.tif,PY79_48_cp_masks.tif,36,0.814537721803633,6.156156197132954,14.25612444908874,2.838482752610504
54,0,/Users/reyesmatte/Desktop/copypasta/20260226/processed_masks/PY79_48_cp_masks.tif,PY79_48_cp_masks.tif,38,0.7471322809544675,5.918357790786142,11.046938333096248,1.969641330957367
55,0,/Users/reyesmatte/Desktop/copypasta/20260226/processed_masks/PY79_48_cp_masks.tif,PY79_48_cp_masks.tif,39,0.7441705495250694,4.1257643552019285,9.080616221437925,1.589748298976431
56,0,/Users/reyesmatte/Desktop/copypasta/20260226/processed_masks/PY79_48_cp_masks.tif,PY79_48_cp_masks.tif,40,0.7637645330147647,4.627175392940876,9.610680784444735,1.7279714560394666
57,0,/Users/reyesmatte/Desktop/copypasta/20260226/processed_masks/PY79_48_cp_masks.tif,PY79_48_cp_masks.tif,41,0.811572404491916,4.282785349379973,9.258106892753409,1.744682681422642
58,0,/Users/reyesmatte/Desktop/copypasta/20260226/processed_masks/PY79_48_cp_masks.tif,PY79_48_cp_masks.tif,42,0.7505479286447743,5.702093060320279,10.539959335912368,1.8779923642761425
59,0,/Users/reyesmatte/Desktop/copypasta/20260226/processed_masks/PY79_48_cp_masks.tif,PY79_48_cp_masks.tif,43,0.7630975302546257,4.180140669033495,9.685271395335551,1.7422763677213597
60,0,/Users/reyesmatte/Desktop/copypasta/20260226/processed_masks/PY79_48_cp_masks.tif,PY79_48_cp_masks.tif,44,0.7469783567258822,5.097506254719666,9.348570108915776,1.6533383770580874
61,0,/Users/reyesmatte/Desktop/copypasta/20260226/processed_masks/PY79_48_cp_masks.tif,PY79_48_cp_masks.tif,45,0.8137310866501469,4.090833380281509,8.701543917564534,1.6334293965309712
62,0,/Users/reyesmatte/Desktop/copypasta/20260226/processed_masks/PY79_48_cp_masks.tif,PY79_48_cp_masks.tif,46,0.7007592814358458,4.8967615276682785,9.694771901711862,1.6187878200495678
63,0,/Users/reyesmatte/Desktop/copypasta/20260226/processed_masks/PY79_48_cp_masks.tif,PY79_48_cp_masks.tif,47,0.780149580169229,4.493289118536376,8.995772796261914,1.6390765818815576
64,0,/Users/reyesmatte/Desktop/copypasta/20260226/processed_masks/PY79_48_cp_masks.tif,PY79_48_cp_masks.tif,48,0.7777492880022623,4.782650532269982,9.842808371336556,1.8573944350654965
65,0,/Users/reyesmatte/Desktop/copypasta/20260226/processed_masks/PY79_48_cp_masks.tif,PY79_48_cp_masks.tif,49,0.7930068474739749,4.178119424188514,8.376130235368759,1.6067691687660852
66,0,/Users/reyesmatte/Desktop/copypasta/20260226/processed_masks/PY79_48_cp_masks.tif,PY79_48_cp_masks.tif,52,0.8380795547718165,11.417183091316689,26.476721000847554,5.406917552791839
67,0,/Users/reyesmatte/Desktop/copypasta/20260226/processed_masks/PY79_48_cp_masks.tif,PY79_48_cp_masks.tif,53,0.7905332080257992,4.961065382448946,10.743130749141782,1.997041620504474
68,0,/Users/reyesmatte/Desktop/copypasta/20260226/processed_masks/PY79_48_cp_masks.tif,PY79_48_cp_masks.tif,55,0.7948503565167563,4.636543144257622,8.984470840784056,1.7138253971632436
69,0,/Users/reyesmatte/Desktop/copypasta/20260226/processed_masks/PY79_48_cp_masks.tif,PY79_48_cp_masks.tif,58,0.8086913856221578,5.156286716612296,11.09958185046871,2.1124459296250433
70,0,/Users/reyesmatte/Desktop/copypasta/20260226/processed_masks/PY79_48_cp_masks.tif,PY79_48_cp_masks.tif,60,0.8610427689089999,3.851384879812335,9.521616841129216,1.9071576605865248
71,0,/Users/reyesmatte/Desktop/copypasta/20260226/processed_masks/PY79_48_cp_masks.tif,PY79_48_cp_masks.tif,61,0.8818989034372641,5.555494762296085,14.728925007690048,3.0772467644579975
72,0,/Users/reyesmatte/Desktop/copypasta/20260226/processed_masks/PY79_48_cp_masks.tif,PY79_48_cp_masks.tif,63,0.8720261741143952,6.820801218061782,15.596715555225293,3.250984023760055
73,0,/Users/reyesmatte/Desktop/copypasta/20260226/processed_masks/PY79_48_cp_masks.tif,PY79_48_cp_masks.tif,64,0.7669197713856865,5.272298381961538,11.204650123086413,2.0353938464012016
74,0,/Users/reyesmatte/Desktop/copypasta/20260226/processed_masks/PY79_48_cp_masks.tif,PY79_48_cp_masks.tif,65,0.8121033884506653,3.9766360119276074,8.819822047518446,1.65219522474545
75,0,/Users/reyesmatte/Desktop/copypasta/20260226/processed_masks/PY79_48_cp_masks.tif,PY79_48_cp_masks.tif,69,0.8088434903560546,4.89129034106449,10.514880687327544,1.991433636555157
76,0,/Users/reyesmatte/Desktop/copypasta/20260226/processed_masks/PY79_48_cp_masks.tif,PY79_48_cp_masks.tif,70,0.8181941060577137,3.966574791134407,8.9396154123431,1.6862672873079663
77,0,/Users/reyesmatte/Desktop/copypasta/20260226/processed_masks/PY79_48_cp_masks.tif,PY79_48_cp_masks.tif,71,0.7948204705743858,4.374753372310349,8.718609904165547,1.6476824351041275
78,0,/Users/reyesmatte/Desktop/copypasta/20260226/processed_masks/PY79_48_cp_masks.tif,PY79_48_cp_masks.tif,72,0.7986754013390958,5.404542995161146,13.01088053890061,2.474860535836965
79,0,/Users/reyesmatte/Desktop/copypasta/20260226/processed_masks/PY79_48_cp_masks.tif,PY79_48_cp_masks.tif,73,0.7833305402414155,5.0284921522553025,11.492094547067234,2.176685091536744
80,0,/Users/reyesmatte/Desktop/copypasta/20260226/processed_masks/PY79_48_cp_masks.tif,PY79_48_cp_masks.tif,77,0.7979004081032407,5.327755004764631,10.710970790440319,2.0073346585334795
81,0,/Users/reyesmatte/Desktop/copypasta/20260226/processed_masks/PY79_48_cp_masks.tif,PY79_48_cp_masks.tif,78,0.7792445156427396,4.67960464691247,9.353203673230535,1.7025078682912955
82,0,/Users/reyesmatte/Desktop/copypasta/20260226/processed_masks/PY79_48_cp_masks.tif,PY79_48_cp_masks.tif,81,0.7587075654070772,4.717882697954733,9.021895199334315,1.6036623260134746
83,0,/Users/reyesmatte/Desktop/copypasta/20260226/processed_masks/PY79_48_cp_masks.tif,PY79_48_cp_masks.tif,83,0.7090666163677667,5.28222731595839,9.351775598984881,1.579074143152661
84,0,/Users/reyesmatte/Desktop/copypasta/20260226/processed_masks/PY79_48_cp_masks.tif,PY79_48_cp_masks.tif,111,0.7770725837833463,4.355121093727623,9.282619315401805,1.6875429524730825
85,0,/Users/reyesmatte/Desktop/copypasta/20260226/processed_masks/PY79_48_cp_masks.tif,PY79_48_cp_masks.tif,115,0.7846418063686157,4.435708664824395,8.9156742357231,1.6578848908298378
86,0,/Users/reyesmatte/Desktop/copypasta/20260226/processed_masks/PY79_48_cp_masks.tif,PY79_48_cp_masks.tif,117,0.7962189970614539,5.443080803526796,10.76778571098679,2.0547189625530935
87,0,/Users/reyesmatte/Desktop/copypasta/20260226/processed_masks/PY79_48_cp_masks.tif,PY79_48_cp_masks.tif,119,0.7961878197917466,4.567195003658537,8.60547858216549,1.6305137547056534
88,0,/Users/reyesmatte/Desktop/copypasta/20260226/processed_masks/PY79_48_cp_masks.tif,PY79_48_cp_masks.tif,122,0.7993136765181231,4.688849810423469,8.965315403553346,1.702663440132968
89,0,/Users/reyesmatte/Desktop/copypasta/20260226/processed_masks/PY79_48_cp_masks.tif,PY79_48_cp_masks.tif,125,0.8063600834933259,5.525011488127391,11.12856306341248,2.109300936534233
90,0,/Users/reyesmatte/Desktop/copypasta/20260226/processed_masks/PY79_48_cp_masks.tif,PY79_48_cp_masks.tif,129,0.7770120312786903,5.651222403490057,11.017512651898999,2.110922583292873
91,0,/Users/reyesmatte/Desktop/copypasta/20260226/processed_masks/PY79_48_cp_masks.tif,PY79_48_cp_masks.tif,131,0.7601335118993789,4.576985436071624,8.667395185837952,1.6079771231049846
92,0,/Users/reyesmatte/Desktop/copypasta/20260226/processed_masks/PY79_48_cp_masks.tif,PY79_48_cp_masks.tif,132,0.7341971427643239,5.351742475278156,9.93641383151224,1.7560755350536883
93,0,/Users/reyesmatte/Desktop/copypasta/20260226/processed_masks/PY79_48_cp_masks.tif,PY79_48_cp_masks.tif,133,0.7247520190504841,5.713253726812037,10.390869128110587,1.8072313037492416
94,0,/Users/reyesmatte/Desktop/copypasta/20260226/processed_masks/PY79_12_cp_masks.tif,PY79_12_cp_masks.tif,41,0.7000820987437446,5.386392352733197,9.305716302347376,1.5891684384999152
95,0,/Users/reyesmatte/Desktop/copypasta/20260226/processed_masks/PY79_12_cp_masks.tif,PY79_12_cp_masks.tif,48,0.8027981982937775,4.4845807723337305,8.724750676131272,1.6342272633102515
96,0,/Users/reyesmatte/Desktop/copypasta/20260226/processed_masks/PY79_12_cp_masks.tif,PY79_12_cp_masks.tif,56,0.8030347303185121,4.722791672496028,9.26132843498129,1.7286541024325008
97,0,/Users/reyesmatte/Desktop/copypasta/20260226/processed_masks/PY79_12_cp_masks.tif,PY79_12_cp_masks.tif,57,0.680610796622126,3.7470620522355866,7.022298010786507,1.1234399212220056
98,0,/Users/reyesmatte/Desktop/copypasta/20260226/processed_masks/PY79_12_cp_masks.tif,PY79_12_cp_masks.tif,64,0.7493886672822266,4.267108571992984,8.841044238663123,1.5674676454417003
99,0,/Users/reyesmatte/Desktop/copypasta/20260226/processed_masks/PY79_12_cp_masks.tif,PY79_12_cp_masks.tif,68,0.7793232786345662,4.1558622750712955,9.042974296731792,1.6422663887828441
100,0,/Users/reyesmatte/Desktop/copypasta/20260226/processed_masks/PY79_12_cp_masks.tif,PY79_12_cp_masks.tif,69,0.8154133418636651,4.887182326022556,9.663258729540004,1.8482721774605932
101,0,/Users/reyesmatte/Desktop/copypasta/20260226/processed_masks/PY79_12_cp_masks.tif,PY79_12_cp_masks.tif,73,0.7704371348316542,4.877607406711032,10.05019768770084,1.8196653257720163
102,0,/Users/reyesmatte/Desktop/copypasta/20260226/processed_masks/PY79_12_cp_masks.tif,PY79_12_cp_masks.tif,77,0.849353261551359,11.565880251638177,23.684242200227303,4.905615111969588
103,0,/Users/reyesmatte/Desktop/copypasta/20260226/processed_masks/PY79_12_cp_masks.tif,PY79_12_cp_masks.tif,96,0.8355803298917547,3.787006868961636,8.276193555298155,1.5875775961995078
104,0,/Users/reyesmatte/Desktop/copypasta/20260226/processed_masks/PY79_12_cp_masks.tif,PY79_12_cp_masks.tif,98,0.7660039362683784,4.691778942079697,8.571666321135142,1.5576040058538902
105,0,/Users/reyesmatte/Desktop/copypasta/20260226/processed_masks/PY79_12_cp_masks.tif,PY79_12_cp_masks.tif,104,0.8213183413328395,4.801497795474737,10.052009078378298,1.922539925297274
106,0,/Users/reyesmatte/Desktop/copypasta/20260226/processed_masks/PY79_12_cp_masks.tif,PY79_12_cp_masks.tif,114,0.8020893267672795,8.222178478686658,16.2110152132836,3.2305111476728947
107,0,/Users/reyesmatte/Desktop/copypasta/20260226/processed_masks/PY79_12_cp_masks.tif,PY79_12_cp_masks.tif,133,0.8252357555805435,4.210539705223741,8.909310293421775,1.692051108026717
108,0,/Users/reyesmatte/Desktop/copypasta/20260226/processed_masks/PY79_12_cp_masks.tif,PY79_12_cp_masks.tif,142,0.8354248849068275,4.147802945672222,8.38961573514166,1.679581514787088
109,0,/Users/reyesmatte/Desktop/copypasta/20260226/processed_masks/PY79_54_cp_masks.tif,PY79_54_cp_masks.tif,2,0.8626579487563646,5.162625249700873,12.535120499331603,2.566747900424542
110,0,/Users/reyesmatte/Desktop/copypasta/20260226/processed_masks/PY79_54_cp_masks.tif,PY79_54_cp_masks.tif,3,0.7987533882539208,5.556469018376568,12.32743942370324,2.3370345883164023
111,0,/Users/reyesmatte/Desktop/copypasta/20260226/processed_masks/PY79_54_cp_masks.tif,PY79_54_cp_masks.tif,5,0.8246891388542543,4.084339336736121,8.94929141993695,1.8053150777209503
112,0,/Users/reyesmatte/Desktop/copypasta/20260226/processed_masks/PY79_54_cp_masks.tif,PY79_54_cp_masks.tif,6,0.8105544454432677,5.66628825937462,11.503752652191174,2.197784070336539
113,0,/Users/reyesmatte/Desktop/copypasta/20260226/processed_masks/PY79_54_cp_masks.tif,PY79_54_cp_masks.tif,7,0.8661297134693181,4.6482548449300225,10.383275151028085,2.0866741254515477
114,0,/Users/reyesmatte/Desktop/copypasta/20260226/processed_masks/PY79_54_cp_masks.tif,PY79_54_cp_masks.tif,8,0.8082346527352726,9.686676801013753,11.523961075728604,2.2003759755600742
115,0,/Users/reyesmatte/Desktop/copypasta/20260226/processed_masks/PY79_54_cp_masks.tif,PY79_54_cp_masks.tif,9,0.8629996577743639,4.199655169765305,10.694183998216225,2.1482408128742003
116,0,/Users/reyesmatte/Desktop/copypasta/20260226/processed_masks/PY79_54_cp_masks.tif,PY79_54_cp_masks.tif,10,0.810485177651639,5.496535094549401,11.066097965276395,2.1172763157406598
117,0,/Users/reyesmatte/Desktop/copypasta/20260226/processed_masks/PY79_54_cp_masks.tif,PY79_54_cp_masks.tif,11,0.7317878961019879,15.611631289964372,33.96949769331106,6.1884501079731375
118,0,/Users/reyesmatte/Desktop/copypasta/20260226/processed_masks/PY79_54_cp_masks.tif,PY79_54_cp_masks.tif,13,0.7882013108460659,5.033176895166292,9.875087503719103,1.8369070956715121
119,0,/Users/reyesmatte/Desktop/copypasta/20260226/processed_masks/PY79_54_cp_masks.tif,PY79_54_cp_masks.tif,14,0.8273341400921733,3.8975965656857854,7.900776493358999,1.5074783843340707
120,0,/Users/reyesmatte/Desktop/copypasta/20260226/processed_masks/PY79_54_cp_masks.tif,PY79_54_cp_masks.tif,15,0.801253171773024,5.52197696801552,11.804956822598493,2.2360230279111604
121,0,/Users/reyesmatte/Desktop/copypasta/20260226/processed_masks/PY79_54_cp_masks.tif,PY79_54_cp_masks.tif,16,0.7989548246935647,4.336467781149192,8.48649665069784,1.589335300173378
122,0,/Users/reyesmatte/Desktop/copypasta/20260226/processed_masks/PY79_54_cp_masks.tif,PY79_54_cp_masks.tif,17,0.8340946082244833,4.552333198033339,10.36790045488236,2.036626169111004
123,0,/Users/reyesmatte/Desktop/copypasta/20260226/processed_masks/PY79_54_cp_masks.tif,PY79_54_cp_masks.tif,18,0.8325514772292862,4.048308584916448,8.728661120049807,1.7037932269882934
124,0,/Users/reyesmatte/Desktop/copypasta/20260226/processed_masks/PY79_54_cp_masks.tif,PY79_54_cp_masks.tif,19,0.8127703734686627,4.044684332559503,8.181087802045589,1.5409946250658921
125,0,/Users/reyesmatte/Desktop/copypasta/20260226/processed_masks/PY79_54_cp_masks.tif,PY79_54_cp_masks.tif,20,0.8483427672555731,5.43589126772374,12.36231961634927,2.4673318994374043
126,0,/Users/reyesmatte/Desktop/copypasta/20260226/processed_masks/PY79_54_cp_masks.tif,PY79_54_cp_masks.tif,21,0.8121265869836907,4.0834023877834955,10.056504870920007,1.9096920748520734
127,0,/Users/reyesmatte/Desktop/copypasta/20260226/processed_masks/PY79_54_cp_masks.tif,PY79_54_cp_masks.tif,22,0.7378050920845387,5.181692853098419,10.365689791602728,1.834854771497119
128,0,/Users/reyesmatte/Desktop/copypasta/20260226/processed_masks/PY79_54_cp_masks.tif,PY79_54_cp_masks.tif,23,0.7764975650700963,4.78253771340136,9.591035143135967,1.7442535224943505
129,0,/Users/reyesmatte/Desktop/copypasta/20260226/processed_masks/PY79_54_cp_masks.tif,PY79_54_cp_masks.tif,24,0.81642071936988,5.246183547276145,11.12293597756497,2.142105677986499
130,0,/Users/reyesmatte/Desktop/copypasta/20260226/processed_masks/PY79_54_cp_masks.tif,PY79_54_cp_masks.tif,25,0.7679724270532136,3.874114568648043,8.983208452575605,1.6320222456869893
131,0,/Users/reyesmatte/Desktop/copypasta/20260226/processed_masks/PY79_54_cp_masks.tif,PY79_54_cp_masks.tif,26,0.7650910711395278,4.944554590577082,9.781938060909948,1.7709280491430597
132,0,/Users/reyesmatte/Desktop/copypasta/20260226/processed_masks/PY79_54_cp_masks.tif,PY79_54_cp_masks.tif,27,0.7141276736686781,6.031070191885296,12.696870229108148,2.186626148318724
133,0,/Users/reyesmatte/Desktop/copypasta/20260226/processed_masks/PY79_54_cp_masks.tif,PY79_54_cp_masks.tif,28,0.7512441949347929,5.0998366462341,9.421375259915173,1.6818888539670787
134,0,/Users/reyesmatte/Desktop/copypasta/20260226/processed_masks/PY79_54_cp_masks.tif,PY79_54_cp_masks.tif,29,0.7974750988498028,7.972644675561607,16.829670166617916,3.2331914336309016
135,0,/Users/reyesmatte/Desktop/copypasta/20260226/processed_masks/PY79_54_cp_masks.tif,PY79_54_cp_masks.tif,30,0.7660804618495523,5.602602876309188,12.539108014706201,2.2872201124085816
136,0,/Users/reyesmatte/Desktop/copypasta/20260226/processed_masks/PY79_54_cp_masks.tif,PY79_54_cp_masks.tif,32,0.7620556677082587,3.9931505363186695,7.736742863110437,1.4228888777707387
137,0,/Users/reyesmatte/Desktop/copypasta/20260226/processed_masks/PY79_54_cp_masks.tif,PY79_54_cp_masks.tif,33,0.7607405116469709,6.605703036888254,13.838308539892468,2.5882018884268363
138,0,/Users/reyesmatte/Desktop/copypasta/20260226/processed_masks/PY79_54_cp_masks.tif,PY79_54_cp_masks.tif,34,0.8128120994294826,3.5895034782537882,7.3422487652581605,1.3548017390120064
139,0,/Users/reyesmatte/Desktop/copypasta/20260226/processed_masks/PY79_54_cp_masks.tif,PY79_54_cp_masks.tif,35,0.796033673326243,3.5204279721057454,7.04713400498955,1.2803526841723651
140,0,/Users/reyesmatte/Desktop/copypasta/20260226/processed_masks/PY79_54_cp_masks.tif,PY79_54_cp_masks.tif,36,0.815150083673,3.991109616943046,7.922328178210628,1.4800122352026326
141,0,/Users/reyesmatte/Desktop/copypasta/20260226/processed_masks/PY79_54_cp_masks.tif,PY79_54_cp_masks.tif,37,0.7786023509938391,6.277773925148674,12.901853952473502,2.427316815787379
142,0,/Users/reyesmatte/Desktop/copypasta/20260226/processed_masks/PY79_54_cp_masks.tif,PY79_54_cp_masks.tif,38,0.825963155475578,4.319848823327068,9.145366008534252,1.7415785824941943
143,0,/Users/reyesmatte/Desktop/copypasta/20260226/processed_masks/PY79_54_cp_masks.tif,PY79_54_cp_masks.tif,39,0.7951131268864333,5.023847429923581,10.358494293350427,1.9533383354735268
144,0,/Users/reyesmatte/Desktop/copypasta/20260226/processed_masks/PY79_54_cp_masks.tif,PY79_54_cp_masks.tif,40,0.7162689572722698,1.8773933604454744,3.6430712173254896,0.6085182036843676
145,0,/Users/reyesmatte/Desktop/copypasta/20260226/processed_masks/PY79_54_cp_masks.tif,PY79_54_cp_masks.tif,41,0.6946487472424755,2.5602421258217816,4.600077955630721,0.7660219926849716
146,0,/Users/reyesmatte/Desktop/copypasta/20260226/processed_masks/PY79_54_cp_masks.tif,PY79_54_cp_masks.tif,42,0.7428208012640335,4.286944779606851,8.052161334580674,1.3915737109253705
147,0,/Users/reyesmatte/Desktop/copypasta/20260226/processed_masks/PY79_54_cp_masks.tif,PY79_54_cp_masks.tif,43,0.7784692808340379,4.748556010120363,10.689870370754704,1.9639055504833283
148,0,/Users/reyesmatte/Desktop/copypasta/20260226/processed_masks/PY79_54_cp_masks.tif,PY79_54_cp_masks.tif,44,0.6905356790921061,4.62795164935282,7.579583048579847,1.2915010381586542
149,0,/Users/reyesmatte/Desktop/copypasta/20260226/processed_masks/PY79_54_cp_masks.tif,PY79_54_cp_masks.tif,45,0.7608270261588298,4.6369557086072595,10.474601518493243,1.9019660284933912
150,0,/Users/reyesmatte/Desktop/copypasta/20260226/processed_masks/PY79_54_cp_masks.tif,PY79_54_cp_masks.tif,47,0.7397138679586812,4.5688544585397,9.739489702300494,1.699113328427392
151,0,/Users/reyesmatte/Desktop/copypasta/20260226/processed_masks/PY79_54_cp_masks.tif,PY79_54_cp_masks.tif,48,0.7083893087953665,6.543109322132953,13.29643265524017,2.3393255184305066
152,0,/Users/reyesmatte/Desktop/copypasta/20260226/processed_masks/PY79_54_cp_masks.tif,PY79_54_cp_masks.tif,49,0.7582996481465295,5.617994918182986,12.705150601347553,2.308710316337738
153,0,/Users/reyesmatte/Desktop/copypasta/20260226/processed_masks/PY79_54_cp_masks.tif,PY79_54_cp_masks.tif,50,0.7674895131395238,5.881691241601802,13.460470810393895,2.480866352237755
154,0,/Users/reyesmatte/Desktop/copypasta/20260226/processed_masks/PY79_54_cp_masks.tif,PY79_54_cp_masks.tif,51,0.7707534375540973,6.220673439608164,14.684878662796436,2.7172298365005325
155,0,/Users/reyesmatte/Desktop/copypasta/20260226/processed_masks/PY79_54_cp_masks.tif,PY79_54_cp_masks.tif,52,0.7488985012488114,5.45338675397232,12.221304361740913,2.253793150749932
156,0,/Users/reyesmatte/Desktop/copypasta/20260226/processed_masks/PY79_54_cp_masks.tif,PY79_54_cp_masks.tif,53,0.7610078125000003,5.190671857377652,11.969046721528485,2.2019659869088324
157,0,/Users/reyesmatte/Desktop/copypasta/20260226/processed_masks/PY79_54_cp_masks.tif,PY79_54_cp_masks.tif,54,0.7593916276866166,5.610887334090671,13.107419196893426,2.3819248786930887
158,0,/Users/reyesmatte/Desktop/copypasta/20260226/processed_masks/PY79_54_cp_masks.tif,PY79_54_cp_masks.tif,55,0.6553995334450393,5.782070848562478,11.322374906913685,1.7899292504017157
159,0,/Users/reyesmatte/Desktop/copypasta/20260226/processed_masks/PY79_56_cp_masks.tif,PY79_56_cp_masks.tif,1,0.6815824355655996,4.392899742498014,8.349467591183553,1.3523887813162752
160,0,/Users/reyesmatte/Desktop/copypasta/20260226/processed_masks/PY79_56_cp_masks.tif,PY79_56_cp_masks.tif,2,0.7400390714503301,3.8148556557829534,8.08531624990416,1.3923949959482322
161,0,/Users/reyesmatte/Desktop/copypasta/20260226/processed_masks/PY79_56_cp_masks.tif,PY79_56_cp_masks.tif,3,0.7526342644739525,8.44916712930269,17.649212840245717,3.22138972613681
162,0,/Users/reyesmatte/Desktop/copypasta/20260226/processed_masks/PY79_56_cp_masks.tif,PY79_56_cp_masks.tif,4,0.7850162947022499,4.764005262154093,9.712259549643198,1.7989393565423737
163,0,/Users/reyesmatte/Desktop/copypasta/20260226/processed_masks/PY79_56_cp_masks.tif,PY79_56_cp_masks.tif,5,0.7810150276151416,3.697524035143745,7.430080172879118,1.3826208733486445
164,0,/Users/reyesmatte/Desktop/copypasta/20260226/processed_masks/PY79_56_cp_masks.tif,PY79_56_cp_masks.tif,6,0.7929957121218806,8.372065787561779,17.235004671346243,3.31296302866558
165,0,/Users/reyesmatte/Desktop/copypasta/20260226/processed_masks/PY79_56_cp_masks.tif,PY79_56_cp_masks.tif,7,0.6841206168155319,3.8123072270513885,6.9611696923053525,1.1396781661794224
166,0,/Users/reyesmatte/Desktop/copypasta/20260226/processed_masks/PY79_56_cp_masks.tif,PY79_56_cp_masks.tif,8,0.7711168423701877,4.050256189094234,7.581050741412889,1.3864001201882157
167,0,/Users/reyesmatte/Desktop/copypasta/20260226/processed_masks/PY79_56_cp_masks.tif,PY79_56_cp_masks.tif,9,0.7120000941137057,3.3915843581501064,6.50096601095097,1.0889282513099845
168,0,/Users/reyesmatte/Desktop/copypasta/20260226/processed_masks/PY79_56_cp_masks.tif,PY79_56_cp_masks.tif,10,0.7980345975511028,3.5194325571061778,7.143800794462476,1.2979897885236018
169,0,/Users/reyesmatte/Desktop/copypasta/20260226/processed_masks/PY79_56_cp_masks.tif,PY79_56_cp_masks.tif,11,0.6977910315766944,6.211203662235696,12.21891707288376,2.056935198057384
170,0,/Users/reyesmatte/Desktop/copypasta/20260226/processed_masks/PY79_56_cp_masks.tif,PY79_56_cp_masks.tif,12,0.8148771129693153,13.605360903202946,14.818794404258947,2.900343698252991
171,0,/Users/reyesmatte/Desktop/copypasta/20260226/processed_masks/PY79_56_cp_masks.tif,PY79_56_cp_masks.tif,13,0.7755211929226212,6.6110727286949444,12.096811126842272,2.312370092944331
172,0,/Users/reyesmatte/Desktop/copypasta/20260226/processed_masks/PY79_56_cp_masks.tif,PY79_56_cp_masks.tif,14,0.7778526549005611,4.189706205380874,8.264768813164904,1.4896919239669089
173,0,/Users/reyesmatte/Desktop/copypasta/20260226/processed_masks/PY79_56_cp_masks.tif,PY79_56_cp_masks.tif,15,0.7394948628014238,4.442392101496418,8.153444602602443,1.4085221527387968
174,0,/Users/reyesmatte/Desktop/copypasta/20260226/processed_masks/PY79_56_cp_masks.tif,PY79_56_cp_masks.tif,16,0.7259432095970471,8.257148806399952,15.284848814942,2.6966729797417885
175,0,/Users/reyesmatte/Desktop/copypasta/20260226/processed_masks/PY79_56_cp_masks.tif,PY79_56_cp_masks.tif,17,0.8358119466953129,7.30516401839937,15.155108518104681,3.0205078559461787
176,0,/Users/reyesmatte/Desktop/copypasta/20260226/processed_masks/PY79_56_cp_masks.tif,PY79_56_cp_masks.tif,18,0.7251085694437283,7.686421795699428,15.322019027554626,2.7042131083009715
177,0,/Users/reyesmatte/Desktop/copypasta/20260226/processed_masks/PY79_56_cp_masks.tif,PY79_56_cp_masks.tif,19,0.8365677912930194,4.184601215581254,9.011619137382004,1.7774634829423408
178,0,/Users/reyesmatte/Desktop/copypasta/20260226/processed_masks/PY79_56_cp_masks.tif,PY79_56_cp_masks.tif,20,0.7445125448301259,6.537327794588976,13.919366520988506,2.5115400709566638
179,0,/Users/reyesmatte/Desktop/copypasta/20260226/processed_masks/PY79_56_cp_masks.tif,PY79_56_cp_masks.tif,21,0.8192166904593213,3.121049848839484,6.7762318864778015,1.292997300959373
180,0,/Users/reyesmatte/Desktop/copypasta/20260226/processed_masks/PY79_56_cp_masks.tif,PY79_56_cp_masks.tif,22,0.7438094978176271,7.6570904326571485,16.638186432324005,2.9987787257720266
181,0,/Users/reyesmatte/Desktop/copypasta/20260226/processed_masks/PY79_56_cp_masks.tif,PY79_56_cp_masks.tif,23,0.8380563358101403,7.945358821018256,10.867428419665801,2.1923854679752885
182,0,/Users/reyesmatte/Desktop/copypasta/20260226/processed_masks/PY79_56_cp_masks.tif,PY79_56_cp_masks.tif,24,0.8555903962378306,4.809001586262107,12.733806160811156,2.573304257241016
183,0,/Users/reyesmatte/Desktop/copypasta/20260226/processed_masks/PY79_56_cp_masks.tif,PY79_56_cp_masks.tif,25,0.7969139693082969,6.833425625412977,16.640825572717223,3.2069898470916054
184,0,/Users/reyesmatte/Desktop/copypasta/20260226/processed_masks/PY79_56_cp_masks.tif,PY79_56_cp_masks.tif,26,0.7583430678228295,5.869479629302689,10.594395313784517,1.9520078796205445
185,0,/Users/reyesmatte/Desktop/copypasta/20260226/processed_masks/PY79_56_cp_masks.tif,PY79_56_cp_masks.tif,27,0.7024288754577827,10.546395170185509,19.85175844218443,3.4601808555357536
186,0,/Users/reyesmatte/Desktop/copypasta/20260226/processed_masks/PY79_56_cp_masks.tif,PY79_56_cp_masks.tif,28,0.7619063981406855,6.39340790769124,13.561334045604287,2.4973980678464778
187,0,/Users/reyesmatte/Desktop/copypasta/20260226/processed_masks/PY79_56_cp_masks.tif,PY79_56_cp_masks.tif,29,0.7954464880156322,5.339402687609676,10.684672104190756,2.023282146002969
188,0,/Users/reyesmatte/Desktop/copypasta/20260226/processed_masks/PY79_56_cp_masks.tif,PY79_56_cp_masks.tif,30,0.7803386638224207,5.907516912375665,12.896540171787533,2.3942425694837532
189,0,/Users/reyesmatte/Desktop/copypasta/20260226/processed_masks/PY79_56_cp_masks.tif,PY79_56_cp_masks.tif,32,0.7652318175766936,10.224250673346111,10.66146473218709,1.957000883271323
190,0,/Users/reyesmatte/Desktop/copypasta/20260226/processed_masks/PY79_56_cp_masks.tif,PY79_56_cp_masks.tif,33,0.7722479861191187,5.644964843727622,11.919730961407868,2.2282313565403773
191,0,/Users/reyesmatte/Desktop/copypasta/20260226/processed_masks/PY79_56_cp_masks.tif,PY79_56_cp_masks.tif,34,0.7985274314873086,5.530556888943815,10.522411928640459,2.0739452512766396
192,0,/Users/reyesmatte/Desktop/copypasta/20260226/processed_masks/PY79_56_cp_masks.tif,PY79_56_cp_masks.tif,35,0.8004527849937774,10.890246887178575,14.458481685801772,2.773551381741116
193,0,/Users/reyesmatte/Desktop/copypasta/20260226/processed_masks/PY79_56_cp_masks.tif,PY79_56_cp_masks.tif,36,0.7840329085688851,4.656763567522965,10.61842840735777,1.9567413017995816
194,0,/Users/reyesmatte/Desktop/copypasta/20260226/processed_masks/PY79_56_cp_masks.tif,PY79_56_cp_masks.tif,37,0.759230039635022,5.083626089747307,10.742330391370713,1.9464317609291037
195,0,/Users/reyesmatte/Desktop/copypasta/20260226/processed_masks/PY79_56_cp_masks.tif,PY79_56_cp_masks.tif,38,0.8215386065223217,4.315265504679026,9.440616003808172,1.7955111592879813
196,0,/Users/reyesmatte/Desktop/copypasta/20260226/processed_masks/PY79_56_cp_masks.tif,PY79_56_cp_masks.tif,39,0.8189730332403444,4.14585832956738,10.161126361366708,1.9492524148640034
197,0,/Users/reyesmatte/Desktop/copypasta/20260226/processed_masks/PY79_56_cp_masks.tif,PY79_56_cp_masks.tif,40,0.8177011529223047,10.498515733477388,13.958461721051487,2.745495244608679
198,0,/Users/reyesmatte/Desktop/copypasta/20260226/processed_masks/PY79_56_cp_masks.tif,PY79_56_cp_masks.tif,41,0.7968676604814563,4.2286265814996185,10.303229388735444,1.9239110892835138
199,0,/Users/reyesmatte/Desktop/copypasta/20260226/processed_masks/PY79_56_cp_masks.tif,PY79_56_cp_masks.tif,42,0.8097382057596972,4.777005193648043,11.408666455597224,2.1823030682860964
200,0,/Users/reyesmatte/Desktop/copypasta/20260226/processed_masks/PY79_56_cp_masks.tif,PY79_56_cp_masks.tif,43,0.8284000131173028,5.6337619607154235,13.783188548802173,2.720319723712676
201,0,/Users/reyesmatte/Desktop/copypasta/20260226/processed_masks/PY79_56_cp_masks.tif,PY79_56_cp_masks.tif,44,0.8098640029893032,6.547692640780996,15.22475441286878,2.9603928480714594
202,0,/Users/reyesmatte/Desktop/copypasta/20260226/processed_masks/PY79_56_cp_masks.tif,PY79_56_cp_masks.tif,45,0.810348231195817,5.511077112093318,10.560572720380469,2.027537486622897
203,0,/Users/reyesmatte/Desktop/copypasta/20260226/processed_masks/PY79_56_cp_masks.tif,PY79_56_cp_masks.tif,46,0.8182512792931458,4.57246352110726,11.20962613767451,2.1685390252501815
204,0,/Users/reyesmatte/Desktop/copypasta/20260226/processed_masks/PY79_56_cp_masks.tif,PY79_56_cp_masks.tif,47,0.8061979894604691,6.655495996804701,13.04772004335338,2.5484560312534876
205,0,/Users/reyesmatte/Desktop/copypasta/20260226/processed_masks/PY79_56_cp_masks.tif,PY79_56_cp_masks.tif,48,0.8271146560101384,5.792104025786284,12.841929089768566,2.509275105293255
206,0,/Users/reyesmatte/Desktop/copypasta/20260226/processed_masks/PY79_56_cp_masks.tif,PY79_56_cp_masks.tif,49,0.7974154622131913,5.796803050503479,11.646689927179672,2.237980020914016
207,0,/Users/reyesmatte/Desktop/copypasta/20260226/processed_masks/PY79_56_cp_masks.tif,PY79_56_cp_masks.tif,50,0.6463566162663676,5.744997789002615,11.312545722421062,1.7632219548802028
208,0,/Users/reyesmatte/Desktop/copypasta/20260226/processed_masks/PY79_56_cp_masks.tif,PY79_56_cp_masks.tif,51,0.8384813453685294,3.298374556651946,7.347231319081689,1.3873016451692244
209,0,/Users/reyesmatte/Desktop/copypasta/20260226/processed_masks/PY79_56_cp_masks.tif,PY79_56_cp_masks.tif,52,0.773621008639898,6.249547366994035,13.376083329103865,2.4702043910903555
210,0,/Users/reyesmatte/Desktop/copypasta/20260226/processed_masks/PY79_56_cp_masks.tif,PY79_56_cp_masks.tif,53,0.7265216997249192,6.731941162301231,13.011136202613631,2.2940686253217746
211,0,/Users/reyesmatte/Desktop/copypasta/20260226/processed_masks/PY79_56_cp_masks.tif,PY79_56_cp_masks.tif,54,0.7817489559438295,3.246254302976724,6.954803377129868,1.2903757632480275
212,0,/Users/reyesmatte/Desktop/copypasta/20260226/processed_masks/PY79_56_cp_masks.tif,PY79_56_cp_masks.tif,55,0.6825121084222244,5.087964380299743,10.553077320739622,1.7471206235676724
213,0,/Users/reyesmatte/Desktop/copypasta/20260226/processed_masks/PY79_56_cp_masks.tif,PY79_56_cp_masks.tif,56,0.8087028662778365,6.900414326096988,15.533398328953743,3.0074347388755758
214,0,/Users/reyesmatte/Desktop/copypasta/20260226/processed_masks/PY79_56_cp_masks.tif,PY79_56_cp_masks.tif,57,0.665581211871449,2.863535689102487,5.682572958030068,0.8756138087589027
215,0,/Users/reyesmatte/Desktop/copypasta/20260226/processed_masks/PY79_56_cp_masks.tif,PY79_56_cp_masks.tif,58,0.66188898440792,2.868953107377652,5.738975935732476,0.9238762764310685
216,0,/Users/reyesmatte/Desktop/copypasta/20260226/processed_masks/PY79_56_cp_masks.tif,PY79_56_cp_masks.tif,59,0.7921457838650556,5.54006057673883,12.814013987739033,2.4125566261312144
217,0,/Users/reyesmatte/Desktop/copypasta/20260226/processed_masks/PY79_56_cp_masks.tif,PY79_56_cp_masks.tif,60,0.6780060096363641,5.178283654774468,10.739601032598307,1.7554308257654643
218,0,/Users/reyesmatte/Desktop/copypasta/20260226/processed_masks/PY79_56_cp_masks.tif,PY79_56_cp_masks.tif,61,0.8369985885546372,6.751106574148844,14.157172627972074,2.8151739392955157
219,0,/Users/reyesmatte/Desktop/copypasta/20260226/processed_masks/PY79_56_cp_masks.tif,PY79_56_cp_masks.tif,62,0.8233782783856028,6.048377825550304,12.823550079542207,2.5022031047473754
220,0,/Users/reyesmatte/Desktop/copypasta/20260226/processed_masks/PY79_56_cp_masks.tif,PY79_56_cp_masks.tif,63,0.8030481364019686,5.946081934304702,11.347957941859427,2.205550133278705
221,0,/Users/reyesmatte/Desktop/copypasta/20260226/processed_masks/PY79_56_cp_masks.tif,PY79_56_cp_masks.tif,64,0.8703727413359957,5.831735383204576,11.867797940065925,2.448562985928977
222,0,/Users/reyesmatte/Desktop/copypasta/20260226/processed_masks/PY79_50_cp_masks.tif,PY79_50_cp_masks.tif,5,0.7353054415923432,4.498743292627496,9.071879691398758,1.5783383874542276
223,0,/Users/reyesmatte/Desktop/copypasta/20260226/processed_masks/PY79_50_cp_masks.tif,PY79_50_cp_masks.tif,14,0.7551774769264773,5.022336016755815,11.110377003683999,1.9890473247650031
224,0,/Users/reyesmatte/Desktop/copypasta/20260226/processed_masks/PY79_50_cp_masks.tif,PY79_50_cp_masks.tif,17,0.7695640325259279,4.424704958467291,10.272502644027451,1.8739282771188954
225,0,/Users/reyesmatte/Desktop/copypasta/20260226/processed_masks/PY79_50_cp_masks.tif,PY79_50_cp_masks.tif,19,0.7823461803450882,4.413018771838675,10.550785853997082,1.9459770104904404
226,0,/Users/reyesmatte/Desktop/copypasta/20260226/processed_masks/PY79_50_cp_masks.tif,PY79_50_cp_masks.tif,34,0.7501782746266981,6.7329517670901815,13.532734054395336,2.43384930556669
227,0,/Users/reyesmatte/Desktop/copypasta/20260226/processed_masks/PY79_50_cp_masks.tif,PY79_50_cp_masks.tif,35,0.749272974860598,5.588332210806308,11.06353596712173,1.9666185754893117
228,0,/Users/reyesmatte/Desktop/copypasta/20260226/processed_masks/PY79_50_cp_masks.tif,PY79_50_cp_masks.tif,39,0.747622645992696,6.134725512287801,13.801138330589506,2.480607640876695
229,0,/Users/reyesmatte/Desktop/copypasta/20260226/processed_masks/PY79_50_cp_masks.tif,PY79_50_cp_masks.tif,40,0.7700497187394106,5.692609665030511,12.543112870694413,2.298726971944719
230,0,/Users/reyesmatte/Desktop/copypasta/20260226/processed_masks/PY79_50_cp_masks.tif,PY79_50_cp_masks.tif,48,0.7562179082684356,4.699161913988134,8.851130048448328,1.5655346100831717
231,0,/Users/reyesmatte/Desktop/copypasta/20260226/processed_masks/PY79_50_cp_masks.tif,PY79_50_cp_masks.tif,49,0.7325094793103022,6.414287775079579,13.860094479289922,2.448456045115007
232,0,/Users/reyesmatte/Desktop/copypasta/20260226/processed_masks/PY79_50_cp_masks.tif,PY79_50_cp_masks.tif,51,0.7725339600396547,4.746458360720569,8.950094574694587,1.6261865714997747
233,0,/Users/reyesmatte/Desktop/copypasta/20260226/processed_masks/PY79_50_cp_masks.tif,PY79_50_cp_masks.tif,52,0.7167915015547424,5.537947860862562,11.199707309517596,1.9528087180750344
234,0,/Users/reyesmatte/Desktop/copypasta/20260226/processed_masks/PY79_50_cp_masks.tif,PY79_50_cp_masks.tif,53,0.7306137910668269,7.444912902522109,14.289662557718593,2.5175107630610403
235,0,/Users/reyesmatte/Desktop/copypasta/20260226/processed_masks/PY79_50_cp_masks.tif,PY79_50_cp_masks.tif,57,0.7392382320100098,8.735509394463664,15.458920313131273,2.7582874628418144
236,0,/Users/reyesmatte/Desktop/copypasta/20260226/processed_masks/PY79_50_cp_masks.tif,PY79_50_cp_masks.tif,59,0.7163712212129473,7.614848348052548,14.720514273658598,2.611585467546013
237,0,/Users/reyesmatte/Desktop/copypasta/20260226/processed_masks/PY79_50_cp_masks.tif,PY79_50_cp_masks.tif,60,0.7545284006007312,6.596536399592171,14.300922857616255,2.597752448900737
238,0,/Users/reyesmatte/Desktop/copypasta/20260226/processed_masks/PY79_50_cp_masks.tif,PY79_50_cp_masks.tif,61,0.7429248350504621,6.516038916572852,13.910854731125044,2.485576549718648
239,0,/Users/reyesmatte/Desktop/copypasta/20260226/processed_masks/PY79_50_cp_masks.tif,PY79_50_cp_masks.tif,62,0.7681570621954736,6.941105558016375,13.055352659990977,2.4526290644594617
240,0,/Users/reyesmatte/Desktop/copypasta/20260226/processed_masks/PY79_50_cp_masks.tif,PY79_50_cp_masks.tif,63,0.8091157115233282,5.9475970503888265,11.990330705075174,2.306226055703841
241,0,/Users/reyesmatte/Desktop/copypasta/20260226/processed_masks/PY79_50_cp_masks.tif,PY79_50_cp_masks.tif,68,0.6768093224370927,5.684691096675799,10.480968663475137,1.7175798495625632
242,0,/Users/reyesmatte/Desktop/copypasta/20260226/processed_masks/PY79_50_cp_masks.tif,PY79_50_cp_masks.tif,70,0.7805724025444635,6.735749431862152,13.584723190836808,2.532584788718925
243,0,/Users/reyesmatte/Desktop/copypasta/20260226/processed_masks/PY79_50_cp_masks.tif,PY79_50_cp_masks.tif,74,0.7187048789628971,5.160324201105273,10.043593844527955,1.724860639798366
244,0,/Users/reyesmatte/Desktop/copypasta/20260226/processed_masks/PY79_50_cp_masks.tif,PY79_50_cp_masks.tif,76,0.7613526241800754,5.817742609387176,10.87535253132795,1.9615366808656938
245,0,/Users/reyesmatte/Desktop/copypasta/20260226/processed_masks/PY79_50_cp_masks.tif,PY79_50_cp_masks.tif,78,0.6873746878725435,5.405191595348376,9.949865419763825,1.6405445924870676
246,0,/Users/reyesmatte/Desktop/copypasta/20260226/processed_masks/PY79_50_cp_masks.tif,PY79_50_cp_masks.tif,81,0.7697078388128613,6.065051895166292,12.17168597964794,2.2388733320877043
247,0,/Users/reyesmatte/Desktop/copypasta/20260226/processed_masks/PY79_50_cp_masks.tif,PY79_50_cp_masks.tif,82,0.7441215970909565,4.932703107377652,11.243098633285413,1.9941008471827775
248,0,/Users/reyesmatte/Desktop/copypasta/20260226/processed_masks/PY79_50_cp_masks.tif,PY79_50_cp_masks.tif,84,0.7721485219707892,5.2819790078702065,11.039238284403709,2.0239393253539535
249,0,/Users/reyesmatte/Desktop/copypasta/20260226/processed_masks/PY79_50_cp_masks.tif,PY79_50_cp_masks.tif,86,0.7527961412486373,4.792653622336868,11.032956341174788,1.9710671425104307
250,0,/Users/reyesmatte/Desktop/copypasta/20260226/processed_masks/PY79_50_cp_masks.tif,PY79_50_cp_masks.tif,89,0.7496152405925338,5.500073405736213,11.340467579067811,2.0202662971251804
251,0,/Users/reyesmatte/Desktop/copypasta/20260226/processed_masks/PY79_50_cp_masks.tif,PY79_50_cp_masks.tif,91,0.7635097950895366,4.852284406087652,10.305011027871995,1.869013875791533
252,0,/Users/reyesmatte/Desktop/copypasta/20260226/processed_masks/PY79_50_cp_masks.tif,PY79_50_cp_masks.tif,92,0.7347222211477955,6.894872837909952,13.57345024878207,2.3949962092177297
253,0,/Users/reyesmatte/Desktop/copypasta/20260226/processed_masks/PY79_50_cp_masks.tif,PY79_50_cp_masks.tif,93,0.7515292438470078,4.125503294727392,9.390362413596677,1.6570248988782523
254,0,/Users/reyesmatte/Desktop/copypasta/20260226/processed_masks/PY79_50_cp_masks.tif,PY79_50_cp_masks.tif,94,0.769530690367038,4.31521039288516,8.453425591821556,1.516429164384283
255,0,/Users/reyesmatte/Desktop/copypasta/20260226/processed_masks/PY79_50_cp_masks.tif,PY79_50_cp_masks.tif,95,0.7764576677764918,5.391579412375666,11.374931806266236,2.113343732016112
256,0,/Users/reyesmatte/Desktop/copypasta/20260226/processed_masks/PY79_50_cp_masks.tif,PY79_50_cp_masks.tif,96,0.7701693373762983,6.0905197548621794,13.061369662390016,2.440484051386504
257,0,/Users/reyesmatte/Desktop/copypasta/20260226/processed_masks/PY79_50_cp_masks.tif,PY79_50_cp_masks.tif,97,0.721696820506083,3.550454693639759,7.8349972673692925,1.3244280258598875
258,0,/Users/reyesmatte/Desktop/copypasta/20260226/processed_masks/PY79_50_cp_masks.tif,PY79_50_cp_masks.tif,98,0.7365425483558005,5.231298179998014,10.943325560187422,1.9183999388135704
259,0,/Users/reyesmatte/Desktop/copypasta/20260226/processed_masks/PY79_50_cp_masks.tif,PY79_50_cp_masks.tif,99,0.7742907349792276,3.721801036058192,8.418113202684799,1.5115066516133357
260,0,/Users/reyesmatte/Desktop/copypasta/20260226/processed_masks/PY79_50_cp_masks.tif,PY79_50_cp_masks.tif,102,0.7833186109219193,5.0352609145348195,10.660828225449231,1.9662718766734093
261,0,/Users/reyesmatte/Desktop/copypasta/20260226/processed_masks/PY79_50_cp_masks.tif,PY79_50_cp_masks.tif,104,0.7781039556875874,5.117962233686838,11.130693750511549,2.0436808203241377
262,0,/Users/reyesmatte/Desktop/copypasta/20260226/processed_masks/PY79_50_cp_masks.tif,PY79_50_cp_masks.tif,105,0.7403127108445959,8.169306858906515,12.060729957131077,2.139140028992129
263,0,/Users/reyesmatte/Desktop/copypasta/20260226/processed_masks/PY79_50_cp_masks.tif,PY79_50_cp_masks.tif,106,0.7685220134065223,6.293259525890872,12.280320179431564,2.3004896623424176
264,0,/Users/reyesmatte/Desktop/copypasta/20260226/processed_masks/PY79_50_cp_masks.tif,PY79_50_cp_masks.tif,108,0.7745814369463329,5.061687482377652,11.951942126144795,2.198876099696687
265,0,/Users/reyesmatte/Desktop/copypasta/20260226/processed_masks/PY79_50_cp_masks.tif,PY79_50_cp_masks.tif,109,0.7713505052679949,4.476674476229609,10.814764187869015,1.9705053448354963
266,0,/Users/reyesmatte/Desktop/copypasta/20260226/processed_masks/PY79_50_cp_masks.tif,PY79_50_cp_masks.tif,110,0.7377912782842886,5.022173188809187,10.574582584967082,1.868119046906862
267,0,/Users/reyesmatte/Desktop/copypasta/20260226/processed_masks/PY79_50_cp_masks.tif,PY79_50_cp_masks.tif,111,0.757494242224911,6.3132672915024175,12.993536976919422,2.371315805625375
268,0,/Users/reyesmatte/Desktop/copypasta/20260226/processed_masks/PY79_50_cp_masks.tif,PY79_50_cp_masks.tif,115,0.801870102863542,4.664480675470725,10.14686692991905,1.9062748927314543
269,0,/Users/reyesmatte/Desktop/copypasta/20260226/processed_masks/PY79_50_cp_masks.tif,PY79_50_cp_masks.tif,116,0.753357756742383,8.678907823926329,10.351991494688164,1.8803368180083833
270,0,/Users/reyesmatte/Desktop/copypasta/20260226/processed_masks/PY79_50_cp_masks.tif,PY79_50_cp_masks.tif,118,0.7599555346371855,6.8315271526682775,14.952360508248496,2.7600797966805892
271,0,/Users/reyesmatte/Desktop/copypasta/20260226/processed_masks/PY79_50_cp_masks.tif,PY79_50_cp_masks.tif,119,0.7103650844249748,5.0486624959084905,8.634775979176245,1.5206577365309615
272,0,/Users/reyesmatte/Desktop/copypasta/20260226/processed_masks/PY79_50_cp_masks.tif,PY79_50_cp_masks.tif,121,0.6998479140033861,4.652604137296086,9.672564406836592,1.6109548328769163
273,0,/Users/reyesmatte/Desktop/copypasta/20260226/processed_masks/PY79_50_cp_masks.tif,PY79_50_cp_masks.tif,124,0.7913338777064071,7.0007866896226805,14.760320938828425,2.7950752177500386
274,0,/Users/reyesmatte/Desktop/copypasta/20260226/processed_masks/PY79_50_cp_masks.tif,PY79_50_cp_masks.tif,126,0.7333591593239389,5.246808835715422,11.279748553070252,1.9868928590846673
275,0,/Users/reyesmatte/Desktop/copypasta/20260226/processed_masks/PY79_50_cp_masks.tif,PY79_50_cp_masks.tif,128,0.7420071592627508,6.98152964816379,12.412474083054734,2.3551571678581906
276,0,/Users/reyesmatte/Desktop/copypasta/20260226/processed_masks/PY79_50_cp_masks.tif,PY79_50_cp_masks.tif,129,0.7426820401024153,5.196204377130966,9.954897032812703,1.74705164795831
277,0,/Users/reyesmatte/Desktop/copypasta/20260226/processed_masks/PY79_40_cp_masks.tif,PY79_40_cp_masks.tif,3,0.6584346082902028,6.169119779918434,10.142953150662995,1.6087076421771755
278,0,/Users/reyesmatte/Desktop/copypasta/20260226/processed_masks/PY79_40_cp_masks.tif,PY79_40_cp_masks.tif,4,0.7298254399263241,4.668181814604164,9.691839578757042,1.6773423401953282
279,0,/Users/reyesmatte/Desktop/copypasta/20260226/processed_masks/PY79_40_cp_masks.tif,PY79_40_cp_masks.tif,5,0.7810324338868415,3.967606307335042,9.136111244159036,1.663578297159414
280,0,/Users/reyesmatte/Desktop/copypasta/20260226/processed_masks/PY79_40_cp_masks.tif,PY79_40_cp_masks.tif,6,0.795086120383192,4.208188551987932,9.591146447503366,1.7883724038053594
281,0,/Users/reyesmatte/Desktop/copypasta/20260226/processed_masks/PY79_40_cp_masks.tif,PY79_40_cp_masks.tif,8,0.7977704944421077,4.382371339747017,9.868475382877884,1.8617875019354835
282,0,/Users/reyesmatte/Desktop/copypasta/20260226/processed_masks/PY79_40_cp_masks.tif,PY79_40_cp_masks.tif,10,0.8204954923466703,4.04229077305829,9.55691356917615,1.8785779289052662
283,0,/Users/reyesmatte/Desktop/copypasta/20260226/processed_masks/PY79_40_cp_masks.tif,PY79_40_cp_masks.tif,11,0.8019290078939498,4.865444624733917,10.510950492110538,2.03405937097671
284,0,/Users/reyesmatte/Desktop/copypasta/20260226/processed_masks/PY79_40_cp_masks.tif,PY79_40_cp_masks.tif,13,0.7896362269646184,4.753052240941191,10.02535498294199,1.8833448959029364
285,0,/Users/reyesmatte/Desktop/copypasta/20260226/processed_masks/PY79_40_cp_masks.tif,PY79_40_cp_masks.tif,14,0.8071954926843735,5.001717209842015,10.170940681947254,1.943225977324693
286,0,/Users/reyesmatte/Desktop/copypasta/20260226/processed_masks/PY79_40_cp_masks.tif,PY79_40_cp_masks.tif,19,0.7583676017368778,3.881382733199431,7.4694122642849194,1.3570938663793763
287,0,/Users/reyesmatte/Desktop/copypasta/20260226/processed_masks/PY79_40_cp_masks.tif,PY79_40_cp_masks.tif,21,0.7573195980734079,6.031269848676152,11.802874860097905,2.1392520500752363
288,0,/Users/reyesmatte/Desktop/copypasta/20260226/processed_masks/PY79_40_cp_masks.tif,PY79_40_cp_masks.tif,22,0.751452506047133,6.16760884688643,12.525478779836897,2.2529040581665227
289,0,/Users/reyesmatte/Desktop/copypasta/20260226/processed_masks/PY79_40_cp_masks.tif,PY79_40_cp_masks.tif,24,0.741767927445999,3.0116874383217813,5.671622613780866,0.9938916695337177
290,0,/Users/reyesmatte/Desktop/copypasta/20260226/processed_masks/PY79_40_cp_masks.tif,PY79_40_cp_masks.tif,25,0.8373625523943308,4.22019163462467,9.620672739838728,1.8645964903101595
291,0,/Users/reyesmatte/Desktop/copypasta/20260226/processed_masks/PY79_40_cp_masks.tif,PY79_40_cp_masks.tif,26,0.781812065601279,4.277458507210474,9.594208411162171,1.7728204786254065
292,0,/Users/reyesmatte/Desktop/copypasta/20260226/processed_masks/PY79_40_cp_masks.tif,PY79_40_cp_masks.tif,27,0.7733113488481269,3.6065666170023216,7.051528563827416,1.2975333200362005
293,0,/Users/reyesmatte/Desktop/copypasta/20260226/processed_masks/PY79_40_cp_masks.tif,PY79_40_cp_masks.tif,28,0.7868539686887744,5.280790538996418,10.558448159463895,2.0006569021205824
294,0,/Users/reyesmatte/Desktop/copypasta/20260226/processed_masks/PY79_40_cp_masks.tif,PY79_40_cp_masks.tif,29,0.7442518508168814,5.992353666081156,12.404861386074202,2.214596441794839
295,0,/Users/reyesmatte/Desktop/copypasta/20260226/processed_masks/PY79_40_cp_masks.tif,PY79_40_cp_masks.tif,30,0.8047000831795172,5.561894318891949,12.120670232902686,2.3045190212521303
296,0,/Users/reyesmatte/Desktop/copypasta/20260226/processed_masks/PY79_40_cp_masks.tif,PY79_40_cp_masks.tif,31,0.7629968042130666,4.6577127686282385,8.594078692257503,1.5864788274563149
297,0,/Users/reyesmatte/Desktop/copypasta/20260226/processed_masks/PY79_40_cp_masks.tif,PY79_40_cp_masks.tif,32,0.7696424373740156,5.470492742358045,11.936435945110288,2.1968228191162695
298,0,/Users/reyesmatte/Desktop/copypasta/20260226/processed_masks/PY79_40_cp_masks.tif,PY79_40_cp_masks.tif,33,0.8323399300731407,6.243592316600232,14.961939680971271,2.9696190083407448
299,0,/Users/reyesmatte/Desktop/copypasta/20260226/processed_masks/PY79_40_cp_masks.tif,PY79_40_cp_masks.tif,36,0.8219885811091293,6.063863426292501,12.402944068415396,2.42228605715951
300,0,/Users/reyesmatte/Desktop/copypasta/20260226/processed_masks/PY79_40_cp_masks.tif,PY79_40_cp_masks.tif,39,0.7893630317874231,5.607124791273551,10.84715078969544,2.0307272935241834
301,0,/Users/reyesmatte/Desktop/copypasta/20260226/processed_masks/PY79_40_cp_masks.tif,PY79_40_cp_masks.tif,40,0.6913462068879923,4.191930783816321,7.692491405461445,1.35783280004213
302,0,/Users/reyesmatte/Desktop/copypasta/20260226/processed_masks/PY79_40_cp_masks.tif,PY79_40_cp_masks.tif,41,0.8041803183683714,5.064044693170395,10.301872944199774,1.941683929247239
303,0,/Users/reyesmatte/Desktop/copypasta/20260226/processed_masks/PY79_40_cp_masks.tif,PY79_40_cp_masks.tif,42,0.7557456911884476,5.1759976847693085,11.29297369294324,2.0252368787273225
304,0,/Users/reyesmatte/Desktop/copypasta/20260226/processed_masks/PY79_40_cp_masks.tif,PY79_40_cp_masks.tif,43,0.7496214358324286,7.711237378348967,9.566872729465716,1.7550559364978158
305,0,/Users/reyesmatte/Desktop/copypasta/20260226/processed_masks/PY79_40_cp_masks.tif,PY79_40_cp_masks.tif,44,0.7751377130813062,6.8037307628515755,11.330684746704055,2.0739110684912334
306,0,/Users/reyesmatte/Desktop/copypasta/20260226/processed_masks/PY79_40_cp_masks.tif,PY79_40_cp_masks.tif,45,0.7703059132356351,5.099466131148042,12.050839505351698,2.206460368308314
307,0,/Users/reyesmatte/Desktop/copypasta/20260226/processed_masks/PY79_40_cp_masks.tif,PY79_40_cp_masks.tif,46,0.7500682219399901,4.823950479714519,10.54103914983156,1.9623592785489345
308,0,/Users/reyesmatte/Desktop/copypasta/20260226/processed_masks/PY79_40_cp_masks.tif,PY79_40_cp_masks.tif,47,0.7669828993037864,7.929782145141261,10.161488673152602,1.9032314015903171
309,0,/Users/reyesmatte/Desktop/copypasta/20260226/processed_masks/PY79_40_cp_masks.tif,PY79_40_cp_masks.tif,48,0.8302868790595662,5.645923910018721,12.360397268239174,2.4384664107750025
310,0,/Users/reyesmatte/Desktop/copypasta/20260226/processed_masks/PY79_40_cp_masks.tif,PY79_40_cp_masks.tif,49,0.7776399920105783,4.5316775622753065,10.730122289604031,1.9672028404546282
311,0,/Users/reyesmatte/Desktop/copypasta/20260226/processed_masks/PY79_40_cp_masks.tif,PY79_40_cp_masks.tif,50,0.7383625887744732,5.2142596371561165,11.557748902150259,2.0492091516987028
312,0,/Users/reyesmatte/Desktop/copypasta/20260226/processed_masks/PY79_40_cp_masks.tif,PY79_40_cp_masks.tif,52,0.7605978025112823,5.988370544799607,12.963555224141178,2.389349076658241
313,0,/Users/reyesmatte/Desktop/copypasta/20260226/processed_masks/PY79_40_cp_masks.tif,PY79_40_cp_masks.tif,56,0.7930464347721536,5.884538915451772,12.979991815015506,2.4630306043868813
314,0,/Users/reyesmatte/Desktop/copypasta/20260226/processed_masks/PY79_40_cp_masks.tif,PY79_40_cp_masks.tif,57,0.829080595309205,5.119636474801232,10.582794742100928,2.079742812333965
315,0,/Users/reyesmatte/Desktop/copypasta/20260226/processed_masks/PY79_40_cp_masks.tif,PY79_40_cp_masks.tif,59,0.8310888520864286,5.091300110142175,10.492423681825104,2.0538901264869063
316,0,/Users/reyesmatte/Desktop/copypasta/20260226/processed_masks/PY79_40_cp_masks.tif,PY79_40_cp_masks.tif,60,0.7644746060272851,4.2123867627834946,9.642616036441034,1.7698044537931883
317,0,/Users/reyesmatte/Desktop/copypasta/20260226/processed_masks/PY79_40_cp_masks.tif,PY79_40_cp_masks.tif,61,0.7474705457054877,5.400608276700333,10.962212536952059,1.991458823057356
318,0,/Users/reyesmatte/Desktop/copypasta/20260226/processed_masks/PY79_40_cp_masks.tif,PY79_40_cp_masks.tif,62,0.7311284254725419,4.683460081625938,8.83529387253308,1.5273099745945444
319,0,/Users/reyesmatte/Desktop/copypasta/20260226/processed_masks/PY79_40_cp_masks.tif,PY79_40_cp_masks.tif,63,0.807902537863189,4.975927188074144,9.569447598827903,1.8302550156215525
320,0,/Users/reyesmatte/Desktop/copypasta/20260226/processed_masks/PY79_40_cp_masks.tif,PY79_40_cp_masks.tif,64,0.6858081957941324,3.978470782067638,7.167430985567283,1.1700126336620837
321,0,/Users/reyesmatte/Desktop/copypasta/20260226/processed_masks/PY79_40_cp_masks.tif,PY79_40_cp_masks.tif,65,0.7099561540760201,3.207873901700335,6.053261383084071,0.9815667826987002
322,0,/Users/reyesmatte/Desktop/copypasta/20260226/processed_masks/PY79_40_cp_masks.tif,PY79_40_cp_masks.tif,66,0.6639655563197302,5.078122284225125,8.65326491183264,1.373044380452542
323,0,/Users/reyesmatte/Desktop/copypasta/20260226/processed_masks/PY79_40_cp_masks.tif,PY79_40_cp_masks.tif,67,0.7033085897732623,5.45986854536506,8.288972168426314,1.4021078755480474
324,0,/Users/reyesmatte/Desktop/copypasta/20260226/processed_masks/PY79_40_cp_masks.tif,PY79_40_cp_masks.tif,68,0.7986339201251392,5.65233307476128,11.480639697715288,2.163052833447849
325,0,/Users/reyesmatte/Desktop/copypasta/20260226/processed_masks/PY79_40_cp_masks.tif,PY79_40_cp_masks.tif,69,0.6986187444047748,3.2750735214547,7.136178614637444,1.1729465565467214
326,0,/Users/reyesmatte/Desktop/copypasta/20260226/processed_masks/PY79_40_cp_masks.tif,PY79_40_cp_masks.tif,71,0.7568810080025402,6.0782010245756,12.05843173203603,2.1904291489725862
327,0,/Users/reyesmatte/Desktop/copypasta/20260226/processed_masks/PY79_40_cp_masks.tif,PY79_40_cp_masks.tif,73,0.7604765823643514,4.766914339687743,10.120730055212253,1.8120346610893836
328,0,/Users/reyesmatte/Desktop/copypasta/20260226/processed_masks/PY79_40_cp_masks.tif,PY79_40_cp_masks.tif,74,0.6769285296492529,6.6775601616989615,12.67705532088352,2.095950583631474
329,0,/Users/reyesmatte/Desktop/copypasta/20260226/processed_masks/PY79_40_cp_masks.tif,PY79_40_cp_masks.tif,78,0.702696646605018,5.2216906296541294,9.875123202563536,1.6566543546659978
330,0,/Users/reyesmatte/Desktop/copypasta/20260226/processed_masks/PY79_40_cp_masks.tif,PY79_40_cp_masks.tif,82,0.7279840845455685,5.373894737970725,10.727770139171547,1.8860501764337851
331,0,/Users/reyesmatte/Desktop/copypasta/20260226/processed_masks/PY79_40_cp_masks.tif,PY79_40_cp_masks.tif,83,0.7551070437230681,4.618984918752574,10.008628290079345,1.7842694155944507
332,0,/Users/reyesmatte/Desktop/copypasta/20260226/processed_masks/PY79_40_cp_masks.tif,PY79_40_cp_masks.tif,84,0.8187592720036352,5.104614853593613,11.817790842570028,2.305511981579636
333,0,/Users/reyesmatte/Desktop/copypasta/20260226/processed_masks/PY79_40_cp_masks.tif,PY79_40_cp_masks.tif,86,0.8252286868913332,3.7713584402728095,7.947657882874618,1.5252071913709748
334,0,/Users/reyesmatte/Desktop/copypasta/20260226/processed_masks/PY79_40_cp_masks.tif,PY79_40_cp_masks.tif,87,0.8227861655436874,4.430591303441191,9.553521626911412,1.8589066970432517
335,0,/Users/reyesmatte/Desktop/copypasta/20260226/processed_masks/PY79_40_cp_masks.tif,PY79_40_cp_masks.tif,88,0.8028746356645653,5.249999627768809,10.715331498811572,2.113971154703149
336,0,/Users/reyesmatte/Desktop/copypasta/20260226/processed_masks/PY79_40_cp_masks.tif,PY79_40_cp_masks.tif,89,0.8008087398325651,4.8457280097102755,10.020250318240288,1.8772735767018174
337,0,/Users/reyesmatte/Desktop/copypasta/20260226/processed_masks/PY79_42_cp_masks.tif,PY79_42_cp_masks.tif,7,0.7230584808618911,8.529303188160664,12.440479400564548,2.166291834550441
338,0,/Users/reyesmatte/Desktop/copypasta/20260226/processed_masks/PY79_42_cp_masks.tif,PY79_42_cp_masks.tif,8,0.6516358647185048,6.002356756148043,12.029685810036154,1.9002806354685857
339,0,/Users/reyesmatte/Desktop/copypasta/20260226/processed_masks/PY79_42_cp_masks.tif,PY79_42_cp_masks.tif,13,0.7524555096416718,3.619157583966826,8.138530378627255,1.4262614739372643
340,0,/Users/reyesmatte/Desktop/copypasta/20260226/processed_masks/PY79_42_cp_masks.tif,PY79_42_cp_masks.tif,15,0.7578786361843419,3.6741562147553033,7.955190176649875,1.4648874373937437
341,0,/Users/reyesmatte/Desktop/copypasta/20260226/processed_masks/PY79_42_cp_masks.tif,PY79_42_cp_masks.tif,18,0.8043580552669154,3.298593855689339,7.969905603238283,1.47163166614961
342,0,/Users/reyesmatte/Desktop/copypasta/20260226/processed_masks/PY79_42_cp_masks.tif,PY79_42_cp_masks.tif,19,0.7660437825177278,3.5764379952911156,7.0753710209130345,1.2407303693224208
343,0,/Users/reyesmatte/Desktop/copypasta/20260226/processed_masks/PY79_42_cp_masks.tif,PY79_42_cp_masks.tif,20,0.8358447125317702,3.3084855329945415,8.406772327114071,1.635360851460158
344,0,/Users/reyesmatte/Desktop/copypasta/20260226/processed_masks/PY79_42_cp_masks.tif,PY79_42_cp_masks.tif,23,0.7464564047552836,3.2578759034577027,6.318096005829933,1.142993152650689
345,0,/Users/reyesmatte/Desktop/copypasta/20260226/processed_masks/PY79_42_cp_masks.tif,PY79_42_cp_masks.tif,26,0.8113723420165309,6.130391859508618,12.903363060998146,2.4832983638717114
346,0,/Users/reyesmatte/Desktop/copypasta/20260226/processed_masks/PY79_42_cp_masks.tif,PY79_42_cp_masks.tif,27,0.81734182347133,3.0405136929276577,6.526933305662128,1.1923320761717853
347,0,/Users/reyesmatte/Desktop/copypasta/20260226/processed_masks/PY79_42_cp_masks.tif,PY79_42_cp_masks.tif,30,0.7659078598926362,3.4181571358353544,6.452090820866297,1.196083032932073
348,0,/Users/reyesmatte/Desktop/copypasta/20260226/processed_masks/PY79_42_cp_masks.tif,PY79_42_cp_masks.tif,31,0.8096108668996832,6.921916209277493,13.442361771066471,2.58639315730648
349,0,/Users/reyesmatte/Desktop/copypasta/20260226/processed_masks/PY79_42_cp_masks.tif,PY79_42_cp_masks.tif,32,0.7301130954901583,7.556293165928655,15.29019176202043,2.7149222155923884
350,0,/Users/reyesmatte/Desktop/copypasta/20260226/processed_masks/PY79_42_cp_masks.tif,PY79_42_cp_masks.tif,33,0.7730501240614588,12.218459889059956,14.019353048673036,2.611484311660208
351,0,/Users/reyesmatte/Desktop/copypasta/20260226/processed_masks/PY79_42_cp_masks.tif,PY79_42_cp_masks.tif,34,0.7655403929323329,4.431990147645314,9.992530355675665,1.8073031202667962
352,0,/Users/reyesmatte/Desktop/copypasta/20260226/processed_masks/PY79_42_cp_masks.tif,PY79_42_cp_masks.tif,35,0.7718588789682543,4.7079296875,11.446380925828551,2.0935390356463226
353,0,/Users/reyesmatte/Desktop/copypasta/20260226/processed_masks/PY79_42_cp_masks.tif,PY79_42_cp_masks.tif,36,0.7461797867780274,5.477156812496001,9.985592965900267,1.7986371143632125
354,0,/Users/reyesmatte/Desktop/copypasta/20260226/processed_masks/PY79_42_cp_masks.tif,PY79_42_cp_masks.tif,37,0.7353944588669614,8.673778571353836,10.696196253440462,1.9191724401521242
355,0,/Users/reyesmatte/Desktop/copypasta/20260226/processed_masks/PY79_42_cp_masks.tif,PY79_42_cp_masks.tif,38,0.7648405307284694,4.0891218824754665,9.209774929337831,1.6589885340838828
356,0,/Users/reyesmatte/Desktop/copypasta/20260226/processed_masks/PY79_42_cp_masks.tif,PY79_42_cp_masks.tif,39,0.7792589908220631,3.5454974956485557,8.250317865144467,1.4842721138356538
357,0,/Users/reyesmatte/Desktop/copypasta/20260226/processed_masks/PY79_42_cp_masks.tif,PY79_42_cp_masks.tif,40,0.7700751462437887,4.244534409367679,9.341487958432218,1.7076539941952849
358,0,/Users/reyesmatte/Desktop/copypasta/20260226/processed_masks/PY79_42_cp_masks.tif,PY79_42_cp_masks.tif,41,0.7889361860302025,3.8805349563571045,8.04932988978402,1.4822709850402944
359,0,/Users/reyesmatte/Desktop/copypasta/20260226/processed_masks/PY79_42_cp_masks.tif,PY79_42_cp_masks.tif,42,0.78092876456579,7.305812522874727,9.13796968210641,1.68179347229103
360,0,/Users/reyesmatte/Desktop/copypasta/20260226/processed_masks/PY79_42_cp_masks.tif,PY79_42_cp_masks.tif,43,0.8259029778126279,2.8324289548640174,5.991627890571606,1.089638156526698
361,0,/Users/reyesmatte/Desktop/copypasta/20260226/processed_masks/PY79_42_cp_masks.tif,PY79_42_cp_masks.tif,44,0.7515802062581737,3.384928567122773,6.9546506964036645,1.1960699065938551
362,0,/Users/reyesmatte/Desktop/copypasta/20260226/processed_masks/PY79_42_cp_masks.tif,PY79_42_cp_masks.tif,45,0.8210313903406093,3.1869019245649635,6.565465131101726,1.2073298493414952
363,0,/Users/reyesmatte/Desktop/copypasta/20260226/processed_masks/PY79_42_cp_masks.tif,PY79_42_cp_masks.tif,46,0.7643820946397968,10.747913624437892,12.664445952734827,2.3168322940673702
364,0,/Users/reyesmatte/Desktop/copypasta/20260226/processed_masks/PY79_42_cp_masks.tif,PY79_42_cp_masks.tif,47,0.707847225642958,6.679971644538912,12.296767270167935,2.1053567389157877
365,0,/Users/reyesmatte/Desktop/copypasta/20260226/processed_masks/PY79_42_cp_masks.tif,PY79_42_cp_masks.tif,69,0.6476188331352607,5.819345834934683,11.542907994061826,1.824787823799153
366,0,/Users/reyesmatte/Desktop/copypasta/20260226/processed_masks/PY79_42_cp_masks.tif,PY79_42_cp_masks.tif,74,0.6925523965950315,5.005297473913917,10.734022195490683,1.793171189675271
367,0,/Users/reyesmatte/Desktop/copypasta/20260226/processed_masks/PY79_42_cp_masks.tif,PY79_42_cp_masks.tif,78,0.7183563903308935,5.343623521520236,11.106430502493215,1.9701922657215851
368,0,/Users/reyesmatte/Desktop/copypasta/20260226/processed_masks/PY79_42_cp_masks.tif,PY79_42_cp_masks.tif,81,0.7310478419439657,5.223805783816321,10.507323337003156,1.8336754307123115
369,0,/Users/reyesmatte/Desktop/copypasta/20260226/processed_masks/PY79_42_cp_masks.tif,PY79_42_cp_masks.tif,82,0.7660761245326124,3.665938778564492,6.974329290034688,1.2257034056183698
370,0,/Users/reyesmatte/Desktop/copypasta/20260226/processed_masks/PY79_42_cp_masks.tif,PY79_42_cp_masks.tif,83,0.7504012091408523,3.2472649077656777,6.340508180211737,1.1415350689075727
371,0,/Users/reyesmatte/Desktop/copypasta/20260226/processed_masks/PY79_42_cp_masks.tif,PY79_42_cp_masks.tif,85,0.8168416225863248,6.456099405176959,13.719110344108492,2.6669389517937883
372,0,/Users/reyesmatte/Desktop/copypasta/20260226/processed_masks/PY79_42_cp_masks.tif,PY79_42_cp_masks.tif,88,0.808349185049162,3.3902853541595515,6.652098742118275,1.2214435269853483
373,0,/Users/reyesmatte/Desktop/copypasta/20260226/processed_masks/PY79_42_cp_masks.tif,PY79_42_cp_masks.tif,91,0.8092232075876883,3.377069846044616,6.821720677190079,1.276910081605198
374,0,/Users/reyesmatte/Desktop/copypasta/20260226/processed_masks/PY79_42_cp_masks.tif,PY79_42_cp_masks.tif,94,0.8124768899620776,3.3108192182319307,6.820030843594786,1.2483153038168737
375,0,/Users/reyesmatte/Desktop/copypasta/20260226/processed_masks/PY79_42_cp_masks.tif,PY79_42_cp_masks.tif,95,0.7635311585711819,3.5527156511219404,6.958384285976248,1.2193718606469905
376,0,/Users/reyesmatte/Desktop/copypasta/20260226/processed_masks/PY79_42_cp_masks.tif,PY79_42_cp_masks.tif,97,0.6922207577395599,3.827955655740214,6.893130915249971,1.1405208626918253
377,0,/Users/reyesmatte/Desktop/copypasta/20260226/processed_masks/PY79_42_cp_masks.tif,PY79_42_cp_masks.tif,99,0.7358095341335218,3.249587268931538,6.908781261930212,1.1717708288245827
378,0,/Users/reyesmatte/Desktop/copypasta/20260226/processed_masks/PY79_42_cp_masks.tif,PY79_42_cp_masks.tif,102,0.7291089691434415,3.9460377486460576,7.597429665447339,1.325774974330056
379,0,/Users/reyesmatte/Desktop/copypasta/20260226/processed_masks/PY79_42_cp_masks.tif,PY79_42_cp_masks.tif,105,0.7510656971900929,3.535943798775539,6.654192049797809,1.1536193452031551
380,0,/Users/reyesmatte/Desktop/copypasta/20260226/processed_masks/PY79_47_cp_masks.tif,PY79_47_cp_masks.tif,8,0.7274252171564409,4.427830717418434,9.854837954586841,1.7061795387784466
381,0,/Users/reyesmatte/Desktop/copypasta/20260226/processed_masks/PY79_47_cp_masks.tif,PY79_47_cp_masks.tif,9,0.7317339909817909,4.857145809836868,10.646748008723689,1.8578649110109717
382,0,/Users/reyesmatte/Desktop/copypasta/20260226/processed_masks/PY79_47_cp_masks.tif,PY79_47_cp_masks.tif,10,0.7962556791554558,6.997310678871649,13.340407072789473,2.537655880677523
383,0,/Users/reyesmatte/Desktop/copypasta/20260226/processed_masks/PY79_47_cp_masks.tif,PY79_47_cp_masks.tif,11,0.7218349488962743,5.11796223368684,10.316844119404118,1.7683999596058506
384,0,/Users/reyesmatte/Desktop/copypasta/20260226/processed_masks/PY79_47_cp_masks.tif,PY79_47_cp_masks.tif,13,0.72815286382592,5.124281197132953,10.513367492108333,1.8337076109887547
385,0,/Users/reyesmatte/Desktop/copypasta/20260226/processed_masks/PY79_47_cp_masks.tif,PY79_47_cp_masks.tif,14,0.8090939531739054,6.943883601412432,13.456418554288971,2.6146221621436556
386,0,/Users/reyesmatte/Desktop/copypasta/20260226/processed_masks/PY79_47_cp_masks.tif,PY79_47_cp_masks.tif,16,0.8376457731875259,7.330866952340028,15.327736436027871,3.08578332705264
387,0,/Users/reyesmatte/Desktop/copypasta/20260226/processed_masks/PY79_47_cp_masks.tif,PY79_47_cp_masks.tif,17,0.81439538996585,7.824572807995515,17.1536492214238,3.444662443865671
388,0,/Users/reyesmatte/Desktop/copypasta/20260226/processed_masks/PY79_47_cp_masks.tif,PY79_47_cp_masks.tif,20,0.809557872866093,7.999654692219663,17.537723051595165,3.4328325124155876
389,0,/Users/reyesmatte/Desktop/copypasta/20260226/processed_masks/PY79_47_cp_masks.tif,PY79_47_cp_masks.tif,22,0.7206144625343273,3.8611509858625626,7.347847319747634,1.3308986919216792
390,0,/Users/reyesmatte/Desktop/copypasta/20260226/processed_masks/PY79_47_cp_masks.tif,PY79_47_cp_masks.tif,24,0.7088334713711084,14.619902249902093,18.436457216655644,3.206743785187223
391,0,/Users/reyesmatte/Desktop/copypasta/20260226/processed_masks/PY79_47_cp_masks.tif,PY79_47_cp_masks.tif,25,0.7438294058131016,4.081503915038797,8.377655286605933,1.5265460605462122
392,0,/Users/reyesmatte/Desktop/copypasta/20260226/processed_masks/PY79_47_cp_masks.tif,PY79_47_cp_masks.tif,26,0.7788736426520623,4.108380281715033,9.036147668292536,1.6384855756053884
393,0,/Users/reyesmatte/Desktop/copypasta/20260226/processed_masks/PY79_47_cp_masks.tif,PY79_47_cp_masks.tif,27,0.7601242998767151,5.283335143304159,11.459983733538404,2.125894534327369
394,0,/Users/reyesmatte/Desktop/copypasta/20260226/processed_masks/PY79_47_cp_masks.tif,PY79_47_cp_masks.tif,28,0.7688687765484704,7.009941752942261,13.015210048426258,2.4235342160639615
395,0,/Users/reyesmatte/Desktop/copypasta/20260226/processed_masks/PY79_47_cp_masks.tif,PY79_47_cp_masks.tif,30,0.7828989025652143,5.756515136162724,12.643562771445385,2.357854848903336
396,0,/Users/reyesmatte/Desktop/copypasta/20260226/processed_masks/PY79_47_cp_masks.tif,PY79_47_cp_masks.tif,34,0.7522463704367137,5.745337207253315,11.518219571161254,2.075422388957981
397,0,/Users/reyesmatte/Desktop/copypasta/20260226/processed_masks/PY79_47_cp_masks.tif,PY79_47_cp_masks.tif,35,0.757637724915908,6.504918109012925,12.62684903331239,2.284832014072466
398,0,/Users/reyesmatte/Desktop/copypasta/20260226/processed_masks/PY79_47_cp_masks.tif,PY79_47_cp_masks.tif,37,0.7539354906449559,6.668459579590183,13.31787812734026,2.449932121875552
399,0,/Users/reyesmatte/Desktop/copypasta/20260226/processed_masks/PY79_47_cp_masks.tif,PY79_47_cp_masks.tif,39,0.8116398092864934,7.134354383270725,15.089452770082689,2.924850480660089
400,0,/Users/reyesmatte/Desktop/copypasta/20260226/processed_masks/PY79_47_cp_masks.tif,PY79_47_cp_masks.tif,40,0.7316037047667343,7.784109313321777,14.79549410775678,2.623876040785227
401,0,/Users/reyesmatte/Desktop/copypasta/20260226/processed_masks/PY79_47_cp_masks.tif,PY79_47_cp_masks.tif,41,0.7147823593652954,6.766795697399763,12.455687278506256,2.1385890942279104
402,0,/Users/reyesmatte/Desktop/copypasta/20260226/processed_masks/PY79_47_cp_masks.tif,PY79_47_cp_masks.tif,42,0.7095956643220339,5.268939055796989,11.331319908837576,1.9301512939162044
403,0,/Users/reyesmatte/Desktop/copypasta/20260226/processed_masks/PY79_47_cp_masks.tif,PY79_47_cp_masks.tif,43,0.7971390417690776,5.75097122180373,13.039693902908892,2.4857834102217606
404,0,/Users/reyesmatte/Desktop/copypasta/20260226/processed_masks/PY79_47_cp_masks.tif,PY79_47_cp_masks.tif,44,0.6533022909145481,4.530101553688826,9.248527874953144,1.4398874408591238
405,0,/Users/reyesmatte/Desktop/copypasta/20260226/processed_masks/PY79_47_cp_masks.tif,PY79_47_cp_masks.tif,45,0.7381528520126418,6.409771478022208,13.442416708074209,2.3825865960571675
406,0,/Users/reyesmatte/Desktop/copypasta/20260226/processed_masks/PY79_47_cp_masks.tif,PY79_47_cp_masks.tif,46,0.7601315947972639,5.958907744118767,12.34582818911515,2.2411063069928825
407,0,/Users/reyesmatte/Desktop/copypasta/20260226/processed_masks/PY79_47_cp_masks.tif,PY79_47_cp_masks.tif,47,0.7093000857185273,5.175809801847472,9.550354951332588,1.6154492142763988
408,0,/Users/reyesmatte/Desktop/copypasta/20260226/processed_masks/PY79_47_cp_masks.tif,PY79_47_cp_masks.tif,48,0.7002356084232823,4.843334450209061,9.595079731329205,1.610641753763006
409,0,/Users/reyesmatte/Desktop/copypasta/20260226/processed_masks/PY79_47_cp_masks.tif,PY79_47_cp_masks.tif,50,0.7729235309594028,5.872984871773616,12.765241220555211,2.3534558491799014
410,0,/Users/reyesmatte/Desktop/copypasta/20260226/processed_masks/PY79_47_cp_masks.tif,PY79_47_cp_masks.tif,51,0.7517752261445595,4.928023982373652,11.216160134675281,2.005097759901928
411,0,/Users/reyesmatte/Desktop/copypasta/20260226/processed_masks/PY79_47_cp_masks.tif,PY79_47_cp_masks.tif,52,0.7070509426635514,4.334690169735659,8.15673790678361,1.3573663840432428
412,0,/Users/reyesmatte/Desktop/copypasta/20260226/processed_masks/PY79_47_cp_masks.tif,PY79_47_cp_masks.tif,54,0.7605716778095192,6.0221759391352725,11.560938733594874,2.092405447496416
413,0,/Users/reyesmatte/Desktop/copypasta/20260226/processed_masks/PY79_47_cp_masks.tif,PY79_47_cp_masks.tif,55,0.700706467812341,5.0375973858677074,8.166379615527394,1.394483143718861
414,0,/Users/reyesmatte/Desktop/copypasta/20260226/processed_masks/PY79_47_cp_masks.tif,PY79_47_cp_masks.tif,56,0.7062522919616652,5.844923197620362,12.273801089965433,2.085253848269349
415,0,/Users/reyesmatte/Desktop/copypasta/20260226/processed_masks/PY79_47_cp_masks.tif,PY79_47_cp_masks.tif,57,0.7916699387454031,6.18823942766925,11.560451147861725,2.236235645079884
416,0,/Users/reyesmatte/Desktop/copypasta/20260226/processed_masks/PY79_47_cp_masks.tif,PY79_47_cp_masks.tif,60,0.7829573963127309,7.179675987970726,16.005486549642644,3.0197578844531807
417,0,/Users/reyesmatte/Desktop/copypasta/20260226/processed_masks/PY79_47_cp_masks.tif,PY79_47_cp_masks.tif,65,0.8061815461022969,6.070508045631868,12.916786724085664,2.474394119838079
418,0,/Users/reyesmatte/Desktop/copypasta/20260226/processed_masks/PY79_47_cp_masks.tif,PY79_47_cp_masks.tif,67,0.7657656836836072,4.5151436918026935,8.807799295656073,1.5758951991620915
419,0,/Users/reyesmatte/Desktop/copypasta/20260226/processed_masks/PY79_47_cp_masks.tif,PY79_47_cp_masks.tif,69,0.7525803992320809,4.151292437421956,8.874024460135999,1.591315479412675
420,0,/Users/reyesmatte/Desktop/copypasta/20260226/processed_masks/PY79_47_cp_masks.tif,PY79_47_cp_masks.tif,71,0.801982693255129,3.3504963397470187,7.510730722490171,1.372461727066854
421,0,/Users/reyesmatte/Desktop/copypasta/20260226/processed_masks/PY79_47_cp_masks.tif,PY79_47_cp_masks.tif,73,0.8330746805713023,3.8734705921601016,8.05050090342436,1.526154949951411
422,0,/Users/reyesmatte/Desktop/copypasta/20260226/processed_masks/PY79_47_cp_masks.tif,PY79_47_cp_masks.tif,74,0.722928501082287,3.816890545699431,6.7844668720539705,1.249157130218596
423,0,/Users/reyesmatte/Desktop/copypasta/20260226/processed_masks/PY79_35_cp_masks.tif,PY79_35_cp_masks.tif,2,0.673141595027266,4.627303779206332,8.258985134779094,1.3471586442183596
424,0,/Users/reyesmatte/Desktop/copypasta/20260226/processed_masks/PY79_35_cp_masks.tif,PY79_35_cp_masks.tif,5,0.7521768682157252,6.26560163908633,13.037616695033073,2.3534034465992937
425,0,/Users/reyesmatte/Desktop/copypasta/20260226/processed_masks/PY79_35_cp_masks.tif,PY79_35_cp_masks.tif,8,0.7779562121252154,7.006731773725634,14.544307533572413,2.709552842869501
426,0,/Users/reyesmatte/Desktop/copypasta/20260226/processed_masks/PY79_35_cp_masks.tif,PY79_35_cp_masks.tif,9,0.7591047208907797,6.401972792481328,12.0958568140875,2.207679345334233
427,0,/Users/reyesmatte/Desktop/copypasta/20260226/processed_masks/PY79_35_cp_masks.tif,PY79_35_cp_masks.tif,10,0.7448583160551803,5.6336755020565334,10.41379444536509,1.8423941575845262
428,0,/Users/reyesmatte/Desktop/copypasta/20260226/processed_masks/PY79_35_cp_masks.tif,PY79_35_cp_masks.tif,12,0.7723181137387067,5.920504571619024,11.581622114644345,2.1604727974837
429,0,/Users/reyesmatte/Desktop/copypasta/20260226/processed_masks/PY79_35_cp_masks.tif,PY79_35_cp_masks.tif,13,0.7730072334990763,5.537023644198347,10.573599921265993,1.9291694763133895
430,0,/Users/reyesmatte/Desktop/copypasta/20260226/processed_masks/PY79_35_cp_masks.tif,PY79_35_cp_masks.tif,14,0.7386318512898982,5.840364684042549,10.97468672635786,1.9452480146219016
431,0,/Users/reyesmatte/Desktop/copypasta/20260226/processed_masks/PY79_35_cp_masks.tif,PY79_35_cp_masks.tif,15,0.7438313702386607,5.001811151302933,10.011434571688527,1.766518738850364
432,0,/Users/reyesmatte/Desktop/copypasta/20260226/processed_masks/PY79_35_cp_masks.tif,PY79_35_cp_masks.tif,16,0.7134914090389961,6.8112340016477315,13.18830418887783,2.2738117287476607
433,0,/Users/reyesmatte/Desktop/copypasta/20260226/processed_masks/PY79_35_cp_masks.tif,PY79_35_cp_masks.tif,17,0.7248440579085438,6.007630641598775,10.790314422383682,1.8725135086172024
434,0,/Users/reyesmatte/Desktop/copypasta/20260226/processed_masks/PY79_35_cp_masks.tif,PY79_35_cp_masks.tif,18,0.7525127092645411,5.324239551025694,11.661296766782037,2.1188199310184106
435,0,/Users/reyesmatte/Desktop/copypasta/20260226/processed_masks/PY79_35_cp_masks.tif,PY79_35_cp_masks.tif,19,0.7590657257186907,6.543434978026206,14.849462505355005,2.7078674498446937
436,0,/Users/reyesmatte/Desktop/copypasta/20260226/processed_masks/PY79_35_cp_masks.tif,PY79_35_cp_masks.tif,24,0.7621700589397623,2.977289876968193,6.761319383437618,1.189754090723773
437,0,/Users/reyesmatte/Desktop/copypasta/20260226/processed_masks/PY79_35_cp_masks.tif,PY79_35_cp_masks.tif,25,0.7433279896648605,2.7777473811480426,6.145941028023608,1.0735953568013208
438,0,/Users/reyesmatte/Desktop/copypasta/20260226/processed_masks/PY79_35_cp_masks.tif,PY79_35_cp_masks.tif,26,0.7428724490949155,5.8714739084033445,12.510379671422513,2.2407300264793646
439,0,/Users/reyesmatte/Desktop/copypasta/20260226/processed_masks/PY79_35_cp_masks.tif,PY79_35_cp_masks.tif,29,0.716955861863705,5.780335203764407,11.881537196713747,2.0389473981451007
440,0,/Users/reyesmatte/Desktop/copypasta/20260226/processed_masks/PY79_35_cp_masks.tif,PY79_35_cp_masks.tif,33,0.6783532284806839,6.467939564304864,11.883725027971018,1.9749155236030533
441,0,/Users/reyesmatte/Desktop/copypasta/20260226/processed_masks/PY79_35_cp_masks.tif,PY79_35_cp_masks.tif,34,0.7659812870664401,6.9451364620428455,15.917829633510946,2.9748830460677205
442,0,/Users/reyesmatte/Desktop/copypasta/20260226/processed_masks/PY79_35_cp_masks.tif,PY79_35_cp_masks.tif,36,0.7411142296072722,4.80846487897232,10.616324526900964,1.8816021911053098
443,0,/Users/reyesmatte/Desktop/copypasta/20260226/processed_masks/PY79_35_cp_masks.tif,PY79_35_cp_masks.tif,38,0.7918714078034801,3.326430630425889,7.929675986768407,1.445390789320585
444,0,/Users/reyesmatte/Desktop/copypasta/20260226/processed_masks/PY79_35_cp_masks.tif,PY79_35_cp_masks.tif,39,0.7868961490324895,4.7235781161888255,11.478889786572053,2.1407300403408853
445,0,/Users/reyesmatte/Desktop/copypasta/20260226/processed_masks/PY79_35_cp_masks.tif,PY79_35_cp_masks.tif,40,0.7805756229555849,4.38185968743244,10.186551701559795,1.8668099343955726
446,0,/Users/reyesmatte/Desktop/copypasta/20260226/processed_masks/PY79_35_cp_masks.tif,PY79_35_cp_masks.tif,41,0.8088530773882947,3.60508070860726,8.640981508154942,1.6233143817254925
447,0,/Users/reyesmatte/Desktop/copypasta/20260226/processed_masks/PY79_35_cp_masks.tif,PY79_35_cp_masks.tif,42,0.7645177763210581,5.198776505038104,10.499789120592999,1.895415219746266
448,0,/Users/reyesmatte/Desktop/copypasta/20260226/processed_masks/PY79_35_cp_masks.tif,PY79_35_cp_masks.tif,43,0.7843973295774301,3.981131551513104,9.457745514161658,1.7293550211978481
449,0,/Users/reyesmatte/Desktop/copypasta/20260226/processed_masks/PY79_35_cp_masks.tif,PY79_35_cp_masks.tif,44,0.8056296751020074,5.716638357856775,14.175900759946902,2.7268168002454023
450,0,/Users/reyesmatte/Desktop/copypasta/20260226/processed_masks/PY79_35_cp_masks.tif,PY79_35_cp_masks.tif,45,0.7751387499114774,5.09636872089506,11.121631032640675,2.0418436567522407
451,0,/Users/reyesmatte/Desktop/copypasta/20260226/processed_masks/PY79_35_cp_masks.tif,PY79_35_cp_masks.tif,46,0.7880991728549904,4.038035536475454,8.706872357743434,1.6163015885702716
452,0,/Users/reyesmatte/Desktop/copypasta/20260226/processed_masks/PY79_35_cp_masks.tif,PY79_35_cp_masks.tif,47,0.6933274770717404,5.523756991870635,10.626973463333515,1.8006852631130479
453,0,/Users/reyesmatte/Desktop/copypasta/20260226/processed_masks/PY79_35_cp_masks.tif,PY79_35_cp_masks.tif,48,0.7875277754794446,4.319078089755302,9.821108009036479,1.8845503005703976
454,0,/Users/reyesmatte/Desktop/copypasta/20260226/processed_masks/PY79_35_cp_masks.tif,PY79_35_cp_masks.tif,49,0.7872602926214026,3.0879442710989755,6.88664704643746,1.2533606199805745
455,0,/Users/reyesmatte/Desktop/copypasta/20260226/processed_masks/PY79_35_cp_masks.tif,PY79_35_cp_masks.tif,50,0.8016560535973966,5.493539179093516,12.937542705740386,2.480294561762784
456,0,/Users/reyesmatte/Desktop/copypasta/20260226/processed_masks/PY79_35_cp_masks.tif,PY79_35_cp_masks.tif,51,0.7242446019171955,5.936915297008617,10.933088574355413,1.8838493818050506
457,0,/Users/reyesmatte/Desktop/copypasta/20260226/processed_masks/PY79_35_cp_masks.tif,PY79_35_cp_masks.tif,52,0.8011148246975278,4.998512669161551,11.269583852193827,2.13676581859594
458,0,/Users/reyesmatte/Desktop/copypasta/20260226/processed_masks/PY79_35_cp_masks.tif,PY79_35_cp_masks.tif,53,0.8131266459275872,3.3093333098368687,7.854482926971409,1.469100919955758
459,0,/Users/reyesmatte/Desktop/copypasta/20260226/processed_masks/PY79_35_cp_masks.tif,PY79_35_cp_masks.tif,54,0.7521390740537857,4.915156205944128,10.872579179014311,1.9382019785267175
460,0,/Users/reyesmatte/Desktop/copypasta/20260226/processed_masks/PY79_35_cp_masks.tif,PY79_35_cp_masks.tif,55,0.7543376354582495,3.737800625412976,8.493873183039394,1.5022148025004969
461,0,/Users/reyesmatte/Desktop/copypasta/20260226/processed_masks/PY79_35_cp_masks.tif,PY79_35_cp_masks.tif,56,0.7778300624452511,6.451903595903346,14.598478820134261,2.821628822362446
462,0,/Users/reyesmatte/Desktop/copypasta/20260226/processed_masks/PY79_35_cp_masks.tif,PY79_35_cp_masks.tif,57,0.8243145237900911,6.27025510793129,12.846076833417241,2.5243311151000154
463,0,/Users/reyesmatte/Desktop/copypasta/20260226/processed_masks/PY79_35_cp_masks.tif,PY79_35_cp_masks.tif,58,0.8347316345523464,5.526498266926936,11.910661695514655,2.356460347516033
464,0,/Users/reyesmatte/Desktop/copypasta/20260226/processed_masks/PY79_35_cp_masks.tif,PY79_35_cp_masks.tif,59,0.8094739378706167,11.354426177906246,14.039662982789375,2.727342194649367
465,0,/Users/reyesmatte/Desktop/copypasta/20260226/processed_masks/PY79_35_cp_masks.tif,PY79_35_cp_masks.tif,60,0.7780024829531941,5.2286754055647435,11.825718518115963,2.1846111550593292
466,0,/Users/reyesmatte/Desktop/copypasta/20260226/processed_masks/PY79_35_cp_masks.tif,PY79_35_cp_masks.tif,61,0.8008756408657765,5.877830831594579,13.059837961377688,2.490795884299075
467,0,/Users/reyesmatte/Desktop/copypasta/20260226/processed_masks/PY79_35_cp_masks.tif,PY79_35_cp_masks.tif,62,0.7895764171331973,5.41959195509583,12.18811510317014,2.3235250380512698
468,0,/Users/reyesmatte/Desktop/copypasta/20260226/processed_masks/PY79_35_cp_masks.tif,PY79_35_cp_masks.tif,63,0.811422028331319,11.436896736736344,13.812052191939022,2.669899710715556
469,0,/Users/reyesmatte/Desktop/copypasta/20260226/processed_masks/PY79_35_cp_masks.tif,PY79_35_cp_masks.tif,65,0.7770823206396896,5.631863487970724,12.247360688872318,2.2618928209654876
470,0,/Users/reyesmatte/Desktop/copypasta/20260226/processed_masks/PY79_35_cp_masks.tif,PY79_35_cp_masks.tif,67,0.8106226286718977,6.224087448510223,13.684278417020515,2.6916076120825747
471,0,/Users/reyesmatte/Desktop/copypasta/20260226/processed_masks/PY79_35_cp_masks.tif,PY79_35_cp_masks.tif,69,0.7868533011885583,5.526882750821779,12.385245646754564,2.395786184761503
472,0,/Users/reyesmatte/Desktop/copypasta/20260226/processed_masks/PY79_35_cp_masks.tif,PY79_35_cp_masks.tif,70,0.8788486692675884,6.422367367764822,13.57654666971214,2.8274839585349025
473,0,/Users/reyesmatte/Desktop/copypasta/20260226/processed_masks/PY79_35_cp_masks.tif,PY79_35_cp_masks.tif,72,0.7193635026178881,5.663138302737372,10.336079129664443,1.7973676641614313
474,0,/Users/reyesmatte/Desktop/copypasta/20260226/processed_masks/PY79_35_cp_masks.tif,PY79_35_cp_masks.tif,74,0.8625040123452781,6.579060696493999,13.607822306830524,2.788779441373593
475,0,/Users/reyesmatte/Desktop/copypasta/20260226/processed_masks/PY79_35_cp_masks.tif,PY79_35_cp_masks.tif,75,0.8536200842269098,5.57742992871215,12.059537987750382,2.4220865058606953
476,0,/Users/reyesmatte/Desktop/copypasta/20260226/processed_masks/PY79_35_cp_masks.tif,PY79_35_cp_masks.tif,79,0.7281549037305153,3.3886261491833674,7.372263987400601,1.2564283197163115
477,0,/Users/reyesmatte/Desktop/copypasta/20260226/processed_masks/PY79_35_cp_masks.tif,PY79_35_cp_masks.tif,81,0.7029987231152885,3.266971342418435,7.1490291259141845,1.174999837127139
478,0,/Users/reyesmatte/Desktop/copypasta/20260226/processed_masks/PY79_35_cp_masks.tif,PY79_35_cp_masks.tif,82,0.6746462073945597,5.978903443504075,12.332216495439578,2.015824048097967
479,0,/Users/reyesmatte/Desktop/copypasta/20260226/processed_masks/PY79_35_cp_masks.tif,PY79_35_cp_masks.tif,84,0.8101316252373804,4.539339389320265,9.12985918472435,1.7137904532956505
480,0,/Users/reyesmatte/Desktop/copypasta/20260226/processed_masks/PY79_35_cp_masks.tif,PY79_35_cp_masks.tif,85,0.7674771637100433,4.915227404279481,9.188660480459452,1.655352632191665
481,0,/Users/reyesmatte/Desktop/copypasta/20260226/processed_masks/PY79_35_cp_masks.tif,PY79_35_cp_masks.tif,86,0.6917072894848694,3.6281601297941006,6.240196297819102,1.0844112903721466
482,0,/Users/reyesmatte/Desktop/copypasta/20260226/processed_masks/PY79_35_cp_masks.tif,PY79_35_cp_masks.tif,87,0.6709891425725062,4.371595986688514,7.178830994848115,1.1747880725427233
483,1,/Users/reyesmatte/Desktop/copypasta/20260226/processed_masks/PY79_43_cp_masks.tif,PY79_43_cp_masks.tif,1,0.7213685069254766,5.043292804101802,10.696416424857674,1.8763720540073936
484,1,/Users/reyesmatte/Desktop/copypasta/20260226/processed_masks/PY79_43_cp_masks.tif,PY79_43_cp_masks.tif,2,0.7171860165386612,4.130996274037202,7.476498097771113,1.2556387651488212
485,1,/Users/reyesmatte/Desktop/copypasta/20260226/processed_masks/PY79_43_cp_masks.tif,PY79_43_cp_masks.tif,3,0.7006556828021746,4.361440057173737,8.431371509462807,1.4792132781045928
486,1,/Users/reyesmatte/Desktop/copypasta/20260226/processed_masks/PY79_43_cp_masks.tif,PY79_43_cp_masks.tif,4,0.809353541503939,10.721232788011667,16.03887970080246,3.156107521268849
487,1,/Users/reyesmatte/Desktop/copypasta/20260226/processed_masks/PY79_43_cp_masks.tif,PY79_43_cp_masks.tif,5,0.7053914580633848,3.390585990344669,7.617598264567601,1.2608157603018246
488,1,/Users/reyesmatte/Desktop/copypasta/20260226/processed_masks/PY79_43_cp_masks.tif,PY79_43_cp_masks.tif,6,0.6473911870292558,7.344864766188091,8.283635015990328,1.3106739756240091
489,1,/Users/reyesmatte/Desktop/copypasta/20260226/processed_masks/PY79_43_cp_masks.tif,PY79_43_cp_masks.tif,7,0.7903680205154262,6.28852495327271,14.17585487131913,2.6817312085035248
490,1,/Users/reyesmatte/Desktop/copypasta/20260226/processed_masks/PY79_43_cp_masks.tif,PY79_43_cp_masks.tif,8,0.866984438684362,6.250046769265908,14.8948490984472,3.0663217045079247
491,1,/Users/reyesmatte/Desktop/copypasta/20260226/processed_masks/PY79_43_cp_masks.tif,PY79_43_cp_masks.tif,10,0.7229419114111929,6.5431093221329535,13.668224297215039,2.401685060348323
492,1,/Users/reyesmatte/Desktop/copypasta/20260226/processed_masks/PY79_43_cp_masks.tif,PY79_43_cp_masks.tif,11,0.8087582512642966,4.28834663617518,10.383298921117394,1.9852873068665262
493,1,/Users/reyesmatte/Desktop/copypasta/20260226/processed_masks/PY79_43_cp_masks.tif,PY79_43_cp_masks.tif,14,0.7948514274196605,3.6401131077906266,8.0048185404912,1.5317091804345992
494,1,/Users/reyesmatte/Desktop/copypasta/20260226/processed_masks/PY79_43_cp_masks.tif,PY79_43_cp_masks.tif,15,0.7634390964447172,4.034299994669739,7.899233050168273,1.4786933384875705
495,1,/Users/reyesmatte/Desktop/copypasta/20260226/processed_masks/PY79_43_cp_masks.tif,PY79_43_cp_masks.tif,16,0.7931817413093821,4.141213607235658,8.280966957322462,1.6058144511705748
496,1,/Users/reyesmatte/Desktop/copypasta/20260226/processed_masks/PY79_43_cp_masks.tif,PY79_43_cp_masks.tif,18,0.8356613514267824,6.562213330296888,13.291377092068538,2.6264099205172613
497,1,/Users/reyesmatte/Desktop/copypasta/20260226/processed_masks/PY79_43_cp_masks.tif,PY79_43_cp_masks.tif,20,0.7758953607519559,7.439185329103295,15.087030775862814,2.810523202007435
498,1,/Users/reyesmatte/Desktop/copypasta/20260226/processed_masks/PY79_43_cp_masks.tif,PY79_43_cp_masks.tif,22,0.8333213911256983,5.776948412153573,13.025915858301481,2.5655920185444607
499,1,/Users/reyesmatte/Desktop/copypasta/20260226/processed_masks/PY79_43_cp_masks.tif,PY79_43_cp_masks.tif,23,0.867443960071525,6.3194479313072005,14.43115328341732,2.973316851251614
500,1,/Users/reyesmatte/Desktop/copypasta/20260226/processed_masks/PY79_43_cp_masks.tif,PY79_43_cp_masks.tif,24,0.7910630929802169,6.672793232369367,15.609577739716531,2.9626300459711645
501,1,/Users/reyesmatte/Desktop/copypasta/20260226/processed_masks/PY79_43_cp_masks.tif,PY79_43_cp_masks.tif,25,0.7737331288833661,3.680638006148043,8.779242034548242,1.577527871218267
502,1,/Users/reyesmatte/Desktop/copypasta/20260226/processed_masks/PY79_43_cp_masks.tif,PY79_43_cp_masks.tif,26,0.7702476481314274,3.9479362213907554,8.720553994926158,1.5661527966291497
503,1,/Users/reyesmatte/Desktop/copypasta/20260226/processed_masks/PY79_43_cp_masks.tif,PY79_43_cp_masks.tif,27,0.7947308421448056,4.295074451904249,9.74961240977438,1.8110501868299247
504,1,/Users/reyesmatte/Desktop/copypasta/20260226/processed_masks/PY79_43_cp_masks.tif,PY79_43_cp_masks.tif,28,0.8023658747917203,4.5079099299235805,9.048725873459345,1.7524956666841638
505,1,/Users/reyesmatte/Desktop/copypasta/20260226/processed_masks/PY79_43_cp_masks.tif,PY79_43_cp_masks.tif,29,0.7662601081676632,4.205817883563539,8.837091613507331,1.6035696537851667
506,1,/Users/reyesmatte/Desktop/copypasta/20260226/processed_masks/PY79_43_cp_masks.tif,PY79_43_cp_masks.tif,30,0.8315860751118763,5.474093804915296,11.845652124784637,2.33787885116669
507,1,/Users/reyesmatte/Desktop/copypasta/20260226/processed_masks/PY79_43_cp_masks.tif,PY79_43_cp_masks.tif,31,0.7814912704973938,3.573855049564962,6.8484428966916395,1.26068976554963
508,1,/Users/reyesmatte/Desktop/copypasta/20260226/processed_masks/PY79_43_cp_masks.tif,PY79_43_cp_masks.tif,32,0.8121595311720303,4.683864645965267,10.00169002298577,1.9160741717663796
509,1,/Users/reyesmatte/Desktop/copypasta/20260226/processed_masks/PY79_43_cp_masks.tif,PY79_43_cp_masks.tif,33,0.8123672741655895,3.606729444948948,7.530000179093392,1.3911428280867735
510,1,/Users/reyesmatte/Desktop/copypasta/20260226/processed_masks/PY79_43_cp_masks.tif,PY79_43_cp_masks.tif,34,0.7718753267182142,8.97452990090136,19.370125399320056,3.628231162479096
511,1,/Users/reyesmatte/Desktop/copypasta/20260226/processed_masks/PY79_43_cp_masks.tif,PY79_43_cp_masks.tif,35,0.7387310331167605,5.889122234099815,11.645977890028817,2.1156922372453484
512,1,/Users/reyesmatte/Desktop/copypasta/20260226/processed_masks/PY79_43_cp_masks.tif,PY79_43_cp_masks.tif,37,0.7438245829623267,5.104835822954732,9.661646850266399,1.7314712970612511
513,1,/Users/reyesmatte/Desktop/copypasta/20260226/processed_masks/PY79_43_cp_masks.tif,PY79_43_cp_masks.tif,39,0.7338755451546991,4.643508698335354,9.159256643735953,1.586251518174625
514,1,/Users/reyesmatte/Desktop/copypasta/20260226/processed_masks/PY79_43_cp_masks.tif,PY79_43_cp_masks.tif,40,0.7902958624484582,5.313928658958836,12.79591791866739,2.4025627083283734
515,1,/Users/reyesmatte/Desktop/copypasta/20260226/processed_masks/PY79_43_cp_masks.tif,PY79_43_cp_masks.tif,42,0.7607717666780166,4.761078679858045,10.118697119275911,1.8268790501713874
516,1,/Users/reyesmatte/Desktop/copypasta/20260226/processed_masks/PY79_43_cp_masks.tif,PY79_43_cp_masks.tif,43,0.7231180869727054,3.916639364013104,8.715283426441648,1.486658425625807
517,1,/Users/reyesmatte/Desktop/copypasta/20260226/processed_masks/PY79_43_cp_masks.tif,PY79_43_cp_masks.tif,44,0.7285428542405662,4.872698432169739,10.041713648176202,1.737401167795267
518,1,/Users/reyesmatte/Desktop/copypasta/20260226/processed_masks/PY79_43_cp_masks.tif,PY79_43_cp_masks.tif,45,0.772798437954543,5.594109894175543,12.78915146612537,2.3605836945926777
519,1,/Users/reyesmatte/Desktop/copypasta/20260226/processed_masks/PY79_43_cp_masks.tif,PY79_43_cp_masks.tif,46,0.6563409757725914,4.149144927976724,7.929533808359371,1.2856004830110777
520,1,/Users/reyesmatte/Desktop/copypasta/20260226/processed_masks/PY79_43_cp_masks.tif,PY79_43_cp_masks.tif,47,0.7594607140165343,5.807793149037201,11.854278860721863,2.14138721969187
521,1,/Users/reyesmatte/Desktop/copypasta/20260226/processed_masks/PY79_43_cp_masks.tif,PY79_43_cp_masks.tif,48,0.816501374993772,4.3059116687779575,9.635103498409691,1.8272847842920585
522,1,/Users/reyesmatte/Desktop/copypasta/20260226/processed_masks/PY79_43_cp_masks.tif,PY79_43_cp_masks.tif,49,0.6861811026501317,4.674672953693971,8.056198012133217,1.3644269681098233
523,1,/Users/reyesmatte/Desktop/copypasta/20260226/processed_masks/PY79_43_cp_masks.tif,PY79_43_cp_masks.tif,50,0.6982096844093406,6.739529352724912,12.240785148148795,2.0708283693836758
524,1,/Users/reyesmatte/Desktop/copypasta/20260226/processed_masks/PY79_43_cp_masks.tif,PY79_43_cp_masks.tif,51,0.7522152518455535,5.009209606023708,9.924137172209155,1.7625010840190303
525,1,/Users/reyesmatte/Desktop/copypasta/20260226/processed_masks/PY79_43_cp_masks.tif,PY79_43_cp_masks.tif,52,0.7939834316885399,5.025557569948946,10.942445684139782,2.044232625199037
526,1,/Users/reyesmatte/Desktop/copypasta/20260226/processed_masks/PY79_43_cp_masks.tif,PY79_43_cp_masks.tif,53,0.7918889517760679,3.640362144491162,7.675768601507288,1.4278323560065083
527,1,/Users/reyesmatte/Desktop/copypasta/20260226/processed_masks/PY79_43_cp_masks.tif,PY79_43_cp_masks.tif,54,0.738974686156919,5.206283937358007,10.263870282411467,1.8191640728400436
528,1,/Users/reyesmatte/Desktop/copypasta/20260226/processed_masks/PY79_10_cp_masks.tif,PY79_10_cp_masks.tif,1,0.7697907380342303,3.542800298778084,7.546968254475897,1.3444167875877724
529,1,/Users/reyesmatte/Desktop/copypasta/20260226/processed_masks/PY79_10_cp_masks.tif,PY79_10_cp_masks.tif,3,0.7876503866624017,3.7199823010262154,8.267758069415876,1.5068716973201166
530,1,/Users/reyesmatte/Desktop/copypasta/20260226/processed_masks/PY79_10_cp_masks.tif,PY79_10_cp_masks.tif,4,0.8036478210915977,4.176994641321869,9.138405724723475,1.7190881508364504
531,1,/Users/reyesmatte/Desktop/copypasta/20260226/processed_masks/PY79_10_cp_masks.tif,PY79_10_cp_masks.tif,9,0.7276356019655363,4.15706121257958,8.618260584208674,1.475984269802037
532,1,/Users/reyesmatte/Desktop/copypasta/20260226/processed_masks/PY79_10_cp_masks.tif,PY79_10_cp_masks.tif,35,0.7168456261418394,4.859406767319049,9.393792899599108,1.698876169004288
533,1,/Users/reyesmatte/Desktop/copypasta/20260226/processed_masks/PY79_10_cp_masks.tif,PY79_10_cp_masks.tif,39,0.70473911573956,5.071640492832383,8.781904094151464,1.486246611952001
534,1,/Users/reyesmatte/Desktop/copypasta/20260226/processed_masks/PY79_10_cp_masks.tif,PY79_10_cp_masks.tif,77,0.72503772244089,10.06124189673125,17.099641700029288,3.069954257594557
535,1,/Users/reyesmatte/Desktop/copypasta/20260226/processed_masks/PY79_10_cp_masks.tif,PY79_10_cp_masks.tif,108,0.8787140801743645,4.865959757047143,10.567723854156155,2.1486409854960056
536,1,/Users/reyesmatte/Desktop/copypasta/20260226/processed_masks/PY79_10_cp_masks.tif,PY79_10_cp_masks.tif,109,0.8203721874342235,7.13617686599103,14.110346246850522,2.7660517101657347
537,1,/Users/reyesmatte/Desktop/copypasta/20260226/processed_masks/PY79_10_cp_masks.tif,PY79_10_cp_masks.tif,122,0.907181869515866,5.065158701439644,11.435847526348216,2.3986551625585095
538,1,/Users/reyesmatte/Desktop/copypasta/20260226/processed_masks/PY79_10_cp_masks.tif,PY79_10_cp_masks.tif,131,0.8415315815598278,5.961730362993529,12.254766211264153,2.4394972770272076
539,1,/Users/reyesmatte/Desktop/copypasta/20260226/processed_masks/PY79_10_cp_masks.tif,PY79_10_cp_masks.tif,137,0.8682139127087163,5.872534398957388,12.274175763607168,2.497975648516274
540,1,/Users/reyesmatte/Desktop/copypasta/20260226/processed_masks/PY79_10_cp_masks.tif,PY79_10_cp_masks.tif,154,0.8741539626076625,2.927204380685937,7.020786610591701,1.3701090276060677
541,1,/Users/reyesmatte/Desktop/copypasta/20260226/processed_masks/PY79_10_cp_masks.tif,PY79_10_cp_masks.tif,159,0.8565022777195893,5.973495008270724,12.692994369518942,2.5633336768392367
542,1,/Users/reyesmatte/Desktop/copypasta/20260226/processed_masks/PY79_10_cp_masks.tif,PY79_10_cp_masks.tif,167,0.8940766713608358,3.5294591187538784,8.408255179142895,1.7005646105584473
543,1,/Users/reyesmatte/Desktop/copypasta/20260226/processed_masks/PY79_10_cp_masks.tif,PY79_10_cp_masks.tif,169,0.7899393399817075,4.390052068648043,8.401050721759828,1.5595503456203381
544,1,/Users/reyesmatte/Desktop/copypasta/20260226/processed_masks/PY79_10_cp_masks.tif,PY79_10_cp_masks.tif,171,0.7914395032242812,3.3216813914892747,7.612663720678662,1.395308241817594
545,1,/Users/reyesmatte/Desktop/copypasta/20260226/processed_masks/PY79_10_cp_masks.tif,PY79_10_cp_masks.tif,177,0.7581622636756353,5.246284378468341,10.539206486883227,1.9022269417307878
546,1,/Users/reyesmatte/Desktop/copypasta/20260226/processed_masks/PY79_10_cp_masks.tif,PY79_10_cp_masks.tif,182,0.7953015680633604,2.787839846144995,6.081856988773524,1.093853785296058
547,1,/Users/reyesmatte/Desktop/copypasta/20260226/processed_masks/PY79_10_cp_masks.tif,PY79_10_cp_masks.tif,184,0.7340549994613484,2.5896906204051517,5.38259508853496,0.8875501909123726
548,1,/Users/reyesmatte/Desktop/copypasta/20260226/processed_masks/PY79_10_cp_masks.tif,PY79_10_cp_masks.tif,187,0.7711562247325547,13.94700748527767,16.437173980322044,3.060111935372472
549,1,/Users/reyesmatte/Desktop/copypasta/20260226/processed_masks/PY79_10_cp_masks.tif,PY79_10_cp_masks.tif,188,0.7967347552592351,5.287946810650362,10.966030039600163,2.1123492649566185
550,1,/Users/reyesmatte/Desktop/copypasta/20260226/processed_masks/PY79_10_cp_masks.tif,PY79_10_cp_masks.tif,189,0.7329066886984146,7.031384011763918,12.706177045556935,2.2880628089209853
551,1,/Users/reyesmatte/Desktop/copypasta/20260226/processed_masks/PY79_10_cp_masks.tif,PY79_10_cp_masks.tif,194,0.8295426617154474,3.6928151452407274,7.6595882892059475,1.4446653777527168
552,1,/Users/reyesmatte/Desktop/copypasta/20260226/processed_masks/PY79_10_cp_masks.tif,PY79_10_cp_masks.tif,199,0.8656308150573583,4.907928061972007,10.482956426944968,2.108775854538319
553,1,/Users/reyesmatte/Desktop/copypasta/20260226/processed_masks/PY79_10_cp_masks.tif,PY79_10_cp_masks.tif,200,0.8190303797614265,7.717952679359059,15.899146290476349,3.1206627461699314
554,1,/Users/reyesmatte/Desktop/copypasta/20260226/processed_masks/PY79_10_cp_masks.tif,PY79_10_cp_masks.tif,206,0.7473950383756195,5.474267101496419,10.194041966244981,1.806274906592975
555,1,/Users/reyesmatte/Desktop/copypasta/20260226/processed_masks/PY79_10_cp_masks.tif,PY79_10_cp_masks.tif,209,0.8036498092114006,4.4209614166512665,9.130368218346241,1.7054222311420566
556,1,/Users/reyesmatte/Desktop/copypasta/20260226/processed_masks/PY79_10_cp_masks.tif,PY79_10_cp_masks.tif,212,0.8654941467951098,5.366188954094491,11.350831449347679,2.2983151582709134
557,1,/Users/reyesmatte/Desktop/copypasta/20260226/processed_masks/PY79_10_cp_masks.tif,PY79_10_cp_masks.tif,215,0.8465244244495933,4.449011665860577,9.570245669049353,1.8748906137172507
558,1,/Users/reyesmatte/Desktop/copypasta/20260226/processed_masks/PY79_10_cp_masks.tif,PY79_10_cp_masks.tif,221,0.8196373485408202,7.2654255637347545,16.741465706961975,3.315697697191582
559,1,/Users/reyesmatte/Desktop/copypasta/20260226/processed_masks/PY79_10_cp_masks.tif,PY79_10_cp_masks.tif,224,0.7756541823344687,4.4341174551456755,8.927388359384919,1.612255157441489
560,1,/Users/reyesmatte/Desktop/copypasta/20260226/processed_masks/PY79_10_cp_masks.tif,PY79_10_cp_masks.tif,226,0.8131302062386333,14.639737894243293,18.96529294331069,3.73678724203198
561,1,/Users/reyesmatte/Desktop/copypasta/20260226/processed_masks/PY79_10_cp_masks.tif,PY79_10_cp_masks.tif,227,0.8659394911925445,7.486213705403676,15.618684705962545,3.2223223495383206
562,1,/Users/reyesmatte/Desktop/copypasta/20260226/processed_masks/PY79_10_cp_masks.tif,PY79_10_cp_masks.tif,229,0.7740845849411596,5.005217677402964,10.638453001709838,2.023630176584526
563,1,/Users/reyesmatte/Desktop/copypasta/20260226/processed_masks/PY79_10_cp_masks.tif,PY79_10_cp_masks.tif,236,0.7721554891557179,7.398430865949475,16.245922407266615,3.0698715781662838
564,1,/Users/reyesmatte/Desktop/copypasta/20260226/processed_masks/PY79_10_cp_masks.tif,PY79_10_cp_masks.tif,243,0.7995741273325502,6.054834561967834,12.0718810417771,2.2917144938080636
565,1,/Users/reyesmatte/Desktop/copypasta/20260226/processed_masks/PY79_10_cp_masks.tif,PY79_10_cp_masks.tif,245,0.783924584178063,7.508593661888255,16.65274363710734,3.14241529475049
566,1,/Users/reyesmatte/Desktop/copypasta/20260226/processed_masks/PY79_10_cp_masks.tif,PY79_10_cp_masks.tif,249,0.8341195897024584,4.893051040837772,12.345629439737042,2.4413871781073087
567,1,/Users/reyesmatte/Desktop/copypasta/20260226/processed_masks/PY79_10_cp_masks.tif,PY79_10_cp_masks.tif,250,0.8448830709008224,6.776726915148471,14.389505977077745,2.8916409145606323
568,1,/Users/reyesmatte/Desktop/copypasta/20260226/processed_masks/PY79_10_cp_masks.tif,PY79_10_cp_masks.tif,254,0.7448634192319316,8.153841192781508,17.623183178597454,3.181462889815136
569,1,/Users/reyesmatte/Desktop/copypasta/20260226/processed_masks/PY79_10_cp_masks.tif,PY79_10_cp_masks.tif,258,0.7271112112162152,13.974892021187554,16.383126642610033,2.943046095757828
570,1,/Users/reyesmatte/Desktop/copypasta/20260226/processed_masks/PY79_10_cp_masks.tif,PY79_10_cp_masks.tif,262,0.8079398344679015,5.567373582794189,13.051347534025508,2.5223197049034893
571,1,/Users/reyesmatte/Desktop/copypasta/20260226/processed_masks/PY79_10_cp_masks.tif,PY79_10_cp_masks.tif,268,0.8181827190967631,6.042938687597392,12.333330963740066,2.3830622481971124
572,1,/Users/reyesmatte/Desktop/copypasta/20260226/processed_masks/PY79_10_cp_masks.tif,PY79_10_cp_masks.tif,269,0.8424526415891836,4.794066802976722,11.494022991295694,2.308914947905691
573,1,/Users/reyesmatte/Desktop/copypasta/20260226/processed_masks/PY79_10_cp_masks.tif,PY79_10_cp_masks.tif,282,0.8255536916820279,4.715968585623154,9.476409524500596,1.808994303486428
574,1,/Users/reyesmatte/Desktop/copypasta/20260226/processed_masks/PY79_10_cp_masks.tif,PY79_10_cp_masks.tif,283,0.7739511753777284,5.109339358764055,11.36863969373397,2.093080939350965
575,1,/Users/reyesmatte/Desktop/copypasta/20260226/processed_masks/PY79_10_cp_masks.tif,PY79_10_cp_masks.tif,289,0.7625347743277897,4.625405306461634,9.390407918791185,1.798240861389521
576,1,/Users/reyesmatte/Desktop/copypasta/20260226/processed_masks/PY79_10_cp_masks.tif,PY79_10_cp_masks.tif,290,0.743217910904791,4.117221263117865,7.429523599262746,1.3294941977343413
577,1,/Users/reyesmatte/Desktop/copypasta/20260226/processed_masks/PY79_10_cp_masks.tif,PY79_10_cp_masks.tif,296,0.8407720412793628,5.948515584919335,12.29795333536589,2.434773410086055
578,1,/Users/reyesmatte/Desktop/copypasta/20260226/processed_masks/PY79_10_cp_masks.tif,PY79_10_cp_masks.tif,303,0.7902515015591138,5.821358484328681,13.96504158368604,2.637004790067895
579,1,/Users/reyesmatte/Desktop/copypasta/20260226/processed_masks/PY79_10_cp_masks.tif,PY79_10_cp_masks.tif,304,0.7851971214101877,4.464403707734373,8.574704168276975,1.6436753640203041
580,1,/Users/reyesmatte/Desktop/copypasta/20260226/processed_masks/PY79_10_cp_masks.tif,PY79_10_cp_masks.tif,312,0.8734631910712429,6.038402522579587,12.67681502963748,2.657538986539392
581,1,/Users/reyesmatte/Desktop/copypasta/20260226/processed_masks/PY79_10_cp_masks.tif,PY79_10_cp_masks.tif,313,0.8289952252805599,4.934902661176153,9.891468646487768,1.922679046387686
582,1,/Users/reyesmatte/Desktop/copypasta/20260226/processed_masks/PY79_10_cp_masks.tif,PY79_10_cp_masks.tif,314,0.816532731929857,3.8857049913729362,7.828440181382373,1.469242697702814
583,1,/Users/reyesmatte/Desktop/copypasta/20260226/processed_masks/PY79_10_cp_masks.tif,PY79_10_cp_masks.tif,315,0.7777829680724638,6.534243765890671,12.28457600075695,2.321836294429202
584,1,/Users/reyesmatte/Desktop/copypasta/20260226/processed_masks/PY79_10_cp_masks.tif,PY79_10_cp_masks.tif,326,0.7821071392903555,4.218293161879972,8.122162213822081,1.5463381074593237
585,1,/Users/reyesmatte/Desktop/copypasta/20260226/processed_masks/PY79_10_cp_masks.tif,PY79_10_cp_masks.tif,328,0.771980240085319,4.59600692182868,10.719319706381478,1.9586340975835435
586,1,/Users/reyesmatte/Desktop/copypasta/20260226/processed_masks/PY79_10_cp_masks.tif,PY79_10_cp_masks.tif,333,0.7716906801611463,4.192778560658647,8.10635517195988,1.5603930421327412
587,1,/Users/reyesmatte/Desktop/copypasta/20260226/processed_masks/PY79_10_cp_masks.tif,PY79_10_cp_masks.tif,338,0.840377477179419,4.476424739826598,9.595894339662484,1.866423661082021
588,1,/Users/reyesmatte/Desktop/copypasta/20260226/processed_masks/PY79_10_cp_masks.tif,PY79_10_cp_masks.tif,340,0.6940367073919828,5.56466139959217,10.914690990540935,1.826123342377129
589,1,/Users/reyesmatte/Desktop/copypasta/20260226/processed_masks/PY79_10_cp_masks.tif,PY79_10_cp_masks.tif,344,0.8204934230912797,7.000913618658334,13.84571004196242,2.741508293131282
590,1,/Users/reyesmatte/Desktop/copypasta/20260226/processed_masks/PY79_10_cp_masks.tif,PY79_10_cp_masks.tif,348,0.7301038298990323,4.42296931366922,9.172823308282297,1.5883959371613612
591,1,/Users/reyesmatte/Desktop/copypasta/20260226/processed_masks/PY79_10_cp_masks.tif,PY79_10_cp_masks.tif,351,0.8068783659573049,4.363016065760219,9.748097375230486,1.8332140949825642
592,1,/Users/reyesmatte/Desktop/copypasta/20260226/processed_masks/PY79_10_cp_masks.tif,PY79_10_cp_masks.tif,356,0.7498440553464132,5.42919523319943,11.051093217357874,2.0115165751057718
593,1,/Users/reyesmatte/Desktop/copypasta/20260226/processed_masks/PY79_10_cp_masks.tif,PY79_10_cp_masks.tif,365,0.7891808205429208,5.587903648725635,11.210838714830082,2.088485513228548
594,1,/Users/reyesmatte/Desktop/copypasta/20260226/processed_masks/PY79_10_cp_masks.tif,PY79_10_cp_masks.tif,371,0.7823960508382969,5.453223926025694,13.000678875981679,2.4266850568829437
595,1,/Users/reyesmatte/Desktop/copypasta/20260226/processed_masks/PY79_10_cp_masks.tif,PY79_10_cp_masks.tif,374,0.8084749164740944,9.128956149367477,21.393358633565544,4.200348598322368
596,1,/Users/reyesmatte/Desktop/copypasta/20260226/processed_masks/PY79_10_cp_masks.tif,PY79_10_cp_masks.tif,375,0.8138747285433865,10.83105338245724,26.11161834333696,5.200702854622945
597,1,/Users/reyesmatte/Desktop/copypasta/20260226/processed_masks/PY79_10_cp_masks.tif,PY79_10_cp_masks.tif,379,0.7648810788407258,9.84059683469066,12.981768457692848,2.4106738231472877
598,1,/Users/reyesmatte/Desktop/copypasta/20260226/processed_masks/PY79_10_cp_masks.tif,PY79_10_cp_masks.tif,380,0.7108258660066233,4.254585902255302,8.665565237727453,1.4834267606666078
599,1,/Users/reyesmatte/Desktop/copypasta/20260226/processed_masks/PY79_10_cp_masks.tif,PY79_10_cp_masks.tif,385,0.8202989946691783,4.894816275489379,11.191357613459656,2.158230197338125
600,1,/Users/reyesmatte/Desktop/copypasta/20260226/processed_masks/PY79_10_cp_masks.tif,PY79_10_cp_masks.tif,386,0.8505543758134598,8.487137273121752,10.377997976435054,2.05901036423554
601,1,/Users/reyesmatte/Desktop/copypasta/20260226/processed_masks/PY79_10_cp_masks.tif,PY79_10_cp_masks.tif,387,0.6713036408174716,6.2585898613499715,12.014758109468495,1.955478585359298
602,1,/Users/reyesmatte/Desktop/copypasta/20260226/processed_masks/PY79_10_cp_masks.tif,PY79_10_cp_masks.tif,396,0.8241213889104616,5.729247865516691,11.351221983242997,2.226317197050372
603,1,/Users/reyesmatte/Desktop/copypasta/20260226/processed_masks/PY79_10_cp_masks.tif,PY79_10_cp_masks.tif,397,0.6912633915509254,4.869485597505348,10.001536281920163,1.6743661536270478
604,1,/Users/reyesmatte/Desktop/copypasta/20260226/processed_masks/PY79_10_cp_masks.tif,PY79_10_cp_masks.tif,398,0.7180469290603175,4.590197326945287,8.367386134129628,1.500349666524029
605,1,/Users/reyesmatte/Desktop/copypasta/20260226/processed_masks/PY79_10_cp_masks.tif,PY79_10_cp_masks.tif,401,0.8746080902244269,4.506011457178884,9.62625152820926,1.9629188906585917
606,1,/Users/reyesmatte/Desktop/copypasta/20260226/processed_masks/PY79_10_cp_masks.tif,PY79_10_cp_masks.tif,411,0.764475535815578,4.391001269753318,8.849691072897706,1.5790850060633783
607,1,/Users/reyesmatte/Desktop/copypasta/20260226/processed_masks/PY79_10_cp_masks.tif,PY79_10_cp_masks.tif,414,0.7790933666712014,5.896355995978926,12.14399368349416,2.255520401832651
608,1,/Users/reyesmatte/Desktop/copypasta/20260226/processed_masks/PY79_10_cp_masks.tif,PY79_10_cp_masks.tif,415,0.8409700849882858,4.896314560646365,10.414555567536697,2.048627086909377
609,1,/Users/reyesmatte/Desktop/copypasta/20260226/processed_masks/PY79_10_cp_masks.tif,PY79_10_cp_masks.tif,416,0.7455948422577083,4.846243527742711,11.044210851453224,1.9594111690838456
610,1,/Users/reyesmatte/Desktop/copypasta/20260226/processed_masks/PY79_10_cp_masks.tif,PY79_10_cp_masks.tif,423,0.7532862072533051,4.486003941472321,10.223537497920665,1.8186808515125579
611,1,/Users/reyesmatte/Desktop/copypasta/20260226/processed_masks/PY79_10_cp_masks.tif,PY79_10_cp_masks.tif,428,0.7791140558913079,4.3230413778399805,8.979645342054143,1.7143605565326545
612,1,/Users/reyesmatte/Desktop/copypasta/20260226/processed_masks/PY79_10_cp_masks.tif,PY79_10_cp_masks.tif,432,0.7536596277988922,5.689062455944127,12.775393568409113,2.316572712595628
613,1,/Users/reyesmatte/Desktop/copypasta/20260226/processed_masks/PY79_10_cp_masks.tif,PY79_10_cp_masks.tif,435,0.7627343705438145,5.431093705944128,11.808337213944483,2.1837075624734346
614,1,/Users/reyesmatte/Desktop/copypasta/20260226/processed_masks/PY79_10_cp_masks.tif,PY79_10_cp_masks.tif,438,0.6894890928672286,5.028492152255302,10.056209980799323,1.674718868982071
615,1,/Users/reyesmatte/Desktop/copypasta/20260226/processed_masks/PY79_10_cp_masks.tif,PY79_10_cp_masks.tif,441,0.8377569336897187,4.752746382256962,10.700979499871384,2.108437616830976
616,1,/Users/reyesmatte/Desktop/copypasta/20260226/processed_masks/PY79_10_cp_masks.tif,PY79_10_cp_masks.tif,450,0.7782287542038837,4.964917010675854,11.946696434281753,2.2021427161235327
617,1,/Users/reyesmatte/Desktop/copypasta/20260226/processed_masks/PY79_10_cp_masks.tif,PY79_10_cp_masks.tif,466,0.7631722669247406,4.884022176513103,11.19831144179108,2.1004223854926005
618,1,/Users/reyesmatte/Desktop/copypasta/20260226/processed_masks/PY79_10_cp_masks.tif,PY79_10_cp_masks.tif,470,0.7415222306590569,6.485098926025693,13.691496479661378,2.4800558360017946
619,1,/Users/reyesmatte/Desktop/copypasta/20260226/processed_masks/PY79_10_cp_masks.tif,PY79_10_cp_masks.tif,473,0.7659644832444493,5.742132666572852,12.431344411845783,2.2715316355683064
620,1,/Users/reyesmatte/Desktop/copypasta/20260226/processed_masks/PY79_10_cp_masks.tif,PY79_10_cp_masks.tif,480,0.8080582216858427,4.2591942758785555,10.415754067534287,1.9874546567596039
621,1,/Users/reyesmatte/Desktop/copypasta/20260226/processed_masks/PY79_53_cp_masks.tif,PY79_53_cp_masks.tif,19,0.7612434941402485,6.522978999059032,13.595696348449673,2.488311499758969
622,1,/Users/reyesmatte/Desktop/copypasta/20260226/processed_masks/PY79_53_cp_masks.tif,PY79_53_cp_masks.tif,32,0.7430050961480642,5.350516448947786,11.68758859697992,2.1010531587768986
623,1,/Users/reyesmatte/Desktop/copypasta/20260226/processed_masks/PY79_53_cp_masks.tif,PY79_53_cp_masks.tif,47,0.821143595354775,5.964903513365922,12.042341360682443,2.371698845968786
624,1,/Users/reyesmatte/Desktop/copypasta/20260226/processed_masks/PY79_53_cp_masks.tif,PY79_53_cp_masks.tif,59,0.763480646235051,5.3465325990538854,11.287171940359503,2.04817520172362
625,1,/Users/reyesmatte/Desktop/copypasta/20260226/processed_masks/PY79_53_cp_masks.tif,PY79_53_cp_masks.tif,60,0.7695988166294347,5.9912916461072605,13.857480313207063,2.5778086314405337
626,1,/Users/reyesmatte/Desktop/copypasta/20260226/processed_masks/PY79_53_cp_masks.tif,PY79_53_cp_masks.tif,62,0.7311069652637314,5.718648723498916,12.163503249190176,2.1288885497528813
627,1,/Users/reyesmatte/Desktop/copypasta/20260226/processed_masks/PY79_53_cp_masks.tif,PY79_53_cp_masks.tif,65,0.7733285949119346,3.981131551513104,8.749268346189627,1.577107851290387
628,1,/Users/reyesmatte/Desktop/copypasta/20260226/processed_masks/PY79_53_cp_masks.tif,PY79_53_cp_masks.tif,66,0.7607394269762412,3.6879312256746393,7.884743018778926,1.393353615515544
629,1,/Users/reyesmatte/Desktop/copypasta/20260226/processed_masks/PY79_53_cp_masks.tif,PY79_53_cp_masks.tif,67,0.7702742046148928,6.159540578272713,13.247389224119683,2.4404391071188214
630,1,/Users/reyesmatte/Desktop/copypasta/20260226/processed_masks/PY79_53_cp_masks.tif,PY79_53_cp_masks.tif,69,0.7120330111962995,3.9984198186440443,8.521972683631393,1.5044396422921937
631,1,/Users/reyesmatte/Desktop/copypasta/20260226/processed_masks/PY79_53_cp_masks.tif,PY79_53_cp_masks.tif,75,0.7398639092763252,4.463710893444127,9.420634546427458,1.6794941492190207
632,1,/Users/reyesmatte/Desktop/copypasta/20260226/processed_masks/PY79_53_cp_masks.tif,PY79_53_cp_masks.tif,82,0.8095594460452517,6.409704456431536,12.654872570292536,2.4330066090542872
633,1,/Users/reyesmatte/Desktop/copypasta/20260226/processed_masks/PY79_53_cp_masks.tif,PY79_53_cp_masks.tif,83,0.7689780856242556,3.1629648613499732,6.852630530850009,1.2035178289137844
634,1,/Users/reyesmatte/Desktop/copypasta/20260226/processed_masks/PY79_53_cp_masks.tif,PY79_53_cp_masks.tif,89,0.8190869564407907,5.015854225363074,11.402379437794123,2.1980360598409274
635,1,/Users/reyesmatte/Desktop/copypasta/20260226/processed_masks/PY79_53_cp_masks.tif,PY79_53_cp_masks.tif,91,0.771078347513272,2.9686102960800516,6.176400993553577,1.0943976537687872
636,1,/Users/reyesmatte/Desktop/copypasta/20260226/processed_masks/PY79_53_cp_masks.tif,PY79_53_cp_masks.tif,92,0.7658297202651593,6.020690030740214,13.259152915164092,2.429224009330869
637,1,/Users/reyesmatte/Desktop/copypasta/20260226/processed_masks/PY79_53_cp_masks.tif,PY79_53_cp_masks.tif,95,0.7544582625001143,6.20759124297907,13.41263206792847,2.436800186222982
638,1,/Users/reyesmatte/Desktop/copypasta/20260226/processed_masks/PY79_53_cp_masks.tif,PY79_53_cp_masks.tif,107,0.8053027503289402,5.622773219962376,10.874531389876411,2.0720194226319264
639,1,/Users/reyesmatte/Desktop/copypasta/20260226/processed_masks/PY79_53_cp_masks.tif,PY79_53_cp_masks.tif,123,0.778453585176723,5.8252993559086335,12.68410789627248,2.3508481609615055
640,1,/Users/reyesmatte/Desktop/copypasta/20260226/processed_masks/PY79_53_cp_masks.tif,PY79_53_cp_masks.tif,133,0.7648138912151401,6.483164104572527,13.367220288401867,2.4570853327290547
641,1,/Users/reyesmatte/Desktop/copypasta/20260226/processed_masks/PY79_53_cp_masks.tif,PY79_53_cp_masks.tif,144,0.8163435614987383,6.035561880922064,12.014197448352704,2.3322866502122355
642,1,/Users/reyesmatte/Desktop/copypasta/20260226/processed_masks/PY79_53_cp_masks.tif,PY79_53_cp_masks.tif,158,0.8186629735812796,3.6208383306436343,8.174708553101734,1.531542137341945
643,1,/Users/reyesmatte/Desktop/copypasta/20260226/processed_masks/PY79_53_cp_masks.tif,PY79_53_cp_masks.tif,168,0.8121737032709304,3.613399569061019,8.374691818278343,1.5814282746663715
644,1,/Users/reyesmatte/Desktop/copypasta/20260226/processed_masks/PY79_53_cp_masks.tif,PY79_53_cp_masks.tif,181,0.7616478073860772,6.840397312035915,13.8299164307599,2.5703308968697605
645,1,/Users/reyesmatte/Desktop/copypasta/20260226/processed_masks/PY79_53_cp_masks.tif,PY79_53_cp_masks.tif,204,0.7872601549116129,4.169025514647633,8.034728052180332,1.5228439196415366
646,1,/Users/reyesmatte/Desktop/copypasta/20260226/processed_masks/PY79_53_cp_masks.tif,PY79_53_cp_masks.tif,218,0.7917877407202817,7.457851430332385,16.204235650386618,3.091602599880013
647,1,/Users/reyesmatte/Desktop/copypasta/20260226/processed_masks/PY79_53_cp_masks.tif,PY79_53_cp_masks.tif,252,0.7605905978195233,4.052417303011854,8.667052588580791,1.5434695513394767
648,1,/Users/reyesmatte/Desktop/copypasta/20260226/processed_masks/PY79_53_cp_masks.tif,PY79_53_cp_masks.tif,272,0.7577873788998771,3.7388112302019296,8.431288996869357,1.4858157291134044
649,1,/Users/reyesmatte/Desktop/copypasta/20260226/processed_masks/PY79_53_cp_masks.tif,PY79_53_cp_masks.tif,298,0.7871951401844001,4.036361295361062,9.702098393557218,1.7920373200110449
650,1,/Users/reyesmatte/Desktop/copypasta/20260226/processed_masks/PY79_53_cp_masks.tif,PY79_53_cp_masks.tif,323,0.7776933413640246,3.7357138199489475,7.6062766827802735,1.359963057127866
651,1,/Users/reyesmatte/Desktop/copypasta/20260226/processed_masks/PY79_53_cp_masks.tif,PY79_53_cp_masks.tif,333,0.791878656901136,7.202831848979454,16.738784294776842,3.214855014540699
652,1,/Users/reyesmatte/Desktop/copypasta/20260226/processed_masks/PY79_60_cp_masks.tif,PY79_60_cp_masks.tif,1,0.7298150893788357,5.800057866735207,11.650588479629027,2.03793657638931
653,1,/Users/reyesmatte/Desktop/copypasta/20260226/processed_masks/PY79_60_cp_masks.tif,PY79_60_cp_masks.tif,2,0.7343303756001489,4.786334658890754,10.458648163197273,1.8220516375621696
654,1,/Users/reyesmatte/Desktop/copypasta/20260226/processed_masks/PY79_60_cp_masks.tif,PY79_60_cp_masks.tif,3,0.7807435025757506,3.8762250007724544,8.371338617595411,1.5222861819131908
655,1,/Users/reyesmatte/Desktop/copypasta/20260226/processed_masks/PY79_60_cp_masks.tif,PY79_60_cp_masks.tif,4,0.8005229728540167,4.184528969283114,9.154126279510805,1.7024236842686016
656,1,/Users/reyesmatte/Desktop/copypasta/20260226/processed_masks/PY79_60_cp_masks.tif,PY79_60_cp_masks.tif,6,0.7370047775513093,4.835178417701928,10.549749712431979,1.9032314015903173
657,1,/Users/reyesmatte/Desktop/copypasta/20260226/processed_masks/PY79_60_cp_masks.tif,PY79_60_cp_masks.tif,7,0.7990168789914583,6.643822616913264,8.931328348925746,1.6569785028072461
658,1,/Users/reyesmatte/Desktop/copypasta/20260226/processed_masks/PY79_60_cp_masks.tif,PY79_60_cp_masks.tif,8,0.7825418823974172,5.235119930557638,10.927660257625602,2.048056989135058
659,1,/Users/reyesmatte/Desktop/copypasta/20260226/processed_masks/PY79_60_cp_masks.tif,PY79_60_cp_masks.tif,9,0.7922786834601392,4.046272339200334,8.313649843003295,1.5290277540124142
660,1,/Users/reyesmatte/Desktop/copypasta/20260226/processed_masks/PY79_60_cp_masks.tif,PY79_60_cp_masks.tif,10,0.7663062165113489,4.82486752563507,11.32631806876371,2.053828129940619
661,1,/Users/reyesmatte/Desktop/copypasta/20260226/processed_masks/PY79_60_cp_masks.tif,PY79_60_cp_masks.tif,11,0.7614852048554404,4.208752645240726,8.411238438524125,1.4876428998852658
662,1,/Users/reyesmatte/Desktop/copypasta/20260226/processed_masks/PY79_60_cp_masks.tif,PY79_60_cp_masks.tif,12,0.7634290865302873,5.735946338326925,10.611293799707099,1.930585529638648
663,1,/Users/reyesmatte/Desktop/copypasta/20260226/processed_masks/PY79_60_cp_masks.tif,PY79_60_cp_masks.tif,13,0.7979947580527105,5.64621519642085,12.176867407817456,2.3094767455806267
664,1,/Users/reyesmatte/Desktop/copypasta/20260226/processed_masks/PY79_60_cp_masks.tif,PY79_60_cp_masks.tif,14,0.7314976380953386,4.777891633288959,9.109034182582699,1.569933609806605
665,1,/Users/reyesmatte/Desktop/copypasta/20260226/processed_masks/PY79_60_cp_masks.tif,PY79_60_cp_masks.tif,15,0.7893256550348463,5.852053589200333,12.37691477929601,2.4003759478370337
666,1,/Users/reyesmatte/Desktop/copypasta/20260226/processed_masks/PY79_60_cp_masks.tif,PY79_60_cp_masks.tif,16,0.8191409994156187,4.835249616037282,9.926300849392678,1.8920112310864732
667,1,/Users/reyesmatte/Desktop/copypasta/20260226/processed_masks/PY79_60_cp_masks.tif,PY79_60_cp_masks.tif,17,0.7391107252075796,2.9139063618310295,5.832344057288171,0.982306005815541
668,1,/Users/reyesmatte/Desktop/copypasta/20260226/processed_masks/PY79_60_cp_masks.tif,PY79_60_cp_masks.tif,18,0.8060546231873766,4.656410877437154,9.269853998905196,1.7491406636294136
669,1,/Users/reyesmatte/Desktop/copypasta/20260226/processed_masks/PY79_60_cp_masks.tif,PY79_60_cp_masks.tif,19,0.7657521397229442,3.3349991650283126,6.423232735479609,1.1541415066369782
670,1,/Users/reyesmatte/Desktop/copypasta/20260226/processed_masks/PY79_60_cp_masks.tif,PY79_60_cp_masks.tif,20,0.8346900058334684,5.100277559281899,12.016183078390856,2.3669489861783846
671,1,/Users/reyesmatte/Desktop/copypasta/20260226/processed_masks/PY79_60_cp_masks.tif,PY79_60_cp_masks.tif,21,0.7669582013176091,6.725168084506358,13.116457036052347,2.4480491515253453
672,1,/Users/reyesmatte/Desktop/copypasta/20260226/processed_masks/PY79_60_cp_masks.tif,PY79_60_cp_masks.tif,22,0.7741445201929857,3.2516362186557353,6.866711022497309,1.2284879151901062
673,1,/Users/reyesmatte/Desktop/copypasta/20260226/processed_masks/PY79_60_cp_masks.tif,PY79_60_cp_masks.tif,23,0.8260883722887105,5.005162994665452,11.41687222537416,2.275182828507158
674,1,/Users/reyesmatte/Desktop/copypasta/20260226/processed_masks/PY79_60_cp_masks.tif,PY79_60_cp_masks.tif,24,0.7744276987631293,3.115760940980914,6.510675599406982,1.1517270916752373
675,1,/Users/reyesmatte/Desktop/copypasta/20260226/processed_masks/PY79_60_cp_masks.tif,PY79_60_cp_masks.tif,25,0.717867922714618,5.894390501643557,10.633408162404654,1.8457862609998639
676,1,/Users/reyesmatte/Desktop/copypasta/20260226/processed_masks/PY79_60_cp_masks.tif,PY79_60_cp_masks.tif,26,0.7895212243492108,5.759087163197443,11.482568203017555,2.1428489728609317
677,1,/Users/reyesmatte/Desktop/copypasta/20260226/processed_masks/PY79_60_cp_masks.tif,PY79_60_cp_masks.tif,27,0.8447813600036579,5.55684653925226,11.797081175880193,2.361972647910632
678,1,/Users/reyesmatte/Desktop/copypasta/20260226/processed_masks/PY79_60_cp_masks.tif,PY79_60_cp_masks.tif,28,0.7547307410417053,5.799575712846389,10.668360054289817,1.9055739739661075
679,1,/Users/reyesmatte/Desktop/copypasta/20260226/processed_masks/PY79_60_cp_masks.tif,PY79_60_cp_masks.tif,29,0.8223880635111028,5.7267895717594826,13.050298546524083,2.541479662789926
680,1,/Users/reyesmatte/Desktop/copypasta/20260226/processed_masks/PY79_60_cp_masks.tif,PY79_60_cp_masks.tif,30,0.753765760759817,6.706151140533359,12.99171677872783,2.362839211460198
681,1,/Users/reyesmatte/Desktop/copypasta/20260226/processed_masks/PY79_60_cp_masks.tif,PY79_60_cp_masks.tif,31,0.7171900893263646,6.9393305086919845,12.74526692579568,2.199266596004767
682,1,/Users/reyesmatte/Desktop/copypasta/20260226/processed_masks/PY79_60_cp_masks.tif,PY79_60_cp_masks.tif,32,0.6825105886377842,9.365957481597839,11.166067662154196,1.8396064865755752
683,1,/Users/reyesmatte/Desktop/copypasta/20260226/processed_masks/PY79_60_cp_masks.tif,PY79_60_cp_masks.tif,33,0.6903734200243065,5.599846300507766,9.752942574969639,1.6293240909795885
684,1,/Users/reyesmatte/Desktop/copypasta/20260226/processed_masks/PY79_60_cp_masks.tif,PY79_60_cp_masks.tif,34,0.7634772732321539,4.8825990073745125,9.457021263886299,1.7041710738396945
685,1,/Users/reyesmatte/Desktop/copypasta/20260226/processed_masks/PY79_60_cp_masks.tif,PY79_60_cp_masks.tif,35,0.786121645414433,5.629908569942748,11.849876390177283,2.250531527331091
686,1,/Users/reyesmatte/Desktop/copypasta/20260226/processed_masks/PY79_60_cp_masks.tif,PY79_60_cp_masks.tif,36,0.7755433472343547,5.401572513943816,10.158954415698533,1.8760589748934826
687,1,/Users/reyesmatte/Desktop/copypasta/20260226/processed_masks/PY79_60_cp_masks.tif,PY79_60_cp_masks.tif,37,0.7319818376251832,4.886707022416448,9.725451024390154,1.715871876999402
688,1,/Users/reyesmatte/Desktop/copypasta/20260226/processed_masks/PY79_60_cp_masks.tif,PY79_60_cp_masks.tif,38,0.745065975613356,4.201970252929941,8.204238489453163,1.4253760829868551
689,1,/Users/reyesmatte/Desktop/copypasta/20260226/processed_masks/PY79_60_cp_masks.tif,PY79_60_cp_masks.tif,39,0.830887222176294,4.976416851752261,10.115891331907138,1.9734895556928855
690,1,/Users/reyesmatte/Desktop/copypasta/20260226/processed_masks/PY79_60_cp_masks.tif,PY79_60_cp_masks.tif,40,0.7950267651446827,5.574817329106948,11.354382976753229,2.1575196100360583
691,1,/Users/reyesmatte/Desktop/copypasta/20260226/processed_masks/PY79_60_cp_masks.tif,PY79_60_cp_masks.tif,41,0.7988731821830624,4.283269112064962,8.846559838106572,1.643554881018024
692,1,/Users/reyesmatte/Desktop/copypasta/20260226/processed_masks/PY79_60_cp_masks.tif,PY79_60_cp_masks.tif,42,0.7671608147389841,5.500868747328584,12.4717113993557,2.3221806965449456
693,1,/Users/reyesmatte/Desktop/copypasta/20260226/processed_masks/PY79_60_cp_masks.tif,PY79_60_cp_masks.tif,43,0.7666326758571723,4.414867134632954,9.38361924903986,1.6935390910924026
694,1,/Users/reyesmatte/Desktop/copypasta/20260226/processed_masks/PY79_60_cp_masks.tif,PY79_60_cp_masks.tif,44,0.7815441874079953,4.2768789502834945,10.09261545291812,1.855197700383351
695,1,/Users/reyesmatte/Desktop/copypasta/20260226/processed_masks/PY79_60_cp_masks.tif,PY79_60_cp_masks.tif,45,0.7615721526550286,4.743809863525693,10.616976048694758,1.9269660250280116
696,1,/Users/reyesmatte/Desktop/copypasta/20260226/processed_masks/PY79_60_cp_masks.tif,PY79_60_cp_masks.tif,46,0.7439268482884172,4.415784180553505,9.843923905480288,1.728547276153092
697,1,/Users/reyesmatte/Desktop/copypasta/20260226/processed_masks/PY79_60_cp_masks.tif,PY79_60_cp_masks.tif,47,0.81755186625102,6.665343530648127,16.876682485056477,3.3555308967441806
698,1,/Users/reyesmatte/Desktop/copypasta/20260226/processed_masks/PY79_60_cp_masks.tif,PY79_60_cp_masks.tif,48,0.8443621034411254,3.9653202948776523,10.145447657832086,2.007303092543757
699,1,/Users/reyesmatte/Desktop/copypasta/20260226/processed_masks/PY79_60_cp_masks.tif,PY79_60_cp_masks.tif,49,0.7120735081466345,6.180086407526324,11.327298968536404,1.9486651967425197
700,1,/Users/reyesmatte/Desktop/copypasta/20260226/processed_masks/PY79_60_cp_masks.tif,PY79_60_cp_masks.tif,50,0.7876116766804091,4.737328072132954,10.326905958561113,1.9390446750391195
701,1,/Users/reyesmatte/Desktop/copypasta/20260226/processed_masks/PY79_60_cp_masks.tif,PY79_60_cp_masks.tif,51,0.7416076321791977,5.618463264377727,10.511487949430183,1.8440571285606944
702,1,/Users/reyesmatte/Desktop/copypasta/20260226/processed_masks/PY79_60_cp_masks.tif,PY79_60_cp_masks.tif,52,0.7575812998850948,5.214342668591788,10.829794180972879,1.9461020974434577
703,1,/Users/reyesmatte/Desktop/copypasta/20260226/processed_masks/PY79_60_cp_masks.tif,PY79_60_cp_masks.tif,53,0.8119729064367224,5.0957654389692095,10.054948024104942,1.907133372238719
704,1,/Users/reyesmatte/Desktop/copypasta/20260226/processed_masks/PY79_60_cp_masks.tif,PY79_60_cp_masks.tif,54,0.7930518864380395,5.385909049116781,10.162373725927539,1.8929335262800635
705,1,/Users/reyesmatte/Desktop/copypasta/20260226/processed_masks/PY79_60_cp_masks.tif,PY79_60_cp_masks.tif,55,0.7841890556102024,4.954510863301,11.120867691136446,2.059056760306547
706,1,/Users/reyesmatte/Desktop/copypasta/20260226/processed_masks/PY79_60_cp_masks.tif,PY79_60_cp_masks.tif,56,0.7778351555289295,5.149795798354278,11.076806022174223,2.0556076997881547
707,1,/Users/reyesmatte/Desktop/copypasta/20260226/processed_masks/PY79_60_cp_masks.tif,PY79_60_cp_masks.tif,57,0.740010302914759,4.384953007068816,9.019874075240097,1.5690189341083718
708,1,/Users/reyesmatte/Desktop/copypasta/20260226/processed_masks/PY79_60_cp_masks.tif,PY79_60_cp_masks.tif,58,0.6880728495133825,4.963559051707503,8.904512779760358,1.4596024918541266
709,1,/Users/reyesmatte/Desktop/copypasta/20260226/processed_masks/PY79_31_cp_masks.tif,PY79_31_cp_masks.tif,10,0.7154050791871118,5.009717964615333,10.290946046058911,1.7556177341727512
710,1,/Users/reyesmatte/Desktop/copypasta/20260226/processed_masks/PY79_31_cp_masks.tif,PY79_31_cp_masks.tif,11,0.7610164211017489,4.184910927353117,9.1598139991648,1.6834957085529298
711,1,/Users/reyesmatte/Desktop/copypasta/20260226/processed_masks/PY79_31_cp_masks.tif,PY79_31_cp_masks.tif,12,0.7226401608494446,7.551880547061838,12.392158365776218,2.168086825045859
712,1,/Users/reyesmatte/Desktop/copypasta/20260226/processed_masks/PY79_31_cp_masks.tif,PY79_31_cp_masks.tif,13,0.7731025536626557,4.726450845014007,11.201248355059679,2.0463042915373952
713,1,/Users/reyesmatte/Desktop/copypasta/20260226/processed_masks/PY79_31_cp_masks.tif,PY79_31_cp_masks.tif,18,0.6938182248587863,4.696240782342216,9.192260373704473,1.5353212290805658
714,1,/Users/reyesmatte/Desktop/copypasta/20260226/processed_masks/PY79_31_cp_masks.tif,PY79_31_cp_masks.tif,19,0.7671379596366876,4.461837475674639,9.804332744248205,1.7708816530720526
715,1,/Users/reyesmatte/Desktop/copypasta/20260226/processed_masks/PY79_31_cp_masks.tif,PY79_31_cp_masks.tif,20,0.8119447248958052,4.378777313317667,10.11764859039604,1.917051076838297
716,1,/Users/reyesmatte/Desktop/copypasta/20260226/processed_masks/PY79_31_cp_masks.tif,PY79_31_cp_masks.tif,21,0.811694867409212,4.076479683342956,8.075494672879339,1.5302498778055598
717,1,/Users/reyesmatte/Desktop/copypasta/20260226/processed_masks/PY79_31_cp_masks.tif,PY79_31_cp_masks.tif,22,0.7842436606949104,7.322694603088898,8.95971854874327,1.645547247943349
718,1,/Users/reyesmatte/Desktop/copypasta/20260226/processed_masks/PY79_31_cp_masks.tif,PY79_31_cp_masks.tif,23,0.8676071516786367,4.006481795367948,8.927266629093896,1.7682004687753448
719,1,/Users/reyesmatte/Desktop/copypasta/20260226/processed_masks/PY79_31_cp_masks.tif,PY79_31_cp_masks.tif,27,0.8425061031387108,3.2829666162578635,6.896358120192533,1.2983202169702577
720,1,/Users/reyesmatte/Desktop/copypasta/20260226/processed_masks/PY79_31_cp_masks.tif,PY79_31_cp_masks.tif,30,0.7957483081022491,3.9662694959829263,7.668418596642046,1.4043550662477886
721,1,/Users/reyesmatte/Desktop/copypasta/20260226/processed_masks/PY79_31_cp_masks.tif,PY79_31_cp_masks.tif,46,0.6789182455781025,5.704286996211791,10.68791490157909,1.782966235936607
722,1,/Users/reyesmatte/Desktop/copypasta/20260226/processed_masks/PY79_31_cp_masks.tif,PY79_31_cp_masks.tif,47,0.7958901925166532,7.194698882959102,17.11340594982512,3.283353015080934
723,1,/Users/reyesmatte/Desktop/copypasta/20260226/processed_masks/PY79_31_cp_masks.tif,PY79_31_cp_masks.tif,48,0.7837134803064476,4.443641974053886,10.59270963490516,1.9588493714089104
724,1,/Users/reyesmatte/Desktop/copypasta/20260226/processed_masks/PY79_31_cp_masks.tif,PY79_31_cp_masks.tif,49,0.7828171350391887,6.81472766439027,9.13058375848367,1.6884829120179847
725,1,/Users/reyesmatte/Desktop/copypasta/20260226/processed_masks/PY79_31_cp_masks.tif,PY79_31_cp_masks.tif,50,0.7308148145896569,9.074644760709942,11.270886241067137,1.971304301933535
726,1,/Users/reyesmatte/Desktop/copypasta/20260226/processed_masks/PY79_31_cp_masks.tif,PY79_31_cp_masks.tif,52,0.8015661221284749,3.6434247611751798,8.682029606576739,1.6246131995580764
727,1,/Users/reyesmatte/Desktop/copypasta/20260226/processed_masks/PY79_31_cp_masks.tif,PY79_31_cp_masks.tif,53,0.7529620479121546,7.920590579971145,9.619532068920028,1.8180488586637737
728,1,/Users/reyesmatte/Desktop/copypasta/20260226/processed_masks/PY79_31_cp_masks.tif,PY79_31_cp_masks.tif,54,0.8924083393566709,10.861401038729612,19.291549682750304,4.142696054972757
729,1,/Users/reyesmatte/Desktop/copypasta/20260226/processed_masks/PY79_31_cp_masks.tif,PY79_31_cp_masks.tif,55,0.8367838893462712,13.266282738513143,18.66663813647316,3.7724713871904076
730,1,/Users/reyesmatte/Desktop/copypasta/20260226/processed_masks/PY79_31_cp_masks.tif,PY79_31_cp_masks.tif,56,0.853304324187097,7.878724475666354,19.783386569229883,4.080983699605889
731,1,/Users/reyesmatte/Desktop/copypasta/20260226/processed_masks/PY79_31_cp_masks.tif,PY79_31_cp_masks.tif,57,0.7824195131808708,6.967396376368984,16.27947690753516,3.061260489389953
732,1,/Users/reyesmatte/Desktop/copypasta/20260226/processed_masks/PY79_31_cp_masks.tif,PY79_31_cp_masks.tif,58,0.7806591438827278,5.404284360858564,11.771881176586303,2.187401105418427
733,1,/Users/reyesmatte/Desktop/copypasta/20260226/processed_masks/PY79_31_cp_masks.tif,PY79_31_cp_masks.tif,59,0.8575120829605787,4.17902860471452,10.221067163856064,2.03426938094065
734,1,/Users/reyesmatte/Desktop/copypasta/20260226/processed_masks/PY79_31_cp_masks.tif,PY79_31_cp_masks.tif,60,0.755723820269515,8.422549396929039,18.067321974500285,3.327808527479134
735,1,/Users/reyesmatte/Desktop/copypasta/20260226/processed_masks/PY79_31_cp_masks.tif,PY79_31_cp_masks.tif,61,0.8006986618961252,4.384324495229227,10.358867950913671,1.9463829962809251
736,1,/Users/reyesmatte/Desktop/copypasta/20260226/processed_masks/PY79_31_cp_masks.tif,PY79_31_cp_masks.tif,62,0.8016407186364961,4.078656241188826,9.842089206754139,1.8808986156833178
737,1,/Users/reyesmatte/Desktop/copypasta/20260226/processed_masks/PY79_31_cp_masks.tif,PY79_31_cp_masks.tif,63,0.8371166576093648,6.782648991184827,17.210233199279074,3.509872832216076
738,1,/Users/reyesmatte/Desktop/copypasta/20260226/processed_masks/PY79_31_cp_masks.tif,PY79_31_cp_masks.tif,64,0.8075724219114095,4.276620315980913,9.586566514882751,1.8626820493058347
739,1,/Users/reyesmatte/Desktop/copypasta/20260226/processed_masks/PY79_31_cp_masks.tif,PY79_31_cp_masks.tif,65,0.7922357356621517,3.8624507184654675,8.962756852758742,1.6865401853142046
740,1,/Users/reyesmatte/Desktop/copypasta/20260226/processed_masks/PY79_31_cp_masks.tif,PY79_31_cp_masks.tif,66,0.7785603481162884,9.482468228131902,21.311967810676062,4.035954496735054
741,1,/Users/reyesmatte/Desktop/copypasta/20260226/processed_masks/PY79_31_cp_masks.tif,PY79_31_cp_masks.tif,67,0.8015898093766989,8.790188502715784,18.589163889405036,3.6269557965821333
742,1,/Users/reyesmatte/Desktop/copypasta/20260226/processed_masks/PY79_31_cp_masks.tif,PY79_31_cp_masks.tif,72,0.7702927287404839,9.103257889086327,19.125237417833116,3.589609015190177
743,1,/Users/reyesmatte/Desktop/copypasta/20260226/processed_masks/PY79_31_cp_masks.tif,PY79_31_cp_masks.tif,90,0.6432319982588731,2.9459679646153334,5.293416809280661,0.7907823598436752
744,1,/Users/reyesmatte/Desktop/copypasta/20260226/processed_masks/PY79_31_cp_masks.tif,PY79_31_cp_masks.tif,92,0.6548389732063852,2.9883299320337677,5.240697790445441,0.7958385389180925
745,1,/Users/reyesmatte/Desktop/copypasta/20260226/processed_masks/PY79_31_cp_masks.tif,PY79_31_cp_masks.tif,93,0.6412501897658717,6.846796071992984,12.685349289138538,1.9739282632573758
746,1,/Users/reyesmatte/Desktop/copypasta/20260226/processed_masks/PY79_31_cp_masks.tif,PY79_31_cp_masks.tif,97,0.764553776520141,4.297759297807594,8.227011094883903,1.4666682120945982
747,1,/Users/reyesmatte/Desktop/copypasta/20260226/processed_masks/PY79_31_cp_masks.tif,PY79_31_cp_masks.tif,98,0.6560537631908806,8.974367072954733,16.357478845438752,2.619943457060679
748,1,/Users/reyesmatte/Desktop/copypasta/20260226/processed_masks/PY79_31_cp_masks.tif,PY79_31_cp_masks.tif,99,0.7675103174641407,3.982454631961538,7.785560468316404,1.4289939759710562
749,1,/Users/reyesmatte/Desktop/copypasta/20260226/processed_masks/PY79_31_cp_masks.tif,PY79_31_cp_masks.tif,101,0.6873074604503582,5.109419141602776,8.730441225751132,1.4432690898194516
750,1,/Users/reyesmatte/Desktop/copypasta/20260226/processed_masks/PY79_31_cp_masks.tif,PY79_31_cp_masks.tif,102,0.792255006170759,3.7062645002668115,7.212237816572199,1.3051622434614218
751,1,/Users/reyesmatte/Desktop/copypasta/20260226/processed_masks/PY79_31_cp_masks.tif,PY79_31_cp_masks.tif,104,0.6893751230702039,5.566746776741373,9.618540140560688,1.6059676294118614
752,1,/Users/reyesmatte/Desktop/copypasta/20260226/processed_masks/PY79_31_cp_masks.tif,PY79_31_cp_masks.tif,105,0.7378727211040245,4.087924302747859,7.391159684894013,1.2689296463119435
753,1,/Users/reyesmatte/Desktop/copypasta/20260226/processed_masks/PY79_52_cp_masks.tif,PY79_52_cp_masks.tif,2,0.7850855710564021,6.792860635942143,14.554511135381652,2.7389054430565474
754,1,/Users/reyesmatte/Desktop/copypasta/20260226/processed_masks/PY79_52_cp_masks.tif,PY79_52_cp_masks.tif,6,0.7508724696799259,3.540751349053887,8.000512368388312,1.4105348406720766
755,1,/Users/reyesmatte/Desktop/copypasta/20260226/processed_masks/PY79_52_cp_masks.tif,PY79_52_cp_masks.tif,7,0.7638752512942524,3.5538477636393155,7.335394541449267,1.2861945548636584
756,1,/Users/reyesmatte/Desktop/copypasta/20260226/processed_masks/PY79_52_cp_masks.tif,PY79_52_cp_masks.tif,8,0.7440309919745365,5.778973438309496,11.975577280504169,2.128683255587654
757,1,/Users/reyesmatte/Desktop/copypasta/20260226/processed_masks/PY79_52_cp_masks.tif,PY79_52_cp_masks.tif,10,0.7314654262331448,5.6513852314366835,10.74785312268106,1.8781992247792547
758,1,/Users/reyesmatte/Desktop/copypasta/20260226/processed_masks/PY79_52_cp_masks.tif,PY79_52_cp_masks.tif,12,0.7603405007859969,5.55817960819943,11.392895744688811,2.0764042065607957
759,1,/Users/reyesmatte/Desktop/copypasta/20260226/processed_masks/PY79_52_cp_masks.tif,PY79_52_cp_masks.tif,13,0.7049991289772273,6.210369647750815,10.664205839112023,1.8606738993856482
760,1,/Users/reyesmatte/Desktop/copypasta/20260226/processed_masks/PY79_52_cp_masks.tif,PY79_52_cp_masks.tif,17,0.7522791101283265,7.082662950609578,14.654185608763179,2.664596379417999
761,1,/Users/reyesmatte/Desktop/copypasta/20260226/processed_masks/PY79_52_cp_masks.tif,PY79_52_cp_masks.tif,23,0.7875033568513681,6.215052022910036,14.187926417917495,2.671264455438911
762,1,/Users/reyesmatte/Desktop/copypasta/20260226/processed_masks/PY79_52_cp_masks.tif,PY79_52_cp_masks.tif,24,0.8017693815023795,6.298845320353921,13.038037847708495,2.485253792823268
763,1,/Users/reyesmatte/Desktop/copypasta/20260226/processed_masks/PY79_52_cp_masks.tif,PY79_52_cp_masks.tif,26,0.7824435727959116,6.061316353360574,12.248657393528378,2.353231339213478
764,1,/Users/reyesmatte/Desktop/copypasta/20260226/processed_masks/PY79_52_cp_masks.tif,PY79_52_cp_masks.tif,29,0.7935714409332851,5.136135692696591,10.358854509182665,1.9622139659530673
765,1,/Users/reyesmatte/Desktop/copypasta/20260226/processed_masks/PY79_52_cp_masks.tif,PY79_52_cp_masks.tif,36,0.7902444737987201,4.383733105201928,10.187803910395305,1.9007033120531094
766,1,/Users/reyesmatte/Desktop/copypasta/20260226/processed_masks/PY79_52_cp_masks.tif,PY79_52_cp_masks.tif,38,0.8573566730720917,5.310790676135371,11.689158824061227,2.345180892650181
767,1,/Users/reyesmatte/Desktop/copypasta/20260226/processed_masks/PY79_52_cp_masks.tif,PY79_52_cp_masks.tif,44,0.8583418762536995,6.069533789551387,14.732669456043725,3.0730332818959836
768,1,/Users/reyesmatte/Desktop/copypasta/20260226/processed_masks/PY79_52_cp_masks.tif,PY79_52_cp_masks.tif,49,0.7875199497519555,7.0780069042063305,16.508664966896454,3.135319327735488
769,1,/Users/reyesmatte/Desktop/copypasta/20260226/processed_masks/PY79_52_cp_masks.tif,PY79_52_cp_masks.tif,52,0.7663592343814054,5.6474868616843406,10.825853554607948,2.0176963495300595
770,1,/Users/reyesmatte/Desktop/copypasta/20260226/processed_masks/PY79_52_cp_masks.tif,PY79_52_cp_masks.tif,60,0.8178746549428711,7.35747906680669,16.316609834743872,3.242696179726438
771,1,/Users/reyesmatte/Desktop/copypasta/20260226/processed_masks/PY79_52_cp_masks.tif,PY79_52_cp_masks.tif,62,0.8461543965971535,5.7992672397787235,10.915533917005886,2.1625010285729487
772,1,/Users/reyesmatte/Desktop/copypasta/20260226/processed_masks/PY79_52_cp_masks.tif,PY79_52_cp_masks.tif,63,0.8654589007952942,6.245444732816843,9.649221859134036,1.9407300680639257
773,1,/Users/reyesmatte/Desktop/copypasta/20260226/processed_masks/PY79_52_cp_masks.tif,PY79_52_cp_masks.tif,66,0.8153506230859864,6.795986382779315,13.87003458348461,2.6955906332154878
774,1,/Users/reyesmatte/Desktop/copypasta/20260226/processed_masks/PY79_52_cp_masks.tif,PY79_52_cp_masks.tif,72,0.8304244991226533,5.377242740063748,13.035184970856804,2.582303012840016
775,1,/Users/reyesmatte/Desktop/copypasta/20260226/processed_masks/PY79_52_cp_masks.tif,PY79_52_cp_masks.tif,84,0.7733089656375713,4.897609304510604,10.263000988859462,1.970408955593096
776,1,/Users/reyesmatte/Desktop/copypasta/20260226/processed_masks/PY79_52_cp_masks.tif,PY79_52_cp_masks.tif,85,0.8052882135460139,5.319727430713004,11.120095134729853,2.133442453561588
777,1,/Users/reyesmatte/Desktop/copypasta/20260226/processed_masks/PY79_52_cp_masks.tif,PY79_52_cp_masks.tif,87,0.8705529764755701,4.196575506148043,11.216768603141224,2.278370470700029
778,1,/Users/reyesmatte/Desktop/copypasta/20260226/processed_masks/PY79_52_cp_masks.tif,PY79_52_cp_masks.tif,89,0.799763083996915,4.247818045849023,10.108949192571163,1.900098441610678
779,1,/Users/reyesmatte/Desktop/copypasta/20260226/processed_masks/PY79_52_cp_masks.tif,PY79_52_cp_masks.tif,90,0.8916625710720874,3.659262004040402,9.749879946991385,2.013517818435691
780,1,/Users/reyesmatte/Desktop/copypasta/20260226/processed_masks/PY79_52_cp_masks.tif,PY79_52_cp_masks.tif,95,0.809036894210902,4.276230830232025,8.495238699592148,1.6996866852402477
781,1,/Users/reyesmatte/Desktop/copypasta/20260226/processed_masks/PY79_52_cp_masks.tif,PY79_52_cp_masks.tif,96,0.8888342527611811,3.5439001744918124,9.840018030798646,2.0055442034406394
782,1,/Users/reyesmatte/Desktop/copypasta/20260226/processed_masks/PY79_52_cp_masks.tif,PY79_52_cp_masks.tif,101,0.8971628221353526,3.8137204076912448,9.026473565188804,1.8370348956712201
783,1,/Users/reyesmatte/Desktop/copypasta/20260226/processed_masks/PY79_52_cp_masks.tif,PY79_52_cp_masks.tif,103,0.7866311953965917,4.530101553688826,10.921606074944009,2.0525278053760463
784,1,/Users/reyesmatte/Desktop/copypasta/20260226/processed_masks/PY79_52_cp_masks.tif,PY79_52_cp_masks.tif,106,0.846431505123424,4.9609025545023195,11.096513782869529,2.3039222721095487
785,1,/Users/reyesmatte/Desktop/copypasta/20260226/processed_masks/PY79_52_cp_masks.tif,PY79_52_cp_masks.tif,108,0.8553170511228503,5.032451675786345,11.32474102354096,2.310602020491253
786,1,/Users/reyesmatte/Desktop/copypasta/20260226/processed_masks/PY79_52_cp_masks.tif,PY79_52_cp_masks.tif,109,0.768867841212206,4.0175484348285835,8.913698076750604,1.6412819145233857
787,1,/Users/reyesmatte/Desktop/copypasta/20260226/processed_masks/PY79_52_cp_masks.tif,PY79_52_cp_masks.tif,113,0.834050297228172,7.467717602864878,16.231409509246625,3.2502704555380286
788,1,/Users/reyesmatte/Desktop/copypasta/20260226/processed_masks/PY79_52_cp_masks.tif,PY79_52_cp_masks.tif,114,0.8185019846505825,3.5583496656723543,8.688902410398681,1.6398039242577362
789,1,/Users/reyesmatte/Desktop/copypasta/20260226/processed_masks/PY79_52_cp_masks.tif,PY79_52_cp_masks.tif,116,0.7811187917441822,4.39247585407685,9.296655972816795,1.7035123281508255
790,1,/Users/reyesmatte/Desktop/copypasta/20260226/processed_masks/PY79_52_cp_masks.tif,PY79_52_cp_masks.tif,117,0.7710804697454431,8.311266672582343,18.23089749354309,3.440798835750487
791,1,/Users/reyesmatte/Desktop/copypasta/20260226/processed_masks/PY79_52_cp_masks.tif,PY79_52_cp_masks.tif,118,0.8160214379796212,8.240949372603675,18.2319258760906,3.589139828000087
792,1,/Users/reyesmatte/Desktop/copypasta/20260226/processed_masks/PY79_52_cp_masks.tif,PY79_52_cp_masks.tif,119,0.8324845404487915,3.7875629187546602,9.624965930206672,1.8584936620263297
793,1,/Users/reyesmatte/Desktop/copypasta/20260226/processed_masks/PY79_52_cp_masks.tif,PY79_52_cp_masks.tif,122,0.7174372837076399,4.7387856318298525,9.09232469558259,1.5556698942680596
794,1,/Users/reyesmatte/Desktop/copypasta/20260226/processed_masks/PY79_52_cp_masks.tif,PY79_52_cp_masks.tif,123,0.7571954612375252,5.8105289299897285,12.51942917990782,2.2650191114486025
795,1,/Users/reyesmatte/Desktop/copypasta/20260226/processed_masks/PY79_52_cp_masks.tif,PY79_52_cp_masks.tif,125,0.7433380344408682,12.27586382353453,17.310819347752755,3.1966287703817455
796,1,/Users/reyesmatte/Desktop/copypasta/20260226/processed_masks/PY79_52_cp_masks.tif,PY79_52_cp_masks.tif,126,0.764119047253139,6.6468911217736135,14.498172245867439,2.659354683182162
797,1,/Users/reyesmatte/Desktop/copypasta/20260226/processed_masks/PY79_52_cp_masks.tif,PY79_52_cp_masks.tif,127,0.7599786783347546,5.34980883498453,11.762315672944661,2.125315555747812
798,1,/Users/reyesmatte/Desktop/copypasta/20260226/processed_masks/PY79_52_cp_masks.tif,PY79_52_cp_masks.tif,128,0.7858285665532477,3.4319987213907552,7.592045406023351,1.3731752952888805
799,1,/Users/reyesmatte/Desktop/copypasta/20260226/processed_masks/PY79_52_cp_masks.tif,PY79_52_cp_masks.tif,130,0.7292492088740451,4.1854145897513035,8.72039061769649,1.496389965248032
800,1,/Users/reyesmatte/Desktop/copypasta/20260226/processed_masks/PY79_52_cp_masks.tif,PY79_52_cp_masks.tif,131,0.7630901317154845,6.441592703836487,14.740219439677032,2.700034577206604
801,1,/Users/reyesmatte/Desktop/copypasta/20260226/processed_masks/PY79_52_cp_masks.tif,PY79_52_cp_masks.tif,132,0.810686797134648,8.02469398983488,18.45979728435571,3.620646893867469
802,1,/Users/reyesmatte/Desktop/copypasta/20260226/processed_masks/PY79_52_cp_masks.tif,PY79_52_cp_masks.tif,133,0.7691504198038216,4.900033089939413,9.333672527206069,1.6858157013903645
803,1,/Users/reyesmatte/Desktop/copypasta/20260226/processed_masks/PY79_52_cp_masks.tif,PY79_52_cp_masks.tif,134,0.7476522858235066,4.143510913426311,7.657742674604637,1.4501011135374535
804,1,/Users/reyesmatte/Desktop/copypasta/20260226/processed_masks/PY79_52_cp_masks.tif,PY79_52_cp_masks.tif,135,0.7755051627291288,4.070438804998014,8.508544961816382,1.5768269524529201
805,1,/Users/reyesmatte/Desktop/copypasta/20260226/processed_masks/PY79_52_cp_masks.tif,PY79_52_cp_masks.tif,136,0.7741892504805185,11.896728594372513,14.691782607272648,2.7823029851169756
806,1,/Users/reyesmatte/Desktop/copypasta/20260226/processed_masks/PY79_52_cp_masks.tif,PY79_52_cp_masks.tif,137,0.7715424809856668,2.8341929945364503,6.739959471573959,1.1854055734472464
807,1,/Users/reyesmatte/Desktop/copypasta/20260226/processed_masks/PY79_52_cp_masks.tif,PY79_52_cp_masks.tif,138,0.8070984972834871,4.392764124601697,9.010969665736928,1.6828965012583543
808,1,/Users/reyesmatte/Desktop/copypasta/20260226/processed_masks/PY79_52_cp_masks.tif,PY79_52_cp_masks.tif,139,0.7724350963903546,2.863170851221324,6.70671730645693,1.1806078210764557
809,1,/Users/reyesmatte/Desktop/copypasta/20260226/processed_masks/PY79_52_cp_masks.tif,PY79_52_cp_masks.tif,140,0.8382222434933424,3.692652317294101,7.485938081240802,1.4313213546446826
810,1,/Users/reyesmatte/Desktop/copypasta/20260226/processed_masks/PY79_52_cp_masks.tif,PY79_52_cp_masks.tif,141,0.8178717596641207,4.063079010835354,8.518805065089037,1.609004324009504
811,1,/Users/reyesmatte/Desktop/copypasta/20260226/processed_masks/PY79_52_cp_masks.tif,PY79_52_cp_masks.tif,142,0.7994673067024318,4.340284093172654,8.611477828318439,1.59461896088943
812,1,/Users/reyesmatte/Desktop/copypasta/20260226/processed_masks/PY79_52_cp_masks.tif,PY79_52_cp_masks.tif,143,0.8037006167278301,4.199446246484796,9.27357106308717,1.753630078604435
813,1,/Users/reyesmatte/Desktop/copypasta/20260226/processed_masks/PY79_42_cp_masks.tif,PY79_42_cp_masks.tif,7,0.7230584808618911,8.529303188160664,12.440479400564548,2.166291834550441
814,1,/Users/reyesmatte/Desktop/copypasta/20260226/processed_masks/PY79_42_cp_masks.tif,PY79_42_cp_masks.tif,8,0.6516358647185048,6.002356756148043,12.029685810036154,1.9002806354685857
815,1,/Users/reyesmatte/Desktop/copypasta/20260226/processed_masks/PY79_42_cp_masks.tif,PY79_42_cp_masks.tif,13,0.7524555096416718,3.619157583966826,8.138530378627255,1.4262614739372643
816,1,/Users/reyesmatte/Desktop/copypasta/20260226/processed_masks/PY79_42_cp_masks.tif,PY79_42_cp_masks.tif,15,0.7578786361843419,3.6741562147553033,7.955190176649875,1.4648874373937437
817,1,/Users/reyesmatte/Desktop/copypasta/20260226/processed_masks/PY79_42_cp_masks.tif,PY79_42_cp_masks.tif,18,0.8043580552669154,3.298593855689339,7.969905603238283,1.47163166614961
818,1,/Users/reyesmatte/Desktop/copypasta/20260226/processed_masks/PY79_42_cp_masks.tif,PY79_42_cp_masks.tif,19,0.7660437825177278,3.5764379952911156,7.0753710209130345,1.2407303693224208
819,1,/Users/reyesmatte/Desktop/copypasta/20260226/processed_masks/PY79_42_cp_masks.tif,PY79_42_cp_masks.tif,20,0.8358447125317702,3.3084855329945415,8.406772327114071,1.635360851460158
820,1,/Users/reyesmatte/Desktop/copypasta/20260226/processed_masks/PY79_42_cp_masks.tif,PY79_42_cp_masks.tif,23,0.7464564047552836,3.2578759034577027,6.318096005829933,1.142993152650689
821,1,/Users/reyesmatte/Desktop/copypasta/20260226/processed_masks/PY79_42_cp_masks.tif,PY79_42_cp_masks.tif,26,0.8113723420165309,6.130391859508618,12.903363060998146,2.4832983638717114
822,1,/Users/reyesmatte/Desktop/copypasta/20260226/processed_masks/PY79_42_cp_masks.tif,PY79_42_cp_masks.tif,27,0.81734182347133,3.0405136929276577,6.526933305662128,1.1923320761717853
823,1,/Users/reyesmatte/Desktop/copypasta/20260226/processed_masks/PY79_42_cp_masks.tif,PY79_42_cp_masks.tif,30,0.7659078598926362,3.4181571358353544,6.452090820866297,1.196083032932073
824,1,/Users/reyesmatte/Desktop/copypasta/20260226/processed_masks/PY79_42_cp_masks.tif,PY79_42_cp_masks.tif,31,0.8096108668996832,6.921916209277493,13.442361771066471,2.58639315730648
825,1,/Users/reyesmatte/Desktop/copypasta/20260226/processed_masks/PY79_42_cp_masks.tif,PY79_42_cp_masks.tif,32,0.7301130954901583,7.556293165928655,15.29019176202043,2.7149222155923884
826,1,/Users/reyesmatte/Desktop/copypasta/20260226/processed_masks/PY79_42_cp_masks.tif,PY79_42_cp_masks.tif,33,0.7730501240614588,12.218459889059956,14.019353048673036,2.611484311660208
827,1,/Users/reyesmatte/Desktop/copypasta/20260226/processed_masks/PY79_42_cp_masks.tif,PY79_42_cp_masks.tif,34,0.7655403929323329,4.431990147645314,9.992530355675665,1.8073031202667962
828,1,/Users/reyesmatte/Desktop/copypasta/20260226/processed_masks/PY79_42_cp_masks.tif,PY79_42_cp_masks.tif,35,0.7718588789682543,4.7079296875,11.446380925828551,2.0935390356463226
829,1,/Users/reyesmatte/Desktop/copypasta/20260226/processed_masks/PY79_42_cp_masks.tif,PY79_42_cp_masks.tif,36,0.7461797867780274,5.477156812496001,9.985592965900267,1.7986371143632125
830,1,/Users/reyesmatte/Desktop/copypasta/20260226/processed_masks/PY79_42_cp_masks.tif,PY79_42_cp_masks.tif,37,0.7353944588669614,8.673778571353836,10.696196253440462,1.9191724401521242
831,1,/Users/reyesmatte/Desktop/copypasta/20260226/processed_masks/PY79_42_cp_masks.tif,PY79_42_cp_masks.tif,38,0.7648405307284694,4.0891218824754665,9.209774929337831,1.6589885340838828
832,1,/Users/reyesmatte/Desktop/copypasta/20260226/processed_masks/PY79_42_cp_masks.tif,PY79_42_cp_masks.tif,39,0.7792589908220631,3.5454974956485557,8.250317865144467,1.4842721138356538
833,1,/Users/reyesmatte/Desktop/copypasta/20260226/processed_masks/PY79_42_cp_masks.tif,PY79_42_cp_masks.tif,40,0.7700751462437887,4.244534409367679,9.341487958432218,1.7076539941952849
834,1,/Users/reyesmatte/Desktop/copypasta/20260226/processed_masks/PY79_42_cp_masks.tif,PY79_42_cp_masks.tif,41,0.7889361860302025,3.8805349563571045,8.04932988978402,1.4822709850402944
835,1,/Users/reyesmatte/Desktop/copypasta/20260226/processed_masks/PY79_42_cp_masks.tif,PY79_42_cp_masks.tif,42,0.78092876456579,7.305812522874727,9.13796968210641,1.68179347229103
836,1,/Users/reyesmatte/Desktop/copypasta/20260226/processed_masks/PY79_42_cp_masks.tif,PY79_42_cp_masks.tif,43,0.8259029778126279,2.8324289548640174,5.991627890571606,1.089638156526698
837,1,/Users/reyesmatte/Desktop/copypasta/20260226/processed_masks/PY79_42_cp_masks.tif,PY79_42_cp_masks.tif,44,0.7515802062581737,3.384928567122773,6.9546506964036645,1.1960699065938551
838,1,/Users/reyesmatte/Desktop/copypasta/20260226/processed_masks/PY79_42_cp_masks.tif,PY79_42_cp_masks.tif,45,0.8210313903406093,3.1869019245649635,6.565465131101726,1.2073298493414952
839,1,/Users/reyesmatte/Desktop/copypasta/20260226/processed_masks/PY79_42_cp_masks.tif,PY79_42_cp_masks.tif,46,0.7643820946397968,10.747913624437892,12.664445952734827,2.3168322940673702
840,1,/Users/reyesmatte/Desktop/copypasta/20260226/processed_masks/PY79_42_cp_masks.tif,PY79_42_cp_masks.tif,47,0.707847225642958,6.679971644538912,12.296767270167935,2.1053567389157877
841,1,/Users/reyesmatte/Desktop/copypasta/20260226/processed_masks/PY79_42_cp_masks.tif,PY79_42_cp_masks.tif,69,0.6476188331352607,5.819345834934683,11.542907994061826,1.824787823799153
842,1,/Users/reyesmatte/Desktop/copypasta/20260226/processed_masks/PY79_42_cp_masks.tif,PY79_42_cp_masks.tif,74,0.6925523965950315,5.005297473913917,10.734022195490683,1.793171189675271
843,1,/Users/reyesmatte/Desktop/copypasta/20260226/processed_masks/PY79_42_cp_masks.tif,PY79_42_cp_masks.tif,78,0.7183563903308935,5.343623521520236,11.106430502493215,1.9701922657215851
844,1,/Users/reyesmatte/Desktop/copypasta/20260226/processed_masks/PY79_42_cp_masks.tif,PY79_42_cp_masks.tif,81,0.7310478419439657,5.223805783816321,10.507323337003156,1.8336754307123115
845,1,/Users/reyesmatte/Desktop/copypasta/20260226/processed_masks/PY79_42_cp_masks.tif,PY79_42_cp_masks.tif,82,0.7660761245326124,3.665938778564492,6.974329290034688,1.2257034056183698
846,1,/Users/reyesmatte/Desktop/copypasta/20260226/processed_masks/PY79_42_cp_masks.tif,PY79_42_cp_masks.tif,83,0.7504012091408523,3.2472649077656777,6.340508180211737,1.1415350689075727
847,1,/Users/reyesmatte/Desktop/copypasta/20260226/processed_masks/PY79_42_cp_masks.tif,PY79_42_cp_masks.tif,85,0.8168416225863248,6.456099405176959,13.719110344108492,2.6669389517937883
848,1,/Users/reyesmatte/Desktop/copypasta/20260226/processed_masks/PY79_42_cp_masks.tif,PY79_42_cp_masks.tif,88,0.808349185049162,3.3902853541595515,6.652098742118275,1.2214435269853483
849,1,/Users/reyesmatte/Desktop/copypasta/20260226/processed_masks/PY79_42_cp_masks.tif,PY79_42_cp_masks.tif,91,0.8092232075876883,3.377069846044616,6.821720677190079,1.276910081605198
850,1,/Users/reyesmatte/Desktop/copypasta/20260226/processed_masks/PY79_42_cp_masks.tif,PY79_42_cp_masks.tif,94,0.8124768899620776,3.3108192182319307,6.820030843594786,1.2483153038168737
851,1,/Users/reyesmatte/Desktop/copypasta/20260226/processed_masks/PY79_42_cp_masks.tif,PY79_42_cp_masks.tif,95,0.7635311585711819,3.5527156511219404,6.958384285976248,1.2193718606469905
852,1,/Users/reyesmatte/Desktop/copypasta/20260226/processed_masks/PY79_42_cp_masks.tif,PY79_42_cp_masks.tif,97,0.6922207577395599,3.827955655740214,6.893130915249971,1.1405208626918253
853,1,/Users/reyesmatte/Desktop/copypasta/20260226/processed_masks/PY79_42_cp_masks.tif,PY79_42_cp_masks.tif,99,0.7358095341335218,3.249587268931538,6.908781261930212,1.1717708288245827
854,1,/Users/reyesmatte/Desktop/copypasta/20260226/processed_masks/PY79_42_cp_masks.tif,PY79_42_cp_masks.tif,102,0.7291089691434415,3.9460377486460576,7.597429665447339,1.325774974330056
855,1,/Users/reyesmatte/Desktop/copypasta/20260226/processed_masks/PY79_42_cp_masks.tif,PY79_42_cp_masks.tif,105,0.7510656971900929,3.535943798775539,6.654192049797809,1.1536193452031551
856,1,/Users/reyesmatte/Desktop/copypasta/20260226/processed_masks/PY79_36_cp_masks.tif,PY79_36_cp_masks.tif,2,0.7201433189117212,4.946665022701493,8.752265536402126,1.5060630249494302
857,1,/Users/reyesmatte/Desktop/copypasta/20260226/processed_masks/PY79_36_cp_masks.tif,PY79_36_cp_masks.tif,3,0.7982586279366847,3.5431775606546507,7.323343105159166,1.3424873970269298
858,1,/Users/reyesmatte/Desktop/copypasta/20260226/processed_masks/PY79_36_cp_masks.tif,PY79_36_cp_masks.tif,6,0.8025980278991294,3.712746291659551,7.355289292232552,1.3759378875925503
859,1,/Users/reyesmatte/Desktop/copypasta/20260226/processed_masks/PY79_36_cp_masks.tif,PY79_36_cp_masks.tif,7,0.760287556146244,6.432621049671748,13.013740961705908,2.38384931249745
860,1,/Users/reyesmatte/Desktop/copypasta/20260226/processed_masks/PY79_36_cp_masks.tif,PY79_36_cp_masks.tif,8,0.6812658661559973,6.106085152115333,12.565497510848239,2.0770181366079994
861,1,/Users/reyesmatte/Desktop/copypasta/20260226/processed_masks/PY79_36_cp_masks.tif,PY79_36_cp_masks.tif,10,0.8144001185055862,3.8209215174708056,7.900145334992651,1.4698202783726098
862,1,/Users/reyesmatte/Desktop/copypasta/20260226/processed_masks/PY79_36_cp_masks.tif,PY79_36_cp_masks.tif,11,0.7425880046625404,5.736170569957231,12.210684295099414,2.165871814622562
863,1,/Users/reyesmatte/Desktop/copypasta/20260226/processed_masks/PY79_36_cp_masks.tif,PY79_36_cp_masks.tif,12,0.7112451933875702,4.175256714200334,7.765957519997772,1.3197581200990225
864,1,/Users/reyesmatte/Desktop/copypasta/20260226/processed_masks/PY79_36_cp_masks.tif,PY79_36_cp_masks.tif,14,0.7356474248315087,6.047428624445031,13.18600447506136,2.3329602268447998
865,1,/Users/reyesmatte/Desktop/copypasta/20260226/processed_masks/PY79_36_cp_masks.tif,PY79_36_cp_masks.tif,15,0.7177644654059011,5.522238028490057,9.957145566191334,1.7100799422265507
866,1,/Users/reyesmatte/Desktop/copypasta/20260226/processed_masks/PY79_36_cp_masks.tif,PY79_36_cp_masks.tif,16,0.767531624233691,5.749134152742712,13.28079491670753,2.4529504265144895
867,1,/Users/reyesmatte/Desktop/copypasta/20260226/processed_masks/PY79_36_cp_masks.tif,PY79_36_cp_masks.tif,17,0.7262168308786252,4.797338365247858,8.915208729520733,1.526794779107237
868,1,/Users/reyesmatte/Desktop/copypasta/20260226/processed_masks/PY79_36_cp_masks.tif,PY79_36_cp_masks.tif,18,0.749184714330212,4.786171830944128,10.31459731353204,1.8410109807629134
869,1,/Users/reyesmatte/Desktop/copypasta/20260226/processed_masks/PY79_36_cp_masks.tif,PY79_36_cp_masks.tif,19,0.7708651751312139,6.173703098566477,14.190886614063464,2.6401681733583495
870,1,/Users/reyesmatte/Desktop/copypasta/20260226/processed_masks/PY79_36_cp_masks.tif,PY79_36_cp_masks.tif,20,0.7366987046374813,4.926975533958835,11.023718657588345,1.936832435807025
871,1,/Users/reyesmatte/Desktop/copypasta/20260226/processed_masks/PY79_36_cp_masks.tif,PY79_36_cp_masks.tif,23,0.7707018114141576,4.904116150878555,11.560979708488363,2.1147018301324434
872,1,/Users/reyesmatte/Desktop/copypasta/20260226/processed_masks/PY79_36_cp_masks.tif,PY79_36_cp_masks.tif,26,0.734042551471214,6.082497372336867,13.328999558320785,2.385112028937732
873,1,/Users/reyesmatte/Desktop/copypasta/20260226/processed_masks/PY79_36_cp_masks.tif,PY79_36_cp_masks.tif,30,0.7686723643063521,4.748418237148946,11.354501095851482,2.06638723008801
874,1,/Users/reyesmatte/Desktop/copypasta/20260226/processed_masks/PY79_36_cp_masks.tif,PY79_36_cp_masks.tif,33,0.8070510193707904,4.367497960145314,10.731560639241609,2.116954953685631
875,1,/Users/reyesmatte/Desktop/copypasta/20260226/processed_masks/PY79_36_cp_masks.tif,PY79_36_cp_masks.tif,36,0.8112047349039,4.894324989853118,11.50843254123113,2.3090574195933646
876,1,/Users/reyesmatte/Desktop/copypasta/20260226/processed_masks/PY79_36_cp_masks.tif,PY79_36_cp_masks.tif,38,0.8061024504715305,5.280141938809188,12.157856001349293,2.32795044384139
877,1,/Users/reyesmatte/Desktop/copypasta/20260226/processed_masks/PY79_36_cp_masks.tif,PY79_36_cp_masks.tif,41,0.7922280438067498,4.168484133509313,8.66972022009366,1.5943113002428944
878,1,/Users/reyesmatte/Desktop/copypasta/20260226/processed_masks/PY79_36_cp_masks.tif,PY79_36_cp_masks.tif,43,0.7967872554823524,4.925022378476626,11.349395846994746,2.1334166777666916
879,1,/Users/reyesmatte/Desktop/copypasta/20260226/processed_masks/PY79_36_cp_masks.tif,PY79_36_cp_masks.tif,46,0.7907949500656675,4.08719908336791,8.203033750880733,1.531669544193487
880,1,/Users/reyesmatte/Desktop/copypasta/20260226/processed_masks/PY79_36_cp_masks.tif,PY79_36_cp_masks.tif,48,0.7406813222008526,5.6368729787917875,11.288765446876855,2.0272837053368784
881,1,/Users/reyesmatte/Desktop/copypasta/20260226/processed_masks/PY79_36_cp_masks.tif,PY79_36_cp_masks.tif,50,0.7524660698293394,3.58668603033141,7.866607104463751,1.381709201226879
882,1,/Users/reyesmatte/Desktop/copypasta/20260226/processed_masks/PY79_36_cp_masks.tif,PY79_36_cp_masks.tif,55,0.7312217510538832,5.07568875877417,9.934610792479711,1.7707834304878105
883,1,/Users/reyesmatte/Desktop/copypasta/20260226/processed_masks/PY79_36_cp_masks.tif,PY79_36_cp_masks.tif,57,0.7374797858755852,3.8705055060804834,8.220852573341155,1.4151246037476077
884,1,/Users/reyesmatte/Desktop/copypasta/20260226/processed_masks/PY79_36_cp_masks.tif,PY79_36_cp_masks.tif,58,0.7798942593665709,3.5028098723368686,8.202115200692482,1.4755615932175137
885,1,/Users/reyesmatte/Desktop/copypasta/20260226/processed_masks/PY79_36_cp_masks.tif,PY79_36_cp_masks.tif,59,0.6774912855963576,6.258612927836754,12.22268451885119,2.0059185504522437
886,1,/Users/reyesmatte/Desktop/copypasta/20260226/processed_masks/PY79_36_cp_masks.tif,PY79_36_cp_masks.tif,60,0.7752219881993238,3.4493827948776516,8.033849716325678,1.4412919350464617
887,1,/Users/reyesmatte/Desktop/copypasta/20260226/processed_masks/PY79_36_cp_masks.tif,PY79_36_cp_masks.tif,61,0.7686806469974398,3.996617152255303,8.834498530420785,1.599999778215678
888,1,/Users/reyesmatte/Desktop/copypasta/20260226/processed_masks/PY79_36_cp_masks.tif,PY79_36_cp_masks.tif,65,0.7174824627106201,3.90914696783141,8.295751660778528,1.4069900965989668
889,1,/Users/reyesmatte/Desktop/copypasta/20260226/processed_masks/PY79_36_cp_masks.tif,PY79_36_cp_masks.tif,73,0.7109599014670217,7.350398535272157,13.917718287216365,2.407045703418702
890,1,/Users/reyesmatte/Desktop/copypasta/20260226/processed_masks/PY79_36_cp_masks.tif,PY79_36_cp_masks.tif,78,0.7682214629983333,6.680273356300466,12.698553799516215,2.3290176503202176
891,1,/Users/reyesmatte/Desktop/copypasta/20260226/processed_masks/PY79_36_cp_masks.tif,PY79_36_cp_masks.tif,82,0.7708200466381363,4.041227324769567,7.659426174742294,1.3599839128386184
892,1,/Users/reyesmatte/Desktop/copypasta/20260226/processed_masks/PY79_36_cp_masks.tif,PY79_36_cp_masks.tif,83,0.8106419860549902,3.5422372574489476,7.35387252506712,1.3532214850286424
893,1,/Users/reyesmatte/Desktop/copypasta/20260226/processed_masks/PY79_36_cp_masks.tif,PY79_36_cp_masks.tif,86,0.7696212154927904,3.7189419676025457,6.918464126783681,1.2922764300982006
894,1,/Users/reyesmatte/Desktop/copypasta/20260226/processed_masks/PY79_36_cp_masks.tif,PY79_36_cp_masks.tif,90,0.8098294899491086,3.9764566032537876,7.959764206252606,1.4825998471490658
895,1,/Users/reyesmatte/Desktop/copypasta/20260226/processed_masks/PY79_36_cp_masks.tif,PY79_36_cp_masks.tif,95,0.7583239860439244,3.9283280192659085,7.240146858037699,1.33399944204454
896,1,/Users/reyesmatte/Desktop/copypasta/20260226/processed_masks/PY79_36_cp_masks.tif,PY79_36_cp_masks.tif,96,0.7512430866346868,3.4085067358542784,6.62935261991928,1.2092595024981552
897,1,/Users/reyesmatte/Desktop/copypasta/20260226/processed_masks/PY79_36_cp_masks.tif,PY79_36_cp_masks.tif,99,0.7993710221181752,4.52544407897075,9.40977935573065,1.8035812898986678
898,1,/Users/reyesmatte/Desktop/copypasta/20260226/processed_masks/PY79_36_cp_masks.tif,PY79_36_cp_masks.tif,101,0.8058427519202358,4.4279321416813815,9.411444078986278,1.7787610363157105
899,1,/Users/reyesmatte/Desktop/copypasta/20260226/processed_masks/PY79_36_cp_masks.tif,PY79_36_cp_masks.tif,103,0.7979619290399627,7.100078858820243,15.093819666814463,2.889514910777226
900,1,/Users/reyesmatte/Desktop/copypasta/20260226/processed_masks/PY79_36_cp_masks.tif,PY79_36_cp_masks.tif,106,0.7003535255542371,6.4232915844290375,12.39344850513468,2.136797456616338
901,1,/Users/reyesmatte/Desktop/copypasta/20260226/processed_masks/PY79_55_cp_masks.tif,PY79_55_cp_masks.tif,2,0.7894081651930615,3.740485471316321,7.573620183203103,1.3912597617007791
902,1,/Users/reyesmatte/Desktop/copypasta/20260226/processed_masks/PY79_55_cp_masks.tif,PY79_55_cp_masks.tif,3,0.659364705143578,4.736480295290627,9.043538077710492,1.467102447817042
903,1,/Users/reyesmatte/Desktop/copypasta/20260226/processed_masks/PY79_55_cp_masks.tif,PY79_55_cp_masks.tif,4,0.8395593087537343,3.6782792962737125,8.060287410702657,1.5458081881821613
904,1,/Users/reyesmatte/Desktop/copypasta/20260226/processed_masks/PY79_55_cp_masks.tif,PY79_55_cp_masks.tif,5,0.7539740059667525,4.903591693631473,11.10358005826433,1.989024682508288
905,1,/Users/reyesmatte/Desktop/copypasta/20260226/processed_masks/PY79_55_cp_masks.tif,PY79_55_cp_masks.tif,6,0.80687447197233,3.7341362819426145,7.466028742562047,1.3724983657724679
906,1,/Users/reyesmatte/Desktop/copypasta/20260226/processed_masks/PY79_55_cp_masks.tif,PY79_55_cp_masks.tif,8,0.8407946496157778,3.413573817187311,7.302725328337823,1.3935524556297518
907,1,/Users/reyesmatte/Desktop/copypasta/20260226/processed_masks/PY79_55_cp_masks.tif,PY79_55_cp_masks.tif,9,0.7172944681622594,4.2618540668066895,7.4430329141112725,1.306741391899462
908,1,/Users/reyesmatte/Desktop/copypasta/20260226/processed_masks/PY79_55_cp_masks.tif,PY79_55_cp_masks.tif,10,0.8412002430777026,3.430100248646058,7.166187824475208,1.368961812726866
909,1,/Users/reyesmatte/Desktop/copypasta/20260226/processed_masks/PY79_55_cp_masks.tif,PY79_55_cp_masks.tif,11,0.7903344145843197,3.742112521107781,8.610310554747764,1.5810289904115742
910,1,/Users/reyesmatte/Desktop/copypasta/20260226/processed_masks/PY79_55_cp_masks.tif,PY79_55_cp_masks.tif,12,0.8027153520060665,5.650302380349589,12.914759073132384,2.464221331480841
911,1,/Users/reyesmatte/Desktop/copypasta/20260226/processed_masks/PY79_55_cp_masks.tif,PY79_55_cp_masks.tif,13,0.7433089654235298,3.6402457098096592,7.501218137056457,1.354509977263822
912,1,/Users/reyesmatte/Desktop/copypasta/20260226/processed_masks/PY79_55_cp_masks.tif,PY79_55_cp_masks.tif,14,0.8158725504767841,7.291963522131383,15.957188508737703,3.1848999948174663
913,1,/Users/reyesmatte/Desktop/copypasta/20260226/processed_masks/PY79_55_cp_masks.tif,PY79_55_cp_masks.tif,15,0.7913158810122808,3.795798269133883,8.043928864029935,1.5170644756816751
914,1,/Users/reyesmatte/Desktop/copypasta/20260226/processed_masks/PY79_55_cp_masks.tif,PY79_55_cp_masks.tif,16,0.7897054143657896,4.63411365266428,9.463503162288898,1.776933865543849
915,1,/Users/reyesmatte/Desktop/copypasta/20260226/processed_masks/PY79_55_cp_masks.tif,PY79_55_cp_masks.tif,17,0.8348932241286303,7.069626640068893,16.691783219715866,3.342090866822836
916,1,/Users/reyesmatte/Desktop/copypasta/20260226/processed_masks/PY79_55_cp_masks.tif,PY79_55_cp_masks.tif,18,0.8262266290654728,3.2950352988951512,8.095872031240525,1.5334040264703044
917,1,/Users/reyesmatte/Desktop/copypasta/20260226/processed_masks/PY79_55_cp_masks.tif,PY79_55_cp_masks.tif,19,0.8278180782809199,4.4206392112304815,10.13366116436696,1.974737693631806
918,1,/Users/reyesmatte/Desktop/copypasta/20260226/processed_masks/PY79_55_cp_masks.tif,PY79_55_cp_masks.tif,20,0.7501709648756268,6.33081419293594,13.622726286413219,2.462888826639826
919,1,/Users/reyesmatte/Desktop/copypasta/20260226/processed_masks/PY79_55_cp_masks.tif,PY79_55_cp_masks.tif,21,0.8100603296042093,4.487381704658265,9.005882264695835,1.694978536747387
920,1,/Users/reyesmatte/Desktop/copypasta/20260226/processed_masks/PY79_55_cp_masks.tif,PY79_55_cp_masks.tif,22,0.823724701507742,4.282712621624767,9.673318422236944,1.86031950446987
921,1,/Users/reyesmatte/Desktop/copypasta/20260226/processed_masks/PY79_55_cp_masks.tif,PY79_55_cp_masks.tif,23,0.7586873598925233,6.201228065429941,13.093633943899947,2.380151231539364
922,1,/Users/reyesmatte/Desktop/copypasta/20260226/processed_masks/PY79_55_cp_masks.tif,PY79_55_cp_masks.tif,24,0.8462137390155201,4.1981515147345245,10.465571447274073,2.0615848498437552
923,1,/Users/reyesmatte/Desktop/copypasta/20260226/processed_masks/PY79_55_cp_masks.tif,PY79_55_cp_masks.tif,25,0.8093151771212626,4.671684338545919,10.403627597840762,2.0063785867137622
924,1,/Users/reyesmatte/Desktop/copypasta/20260226/processed_masks/PY79_55_cp_masks.tif,PY79_55_cp_masks.tif,26,0.7705348106341237,5.334764135176161,11.535379421418869,2.1106988233994586
925,1,/Users/reyesmatte/Desktop/copypasta/20260226/processed_masks/PY79_55_cp_masks.tif,PY79_55_cp_masks.tif,27,0.7502304543417675,4.032073439859833,7.81400466737058,1.4548763937744036
926,1,/Users/reyesmatte/Desktop/copypasta/20260226/processed_masks/PY79_55_cp_masks.tif,PY79_55_cp_masks.tif,28,0.7975596166062191,3.5188631893868925,7.814142222739158,1.4269943566642782
927,1,/Users/reyesmatte/Desktop/copypasta/20260226/processed_masks/PY79_55_cp_masks.tif,PY79_55_cp_masks.tif,29,0.7983483340253492,6.111966955305173,12.098100164893932,2.2868240817296375
928,1,/Users/reyesmatte/Desktop/copypasta/20260226/processed_masks/PY79_55_cp_masks.tif,PY79_55_cp_masks.tif,30,0.7713205289644878,7.992122204924552,15.292567274010935,2.8766958574168195
929,1,/Users/reyesmatte/Desktop/copypasta/20260226/processed_masks/PY79_55_cp_masks.tif,PY79_55_cp_masks.tif,31,0.7524632912245589,5.249798956196319,10.157756275796771,1.8078998694093789
930,1,/Users/reyesmatte/Desktop/copypasta/20260226/processed_masks/PY79_55_cp_masks.tif,PY79_55_cp_masks.tif,32,0.7107476483657427,6.139395668858075,10.262082492674269,1.7904491900187387
931,1,/Users/reyesmatte/Desktop/copypasta/20260226/processed_masks/PY79_55_cp_masks.tif,PY79_55_cp_masks.tif,33,0.7456671346937245,7.89403585385625,15.191174336389548,2.7326901354719686
932,1,/Users/reyesmatte/Desktop/copypasta/20260226/processed_masks/PY79_55_cp_masks.tif,PY79_55_cp_masks.tif,34,0.8066747498514582,5.023521324232831,10.302020050326366,1.9523323092761118
933,1,/Users/reyesmatte/Desktop/copypasta/20260226/processed_masks/PY79_55_cp_masks.tif,PY79_55_cp_masks.tif,35,0.8574673698695778,4.325793907430023,9.430382663125222,1.8642022461771768
934,1,/Users/reyesmatte/Desktop/copypasta/20260226/processed_masks/PY79_55_cp_masks.tif,PY79_55_cp_masks.tif,36,0.6985296256245448,7.326968582587684,12.511125101875157,2.1727525078121968
935,1,/Users/reyesmatte/Desktop/copypasta/20260226/processed_masks/PY79_55_cp_masks.tif,PY79_55_cp_masks.tif,37,0.8147966587202939,6.085440840428826,12.594238862691201,2.4345402315320017
936,1,/Users/reyesmatte/Desktop/copypasta/20260226/processed_masks/PY79_55_cp_masks.tif,PY79_55_cp_masks.tif,38,0.8705203222426843,4.20123002313144,9.256736441647577,1.8461129375433567
937,1,/Users/reyesmatte/Desktop/copypasta/20260226/processed_masks/PY79_55_cp_masks.tif,PY79_55_cp_masks.tif,39,0.864607215719379,6.806610591886268,14.680101336472841,3.0282312456482168
938,1,/Users/reyesmatte/Desktop/copypasta/20260226/processed_masks/PY79_55_cp_masks.tif,PY79_55_cp_masks.tif,40,0.7316825558583057,6.153170679777414,10.93355766221495,1.8984205881930776
939,1,/Users/reyesmatte/Desktop/copypasta/20260226/processed_masks/PY79_55_cp_masks.tif,PY79_55_cp_masks.tif,41,0.861868956522378,6.787190272683256,14.044538155474015,2.8788884457914814
940,1,/Users/reyesmatte/Desktop/copypasta/20260226/processed_masks/PY79_55_cp_masks.tif,PY79_55_cp_masks.tif,42,0.7309833235222367,4.3785743942576225,7.770938823652483,1.3632636480036284
941,1,/Users/reyesmatte/Desktop/copypasta/20260226/processed_masks/PY79_55_cp_masks.tif,PY79_55_cp_masks.tif,43,0.776140382332139,3.829950381795473,7.647668796393379,1.3669649077884471
942,1,/Users/reyesmatte/Desktop/copypasta/20260226/processed_masks/PY79_55_cp_masks.tif,PY79_55_cp_masks.tif,44,0.8840422029274674,4.2606551292984065,9.516563438911614,1.9267051281016727
943,1,/Users/reyesmatte/Desktop/copypasta/20260226/processed_masks/PY79_55_cp_masks.tif,PY79_55_cp_masks.tif,45,0.9078330804508672,3.5903000670503964,8.450456841166666,1.7217448557794413
944,1,/Users/reyesmatte/Desktop/copypasta/20260226/processed_masks/PY79_55_cp_masks.tif,PY79_55_cp_masks.tif,46,0.8008568938411857,3.8143071240590336,7.414823556360218,1.3683678347754882
945,1,/Users/reyesmatte/Desktop/copypasta/20260226/processed_masks/PY79_55_cp_masks.tif,PY79_55_cp_masks.tif,47,0.9002745623215678,3.2833414113061394,7.9158686408695145,1.5920483802227658
946,1,/Users/reyesmatte/Desktop/copypasta/20260226/processed_masks/PY79_55_cp_masks.tif,PY79_55_cp_masks.tif,48,0.7527955530614165,4.239886674671751,8.130743754263465,1.4206580617316287
947,1,/Users/reyesmatte/Desktop/copypasta/20260226/processed_masks/PY79_55_cp_masks.tif,PY79_55_cp_masks.tif,49,0.8980790383048507,3.434683567294101,7.8358993533967745,1.5782614413514224
948,1,/Users/reyesmatte/Desktop/copypasta/20260226/processed_masks/PY79_55_cp_masks.tif,PY79_55_cp_masks.tif,50,0.7484784572989651,7.144461323772512,13.19261601572984,2.365501831283628
949,1,/Users/reyesmatte/Desktop/copypasta/20260226/processed_masks/PY79_55_cp_masks.tif,PY79_55_cp_masks.tif,51,0.873878018738599,5.896360172723608,12.470255083528013,2.5556634009866164
950,1,/Users/reyesmatte/Desktop/copypasta/20260226/processed_masks/PY79_55_cp_masks.tif,PY79_55_cp_masks.tif,52,0.7387273704840173,6.193522281553706,11.75996271594828,2.0707870999221245
951,1,/Users/reyesmatte/Desktop/copypasta/20260226/processed_masks/PY79_55_cp_masks.tif,PY79_55_cp_masks.tif,53,0.785271728509145,6.838487006190897,12.65290424327837,2.3863035396547323
952,1,/Users/reyesmatte/Desktop/copypasta/20260226/processed_masks/PY79_55_cp_masks.tif,PY79_55_cp_masks.tif,54,0.7235753522179446,4.894863054923581,9.150526503620345,1.5769338932668893
953,1,/Users/reyesmatte/Desktop/copypasta/20260226/processed_masks/PY79_55_cp_masks.tif,PY79_55_cp_masks.tif,55,0.759429171427841,6.469821012422925,12.588257075958312,2.2953719149964047
954,1,/Users/reyesmatte/Desktop/copypasta/20260226/processed_masks/PY79_55_cp_masks.tif,PY79_55_cp_masks.tif,56,0.6793527853622265,10.157492683322614,10.432920978471735,1.7764042481453561
955,1,/Users/reyesmatte/Desktop/copypasta/20260226/processed_masks/PY79_55_cp_masks.tif,PY79_55_cp_masks.tif,57,0.713326827449555,4.638413268304159,9.480097587684401,1.6121305605990548
956,1,/Users/reyesmatte/Desktop/copypasta/20260226/processed_masks/PY79_55_cp_masks.tif,PY79_55_cp_masks.tif,58,0.689273505456072,7.513176980536298,14.068953655316962,2.4084266324475467
957,1,/Users/reyesmatte/Desktop/copypasta/20260226/processed_masks/PY79_55_cp_masks.tif,PY79_55_cp_masks.tif,59,0.6883268740310892,4.588111949796085,9.299643637607618,1.5328649560609124
958,1,/Users/reyesmatte/Desktop/copypasta/20260226/processed_masks/PY79_55_cp_masks.tif,PY79_55_cp_masks.tif,60,0.6860714944025351,5.415445277255302,10.940727476191041,1.8101121086414727
959,1,/Users/reyesmatte/Desktop/copypasta/20260226/processed_masks/PY79_55_cp_masks.tif,PY79_55_cp_masks.tif,61,0.7534342908071201,4.414892189608164,10.02981127177807,1.798128840306413
960,1,/Users/reyesmatte/Desktop/copypasta/20260226/processed_masks/PY79_55_cp_masks.tif,PY79_55_cp_masks.tif,62,0.7451503508926474,4.608368752108164,10.385385093984956,1.8486906310505888
961,1,/Users/reyesmatte/Desktop/copypasta/20260226/processed_masks/PY79_55_cp_masks.tif,PY79_55_cp_masks.tif,63,0.6585042182100754,5.791333292214519,11.211258933709605,1.7797750341949679
962,1,/Users/reyesmatte/Desktop/copypasta/20260226/processed_masks/PY79_55_cp_masks.tif,PY79_55_cp_masks.tif,64,0.6497636192973832,5.126179669877652,10.051585088712088,1.576123377030929
963,1,/Users/reyesmatte/Desktop/copypasta/20260226/processed_masks/PY79_55_cp_masks.tif,PY79_55_cp_masks.tif,65,0.6938554111728831,6.351090319329852,12.20708980195128,2.0669057784591645
964,1,/Users/reyesmatte/Desktop/copypasta/20260226/processed_masks/PY79_55_cp_masks.tif,PY79_55_cp_masks.tif,66,0.7172961241522198,5.627743418816522,9.276878659995555,1.5948717826237055
965,1,/Users/reyesmatte/Desktop/copypasta/20260226/processed_masks/PY79_55_cp_masks.tif,PY79_55_cp_masks.tif,67,0.7078203589972888,2.4331562235664776,4.668817745152426,0.776685285598025
966,1,/Users/reyesmatte/Desktop/copypasta/20260226/processed_masks/PY79_55_cp_masks.tif,PY79_55_cp_masks.tif,68,0.7023840624163512,5.068107870086712,9.856832295271404,1.650810287520878
967,1,/Users/reyesmatte/Desktop/copypasta/20260226/processed_masks/PY79_55_cp_masks.tif,PY79_55_cp_masks.tif,69,0.7400737538128236,5.126179669877652,11.384681723139364,2.0471907274641614
968,1,/Users/reyesmatte/Desktop/copypasta/20260226/processed_masks/PY79_55_cp_masks.tif,PY79_55_cp_masks.tif,70,0.7282212657411988,4.88192452711331,9.247884901969025,1.5916360144912551
969,1,/Users/reyesmatte/Desktop/copypasta/20260226/processed_masks/PY79_55_cp_masks.tif,PY79_55_cp_masks.tif,71,0.7007491927843377,6.749107779957019,7.1390538934752445,1.1671024894016018
970,1,/Users/reyesmatte/Desktop/copypasta/20260226/processed_masks/PY79_55_cp_masks.tif,PY79_55_cp_masks.tif,72,0.6699313149062425,5.353601586950176,9.153078032616873,1.4593326620439964
971,1,/Users/reyesmatte/Desktop/copypasta/20260226/processed_masks/PY79_55_cp_masks.tif,PY79_55_cp_masks.tif,73,0.694001271274246,5.486323449792087,11.221542377408428,1.8784123842040228
972,1,/Users/reyesmatte/Desktop/copypasta/20260226/processed_masks/PY79_3_cp_masks.tif,PY79_3_cp_masks.tif,1,0.6665035042761092,3.431212098327127,5.497350474064555,0.9504898494729391
973,1,/Users/reyesmatte/Desktop/copypasta/20260226/processed_masks/PY79_3_cp_masks.tif,PY79_3_cp_masks.tif,2,0.7268460583096537,5.040506463401359,9.258972264730344,1.5976134664255255
974,1,/Users/reyesmatte/Desktop/copypasta/20260226/processed_masks/PY79_3_cp_masks.tif,PY79_3_cp_masks.tif,3,0.7758315792536945,12.244748230751503,22.52690093483573,4.274686328306106
975,1,/Users/reyesmatte/Desktop/copypasta/20260226/processed_masks/PY79_3_cp_masks.tif,PY79_3_cp_masks.tif,4,0.777199815958052,5.5852188028222916,12.169888485469137,2.245227064535491
976,1,/Users/reyesmatte/Desktop/copypasta/20260226/processed_masks/PY79_3_cp_masks.tif,PY79_3_cp_masks.tif,5,0.7865465399225752,5.2455564945337665,11.698930574541587,2.2183102518542226
977,1,/Users/reyesmatte/Desktop/copypasta/20260226/processed_masks/PY79_3_cp_masks.tif,PY79_3_cp_masks.tif,6,0.7267187962547825,6.279445153898858,10.986207747419154,1.9963480378825182
978,1,/Users/reyesmatte/Desktop/copypasta/20260226/processed_masks/PY79_3_cp_masks.tif,PY79_3_cp_masks.tif,7,0.7668843521094356,4.733693954590184,8.761917248876149,1.6403100897206067
979,1,/Users/reyesmatte/Desktop/copypasta/20260226/processed_masks/PY79_3_cp_masks.tif,PY79_3_cp_masks.tif,8,0.7681432896479651,7.074010301926079,16.196248648196864,3.0057271583743623
980,1,/Users/reyesmatte/Desktop/copypasta/20260226/processed_masks/PY79_3_cp_masks.tif,PY79_3_cp_masks.tif,9,0.7879848635194702,4.442392101496419,8.595545793694566,1.577904151731784
981,1,/Users/reyesmatte/Desktop/copypasta/20260226/processed_masks/PY79_3_cp_masks.tif,PY79_3_cp_masks.tif,10,0.8039225121873047,6.469849361121086,12.553361411548089,2.396433371312451
982,1,/Users/reyesmatte/Desktop/copypasta/20260226/processed_masks/PY79_3_cp_masks.tif,PY79_3_cp_masks.tif,11,0.7794342894715415,8.971707282026598,21.43863442851203,4.061049874945724
983,1,/Users/reyesmatte/Desktop/copypasta/20260226/processed_masks/PY79_3_cp_masks.tif,PY79_3_cp_masks.tif,12,0.7121239633785542,0.7766161508785543,1.8826949607030838,0.2408365482965331
984,1,/Users/reyesmatte/Desktop/copypasta/20260226/processed_masks/PY79_3_cp_masks.tif,PY79_3_cp_masks.tif,13,0.8076954459203848,6.317966187542855,11.98905600959874,2.3113035500508725
985,1,/Users/reyesmatte/Desktop/copypasta/20260226/processed_masks/PY79_3_cp_masks.tif,PY79_3_cp_masks.tif,14,0.6849701563970713,3.9590013314315375,8.064550343508273,1.3023887882470355
986,1,/Users/reyesmatte/Desktop/copypasta/20260226/processed_masks/PY79_3_cp_masks.tif,PY79_3_cp_masks.tif,15,0.6965245121075238,7.412804617010604,14.854334771459579,2.511797404635638
987,1,/Users/reyesmatte/Desktop/copypasta/20260226/processed_masks/PY79_3_cp_masks.tif,PY79_3_cp_masks.tif,16,0.7150314982229639,5.294942590655688,11.117570209770923,1.906008209688551
988,1,/Users/reyesmatte/Desktop/copypasta/20260226/processed_masks/PY79_3_cp_masks.tif,PY79_3_cp_masks.tif,17,0.8048331698606445,6.847875116593516,16.40698388872573,3.1898450252060426
989,1,/Users/reyesmatte/Desktop/copypasta/20260226/processed_masks/PY79_3_cp_masks.tif,PY79_3_cp_masks.tif,18,0.7505048402947682,4.3833092167807655,9.660395044312896,1.779355014267088
990,1,/Users/reyesmatte/Desktop/copypasta/20260226/processed_masks/PY79_3_cp_masks.tif,PY79_3_cp_masks.tif,19,0.7239327112769273,4.824113307661146,10.233570535884327,1.8248606259368458
991,1,/Users/reyesmatte/Desktop/copypasta/20260226/processed_masks/PY79_3_cp_masks.tif,PY79_3_cp_masks.tif,20,0.8020416587224276,6.2885448774153385,11.904342854464657,2.259411127499285
992,1,/Users/reyesmatte/Desktop/copypasta/20260226/processed_masks/PY79_3_cp_masks.tif,PY79_3_cp_masks.tif,21,0.814438218074769,7.710269320898028,10.792236607557706,2.0637637588747526
993,1,/Users/reyesmatte/Desktop/copypasta/20260226/processed_masks/PY79_3_cp_masks.tif,PY79_3_cp_masks.tif,22,0.7386870736648781,4.2514601433041594,9.017930674251877,1.5756137117282618
994,1,/Users/reyesmatte/Desktop/copypasta/20260226/processed_masks/PY79_3_cp_masks.tif,PY79_3_cp_masks.tif,23,0.7743917819748616,3.900228638623509,8.654545692626868,1.5601121432952734
995,1,/Users/reyesmatte/Desktop/copypasta/20260226/processed_masks/PY79_3_cp_masks.tif,PY79_3_cp_masks.tif,24,0.742115963054568,4.244832745191188,9.275534081202473,1.6200738183411445
996,1,/Users/reyesmatte/Desktop/copypasta/20260226/processed_masks/PY79_3_cp_masks.tif,PY79_3_cp_masks.tif,25,0.6920492145068416,5.431256533890755,11.121702836127614,1.8580066887580269
997,1,/Users/reyesmatte/Desktop/copypasta/20260226/processed_masks/PY79_3_cp_masks.tif,PY79_3_cp_masks.tif,26,0.8205914396964474,7.829408175708297,17.412582165681975,3.443340596888875
998,1,/Users/reyesmatte/Desktop/copypasta/20260226/processed_masks/PY79_3_cp_masks.tif,PY79_3_cp_masks.tif,27,0.893422211123772,8.650032717685244,21.252082832096715,4.582428111996829
999,1,/Users/reyesmatte/Desktop/copypasta/20260226/processed_masks/PY79_3_cp_masks.tif,PY79_3_cp_masks.tif,28,0.8302952744904624,6.715941572946447,14.483734687965718,2.8710570249567144
1000,1,/Users/reyesmatte/Desktop/copypasta/20260226/processed_masks/PY79_3_cp_masks.tif,PY79_3_cp_masks.tif,29,0.9025796361456412,4.235940129795765,10.136944045570594,2.1027887116826824
1001,1,/Users/reyesmatte/Desktop/copypasta/20260226/processed_masks/PY79_3_cp_masks.tif,PY79_3_cp_masks.tif,30,0.8047659969044871,5.928397259899763,11.703365585263706,2.227914924542621
1002,1,/Users/reyesmatte/Desktop/copypasta/20260226/processed_masks/PY79_3_cp_masks.tif,PY79_3_cp_masks.tif,31,0.8216125757772218,4.611028543036299,9.95033740592605,1.9146364708906
1003,1,/Users/reyesmatte/Desktop/copypasta/20260226/processed_masks/PY79_3_cp_masks.tif,PY79_3_cp_masks.tif,32,0.7587999301217525,7.044884301839187,14.612746110466064,2.6679671654676103
1004,1,/Users/reyesmatte/Desktop/copypasta/20260226/processed_masks/PY79_3_cp_masks.tif,PY79_3_cp_masks.tif,33,0.8116691029193952,4.427806109397832,8.657864087189306,1.626742808827878
1005,1,/Users/reyesmatte/Desktop/copypasta/20260226/processed_masks/PY79_3_cp_masks.tif,PY79_3_cp_masks.tif,34,0.708977223534594,3.9929830347125344,6.98702622438539,1.1791457811719477
1006,1,/Users/reyesmatte/Desktop/copypasta/20260226/processed_masks/PY79_3_cp_masks.tif,PY79_3_cp_masks.tif,35,0.6533744241528314,5.231786234562083,8.622205807171452,1.3580022461209296
1007,1,/Users/reyesmatte/Desktop/copypasta/20260226/processed_masks/PY79_3_cp_masks.tif,PY79_3_cp_masks.tif,36,0.6923672191047079,4.2896183014386695,8.235320153001423,1.3603608895793382
1008,1,/Users/reyesmatte/Desktop/copypasta/20260226/processed_masks/PY79_3_cp_masks.tif,PY79_3_cp_masks.tif,37,0.7332791694241145,4.655988518435843,10.052856651082386,1.7480343356718058
1009,1,/Users/reyesmatte/Desktop/copypasta/20260226/processed_masks/PY79_3_cp_masks.tif,PY79_3_cp_masks.tif,38,0.7482947450991294,4.090507724388257,8.008854962574297,1.3946735909375505
1010,1,/Users/reyesmatte/Desktop/copypasta/20260226/processed_masks/PY79_3_cp_masks.tif,PY79_3_cp_masks.tif,39,0.7540029803336303,3.8475024541813823,7.521884585101315,1.3178060440313129
1011,1,/Users/reyesmatte/Desktop/copypasta/20260226/processed_masks/PY79_3_cp_masks.tif,PY79_3_cp_masks.tif,41,0.6786316866791209,5.69167879795428,11.042770814099743,1.8039955356167912
1012,1,/Users/reyesmatte/Desktop/copypasta/20260226/processed_masks/PY79_3_cp_masks.tif,PY79_3_cp_masks.tif,42,0.7257583124657379,5.772712598554483,11.652051150594158,2.027330626119785
1013,1,/Users/reyesmatte/Desktop/copypasta/20260226/processed_masks/PY79_3_cp_masks.tif,PY79_3_cp_masks.tif,43,0.6578213057988601,4.451418497196899,8.827836961899528,1.3854451987626697
1014,1,/Users/reyesmatte/Desktop/copypasta/20260226/processed_masks/PY79_3_cp_masks.tif,PY79_3_cp_masks.tif,44,0.7750250110460124,3.8833062609193365,9.392957869778865,1.701499640217545
1015,1,/Users/reyesmatte/Desktop/copypasta/20260226/processed_masks/PY79_3_cp_masks.tif,PY79_3_cp_masks.tif,45,0.7752274431077705,4.189245937912976,9.579506710692494,1.769911394607158
1016,1,/Users/reyesmatte/Desktop/copypasta/20260226/processed_masks/PY79_3_cp_masks.tif,PY79_3_cp_masks.tif,46,0.7927361676553751,5.162814063877269,12.060228183305075,2.2688548616937756
1017,1,/Users/reyesmatte/Desktop/copypasta/20260226/processed_masks/PY79_3_cp_masks.tif,PY79_3_cp_masks.tif,47,0.8036872930969765,4.838913959507645,11.506882195261616,2.1992665960047675
1018,1,/Users/reyesmatte/Desktop/copypasta/20260226/processed_masks/PY79_3_cp_masks.tif,PY79_3_cp_masks.tif,48,0.8312553951998587,4.116434889959217,10.982019638168865,2.1449435229028997
1019,1,/Users/reyesmatte/Desktop/copypasta/20260226/processed_masks/PY79_3_cp_masks.tif,PY79_3_cp_masks.tif,49,0.8121831169808229,4.8361322924667105,9.792876974631922,1.9452594009310549
1020,1,/Users/reyesmatte/Desktop/copypasta/20260226/processed_masks/PY79_3_cp_masks.tif,PY79_3_cp_masks.tif,50,0.8125871107627549,4.403989907514006,10.866057922349487,2.0808548485459144
1021,1,/Users/reyesmatte/Desktop/copypasta/20260226/processed_masks/PY79_3_cp_masks.tif,PY79_3_cp_masks.tif,51,0.8376596522005821,5.021233782355588,10.027399712207929,2.055734790112547
1022,1,/Users/reyesmatte/Desktop/copypasta/20260226/processed_masks/PY79_3_cp_masks.tif,PY79_3_cp_masks.tif,52,0.7912265696109604,4.850826846390754,11.466983728945696,2.149579682049438
1023,2,/Users/reyesmatte/Desktop/copypasta/20260226/processed_masks/PY79_53_cp_masks.tif,PY79_53_cp_masks.tif,19,0.7612434941402485,6.522978999059032,13.595696348449673,2.488311499758969
1024,2,/Users/reyesmatte/Desktop/copypasta/20260226/processed_masks/PY79_53_cp_masks.tif,PY79_53_cp_masks.tif,32,0.7430050961480642,5.350516448947786,11.68758859697992,2.1010531587768986
1025,2,/Users/reyesmatte/Desktop/copypasta/20260226/processed_masks/PY79_53_cp_masks.tif,PY79_53_cp_masks.tif,47,0.821143595354775,5.964903513365922,12.042341360682443,2.371698845968786
1026,2,/Users/reyesmatte/Desktop/copypasta/20260226/processed_masks/PY79_53_cp_masks.tif,PY79_53_cp_masks.tif,59,0.763480646235051,5.3465325990538854,11.287171940359503,2.04817520172362
1027,2,/Users/reyesmatte/Desktop/copypasta/20260226/processed_masks/PY79_53_cp_masks.tif,PY79_53_cp_masks.tif,60,0.7695988166294347,5.9912916461072605,13.857480313207063,2.5778086314405337
1028,2,/Users/reyesmatte/Desktop/copypasta/20260226/processed_masks/PY79_53_cp_masks.tif,PY79_53_cp_masks.tif,62,0.7311069652637314,5.718648723498916,12.163503249190176,2.1288885497528813
1029,2,/Users/reyesmatte/Desktop/copypasta/20260226/processed_masks/PY79_53_cp_masks.tif,PY79_53_cp_masks.tif,65,0.7733285949119346,3.981131551513104,8.749268346189627,1.577107851290387
1030,2,/Users/reyesmatte/Desktop/copypasta/20260226/processed_masks/PY79_53_cp_masks.tif,PY79_53_cp_masks.tif,66,0.7607394269762412,3.6879312256746393,7.884743018778926,1.393353615515544
1031,2,/Users/reyesmatte/Desktop/copypasta/20260226/processed_masks/PY79_53_cp_masks.tif,PY79_53_cp_masks.tif,67,0.7702742046148928,6.159540578272713,13.247389224119683,2.4404391071188214
1032,2,/Users/reyesmatte/Desktop/copypasta/20260226/processed_masks/PY79_53_cp_masks.tif,PY79_53_cp_masks.tif,69,0.7120330111962995,3.9984198186440443,8.521972683631393,1.5044396422921937
1033,2,/Users/reyesmatte/Desktop/copypasta/20260226/processed_masks/PY79_53_cp_masks.tif,PY79_53_cp_masks.tif,75,0.7398639092763252,4.463710893444127,9.420634546427458,1.6794941492190207
1034,2,/Users/reyesmatte/Desktop/copypasta/20260226/processed_masks/PY79_53_cp_masks.tif,PY79_53_cp_masks.tif,82,0.8095594460452517,6.409704456431536,12.654872570292536,2.4330066090542872
1035,2,/Users/reyesmatte/Desktop/copypasta/20260226/processed_masks/PY79_53_cp_masks.tif,PY79_53_cp_masks.tif,83,0.7689780856242556,3.1629648613499732,6.852630530850009,1.2035178289137844
1036,2,/Users/reyesmatte/Desktop/copypasta/20260226/processed_masks/PY79_53_cp_masks.tif,PY79_53_cp_masks.tif,89,0.8190869564407907,5.015854225363074,11.402379437794123,2.1980360598409274
1037,2,/Users/reyesmatte/Desktop/copypasta/20260226/processed_masks/PY79_53_cp_masks.tif,PY79_53_cp_masks.tif,91,0.771078347513272,2.9686102960800516,6.176400993553577,1.0943976537687872
1038,2,/Users/reyesmatte/Desktop/copypasta/20260226/processed_masks/PY79_53_cp_masks.tif,PY79_53_cp_masks.tif,92,0.7658297202651593,6.020690030740214,13.259152915164092,2.429224009330869
1039,2,/Users/reyesmatte/Desktop/copypasta/20260226/processed_masks/PY79_53_cp_masks.tif,PY79_53_cp_masks.tif,95,0.7544582625001143,6.20759124297907,13.41263206792847,2.436800186222982
1040,2,/Users/reyesmatte/Desktop/copypasta/20260226/processed_masks/PY79_53_cp_masks.tif,PY79_53_cp_masks.tif,107,0.8053027503289402,5.622773219962376,10.874531389876411,2.0720194226319264
1041,2,/Users/reyesmatte/Desktop/copypasta/20260226/processed_masks/PY79_53_cp_masks.tif,PY79_53_cp_masks.tif,123,0.778453585176723,5.8252993559086335,12.68410789627248,2.3508481609615055
1042,2,/Users/reyesmatte/Desktop/copypasta/20260226/processed_masks/PY79_53_cp_masks.tif,PY79_53_cp_masks.tif,133,0.7648138912151401,6.483164104572527,13.367220288401867,2.4570853327290547
1043,2,/Users/reyesmatte/Desktop/copypasta/20260226/processed_masks/PY79_53_cp_masks.tif,PY79_53_cp_masks.tif,144,0.8163435614987383,6.035561880922064,12.014197448352704,2.3322866502122355
1044,2,/Users/reyesmatte/Desktop/copypasta/20260226/processed_masks/PY79_53_cp_masks.tif,PY79_53_cp_masks.tif,158,0.8186629735812796,3.6208383306436343,8.174708553101734,1.531542137341945
1045,2,/Users/reyesmatte/Desktop/copypasta/20260226/processed_masks/PY79_53_cp_masks.tif,PY79_53_cp_masks.tif,168,0.8121737032709304,3.613399569061019,8.374691818278343,1.5814282746663715
1046,2,/Users/reyesmatte/Desktop/copypasta/20260226/processed_masks/PY79_53_cp_masks.tif,PY79_53_cp_masks.tif,181,0.7616478073860772,6.840397312035915,13.8299164307599,2.5703308968697605
1047,2,/Users/reyesmatte/Desktop/copypasta/20260226/processed_masks/PY79_53_cp_masks.tif,PY79_53_cp_masks.tif,204,0.7872601549116129,4.169025514647633,8.034728052180332,1.5228439196415366
1048,2,/Users/reyesmatte/Desktop/copypasta/20260226/processed_masks/PY79_53_cp_masks.tif,PY79_53_cp_masks.tif,218,0.7917877407202817,7.457851430332385,16.204235650386618,3.091602599880013
1049,2,/Users/reyesmatte/Desktop/copypasta/20260226/processed_masks/PY79_53_cp_masks.tif,PY79_53_cp_masks.tif,252,0.7605905978195233,4.052417303011854,8.667052588580791,1.5434695513394767
1050,2,/Users/reyesmatte/Desktop/copypasta/20260226/processed_masks/PY79_53_cp_masks.tif,PY79_53_cp_masks.tif,272,0.7577873788998771,3.7388112302019296,8.431288996869357,1.4858157291134044
1051,2,/Users/reyesmatte/Desktop/copypasta/20260226/processed_masks/PY79_53_cp_masks.tif,PY79_53_cp_masks.tif,298,0.7871951401844001,4.036361295361062,9.702098393557218,1.7920373200110449
1052,2,/Users/reyesmatte/Desktop/copypasta/20260226/processed_masks/PY79_53_cp_masks.tif,PY79_53_cp_masks.tif,323,0.7776933413640246,3.7357138199489475,7.6062766827802735,1.359963057127866
1053,2,/Users/reyesmatte/Desktop/copypasta/20260226/processed_masks/PY79_53_cp_masks.tif,PY79_53_cp_masks.tif,333,0.791878656901136,7.202831848979454,16.738784294776842,3.214855014540699
1054,2,/Users/reyesmatte/Desktop/copypasta/20260226/processed_masks/PY79_27_cp_masks.tif,PY79_27_cp_masks.tif,2,0.7258957724189288,5.479876061071622,10.170500482680342,1.7954731888167133
1055,2,/Users/reyesmatte/Desktop/copypasta/20260226/processed_masks/PY79_27_cp_masks.tif,PY79_27_cp_masks.tif,4,0.7977518626500006,5.137407357960081,9.90407500755658,1.8783095725392713
1056,2,/Users/reyesmatte/Desktop/copypasta/20260226/processed_masks/PY79_27_cp_masks.tif,PY79_27_cp_masks.tif,5,0.7917416697497016,5.060763265713437,10.46913099434696,1.9485514960986567
1057,2,/Users/reyesmatte/Desktop/copypasta/20260226/processed_masks/PY79_27_cp_masks.tif,PY79_27_cp_masks.tif,6,0.8006234656658916,4.8240216780498715,9.370454297013572,1.8722065347166834
1058,2,/Users/reyesmatte/Desktop/copypasta/20260226/processed_masks/PY79_27_cp_masks.tif,PY79_27_cp_masks.tif,9,0.8187582654006446,5.644117066885297,13.355070578560559,2.618929459181422
1059,2,/Users/reyesmatte/Desktop/copypasta/20260226/processed_masks/PY79_27_cp_masks.tif,PY79_27_cp_masks.tif,10,0.8452903535779365,4.370880811865218,9.440498093604086,1.83898697581719
1060,2,/Users/reyesmatte/Desktop/copypasta/20260226/processed_masks/PY79_27_cp_masks.tif,PY79_27_cp_masks.tif,13,0.7312242304284814,4.325498477464363,7.89529528398372,1.4138651635041282
1061,2,/Users/reyesmatte/Desktop/copypasta/20260226/processed_masks/PY79_27_cp_masks.tif,PY79_27_cp_masks.tif,14,0.8008019777829696,4.722433861418052,11.318174081768433,2.13627061040905
1062,2,/Users/reyesmatte/Desktop/copypasta/20260226/processed_masks/PY79_27_cp_masks.tif,PY79_27_cp_masks.tif,20,0.6923598226085327,7.325520950995165,7.676831824458082,1.2985953256129006
1063,2,/Users/reyesmatte/Desktop/copypasta/20260226/processed_masks/PY79_27_cp_masks.tif,PY79_27_cp_masks.tif,21,0.7697079560590604,4.501514597189728,10.76814544869924,1.9596456718503064
1064,2,/Users/reyesmatte/Desktop/copypasta/20260226/processed_masks/PY79_27_cp_masks.tif,PY79_27_cp_masks.tif,22,0.7548980290762385,4.259194275878555,9.741115026862506,1.746724353049835
1065,2,/Users/reyesmatte/Desktop/copypasta/20260226/processed_masks/PY79_27_cp_masks.tif,PY79_27_cp_masks.tif,23,0.6256397918899445,3.5875338071737364,6.104001112438187,0.9123594240948953
1066,2,/Users/reyesmatte/Desktop/copypasta/20260226/processed_masks/PY79_27_cp_masks.tif,PY79_27_cp_masks.tif,24,0.6828477901543177,4.155024966863466,8.065090677091016,1.2956935786575143
1067,2,/Users/reyesmatte/Desktop/copypasta/20260226/processed_masks/PY79_27_cp_masks.tif,PY79_27_cp_masks.tif,26,0.6651826575528117,3.317652170290627,6.196884953138798,0.9634508322375627
1068,2,/Users/reyesmatte/Desktop/copypasta/20260226/processed_masks/PY79_27_cp_masks.tif,PY79_27_cp_masks.tif,28,0.6868682488927541,6.804438126909852,12.29093637508407,2.0640418168040267
1069,2,/Users/reyesmatte/Desktop/copypasta/20260226/processed_masks/PY79_27_cp_masks.tif,PY79_27_cp_masks.tif,31,0.7441153143730086,8.505639181764934,10.43892106974768,1.864293403996285
1070,2,/Users/reyesmatte/Desktop/copypasta/20260226/processed_masks/PY79_27_cp_masks.tif,PY79_27_cp_masks.tif,32,0.7581646021200555,7.753014128955334,9.644321919200014,1.756460430685154
1071,2,/Users/reyesmatte/Desktop/copypasta/20260226/processed_masks/PY79_27_cp_masks.tif,PY79_27_cp_masks.tif,33,0.7891124709183011,8.221708863521696,19.39931049367401,3.7177379719421295
1072,2,/Users/reyesmatte/Desktop/copypasta/20260226/processed_masks/PY79_27_cp_masks.tif,PY79_27_cp_masks.tif,34,0.758495941493627,4.311477098566999,9.534503058962128,1.6986153689959826
1073,2,/Users/reyesmatte/Desktop/copypasta/20260226/processed_masks/PY79_27_cp_masks.tif,PY79_27_cp_masks.tif,35,0.7625503552129702,3.5991581167900204,8.191098128542516,1.4474011629873087
1074,2,/Users/reyesmatte/Desktop/copypasta/20260226/processed_masks/PY79_27_cp_masks.tif,PY79_27_cp_masks.tif,36,0.7647493871895885,4.5467242384581334,9.08373245864156,1.6249560353359347
1075,2,/Users/reyesmatte/Desktop/copypasta/20260226/processed_masks/PY79_27_cp_masks.tif,PY79_27_cp_masks.tif,37,0.7068651173564535,4.90677594180669,8.80516434162123,1.4780896827547227
1076,2,/Users/reyesmatte/Desktop/copypasta/20260226/processed_masks/PY79_27_cp_masks.tif,PY79_27_cp_masks.tif,38,0.7702043129187368,4.8004469099406935,10.606870395275791,1.926448250119404
1077,2,/Users/reyesmatte/Desktop/copypasta/20260226/processed_masks/PY79_27_cp_masks.tif,PY79_27_cp_masks.tif,39,0.8106035109205114,4.0151132547941,8.111260259174394,1.5155910058849744
1078,2,/Users/reyesmatte/Desktop/copypasta/20260226/processed_masks/PY79_27_cp_masks.tif,PY79_27_cp_masks.tif,40,0.751772808745787,4.919902352538798,10.43661500098896,1.9285122969624056
1079,2,/Users/reyesmatte/Desktop/copypasta/20260226/processed_masks/PY79_27_cp_masks.tif,PY79_27_cp_masks.tif,41,0.7411874446696535,4.22553724997348,8.358055519961002,1.4774577395987376
1080,2,/Users/reyesmatte/Desktop/copypasta/20260226/processed_masks/PY79_27_cp_masks.tif,PY79_27_cp_masks.tif,42,0.8088989804354592,8.559852632382796,19.491314972485295,3.825529087195347
1081,2,/Users/reyesmatte/Desktop/copypasta/20260226/processed_masks/PY79_27_cp_masks.tif,PY79_27_cp_masks.tif,43,0.8826519824892155,3.848226446227712,8.655199618281928,1.7360055500125235
1082,2,/Users/reyesmatte/Desktop/copypasta/20260226/processed_masks/PY79_27_cp_masks.tif,PY79_27_cp_masks.tif,44,0.7897773657416957,8.224065627359833,18.790549740630027,3.6852131632674654
1083,2,/Users/reyesmatte/Desktop/copypasta/20260226/processed_masks/PY79_27_cp_masks.tif,PY79_27_cp_masks.tif,45,0.847811865880452,7.875315039551388,19.107695109011466,3.9497185536324895
1084,2,/Users/reyesmatte/Desktop/copypasta/20260226/processed_masks/PY79_27_cp_masks.tif,PY79_27_cp_masks.tif,46,0.786339406638565,5.285316647484529,11.944814426969735,2.2239110476989534
1085,2,/Users/reyesmatte/Desktop/copypasta/20260226/processed_masks/PY79_27_cp_masks.tif,PY79_27_cp_masks.tif,47,0.8524330393851871,3.6741562147553033,8.942256885157574,1.8157300853908258
1086,2,/Users/reyesmatte/Desktop/copypasta/20260226/processed_masks/PY79_27_cp_masks.tif,PY79_27_cp_masks.tif,48,0.7851381429566491,4.6470393918238955,10.92276206600547,2.0184348764196964
1087,2,/Users/reyesmatte/Desktop/copypasta/20260226/processed_masks/PY79_27_cp_masks.tif,PY79_27_cp_masks.tif,49,0.7945277627562968,4.905008141823895,11.675110956415368,2.1945584475119073
1088,2,/Users/reyesmatte/Desktop/copypasta/20260226/processed_masks/PY79_27_cp_masks.tif,PY79_27_cp_masks.tif,50,0.7768435335096321,5.173879173918052,12.008324487964158,2.2174503744371976
1089,2,/Users/reyesmatte/Desktop/copypasta/20260226/processed_masks/PY79_27_cp_masks.tif,PY79_27_cp_masks.tif,51,0.7812660666665737,4.525585256631453,10.90716035659548,2.0136665027730123
1090,2,/Users/reyesmatte/Desktop/copypasta/20260226/processed_masks/PY79_27_cp_masks.tif,PY79_27_cp_masks.tif,52,0.7617589702733457,4.508725551581184,6.295305144718342,1.1284055815751566
1091,2,/Users/reyesmatte/Desktop/copypasta/20260226/processed_masks/PY79_27_cp_masks.tif,PY79_27_cp_masks.tif,53,0.874749708142704,12.301176532844387,31.212214282420238,6.701540805199452
1092,2,/Users/reyesmatte/Desktop/copypasta/20260226/processed_masks/PY79_27_cp_masks.tif,PY79_27_cp_masks.tif,55,0.719012561509242,5.722257786066477,12.51996779609426,2.1685390252501824
1093,2,/Users/reyesmatte/Desktop/copypasta/20260226/processed_masks/PY79_27_cp_masks.tif,PY79_27_cp_masks.tif,56,0.7807998745336893,6.30404922690742,13.779446936542028,2.59391385560637
1094,2,/Users/reyesmatte/Desktop/copypasta/20260226/processed_masks/PY79_27_cp_masks.tif,PY79_27_cp_masks.tif,57,0.709658021612686,14.16582530349106,26.965533757796354,4.765167878801046
1095,2,/Users/reyesmatte/Desktop/copypasta/20260226/processed_masks/PY79_27_cp_masks.tif,PY79_27_cp_masks.tif,59,0.7751166500711453,3.6027834024166077,8.321176577801578,1.5020614656155205
1096,2,/Users/reyesmatte/Desktop/copypasta/20260226/processed_masks/PY79_27_cp_masks.tif,PY79_27_cp_masks.tif,60,0.7909569888675966,3.412358364081185,8.350946999377458,1.5323381098536235
1097,2,/Users/reyesmatte/Desktop/copypasta/20260226/processed_masks/PY79_27_cp_masks.tif,PY79_27_cp_masks.tif,61,0.7703127041327041,12.06381881635043,15.251492779485524,2.821489701272033
1098,2,/Users/reyesmatte/Desktop/copypasta/20260226/processed_masks/PY79_27_cp_masks.tif,PY79_27_cp_masks.tif,62,0.7207557390221191,3.792926268921053,7.564460474597372,1.294029127695863
1099,2,/Users/reyesmatte/Desktop/copypasta/20260226/processed_masks/PY79_27_cp_masks.tif,PY79_27_cp_masks.tif,63,0.6938474747119385,6.643411286212958,7.819265317596576,1.2859548779268568
1100,2,/Users/reyesmatte/Desktop/copypasta/20260226/processed_masks/PY79_27_cp_masks.tif,PY79_27_cp_masks.tif,64,0.7001672877001339,12.814934870750344,14.925188161086082,2.5429771755945465
1101,2,/Users/reyesmatte/Desktop/copypasta/20260226/processed_masks/PY79_27_cp_masks.tif,PY79_27_cp_masks.tif,67,0.7581240971118516,5.778532537375664,11.679605693579134,2.112220136666242
1102,2,/Users/reyesmatte/Desktop/copypasta/20260226/processed_masks/PY79_27_cp_masks.tif,PY79_27_cp_masks.tif,70,0.7655815510656264,5.826528519344513,12.424226796232052,2.2767946751458354
1103,2,/Users/reyesmatte/Desktop/copypasta/20260226/processed_masks/PY79_27_cp_masks.tif,PY79_27_cp_masks.tif,71,0.7912009075187691,4.847538259492985,10.842987250940277,2.0390967935498683
1104,2,/Users/reyesmatte/Desktop/copypasta/20260226/processed_masks/PY79_27_cp_masks.tif,PY79_27_cp_masks.tif,72,0.8108177262659617,5.257483908959356,11.745773781335306,2.2509727177718957
1105,2,/Users/reyesmatte/Desktop/copypasta/20260226/processed_masks/PY79_6_cp_masks.tif,PY79_6_cp_masks.tif,68,0.7943778214308992,4.504845574656116,10.559068814222009,1.9944338783925133
1106,2,/Users/reyesmatte/Desktop/copypasta/20260226/processed_masks/PY79_6_cp_masks.tif,PY79_6_cp_masks.tif,69,0.8257792211675858,5.125198243053505,11.700598284867446,2.2787931472845524
1107,2,/Users/reyesmatte/Desktop/copypasta/20260226/processed_masks/PY79_6_cp_masks.tif,PY79_6_cp_masks.tif,70,0.7241748851303487,7.835496402273359,10.288928298924088,1.836516599363431
1108,2,/Users/reyesmatte/Desktop/copypasta/20260226/processed_masks/PY79_6_cp_masks.tif,PY79_6_cp_masks.tif,71,0.7310766003373496,5.414277628229715,10.830067910466969,1.9188889343508124
1109,2,/Users/reyesmatte/Desktop/copypasta/20260226/processed_masks/PY79_6_cp_masks.tif,PY79_6_cp_masks.tif,72,0.8049621985087122,4.274418816146217,10.342536019602049,1.9576793799880334
1110,2,/Users/reyesmatte/Desktop/copypasta/20260226/processed_masks/PY79_6_cp_masks.tif,PY79_6_cp_masks.tif,89,0.8167316670415525,7.485839896594669,12.916257032491716,2.5096919916829523
1111,2,/Users/reyesmatte/Desktop/copypasta/20260226/processed_masks/PY79_6_cp_masks.tif,PY79_6_cp_masks.tif,90,0.7831012285331923,9.487084023913011,13.78130060939864,2.575280541903325
1112,2,/Users/reyesmatte/Desktop/copypasta/20260226/processed_masks/PY79_6_cp_masks.tif,PY79_6_cp_masks.tif,91,0.8572777855791861,5.8436137943740745,13.371368758496576,2.715203114429856
1113,2,/Users/reyesmatte/Desktop/copypasta/20260226/processed_masks/PY79_6_cp_masks.tif,PY79_6_cp_masks.tif,92,0.7688910257741017,5.442158815984911,12.130069170644191,2.299437883510102
1114,2,/Users/reyesmatte/Desktop/copypasta/20260226/processed_masks/PY79_6_cp_masks.tif,PY79_6_cp_masks.tif,93,0.8456813345458474,6.288579636010222,14.395462106582581,2.956214316977092
1115,2,/Users/reyesmatte/Desktop/copypasta/20260226/processed_masks/PY79_6_cp_masks.tif,PY79_6_cp_masks.tif,95,0.8069293458146591,11.067966706930386,14.686751226315124,2.9212744135851456
1116,2,/Users/reyesmatte/Desktop/copypasta/20260226/processed_masks/PY79_6_cp_masks.tif,PY79_6_cp_masks.tif,96,0.7790352914056757,7.759294247336869,13.514606624290208,2.6084266047245057
1117,2,/Users/reyesmatte/Desktop/copypasta/20260226/processed_masks/PY79_6_cp_masks.tif,PY79_6_cp_masks.tif,99,0.8026843890286753,6.205658367562098,14.494200843563474,2.7888404679042904
1118,2,/Users/reyesmatte/Desktop/copypasta/20260226/processed_masks/PY79_6_cp_masks.tif,PY79_6_cp_masks.tif,100,0.7366671874348971,4.842910561787897,10.131286035945081,1.7814282469433311
1119,2,/Users/reyesmatte/Desktop/copypasta/20260226/processed_masks/PY79_6_cp_masks.tif,PY79_6_cp_masks.tif,102,0.8070989820733432,5.934694430639855,14.584269195406826,2.823521618146408
1120,2,/Users/reyesmatte/Desktop/copypasta/20260226/processed_masks/PY79_6_cp_masks.tif,PY79_6_cp_masks.tif,104,0.8527855587714985,6.06375153339506,14.080823270252695,2.8497087133091736
1121,2,/Users/reyesmatte/Desktop/copypasta/20260226/processed_masks/PY79_6_cp_masks.tif,PY79_6_cp_masks.tif,107,0.7167333275329458,5.301328575692471,10.559807966964883,1.8082554142498126
1122,2,/Users/reyesmatte/Desktop/copypasta/20260226/processed_masks/PY79_6_cp_masks.tif,PY79_6_cp_masks.tif,132,0.805999332645243,5.062636683482925,10.549486673884344,2.120085304115336
1123,2,/Users/reyesmatte/Desktop/copypasta/20260226/processed_masks/PY79_6_cp_masks.tif,PY79_6_cp_masks.tif,136,0.7861273797630672,5.708385022754989,11.38588066088563,2.1249262093643866
1124,2,/Users/reyesmatte/Desktop/copypasta/20260226/processed_masks/PY79_6_cp_masks.tif,PY79_6_cp_masks.tif,137,0.7761662418029582,4.5133410254139505,8.25350724535825,1.541644402595616
1125,2,/Users/reyesmatte/Desktop/copypasta/20260226/processed_masks/PY79_6_cp_masks.tif,PY79_6_cp_masks.tif,144,0.7756847993864178,4.229358271920755,8.299387505505335,1.4991471027647598
1126,2,/Users/reyesmatte/Desktop/copypasta/20260226/processed_masks/PY79_6_cp_masks.tif,PY79_6_cp_masks.tif,160,0.6560937742138137,4.7907551495921705,8.733663430926772,1.3977526152389774
1127,2,/Users/reyesmatte/Desktop/copypasta/20260226/processed_masks/PY79_6_cp_masks.tif,PY79_6_cp_masks.tif,171,0.7440874222314973,4.039004174648945,9.166182651592576,1.6186344831645911
1128,2,/Users/reyesmatte/Desktop/copypasta/20260226/processed_masks/PY79_6_cp_masks.tif,PY79_6_cp_masks.tif,188,0.7836884379331608,3.2974943188579675,7.709589457967119,1.3872202371622626
1129,2,/Users/reyesmatte/Desktop/copypasta/20260226/processed_masks/PY79_6_cp_masks.tif,PY79_6_cp_masks.tif,189,0.7263116821411061,4.953721227873167,8.994588698612402,1.5370893015336438
1130,2,/Users/reyesmatte/Desktop/copypasta/20260226/processed_masks/PY79_6_cp_masks.tif,PY79_6_cp_masks.tif,191,0.7606957008063645,3.472787692586914,8.061950826799153,1.443748208066115
1131,2,/Users/reyesmatte/Desktop/copypasta/20260226/processed_masks/PY79_6_cp_masks.tif,PY79_6_cp_masks.tif,198,0.7145854006879371,4.646908719061993,7.914316975117558,1.3309095548323961
1132,2,/Users/reyesmatte/Desktop/copypasta/20260226/processed_masks/PY79_6_cp_masks.tif,PY79_6_cp_masks.tif,203,0.7308671537568288,6.888689771933211,14.520581165118596,2.576339776700309
1133,2,/Users/reyesmatte/Desktop/copypasta/20260226/processed_masks/PY79_22_cp_masks.tif,PY79_22_cp_masks.tif,3,0.7150854378915683,3.636377565984911,7.391715246110634,1.233426795320408
1134,2,/Users/reyesmatte/Desktop/copypasta/20260226/processed_masks/PY79_22_cp_masks.tif,PY79_22_cp_masks.tif,12,0.6879036472841518,4.770523402255302,9.573334250064667,1.576685174705864
1135,2,/Users/reyesmatte/Desktop/copypasta/20260226/processed_masks/PY79_22_cp_masks.tif,PY79_22_cp_masks.tif,15,0.7709513757815312,3.216474055835973,6.566431211585132,1.1606318233398103
1136,2,/Users/reyesmatte/Desktop/copypasta/20260226/processed_masks/PY79_22_cp_masks.tif,PY79_22_cp_masks.tif,22,0.7650290767403095,6.376533202767065,11.919746847174473,2.209057433454885
1137,2,/Users/reyesmatte/Desktop/copypasta/20260226/processed_masks/PY79_22_cp_masks.tif,PY79_22_cp_masks.tif,24,0.7180862087551578,5.650436030331409,12.087758660947403,2.091540563507606
1138,2,/Users/reyesmatte/Desktop/copypasta/20260226/processed_masks/PY79_22_cp_masks.tif,PY79_22_cp_masks.tif,30,0.6908111667964066,3.2760421733585647,5.856373998603819,0.9362776833375575
1139,2,/Users/reyesmatte/Desktop/copypasta/20260226/processed_masks/PY79_22_cp_masks.tif,PY79_22_cp_masks.tif,32,0.8014791897748681,5.563850001796578,11.383985268619039,2.152894079228007
1140,2,/Users/reyesmatte/Desktop/copypasta/20260226/processed_masks/PY79_22_cp_masks.tif,PY79_22_cp_masks.tif,33,0.7532160755937801,5.442158815984911,12.258923189869595,2.201965986908832
1141,2,/Users/reyesmatte/Desktop/copypasta/20260226/processed_masks/PY79_22_cp_masks.tif,PY79_22_cp_masks.tif,38,0.7503487849326709,4.935713609174249,10.594618310075164,1.8837102607146383
1142,2,/Users/reyesmatte/Desktop/copypasta/20260226/processed_masks/PY79_22_cp_masks.tif,PY79_22_cp_masks.tif,40,0.7777055231257989,5.2174868203702065,10.865367800350755,2.005446398152096
1143,2,/Users/reyesmatte/Desktop/copypasta/20260226/processed_masks/PY79_22_cp_masks.tif,PY79_22_cp_masks.tif,46,0.7699122859422614,5.865746334984529,13.007572577203119,2.39694473157902
1144,2,/Users/reyesmatte/Desktop/copypasta/20260226/processed_masks/PY79_22_cp_masks.tif,PY79_22_cp_masks.tif,47,0.720028784666096,6.5616054246717495,12.774910797799192,2.208287539080175
1145,2,/Users/reyesmatte/Desktop/copypasta/20260226/processed_masks/PY79_22_cp_masks.tif,PY79_22_cp_masks.tif,49,0.7540611774016309,5.492568220903867,11.80820879072712,2.125410937423861
1146,2,/Users/reyesmatte/Desktop/copypasta/20260226/processed_masks/PY79_22_cp_masks.tif,PY79_22_cp_masks.tif,51,0.6979095487998709,4.380824027668279,8.404319141201114,1.4376080698829399
1147,2,/Users/reyesmatte/Desktop/copypasta/20260226/processed_masks/PY79_22_cp_masks.tif,PY79_22_cp_masks.tif,54,0.7150979322638576,6.467653448855116,12.132664881527521,2.082974477293164
1148,2,/Users/reyesmatte/Desktop/copypasta/20260226/processed_masks/PY79_22_cp_masks.tif,PY79_22_cp_masks.tif,58,0.76085272916412,3.9913385584971626,8.340237884035911,1.5172454548299996
1149,2,/Users/reyesmatte/Desktop/copypasta/20260226/processed_masks/PY79_22_cp_masks.tif,PY79_22_cp_masks.tif,61,0.7656147266723582,3.7035796543634656,7.952768049852364,1.4066035517145474
1150,2,/Users/reyesmatte/Desktop/copypasta/20260226/processed_masks/PY79_22_cp_masks.tif,PY79_22_cp_masks.tif,67,0.7632300346759306,4.593450251294707,9.369577408504016,1.7120484559056248
1151,2,/Users/reyesmatte/Desktop/copypasta/20260226/processed_masks/PY79_22_cp_masks.tif,PY79_22_cp_masks.tif,70,0.7065013593753172,4.574693776747603,8.190002900560154,1.3626080802790796
1152,2,/Users/reyesmatte/Desktop/copypasta/20260226/processed_masks/PY79_22_cp_masks.tif,PY79_22_cp_masks.tif,77,0.7246215334144214,4.44757717265046,7.994044837591208,1.4048442204287206
1153,2,/Users/reyesmatte/Desktop/copypasta/20260226/processed_masks/PY79_22_cp_masks.tif,PY79_22_cp_masks.tif,79,0.7681792877871305,4.132872704170897,7.866171981629484,1.440907039414996
1154,2,/Users/reyesmatte/Desktop/copypasta/20260226/processed_masks/PY79_22_cp_masks.tif,PY79_22_cp_masks.tif,85,0.8067652758804565,7.104880008613378,13.892375708019053,2.6848610832268696
1155,2,/Users/reyesmatte/Desktop/copypasta/20260226/processed_masks/PY79_22_cp_masks.tif,PY79_22_cp_masks.tif,88,0.7857480021459003,4.943083018617753,9.299944216145706,1.7468058734172567
1156,2,/Users/reyesmatte/Desktop/copypasta/20260226/processed_masks/PY79_22_cp_masks.tif,PY79_22_cp_masks.tif,94,0.7662674683187359,5.38346322107697,10.02227004610561,1.843715972343592
1157,2,/Users/reyesmatte/Desktop/copypasta/20260226/processed_masks/PY79_22_cp_masks.tif,PY79_22_cp_masks.tif,95,0.83385046464313,7.764735137478908,15.34308153896513,3.087374905601694
1158,2,/Users/reyesmatte/Desktop/copypasta/20260226/processed_masks/PY79_22_cp_masks.tif,PY79_22_cp_masks.tif,98,0.7350818005452511,2.953839870161147,6.163838123769223,1.0322813579863959
1159,2,/Users/reyesmatte/Desktop/copypasta/20260226/processed_masks/PY79_22_cp_masks.tif,PY79_22_cp_masks.tif,99,0.643755275756177,3.851984348566477,7.332109027066238,1.1174155754462727
1160,2,/Users/reyesmatte/Desktop/copypasta/20260226/processed_masks/PY79_22_cp_masks.tif,PY79_22_cp_masks.tif,101,0.8151466604226323,6.316049920136176,13.198918443539341,2.5548603156442002
1161,2,/Users/reyesmatte/Desktop/copypasta/20260226/processed_masks/PY79_22_cp_masks.tif,PY79_22_cp_masks.tif,102,0.7541723636171286,6.772628888605272,14.37718941330253,2.607725685959159
1162,2,/Users/reyesmatte/Desktop/copypasta/20260226/processed_masks/PY79_22_cp_masks.tif,PY79_22_cp_masks.tif,103,0.7710915808215364,5.270824965787006,10.499210107983973,1.910301563365033
1163,2,/Users/reyesmatte/Desktop/copypasta/20260226/processed_masks/PY79_22_cp_masks.tif,PY79_22_cp_masks.tif,104,0.71787586399366,3.1668109382724547,6.400756691038735,1.0847147687479703
1164,2,/Users/reyesmatte/Desktop/copypasta/20260226/processed_masks/PY79_22_cp_masks.tif,PY79_22_cp_masks.tif,107,0.7163618624207666,3.7765898789723202,7.983140136101197,1.3507033882914694
1165,2,/Users/reyesmatte/Desktop/copypasta/20260226/processed_masks/PY79_22_cp_masks.tif,PY79_22_cp_masks.tif,108,0.7643028251056768,3.8596078976458346,7.70210812754523,1.423792004491544
1166,2,/Users/reyesmatte/Desktop/copypasta/20260226/processed_masks/PY79_22_cp_masks.tif,PY79_22_cp_masks.tif,109,0.748632676450321,4.403116270550852,8.602623471271771,1.5196653673565768
1167,2,/Users/reyesmatte/Desktop/copypasta/20260226/processed_masks/PY79_22_cp_masks.tif,PY79_22_cp_masks.tif,110,0.7712072198195776,4.288931041803842,8.884909851833052,1.6227466600065117
1168,2,/Users/reyesmatte/Desktop/copypasta/20260226/processed_masks/PY79_22_cp_masks.tif,PY79_22_cp_masks.tif,111,0.7320667679721103,3.0310964637915303,6.323503587701451,1.0649506942394298
1169,2,/Users/reyesmatte/Desktop/copypasta/20260226/processed_masks/PY79_22_cp_masks.tif,PY79_22_cp_masks.tif,113,0.7530017290348424,4.340299129310863,8.52098286528543,1.5145421710726301
1170,2,/Users/reyesmatte/Desktop/copypasta/20260226/processed_masks/PY79_22_cp_masks.tif,PY79_22_cp_masks.tif,114,0.6667350410026742,3.941291602051388,6.8717066133006925,1.124157147545496
1171,2,/Users/reyesmatte/Desktop/copypasta/20260226/processed_masks/PY79_22_cp_masks.tif,PY79_22_cp_masks.tif,115,0.7622759108995693,3.2707068842241505,7.508174850904356,1.3305856128077682
1172,2,/Users/reyesmatte/Desktop/copypasta/20260226/processed_masks/PY79_22_cp_masks.tif,PY79_22_cp_masks.tif,122,0.6703914127714717,5.289572648944017,9.43496707107976,1.567164112243904
1173,2,/Users/reyesmatte/Desktop/copypasta/20260226/processed_masks/PY79_22_cp_masks.tif,PY79_22_cp_masks.tif,124,0.7199011647288187,3.1135594411462164,6.572739102281769,1.10458961059881
1174,2,/Users/reyesmatte/Desktop/copypasta/20260226/processed_masks/PY79_22_cp_masks.tif,PY79_22_cp_masks.tif,131,0.7479733830157154,3.963421822132954,8.16797139161798,1.483426760666608
1175,2,/Users/reyesmatte/Desktop/copypasta/20260226/processed_masks/PY79_22_cp_masks.tif,PY79_22_cp_masks.tif,136,0.7760315318511749,3.383317790526207,7.437355880690303,1.3224743834542934
1176,2,/Users/reyesmatte/Desktop/copypasta/20260226/processed_masks/PY79_22_cp_masks.tif,PY79_22_cp_masks.tif,143,0.7911313715768571,6.711613608608408,14.18559616222623,2.7042227860824415
1177,2,/Users/reyesmatte/Desktop/copypasta/20260226/processed_masks/PY79_22_cp_masks.tif,PY79_22_cp_masks.tif,149,0.7721430684819167,4.111790167627496,8.52879571456547,1.5480013130077226
1178,2,/Users/reyesmatte/Desktop/copypasta/20260226/processed_masks/PY79_22_cp_masks.tif,PY79_22_cp_masks.tif,153,0.7418182104254323,3.4411904136620497,7.508036390439687,1.2895628233995728
1179,2,/Users/reyesmatte/Desktop/copypasta/20260226/processed_masks/PY79_22_cp_masks.tif,PY79_22_cp_masks.tif,158,0.7453809124021961,5.5508156372920885,12.20625735620339,2.190771891468038
1180,2,/Users/reyesmatte/Desktop/copypasta/20260226/processed_masks/PY79_22_cp_masks.tif,PY79_22_cp_masks.tif,162,0.6931280426536346,3.6455692582562054,7.312568593987587,1.2135783595362544
1181,2,/Users/reyesmatte/Desktop/copypasta/20260226/processed_masks/PY79_22_cp_masks.tif,PY79_22_cp_masks.tif,167,0.7209627667600106,7.38815237897232,16.436625864691365,2.888905422264267
1182,2,/Users/reyesmatte/Desktop/copypasta/20260226/processed_masks/PY79_22_cp_masks.tif,PY79_22_cp_masks.tif,168,0.7376254785668171,5.9027958207562055,12.967764124577482,2.3582411222168878
1183,2,/Users/reyesmatte/Desktop/copypasta/20260226/processed_masks/PY79_22_cp_masks.tif,PY79_22_cp_masks.tif,172,0.7529922755417461,4.376403536966862,9.64956705166221,1.7172441909102971
1184,2,/Users/reyesmatte/Desktop/copypasta/20260226/processed_masks/PY79_22_cp_masks.tif,PY79_22_cp_masks.tif,174,0.6841697820775372,5.7439470931002425,10.842923078035207,1.796119299140359
1185,2,/Users/reyesmatte/Desktop/copypasta/20260226/processed_masks/PY79_22_cp_masks.tif,PY79_22_cp_masks.tif,176,0.7403768664016159,6.9105556692710515,12.459405500578008,2.2190794986286315
1186,2,/Users/reyesmatte/Desktop/copypasta/20260226/processed_masks/PY79_22_cp_masks.tif,PY79_22_cp_masks.tif,178,0.7259002339195073,4.485425255453104,9.144090990517006,1.5773944864291163
1187,2,/Users/reyesmatte/Desktop/copypasta/20260226/processed_masks/PY79_22_cp_masks.tif,PY79_22_cp_masks.tif,179,0.6651123946236362,5.264330682173736,10.056113128981128,1.6530896584970625
1188,2,/Users/reyesmatte/Desktop/copypasta/20260226/processed_masks/PY79_22_cp_masks.tif,PY79_22_cp_masks.tif,181,0.7458745824356885,4.458754398506397,9.243721605595988,1.644701401970118
1189,2,/Users/reyesmatte/Desktop/copypasta/20260226/processed_masks/PY79_22_cp_masks.tif,PY79_22_cp_masks.tif,183,0.7020866916007269,4.776968844939573,9.423442363730341,1.6108706302449924
1190,2,/Users/reyesmatte/Desktop/copypasta/20260226/processed_masks/PY79_22_cp_masks.tif,PY79_22_cp_masks.tif,184,0.6988232652546755,4.960803454423411,10.074156948017329,1.678226894765644
1191,2,/Users/reyesmatte/Desktop/copypasta/20260226/processed_masks/PY79_22_cp_masks.tif,PY79_22_cp_masks.tif,185,0.7532288229557274,5.555082197946447,10.459094441248928,1.933978503164667
1192,2,/Users/reyesmatte/Desktop/copypasta/20260226/processed_masks/PY79_22_cp_masks.tif,PY79_22_cp_masks.tif,186,0.7980205135720675,9.729429253572416,16.583500026039484,3.2188719109139567
1193,2,/Users/reyesmatte/Desktop/copypasta/20260226/processed_masks/PY79_22_cp_masks.tif,PY79_22_cp_masks.tif,187,0.7131937206656727,3.5232044476203632,7.128117132491721,1.2630629510015656
1194,2,/Users/reyesmatte/Desktop/copypasta/20260226/processed_masks/PY79_22_cp_masks.tif,PY79_22_cp_masks.tif,189,0.6999854679144667,3.8134192913703635,7.617837671978515,1.259692164951954
1195,2,/Users/reyesmatte/Desktop/copypasta/20260226/processed_masks/PY79_22_cp_masks.tif,PY79_22_cp_masks.tif,191,0.7244301898454258,7.486402038123008,13.135333172522891,2.3801571643928106
1196,2,/Users/reyesmatte/Desktop/copypasta/20260226/processed_masks/PY79_22_cp_masks.tif,PY79_22_cp_masks.tif,193,0.7343369033995496,7.8429060825876835,14.427754396261827,2.593258067501254
1197,2,/Users/reyesmatte/Desktop/copypasta/20260226/processed_masks/PY79_22_cp_masks.tif,PY79_22_cp_masks.tif,197,0.7405155721404858,6.661977788197443,12.644418144979065,2.2428380960886947
1198,2,/Users/reyesmatte/Desktop/copypasta/20260226/processed_masks/PY79_22_cp_masks.tif,PY79_22_cp_masks.tif,199,0.7619428106935546,5.329609242832383,9.813773857143842,1.8558022299062993
1199,2,/Users/reyesmatte/Desktop/copypasta/20260226/processed_masks/PY79_22_cp_masks.tif,PY79_22_cp_masks.tif,203,0.7367318996591035,5.754503844549402,10.695479236783548,1.9276696004500025
1200,2,/Users/reyesmatte/Desktop/copypasta/20260226/processed_masks/PY79_22_cp_masks.tif,PY79_22_cp_masks.tif,206,0.7302503314734052,4.486727553166612,8.26053503221495,1.443317209718062
1201,2,/Users/reyesmatte/Desktop/copypasta/20260226/processed_masks/PY79_22_cp_masks.tif,PY79_22_cp_masks.tif,207,0.8004709400953203,5.879553501088588,10.979933423376549,2.079308576611522
1202,2,/Users/reyesmatte/Desktop/copypasta/20260226/processed_masks/PY79_22_cp_masks.tif,PY79_22_cp_masks.tif,208,0.6925015374443764,5.925002410125509,10.6714251868255,1.7694913746792782
1203,2,/Users/reyesmatte/Desktop/copypasta/20260226/processed_masks/PY79_22_cp_masks.tif,PY79_22_cp_masks.tif,214,0.772059667562192,5.386021867985405,10.4066053250815,1.8950289464327132
1204,2,/Users/reyesmatte/Desktop/copypasta/20260226/processed_masks/PY79_44_cp_masks.tif,PY79_44_cp_masks.tif,14,0.7526722261142512,3.9500343509263103,7.324184669742338,1.4394269577136833
1205,2,/Users/reyesmatte/Desktop/copypasta/20260226/processed_masks/PY79_44_cp_masks.tif,PY79_44_cp_masks.tif,17,0.8333765456933991,3.977925996051007,8.352156871611161,1.6025928139316983
1206,2,/Users/reyesmatte/Desktop/copypasta/20260226/processed_masks/PY79_44_cp_masks.tif,PY79_44_cp_masks.tif,19,0.7240646284007576,6.272311745205946,9.08183966162506,1.5578649525955326
1207,2,/Users/reyesmatte/Desktop/copypasta/20260226/processed_masks/PY79_44_cp_masks.tif,PY79_44_cp_masks.tif,21,0.79617683998264,7.754208611957347,16.130254314108534,3.125862215435725
1208,2,/Users/reyesmatte/Desktop/copypasta/20260226/processed_masks/PY79_44_cp_masks.tif,PY79_44_cp_masks.tif,25,0.6921738023403419,4.194041200771601,8.300236555777328,1.364871361117042
1209,2,/Users/reyesmatte/Desktop/copypasta/20260226/processed_masks/PY79_44_cp_masks.tif,PY79_44_cp_masks.tif,26,0.6703932761586185,4.146443057446744,7.486635556534841,1.1868175403966048
1210,2,/Users/reyesmatte/Desktop/copypasta/20260226/processed_masks/PY79_44_cp_masks.tif,PY79_44_cp_masks.tif,27,0.7234074886080389,3.496328080944129,7.075093850279147,1.1955054522622768
1211,2,/Users/reyesmatte/Desktop/copypasta/20260226/processed_masks/PY79_44_cp_masks.tif,PY79_44_cp_masks.tif,28,0.7317380019778278,4.28604558757958,8.833049005021863,1.5549168431304439
1212,2,/Users/reyesmatte/Desktop/copypasta/20260226/processed_masks/PY79_44_cp_masks.tif,PY79_44_cp_masks.tif,29,0.7791490828791638,6.817788520795676,14.14150244905515,2.636506495671235
1213,2,/Users/reyesmatte/Desktop/copypasta/20260226/processed_masks/PY79_44_cp_masks.tif,PY79_44_cp_masks.tif,30,0.7043720189849039,4.212128128480913,8.468374506284034,1.4062214384209193
1214,2,/Users/reyesmatte/Desktop/copypasta/20260226/processed_masks/PY79_44_cp_masks.tif,PY79_44_cp_masks.tif,33,0.744475979156256,7.15959226577006,8.738014767670162,1.5828649491301527
1215,2,/Users/reyesmatte/Desktop/copypasta/20260226/processed_masks/PY79_44_cp_masks.tif,PY79_44_cp_masks.tif,35,0.8773297876940449,8.339516887952122,20.801722391729456,4.39997053355139
1216,2,/Users/reyesmatte/Desktop/copypasta/20260226/processed_masks/PY79_44_cp_masks.tif,PY79_44_cp_masks.tif,38,0.7534691020338723,6.883021354710522,15.111952635915815,2.780378551312616
1217,2,/Users/reyesmatte/Desktop/copypasta/20260226/processed_masks/PY79_44_cp_masks.tif,PY79_44_cp_masks.tif,39,0.7755976519747985,7.283334949905759,15.056798511806917,2.914155553406056
1218,2,/Users/reyesmatte/Desktop/copypasta/20260226/processed_masks/PY79_44_cp_masks.tif,PY79_44_cp_masks.tif,45,0.7869256975383642,3.5819143789640364,8.151929271273847,1.4804686584014832
1219,2,/Users/reyesmatte/Desktop/copypasta/20260226/processed_masks/PY79_44_cp_masks.tif,PY79_44_cp_masks.tif,46,0.7655811969681592,3.8427219049144363,8.698135898437725,1.5699854606645534
1220,2,/Users/reyesmatte/Desktop/copypasta/20260226/processed_masks/PY79_44_cp_masks.tif,PY79_44_cp_masks.tif,51,0.7583909393950182,4.441580673362562,9.185967183398718,1.6721907794448625
1221,2,/Users/reyesmatte/Desktop/copypasta/20260226/processed_masks/PY79_44_cp_masks.tif,PY79_44_cp_masks.tif,54,0.762575614085078,3.957790819946746,7.551452647755412,1.4305459627051365
1222,2,/Users/reyesmatte/Desktop/copypasta/20260226/processed_masks/PY79_44_cp_masks.tif,PY79_44_cp_masks.tif,58,0.8085964619932706,4.348789878128859,9.648839079429823,1.8776315310132845
1223,2,/Users/reyesmatte/Desktop/copypasta/20260226/processed_masks/PY79_44_cp_masks.tif,PY79_44_cp_masks.tif,60,0.773229725435007,4.311911349466863,9.478982443678502,1.795467562532239
1224,2,/Users/reyesmatte/Desktop/copypasta/20260226/processed_masks/PY79_44_cp_masks.tif,PY79_44_cp_masks.tif,64,0.8102176066672793,4.822751542206235,11.105539100544359,2.115070491150603
1225,2,/Users/reyesmatte/Desktop/copypasta/20260226/processed_masks/PY79_44_cp_masks.tif,PY79_44_cp_masks.tif,67,0.7900155440930213,4.21864432254593,8.698987875151225,1.6120462479503446
1226,2,/Users/reyesmatte/Desktop/copypasta/20260226/processed_masks/PY79_44_cp_masks.tif,PY79_44_cp_masks.tif,70,0.8179591317037825,6.077501489339188,13.133703533320258,2.5601020118800366
1227,2,/Users/reyesmatte/Desktop/copypasta/20260226/processed_masks/PY79_44_cp_masks.tif,PY79_44_cp_masks.tif,74,0.8057851896803384,4.466299932991518,8.51617937948443,1.5958281537115768
1228,2,/Users/reyesmatte/Desktop/copypasta/20260226/processed_masks/PY79_44_cp_masks.tif,PY79_44_cp_masks.tif,76,0.8849613361307763,5.772331744633824,13.709586234369327,2.861929641734789
1229,2,/Users/reyesmatte/Desktop/copypasta/20260226/processed_masks/PY79_44_cp_masks.tif,PY79_44_cp_masks.tif,81,0.8627204757249392,6.167159903490056,13.56197179435775,2.8971584293647976
1230,2,/Users/reyesmatte/Desktop/copypasta/20260226/processed_masks/PY79_44_cp_masks.tif,PY79_44_cp_masks.tif,84,0.8222890114868043,5.955150159702048,12.403708602765867,2.5207143509170473
1231,2,/Users/reyesmatte/Desktop/copypasta/20260226/processed_masks/PY79_44_cp_masks.tif,PY79_44_cp_masks.tif,94,0.8268733040988115,6.140446364760448,13.070720146594908,2.587046112800523
1232,2,/Users/reyesmatte/Desktop/copypasta/20260226/processed_masks/PY79_44_cp_masks.tif,PY79_44_cp_masks.tif,97,0.7980871786929666,4.239008671901831,8.537388855937593,1.5747455287491687
1233,2,/Users/reyesmatte/Desktop/copypasta/20260226/processed_masks/PY79_44_cp_masks.tif,PY79_44_cp_masks.tif,99,0.8255723247116198,5.979214502962696,12.346333230604754,2.457081114138775
1234,2,/Users/reyesmatte/Desktop/copypasta/20260226/processed_masks/PY79_44_cp_masks.tif,PY79_44_cp_masks.tif,100,0.7737295016688942,4.502300970348377,8.831261414422935,1.6349266157377147
1235,2,/Users/reyesmatte/Desktop/copypasta/20260226/processed_masks/PY79_44_cp_masks.tif,PY79_44_cp_masks.tif,102,0.765153935855034,4.710361503277381,9.552746117139263,1.7151245621630473
1236,2,/Users/reyesmatte/Desktop/copypasta/20260226/processed_masks/PY79_44_cp_masks.tif,PY79_44_cp_masks.tif,103,0.7220626276092165,4.70830447482634,9.546370273126781,1.6300122144103526
1237,2,/Users/reyesmatte/Desktop/copypasta/20260226/processed_masks/PY79_44_cp_masks.tif,PY79_44_cp_masks.tif,104,0.7895405024301978,6.284028472546902,11.887476319382726,2.2306285312412473
1238,2,/Users/reyesmatte/Desktop/copypasta/20260226/processed_masks/PY79_44_cp_masks.tif,PY79_44_cp_masks.tif,108,0.7626323919552942,5.9682121543862685,11.036576595271953,2.0658718284840814
1239,2,/Users/reyesmatte/Desktop/copypasta/20260226/processed_masks/PY79_44_cp_masks.tif,PY79_44_cp_masks.tif,109,0.6988446890217053,6.676053220663995,12.46198884547809,2.114815530776307
1240,2,/Users/reyesmatte/Desktop/copypasta/20260226/processed_masks/PY79_31_cp_masks.tif,PY79_31_cp_masks.tif,10,0.7154050791871118,5.009717964615333,10.290946046058911,1.7556177341727512
1241,2,/Users/reyesmatte/Desktop/copypasta/20260226/processed_masks/PY79_31_cp_masks.tif,PY79_31_cp_masks.tif,11,0.7610164211017489,4.184910927353117,9.1598139991648,1.6834957085529298
1242,2,/Users/reyesmatte/Desktop/copypasta/20260226/processed_masks/PY79_31_cp_masks.tif,PY79_31_cp_masks.tif,12,0.7226401608494446,7.551880547061838,12.392158365776218,2.168086825045859
1243,2,/Users/reyesmatte/Desktop/copypasta/20260226/processed_masks/PY79_31_cp_masks.tif,PY79_31_cp_masks.tif,13,0.7731025536626557,4.726450845014007,11.201248355059679,2.0463042915373952
1244,2,/Users/reyesmatte/Desktop/copypasta/20260226/processed_masks/PY79_31_cp_masks.tif,PY79_31_cp_masks.tif,18,0.6938182248587863,4.696240782342216,9.192260373704473,1.5353212290805658
1245,2,/Users/reyesmatte/Desktop/copypasta/20260226/processed_masks/PY79_31_cp_masks.tif,PY79_31_cp_masks.tif,19,0.7671379596366876,4.461837475674639,9.804332744248205,1.7708816530720526
1246,2,/Users/reyesmatte/Desktop/copypasta/20260226/processed_masks/PY79_31_cp_masks.tif,PY79_31_cp_masks.tif,20,0.8119447248958052,4.378777313317667,10.11764859039604,1.917051076838297
1247,2,/Users/reyesmatte/Desktop/copypasta/20260226/processed_masks/PY79_31_cp_masks.tif,PY79_31_cp_masks.tif,21,0.811694867409212,4.076479683342956,8.075494672879339,1.5302498778055598
1248,2,/Users/reyesmatte/Desktop/copypasta/20260226/processed_masks/PY79_31_cp_masks.tif,PY79_31_cp_masks.tif,22,0.7842436606949104,7.322694603088898,8.95971854874327,1.645547247943349
1249,2,/Users/reyesmatte/Desktop/copypasta/20260226/processed_masks/PY79_31_cp_masks.tif,PY79_31_cp_masks.tif,23,0.8676071516786367,4.006481795367948,8.927266629093896,1.7682004687753448
1250,2,/Users/reyesmatte/Desktop/copypasta/20260226/processed_masks/PY79_31_cp_masks.tif,PY79_31_cp_masks.tif,27,0.8425061031387108,3.2829666162578635,6.896358120192533,1.2983202169702577
1251,2,/Users/reyesmatte/Desktop/copypasta/20260226/processed_masks/PY79_31_cp_masks.tif,PY79_31_cp_masks.tif,30,0.7957483081022491,3.9662694959829263,7.668418596642046,1.4043550662477886
1252,2,/Users/reyesmatte/Desktop/copypasta/20260226/processed_masks/PY79_31_cp_masks.tif,PY79_31_cp_masks.tif,46,0.6789182455781025,5.704286996211791,10.68791490157909,1.782966235936607
1253,2,/Users/reyesmatte/Desktop/copypasta/20260226/processed_masks/PY79_31_cp_masks.tif,PY79_31_cp_masks.tif,47,0.7958901925166532,7.194698882959102,17.11340594982512,3.283353015080934
1254,2,/Users/reyesmatte/Desktop/copypasta/20260226/processed_masks/PY79_31_cp_masks.tif,PY79_31_cp_masks.tif,48,0.7837134803064476,4.443641974053886,10.59270963490516,1.9588493714089104
1255,2,/Users/reyesmatte/Desktop/copypasta/20260226/processed_masks/PY79_31_cp_masks.tif,PY79_31_cp_masks.tif,49,0.7828171350391887,6.81472766439027,9.13058375848367,1.6884829120179847
1256,2,/Users/reyesmatte/Desktop/copypasta/20260226/processed_masks/PY79_31_cp_masks.tif,PY79_31_cp_masks.tif,50,0.7308148145896569,9.074644760709942,11.270886241067137,1.971304301933535
1257,2,/Users/reyesmatte/Desktop/copypasta/20260226/processed_masks/PY79_31_cp_masks.tif,PY79_31_cp_masks.tif,52,0.8015661221284749,3.6434247611751798,8.682029606576739,1.6246131995580764
1258,2,/Users/reyesmatte/Desktop/copypasta/20260226/processed_masks/PY79_31_cp_masks.tif,PY79_31_cp_masks.tif,53,0.7529620479121546,7.920590579971145,9.619532068920028,1.8180488586637737
1259,2,/Users/reyesmatte/Desktop/copypasta/20260226/processed_masks/PY79_31_cp_masks.tif,PY79_31_cp_masks.tif,54,0.8924083393566709,10.861401038729612,19.291549682750304,4.142696054972757
1260,2,/Users/reyesmatte/Desktop/copypasta/20260226/processed_masks/PY79_31_cp_masks.tif,PY79_31_cp_masks.tif,55,0.8367838893462712,13.266282738513143,18.66663813647316,3.7724713871904076
1261,2,/Users/reyesmatte/Desktop/copypasta/20260226/processed_masks/PY79_31_cp_masks.tif,PY79_31_cp_masks.tif,56,0.853304324187097,7.878724475666354,19.783386569229883,4.080983699605889
1262,2,/Users/reyesmatte/Desktop/copypasta/20260226/processed_masks/PY79_31_cp_masks.tif,PY79_31_cp_masks.tif,57,0.7824195131808708,6.967396376368984,16.27947690753516,3.061260489389953
1263,2,/Users/reyesmatte/Desktop/copypasta/20260226/processed_masks/PY79_31_cp_masks.tif,PY79_31_cp_masks.tif,58,0.7806591438827278,5.404284360858564,11.771881176586303,2.187401105418427
1264,2,/Users/reyesmatte/Desktop/copypasta/20260226/processed_masks/PY79_31_cp_masks.tif,PY79_31_cp_masks.tif,59,0.8575120829605787,4.17902860471452,10.221067163856064,2.03426938094065
1265,2,/Users/reyesmatte/Desktop/copypasta/20260226/processed_masks/PY79_31_cp_masks.tif,PY79_31_cp_masks.tif,60,0.755723820269515,8.422549396929039,18.067321974500285,3.327808527479134
1266,2,/Users/reyesmatte/Desktop/copypasta/20260226/processed_masks/PY79_31_cp_masks.tif,PY79_31_cp_masks.tif,61,0.8006986618961252,4.384324495229227,10.358867950913671,1.9463829962809251
1267,2,/Users/reyesmatte/Desktop/copypasta/20260226/processed_masks/PY79_31_cp_masks.tif,PY79_31_cp_masks.tif,62,0.8016407186364961,4.078656241188826,9.842089206754139,1.8808986156833178
1268,2,/Users/reyesmatte/Desktop/copypasta/20260226/processed_masks/PY79_31_cp_masks.tif,PY79_31_cp_masks.tif,63,0.8371166576093648,6.782648991184827,17.210233199279074,3.509872832216076
1269,2,/Users/reyesmatte/Desktop/copypasta/20260226/processed_masks/PY79_31_cp_masks.tif,PY79_31_cp_masks.tif,64,0.8075724219114095,4.276620315980913,9.586566514882751,1.8626820493058347
1270,2,/Users/reyesmatte/Desktop/copypasta/20260226/processed_masks/PY79_31_cp_masks.tif,PY79_31_cp_masks.tif,65,0.7922357356621517,3.8624507184654675,8.962756852758742,1.6865401853142046
1271,2,/Users/reyesmatte/Desktop/copypasta/20260226/processed_masks/PY79_31_cp_masks.tif,PY79_31_cp_masks.tif,66,0.7785603481162884,9.482468228131902,21.311967810676062,4.035954496735054
1272,2,/Users/reyesmatte/Desktop/copypasta/20260226/processed_masks/PY79_31_cp_masks.tif,PY79_31_cp_masks.tif,67,0.8015898093766989,8.790188502715784,18.589163889405036,3.6269557965821333
1273,2,/Users/reyesmatte/Desktop/copypasta/20260226/processed_masks/PY79_31_cp_masks.tif,PY79_31_cp_masks.tif,72,0.7702927287404839,9.103257889086327,19.125237417833116,3.589609015190177
1274,2,/Users/reyesmatte/Desktop/copypasta/20260226/processed_masks/PY79_31_cp_masks.tif,PY79_31_cp_masks.tif,90,0.6432319982588731,2.9459679646153334,5.293416809280661,0.7907823598436752
1275,2,/Users/reyesmatte/Desktop/copypasta/20260226/processed_masks/PY79_31_cp_masks.tif,PY79_31_cp_masks.tif,92,0.6548389732063852,2.9883299320337677,5.240697790445441,0.7958385389180925
1276,2,/Users/reyesmatte/Desktop/copypasta/20260226/processed_masks/PY79_31_cp_masks.tif,PY79_31_cp_masks.tif,93,0.6412501897658717,6.846796071992984,12.685349289138538,1.9739282632573758
1277,2,/Users/reyesmatte/Desktop/copypasta/20260226/processed_masks/PY79_31_cp_masks.tif,PY79_31_cp_masks.tif,97,0.764553776520141,4.297759297807594,8.227011094883903,1.4666682120945982
1278,2,/Users/reyesmatte/Desktop/copypasta/20260226/processed_masks/PY79_31_cp_masks.tif,PY79_31_cp_masks.tif,98,0.6560537631908806,8.974367072954733,16.357478845438752,2.619943457060679
1279,2,/Users/reyesmatte/Desktop/copypasta/20260226/processed_masks/PY79_31_cp_masks.tif,PY79_31_cp_masks.tif,99,0.7675103174641407,3.982454631961538,7.785560468316404,1.4289939759710562
1280,2,/Users/reyesmatte/Desktop/copypasta/20260226/processed_masks/PY79_31_cp_masks.tif,PY79_31_cp_masks.tif,101,0.6873074604503582,5.109419141602776,8.730441225751132,1.4432690898194516
1281,2,/Users/reyesmatte/Desktop/copypasta/20260226/processed_masks/PY79_31_cp_masks.tif,PY79_31_cp_masks.tif,102,0.792255006170759,3.7062645002668115,7.212237816572199,1.3051622434614218
1282,2,/Users/reyesmatte/Desktop/copypasta/20260226/processed_masks/PY79_31_cp_masks.tif,PY79_31_cp_masks.tif,104,0.6893751230702039,5.566746776741373,9.618540140560688,1.6059676294118614
1283,2,/Users/reyesmatte/Desktop/copypasta/20260226/processed_masks/PY79_31_cp_masks.tif,PY79_31_cp_masks.tif,105,0.7378727211040245,4.087924302747859,7.391159684894013,1.2689296463119435
1284,2,/Users/reyesmatte/Desktop/copypasta/20260226/processed_masks/PY79_16_cp_masks.tif,PY79_16_cp_masks.tif,23,0.8495066063979202,4.193513695062737,9.159314680276495,1.7901882930923996
1285,2,/Users/reyesmatte/Desktop/copypasta/20260226/processed_masks/PY79_16_cp_masks.tif,PY79_16_cp_masks.tif,30,0.7992611858187295,3.985066750109678,8.165863848007444,1.5100495170584385
1286,2,/Users/reyesmatte/Desktop/copypasta/20260226/processed_masks/PY79_16_cp_masks.tif,PY79_16_cp_masks.tif,48,0.709628782613435,4.126387900413951,7.083948701914805,1.198958683795812
1287,2,/Users/reyesmatte/Desktop/copypasta/20260226/processed_masks/PY79_16_cp_masks.tif,PY79_16_cp_masks.tif,70,0.7377690443111796,5.134085965981772,9.340855734694028,1.6291710842358347
1288,2,/Users/reyesmatte/Desktop/copypasta/20260226/processed_masks/PY79_16_cp_masks.tif,PY79_16_cp_masks.tif,75,0.746724603308929,5.1217589292712535,9.140831908286424,1.7965571479254712
1289,2,/Users/reyesmatte/Desktop/copypasta/20260226/processed_masks/PY79_16_cp_masks.tif,PY79_16_cp_masks.tif,79,0.7334411166275546,4.055265679915297,7.363443078884701,1.257541922266146
1290,2,/Users/reyesmatte/Desktop/copypasta/20260226/processed_masks/PY79_16_cp_masks.tif,PY79_16_cp_masks.tif,89,0.7632916100666477,7.497115987497833,13.83109306659696,2.608978409599406
1291,2,/Users/reyesmatte/Desktop/copypasta/20260226/processed_masks/PY79_16_cp_masks.tif,PY79_16_cp_masks.tif,91,0.784000117549207,4.398442127437154,8.424458748215532,1.5443654111155036
1292,2,/Users/reyesmatte/Desktop/copypasta/20260226/processed_masks/PY79_16_cp_masks.tif,PY79_16_cp_masks.tif,100,0.7461098036954966,4.677582031227623,9.841231700948986,1.7310404142226545
1293,2,/Users/reyesmatte/Desktop/copypasta/20260226/processed_masks/PY79_16_cp_masks.tif,PY79_16_cp_masks.tif,109,0.8015518208574132,4.18845386419922,8.14803677830253,1.5247610293465832
1294,2,/Users/reyesmatte/Desktop/copypasta/20260226/processed_masks/PY79_16_cp_masks.tif,PY79_16_cp_masks.tif,110,0.7901028450141068,5.280733328836486,12.313014744517783,2.315764967550871
1295,2,/Users/reyesmatte/Desktop/copypasta/20260226/processed_masks/PY79_16_cp_masks.tif,PY79_16_cp_masks.tif,112,0.7177873007041976,4.728161434836868,10.192632024589903,1.7747188551205504
1296,2,/Users/reyesmatte/Desktop/copypasta/20260226/processed_masks/PY79_16_cp_masks.tif,PY79_16_cp_masks.tif,113,0.7292013593040967,5.2192224651682775,10.779238574149074,1.880023738894472
1297,2,/Users/reyesmatte/Desktop/copypasta/20260226/processed_masks/PY79_16_cp_masks.tif,PY79_16_cp_masks.tif,118,0.8305353004227989,9.956050836912341,14.235656578145825,2.819589034421861
1298,2,/Users/reyesmatte/Desktop/copypasta/20260226/processed_masks/PY79_16_cp_masks.tif,PY79_16_cp_masks.tif,119,0.8306798934690254,4.3741539035562065,9.170872811368833,1.757715810982044
1299,2,/Users/reyesmatte/Desktop/copypasta/20260226/processed_masks/PY79_16_cp_masks.tif,PY79_16_cp_masks.tif,120,0.7549471829712646,4.9504840350931545,10.525671423367013,1.881056176425235
1300,2,/Users/reyesmatte/Desktop/copypasta/20260226/processed_masks/PY79_16_cp_masks.tif,PY79_16_cp_masks.tif,125,0.7296930086156677,5.215880109941885,10.17643033953735,1.8584375715966241
1301,2,/Users/reyesmatte/Desktop/copypasta/20260226/processed_masks/PY79_16_cp_masks.tif,PY79_16_cp_masks.tif,126,0.7985466075730534,4.286520891185687,8.52505668834387,1.5861935621032854
1302,2,/Users/reyesmatte/Desktop/copypasta/20260226/processed_masks/PY79_16_cp_masks.tif,PY79_16_cp_masks.tif,132,0.7304333815407269,4.83037086742358,9.080346323732297,1.587888947928127
1303,2,/Users/reyesmatte/Desktop/copypasta/20260226/processed_masks/PY79_16_cp_masks.tif,PY79_16_cp_masks.tif,136,0.7407299212738188,5.429195233199429,10.93106433831111,1.960954784361596
1304,2,/Users/reyesmatte/Desktop/copypasta/20260226/processed_masks/PY79_16_cp_masks.tif,PY79_16_cp_masks.tif,140,0.7945219578563247,4.212325359099816,8.494170239983951,1.573143087289398
1305,2,/Users/reyesmatte/Desktop/copypasta/20260226/processed_masks/PY79_16_cp_masks.tif,PY79_16_cp_masks.tif,142,0.7582218290868589,4.383533928546832,8.723251134174117,1.6167695058318134
1306,2,/Users/reyesmatte/Desktop/copypasta/20260226/processed_masks/PY79_16_cp_masks.tif,PY79_16_cp_masks.tif,150,0.7784018379106029,4.644223873158647,9.3499041511382,1.7120784143652672
1307,2,/Users/reyesmatte/Desktop/copypasta/20260226/processed_masks/PY79_16_cp_masks.tif,PY79_16_cp_masks.tif,155,0.743299951601699,4.202995893857104,8.163332652307922,1.4736966158847353
1308,2,/Users/reyesmatte/Desktop/copypasta/20260226/processed_masks/PY79_16_cp_masks.tif,PY79_16_cp_masks.tif,158,0.758696030399961,6.02674793371179,13.276700482792153,2.413763710359432
1309,2,/Users/reyesmatte/Desktop/copypasta/20260226/processed_masks/PY79_16_cp_masks.tif,PY79_16_cp_masks.tif,171,0.6928941364221916,4.316555821893604,7.170049963128284,1.1718381333974397
1310,2,/Users/reyesmatte/Desktop/copypasta/20260226/processed_masks/PY79_16_cp_masks.tif,PY79_16_cp_masks.tif,174,0.7602042282179186,4.692382683074122,10.036519079305174,1.8048846282002005
1311,2,/Users/reyesmatte/Desktop/copypasta/20260226/processed_masks/PY79_16_cp_masks.tif,PY79_16_cp_masks.tif,187,0.7664886290639112,5.878742072954731,11.710051775485919,2.1809701566719646
1312,2,/Users/reyesmatte/Desktop/copypasta/20260226/processed_masks/PY79_16_cp_masks.tif,PY79_16_cp_masks.tif,188,0.6933586933292649,4.508158238011764,7.451953564836555,1.3093384570460336
1313,2,/Users/reyesmatte/Desktop/copypasta/20260226/processed_masks/PY79_16_cp_masks.tif,PY79_16_cp_masks.tif,193,0.7529253217764791,4.2318562134195945,8.829572878920159,1.5851811154392559
1314,2,/Users/reyesmatte/Desktop/copypasta/20260226/processed_masks/PY79_16_cp_masks.tif,PY79_16_cp_masks.tif,200,0.8130428360176567,3.950593853730711,7.835633767953399,1.500224657391972
1315,2,/Users/reyesmatte/Desktop/copypasta/20260226/processed_masks/PY79_16_cp_masks.tif,PY79_16_cp_masks.tif,204,0.7995475655312504,5.601239581434426,11.805160785209026,2.230840854084549
1316,2,/Users/reyesmatte/Desktop/copypasta/20260226/processed_masks/PY79_16_cp_masks.tif,PY79_16_cp_masks.tif,208,0.7752661960925643,3.556303971386757,7.6939331088254965,1.3749025463715996
1317,2,/Users/reyesmatte/Desktop/copypasta/20260226/processed_masks/PY79_16_cp_masks.tif,PY79_16_cp_masks.tif,212,0.8447454107261294,4.07253693453357,7.972396650652715,1.6321235602164847
1318,2,/Users/reyesmatte/Desktop/copypasta/20260226/processed_masks/PY79_16_cp_masks.tif,PY79_16_cp_masks.tif,221,0.8468480599025882,4.0652479388689855,9.046975509283653,1.771092128901082
1319,2,/Users/reyesmatte/Desktop/copypasta/20260226/processed_masks/PY79_16_cp_masks.tif,PY79_16_cp_masks.tif,222,0.7858408957791403,4.560254156295704,10.267873451730825,1.8945235376288208
1320,2,/Users/reyesmatte/Desktop/copypasta/20260226/processed_masks/PY79_16_cp_masks.tif,PY79_16_cp_masks.tif,226,0.761358485531555,6.088054947065394,12.907191760318925,2.345461553440432
1321,2,/Users/reyesmatte/Desktop/copypasta/20260226/processed_masks/PY79_16_cp_masks.tif,PY79_16_cp_masks.tif,232,0.7642492925481682,4.2636042979454745,9.774684873064043,1.767373312269913
1322,2,/Users/reyesmatte/Desktop/copypasta/20260226/processed_masks/PY79_16_cp_masks.tif,PY79_16_cp_masks.tif,240,0.8954997056514222,4.390898929867643,9.893890057173714,2.0465641093190023
1323,2,/Users/reyesmatte/Desktop/copypasta/20260226/processed_masks/PY79_16_cp_masks.tif,PY79_16_cp_masks.tif,243,0.7698430646639188,4.382588850431156,9.654288780435893,1.7411877238391356
1324,2,/Users/reyesmatte/Desktop/copypasta/20260226/processed_masks/PY79_16_cp_masks.tif,PY79_16_cp_masks.tif,245,0.7669619786072012,4.348664357310092,9.57142865418678,1.721866134262271
1325,2,/Users/reyesmatte/Desktop/copypasta/20260226/processed_masks/PY79_16_cp_masks.tif,PY79_16_cp_masks.tif,247,0.7149116720245693,5.063687379385296,10.536555781332343,1.7998284491257832
1326,2,/Users/reyesmatte/Desktop/copypasta/20260226/processed_masks/PY79_16_cp_masks.tif,PY79_16_cp_masks.tif,250,0.8440464271589544,4.670476444717881,9.265768108421994,1.8492270082789752
1327,2,/Users/reyesmatte/Desktop/copypasta/20260226/processed_masks/PY79_16_cp_masks.tif,PY79_16_cp_masks.tif,254,0.8034497320371939,4.405934523618848,8.959772799970002,1.6678539587872963
1328,2,/Users/reyesmatte/Desktop/copypasta/20260226/processed_masks/PY79_16_cp_masks.tif,PY79_16_cp_masks.tif,261,0.7382806381048603,4.714350075209062,9.851736537939788,1.72918106317435
1329,2,/Users/reyesmatte/Desktop/copypasta/20260226/processed_masks/PY79_16_cp_masks.tif,PY79_16_cp_masks.tif,265,0.8237007192345953,4.869322948929551,10.455265997534381,2.0118001305998825
1330,2,/Users/reyesmatte/Desktop/copypasta/20260226/processed_masks/PY79_16_cp_masks.tif,PY79_16_cp_masks.tif,266,0.7455729178786313,3.8142056997960854,8.391793497242313,1.4657301339061466
1331,2,/Users/reyesmatte/Desktop/copypasta/20260226/processed_masks/PY79_16_cp_masks.tif,PY79_16_cp_masks.tif,269,0.859112120911857,4.749342383279011,10.202101028071377,2.0350029510738055
1332,2,/Users/reyesmatte/Desktop/copypasta/20260226/processed_masks/PY79_16_cp_masks.tif,PY79_16_cp_masks.tif,272,0.8445078604804291,5.065948336867478,11.4752610408793,2.269730888407277
1333,2,/Users/reyesmatte/Desktop/copypasta/20260226/processed_masks/PY79_16_cp_masks.tif,PY79_16_cp_masks.tif,279,0.713804484304591,4.568691630593074,9.09193224700523,1.5616120191586602
1334,2,/Users/reyesmatte/Desktop/copypasta/20260226/processed_masks/PY79_16_cp_masks.tif,PY79_16_cp_masks.tif,282,0.7805127170179434,3.8077239084033456,8.059697315134617,1.5343410328214573
1335,2,/Users/reyesmatte/Desktop/copypasta/20260226/processed_masks/PY79_16_cp_masks.tif,PY79_16_cp_masks.tif,283,0.796680416145135,4.457391929998014,9.67867193010307,1.8481752294466602
1336,2,/Users/reyesmatte/Desktop/copypasta/20260226/processed_masks/PY79_16_cp_masks.tif,PY79_16_cp_masks.tif,286,0.8488181854347999,4.541400690011588,9.355029654985817,1.8507191019787304
1337,2,/Users/reyesmatte/Desktop/copypasta/20260226/processed_masks/PY79_16_cp_masks.tif,PY79_16_cp_masks.tif,289,0.7935711939758948,5.428750513665069,11.176952297674646,2.0955302861762064
1338,2,/Users/reyesmatte/Desktop/copypasta/20260226/processed_masks/PY79_16_cp_masks.tif,PY79_16_cp_masks.tif,295,0.7983208026300508,4.392736914551388,9.25696744527727,1.836235700525964
1339,2,/Users/reyesmatte/Desktop/copypasta/20260226/processed_masks/PY79_16_cp_masks.tif,PY79_16_cp_masks.tif,296,0.8791748148871201,3.5133896902728106,7.707554658257197,1.537566740219551
1340,2,/Users/reyesmatte/Desktop/copypasta/20260226/processed_masks/PY79_16_cp_masks.tif,PY79_16_cp_masks.tif,298,0.8178297920553526,8.325632612878453,17.858202207238097,3.5154547411023414
1341,2,/Users/reyesmatte/Desktop/copypasta/20260226/processed_masks/PY79_16_cp_masks.tif,PY79_16_cp_masks.tif,311,0.8868777983565005,6.479934508916852,15.511804682974436,3.280304985926703
1342,2,/Users/reyesmatte/Desktop/copypasta/20260226/processed_masks/PY79_16_cp_masks.tif,PY79_16_cp_masks.tif,317,0.8466276017288537,3.864111478581157,8.380412583948365,1.7141360279569995
1343,2,/Users/reyesmatte/Desktop/copypasta/20260226/processed_masks/PY79_16_cp_masks.tif,PY79_16_cp_masks.tif,323,0.7225757806493561,4.506235688809188,9.295985045120084,1.6316738083323161
1344,2,/Users/reyesmatte/Desktop/copypasta/20260226/processed_masks/PY79_16_cp_masks.tif,PY79_16_cp_masks.tif,327,0.8405877080313094,4.820853069461537,10.477268376655276,2.112349264956618
1345,2,/Users/reyesmatte/Desktop/copypasta/20260226/processed_masks/PY79_16_cp_masks.tif,PY79_16_cp_masks.tif,338,0.8866451358408659,3.119686398787982,7.950309182825886,1.5829857362450606
1346,2,/Users/reyesmatte/Desktop/copypasta/20260226/processed_masks/PY79_16_cp_masks.tif,PY79_16_cp_masks.tif,339,0.8055174624055604,8.259282647195851,10.387441243442186,1.9731288160487535
1347,2,/Users/reyesmatte/Desktop/copypasta/20260226/processed_masks/PY79_16_cp_masks.tif,PY79_16_cp_masks.tif,348,0.7970311801867911,4.989453162292947,9.803734365121095,1.8457440879233846
1348,2,/Users/reyesmatte/Desktop/copypasta/20260226/processed_masks/PY79_16_cp_masks.tif,PY79_16_cp_masks.tif,363,0.8508742875172569,3.5568878323067814,7.962173178558186,1.6760142394615019
1349,2,/Users/reyesmatte/Desktop/copypasta/20260226/processed_masks/PY79_16_cp_masks.tif,PY79_16_cp_masks.tif,384,0.9004458521431722,6.294307209429038,15.616690757333586,3.3589882984380406
1350,2,/Users/reyesmatte/Desktop/copypasta/20260226/processed_masks/PY79_16_cp_masks.tif,PY79_16_cp_masks.tif,436,0.889321438272595,2.9883106079519326,8.060112652066953,1.6241789638356328
1351,2,/Users/reyesmatte/Desktop/copypasta/20260226/processed_masks/PY79_16_cp_masks.tif,PY79_16_cp_masks.tif,449,0.7717998188069153,3.8188140734193365,9.204565844719049,1.657679421572593
1352,2,/Users/reyesmatte/Desktop/copypasta/20260226/processed_masks/PY79_36_cp_masks.tif,PY79_36_cp_masks.tif,2,0.7201433189117212,4.946665022701493,8.752265536402126,1.5060630249494302
1353,2,/Users/reyesmatte/Desktop/copypasta/20260226/processed_masks/PY79_36_cp_masks.tif,PY79_36_cp_masks.tif,3,0.7982586279366847,3.5431775606546507,7.323343105159166,1.3424873970269298
1354,2,/Users/reyesmatte/Desktop/copypasta/20260226/processed_masks/PY79_36_cp_masks.tif,PY79_36_cp_masks.tif,6,0.8025980278991294,3.712746291659551,7.355289292232552,1.3759378875925503
1355,2,/Users/reyesmatte/Desktop/copypasta/20260226/processed_masks/PY79_36_cp_masks.tif,PY79_36_cp_masks.tif,7,0.760287556146244,6.432621049671748,13.013740961705908,2.38384931249745
1356,2,/Users/reyesmatte/Desktop/copypasta/20260226/processed_masks/PY79_36_cp_masks.tif,PY79_36_cp_masks.tif,8,0.6812658661559973,6.106085152115333,12.565497510848239,2.0770181366079994
1357,2,/Users/reyesmatte/Desktop/copypasta/20260226/processed_masks/PY79_36_cp_masks.tif,PY79_36_cp_masks.tif,10,0.8144001185055862,3.8209215174708056,7.900145334992651,1.4698202783726098
1358,2,/Users/reyesmatte/Desktop/copypasta/20260226/processed_masks/PY79_36_cp_masks.tif,PY79_36_cp_masks.tif,11,0.7425880046625404,5.736170569957231,12.210684295099414,2.165871814622562
1359,2,/Users/reyesmatte/Desktop/copypasta/20260226/processed_masks/PY79_36_cp_masks.tif,PY79_36_cp_masks.tif,12,0.7112451933875702,4.175256714200334,7.765957519997772,1.3197581200990225
1360,2,/Users/reyesmatte/Desktop/copypasta/20260226/processed_masks/PY79_36_cp_masks.tif,PY79_36_cp_masks.tif,14,0.7356474248315087,6.047428624445031,13.18600447506136,2.3329602268447998
1361,2,/Users/reyesmatte/Desktop/copypasta/20260226/processed_masks/PY79_36_cp_masks.tif,PY79_36_cp_masks.tif,15,0.7177644654059011,5.522238028490057,9.957145566191334,1.7100799422265507
1362,2,/Users/reyesmatte/Desktop/copypasta/20260226/processed_masks/PY79_36_cp_masks.tif,PY79_36_cp_masks.tif,16,0.767531624233691,5.749134152742712,13.28079491670753,2.4529504265144895
1363,2,/Users/reyesmatte/Desktop/copypasta/20260226/processed_masks/PY79_36_cp_masks.tif,PY79_36_cp_masks.tif,17,0.7262168308786252,4.797338365247858,8.915208729520733,1.526794779107237
1364,2,/Users/reyesmatte/Desktop/copypasta/20260226/processed_masks/PY79_36_cp_masks.tif,PY79_36_cp_masks.tif,18,0.749184714330212,4.786171830944128,10.31459731353204,1.8410109807629134
1365,2,/Users/reyesmatte/Desktop/copypasta/20260226/processed_masks/PY79_36_cp_masks.tif,PY79_36_cp_masks.tif,19,0.7708651751312139,6.173703098566477,14.190886614063464,2.6401681733583495
1366,2,/Users/reyesmatte/Desktop/copypasta/20260226/processed_masks/PY79_36_cp_masks.tif,PY79_36_cp_masks.tif,20,0.7366987046374813,4.926975533958835,11.023718657588345,1.936832435807025
1367,2,/Users/reyesmatte/Desktop/copypasta/20260226/processed_masks/PY79_36_cp_masks.tif,PY79_36_cp_masks.tif,23,0.7707018114141576,4.904116150878555,11.560979708488363,2.1147018301324434
1368,2,/Users/reyesmatte/Desktop/copypasta/20260226/processed_masks/PY79_36_cp_masks.tif,PY79_36_cp_masks.tif,26,0.734042551471214,6.082497372336867,13.328999558320785,2.385112028937732
1369,2,/Users/reyesmatte/Desktop/copypasta/20260226/processed_masks/PY79_36_cp_masks.tif,PY79_36_cp_masks.tif,30,0.7686723643063521,4.748418237148946,11.354501095851482,2.06638723008801
1370,2,/Users/reyesmatte/Desktop/copypasta/20260226/processed_masks/PY79_36_cp_masks.tif,PY79_36_cp_masks.tif,33,0.8070510193707904,4.367497960145314,10.731560639241609,2.116954953685631
1371,2,/Users/reyesmatte/Desktop/copypasta/20260226/processed_masks/PY79_36_cp_masks.tif,PY79_36_cp_masks.tif,36,0.8112047349039,4.894324989853118,11.50843254123113,2.3090574195933646
1372,2,/Users/reyesmatte/Desktop/copypasta/20260226/processed_masks/PY79_36_cp_masks.tif,PY79_36_cp_masks.tif,38,0.8061024504715305,5.280141938809188,12.157856001349293,2.32795044384139
1373,2,/Users/reyesmatte/Desktop/copypasta/20260226/processed_masks/PY79_36_cp_masks.tif,PY79_36_cp_masks.tif,41,0.7922280438067498,4.168484133509313,8.66972022009366,1.5943113002428944
1374,2,/Users/reyesmatte/Desktop/copypasta/20260226/processed_masks/PY79_36_cp_masks.tif,PY79_36_cp_masks.tif,43,0.7967872554823524,4.925022378476626,11.349395846994746,2.1334166777666916
1375,2,/Users/reyesmatte/Desktop/copypasta/20260226/processed_masks/PY79_36_cp_masks.tif,PY79_36_cp_masks.tif,46,0.7907949500656675,4.08719908336791,8.203033750880733,1.531669544193487
1376,2,/Users/reyesmatte/Desktop/copypasta/20260226/processed_masks/PY79_36_cp_masks.tif,PY79_36_cp_masks.tif,48,0.7406813222008526,5.6368729787917875,11.288765446876855,2.0272837053368784
1377,2,/Users/reyesmatte/Desktop/copypasta/20260226/processed_masks/PY79_36_cp_masks.tif,PY79_36_cp_masks.tif,50,0.7524660698293394,3.58668603033141,7.866607104463751,1.381709201226879
1378,2,/Users/reyesmatte/Desktop/copypasta/20260226/processed_masks/PY79_36_cp_masks.tif,PY79_36_cp_masks.tif,55,0.7312217510538832,5.07568875877417,9.934610792479711,1.7707834304878105
1379,2,/Users/reyesmatte/Desktop/copypasta/20260226/processed_masks/PY79_36_cp_masks.tif,PY79_36_cp_masks.tif,57,0.7374797858755852,3.8705055060804834,8.220852573341155,1.4151246037476077
1380,2,/Users/reyesmatte/Desktop/copypasta/20260226/processed_masks/PY79_36_cp_masks.tif,PY79_36_cp_masks.tif,58,0.7798942593665709,3.5028098723368686,8.202115200692482,1.4755615932175137
1381,2,/Users/reyesmatte/Desktop/copypasta/20260226/processed_masks/PY79_36_cp_masks.tif,PY79_36_cp_masks.tif,59,0.6774912855963576,6.258612927836754,12.22268451885119,2.0059185504522437
1382,2,/Users/reyesmatte/Desktop/copypasta/20260226/processed_masks/PY79_36_cp_masks.tif,PY79_36_cp_masks.tif,60,0.7752219881993238,3.4493827948776516,8.033849716325678,1.4412919350464617
1383,2,/Users/reyesmatte/Desktop/copypasta/20260226/processed_masks/PY79_36_cp_masks.tif,PY79_36_cp_masks.tif,61,0.7686806469974398,3.996617152255303,8.834498530420785,1.599999778215678
1384,2,/Users/reyesmatte/Desktop/copypasta/20260226/processed_masks/PY79_36_cp_masks.tif,PY79_36_cp_masks.tif,65,0.7174824627106201,3.90914696783141,8.295751660778528,1.4069900965989668
1385,2,/Users/reyesmatte/Desktop/copypasta/20260226/processed_masks/PY79_36_cp_masks.tif,PY79_36_cp_masks.tif,73,0.7109599014670217,7.350398535272157,13.917718287216365,2.407045703418702
1386,2,/Users/reyesmatte/Desktop/copypasta/20260226/processed_masks/PY79_36_cp_masks.tif,PY79_36_cp_masks.tif,78,0.7682214629983333,6.680273356300466,12.698553799516215,2.3290176503202176
1387,2,/Users/reyesmatte/Desktop/copypasta/20260226/processed_masks/PY79_36_cp_masks.tif,PY79_36_cp_masks.tif,82,0.7708200466381363,4.041227324769567,7.659426174742294,1.3599839128386184
1388,2,/Users/reyesmatte/Desktop/copypasta/20260226/processed_masks/PY79_36_cp_masks.tif,PY79_36_cp_masks.tif,83,0.8106419860549902,3.5422372574489476,7.35387252506712,1.3532214850286424
1389,2,/Users/reyesmatte/Desktop/copypasta/20260226/processed_masks/PY79_36_cp_masks.tif,PY79_36_cp_masks.tif,86,0.7696212154927904,3.7189419676025457,6.918464126783681,1.2922764300982006
1390,2,/Users/reyesmatte/Desktop/copypasta/20260226/processed_masks/PY79_36_cp_masks.tif,PY79_36_cp_masks.tif,90,0.8098294899491086,3.9764566032537876,7.959764206252606,1.4825998471490658
1391,2,/Users/reyesmatte/Desktop/copypasta/20260226/processed_masks/PY79_36_cp_masks.tif,PY79_36_cp_masks.tif,95,0.7583239860439244,3.9283280192659085,7.240146858037699,1.33399944204454
1392,2,/Users/reyesmatte/Desktop/copypasta/20260226/processed_masks/PY79_36_cp_masks.tif,PY79_36_cp_masks.tif,96,0.7512430866346868,3.4085067358542784,6.62935261991928,1.2092595024981552
1393,2,/Users/reyesmatte/Desktop/copypasta/20260226/processed_masks/PY79_36_cp_masks.tif,PY79_36_cp_masks.tif,99,0.7993710221181752,4.52544407897075,9.40977935573065,1.8035812898986678
1394,2,/Users/reyesmatte/Desktop/copypasta/20260226/processed_masks/PY79_36_cp_masks.tif,PY79_36_cp_masks.tif,101,0.8058427519202358,4.4279321416813815,9.411444078986278,1.7787610363157105
1395,2,/Users/reyesmatte/Desktop/copypasta/20260226/processed_masks/PY79_36_cp_masks.tif,PY79_36_cp_masks.tif,103,0.7979619290399627,7.100078858820243,15.093819666814463,2.889514910777226
1396,2,/Users/reyesmatte/Desktop/copypasta/20260226/processed_masks/PY79_36_cp_masks.tif,PY79_36_cp_masks.tif,106,0.7003535255542371,6.4232915844290375,12.39344850513468,2.136797456616338
1397,2,/Users/reyesmatte/Desktop/copypasta/20260226/processed_masks/PY79_21_cp_masks.tif,PY79_21_cp_masks.tif,1,0.7345783603563742,3.012562553891171,6.003301205273222,1.0736643324106832
1398,2,/Users/reyesmatte/Desktop/copypasta/20260226/processed_masks/PY79_21_cp_masks.tif,PY79_21_cp_masks.tif,3,0.7798771880494308,6.897987180195096,14.853278891532382,2.7831581609631844
1399,2,/Users/reyesmatte/Desktop/copypasta/20260226/processed_masks/PY79_21_cp_masks.tif,PY79_21_cp_masks.tif,4,0.7622756976721017,4.300303902115334,9.4375360276256,1.7115687490625997
1400,2,/Users/reyesmatte/Desktop/copypasta/20260226/processed_masks/PY79_21_cp_masks.tif,PY79_21_cp_masks.tif,5,0.7792351999122119,7.690240514440607,16.223571172109175,3.0430724879629945
1401,2,/Users/reyesmatte/Desktop/copypasta/20260226/processed_masks/PY79_21_cp_masks.tif,PY79_21_cp_masks.tif,7,0.6743667902273313,6.504408771286508,7.519312966023751,1.204255174281686
1402,2,/Users/reyesmatte/Desktop/copypasta/20260226/processed_masks/PY79_21_cp_masks.tif,PY79_21_cp_masks.tif,8,0.6771179220581196,5.001778613525694,9.988790928811769,1.6238761794004277
1403,2,/Users/reyesmatte/Desktop/copypasta/20260226/processed_masks/PY79_21_cp_masks.tif,PY79_21_cp_masks.tif,9,0.824062791792741,3.9712476323448858,8.581821730414509,1.6259107529314458
1404,2,/Users/reyesmatte/Desktop/copypasta/20260226/processed_masks/PY79_21_cp_masks.tif,PY79_21_cp_masks.tif,10,0.6644881476576048,3.66957289610726,7.115607566180173,1.1407301789560869
1405,2,/Users/reyesmatte/Desktop/copypasta/20260226/processed_masks/PY79_21_cp_masks.tif,PY79_21_cp_masks.tif,12,0.7898659236894814,4.170224452155918,8.488496783924278,1.6180894812538198
1406,2,/Users/reyesmatte/Desktop/copypasta/20260226/processed_masks/PY79_21_cp_masks.tif,PY79_21_cp_masks.tif,14,0.8230778896866485,5.280213137144541,10.631637127169252,2.0453819963438047
1407,2,/Users/reyesmatte/Desktop/copypasta/20260226/processed_masks/PY79_21_cp_masks.tif,PY79_21_cp_masks.tif,15,0.8015935218113603,4.106156153077083,8.310792591965532,1.5429881771204643
1408,2,/Users/reyesmatte/Desktop/copypasta/20260226/processed_masks/PY79_21_cp_masks.tif,PY79_21_cp_masks.tif,16,0.7682557604387138,4.98574267546244,10.364216676111278,1.8790177126970575
1409,2,/Users/reyesmatte/Desktop/copypasta/20260226/processed_masks/PY79_21_cp_masks.tif,PY79_21_cp_masks.tif,17,0.7317601468586791,12.320210305238824,14.07466966217327,2.4977202824858127
1410,2,/Users/reyesmatte/Desktop/copypasta/20260226/processed_masks/PY79_21_cp_masks.tif,PY79_21_cp_masks.tif,18,0.7834789362868948,5.6079848705253195,7.861421529584647,1.4175573116087676
1411,2,/Users/reyesmatte/Desktop/copypasta/20260226/processed_masks/PY79_21_cp_masks.tif,PY79_21_cp_masks.tif,19,0.7675093167082634,3.41160414610726,7.6823148642281645,1.3665728442800693
1412,2,/Users/reyesmatte/Desktop/copypasta/20260226/processed_masks/PY79_21_cp_masks.tif,PY79_21_cp_masks.tif,20,0.7755195952153031,5.641167898238225,10.734915182237724,2.0464898086988144
1413,2,/Users/reyesmatte/Desktop/copypasta/20260226/processed_masks/PY79_21_cp_masks.tif,PY79_21_cp_masks.tif,22,0.6648002095943862,5.698867224792947,9.919023041488643,1.593777830714912
1414,2,/Users/reyesmatte/Desktop/copypasta/20260226/processed_masks/PY79_21_cp_masks.tif,PY79_21_cp_masks.tif,23,0.7456357578580122,4.5319754184129195,7.793806642784016,1.424495645851177
1415,2,/Users/reyesmatte/Desktop/copypasta/20260226/processed_masks/PY79_21_cp_masks.tif,PY79_21_cp_masks.tif,24,0.7779639645656408,5.880253036325001,11.418130753032774,2.105703074533444
1416,2,/Users/reyesmatte/Desktop/copypasta/20260226/processed_masks/PY79_21_cp_masks.tif,PY79_21_cp_masks.tif,27,0.7124243771783985,4.824137384119024,7.987472544427597,1.3554058663907265
1417,2,/Users/reyesmatte/Desktop/copypasta/20260226/processed_masks/PY79_21_cp_masks.tif,PY79_21_cp_masks.tif,28,0.7481471193833328,4.620195180332384,8.321206538946395,1.4955878561616398
1418,2,/Users/reyesmatte/Desktop/copypasta/20260226/processed_masks/PY79_21_cp_masks.tif,PY79_21_cp_masks.tif,29,0.7564515195490953,5.415250223589802,10.13168001962268,1.8077607483189664
1419,2,/Users/reyesmatte/Desktop/copypasta/20260226/processed_masks/PY79_21_cp_masks.tif,PY79_21_cp_masks.tif,30,0.7536702497512676,3.2884406900621794,5.975790515844219,1.0607108056107288
1420,2,/Users/reyesmatte/Desktop/copypasta/20260226/processed_masks/PY79_21_cp_masks.tif,PY79_21_cp_masks.tif,31,0.7323058427051128,6.160926420185499,10.707161425156318,1.893888937816193
1421,2,/Users/reyesmatte/Desktop/copypasta/20260226/processed_masks/PY79_21_cp_masks.tif,PY79_21_cp_masks.tif,33,0.7298277780109208,3.8297288477340237,7.247816768723815,1.2219179975349324
1422,2,/Users/reyesmatte/Desktop/copypasta/20260226/processed_masks/PY79_21_cp_masks.tif,PY79_21_cp_masks.tif,34,0.699304217701984,5.182230189556534,8.450090528771934,1.4050238047366934
1423,2,/Users/reyesmatte/Desktop/copypasta/20260226/processed_masks/PY79_21_cp_masks.tif,PY79_21_cp_masks.tif,35,0.7059539989210805,4.64232540041395,7.661903019227729,1.3033706058498504
1424,2,/Users/reyesmatte/Desktop/copypasta/20260226/processed_masks/PY79_21_cp_masks.tif,PY79_21_cp_masks.tif,36,0.8074745354131994,5.2579451440915586,10.827382425278616,2.05460526190923
1425,2,/Users/reyesmatte/Desktop/copypasta/20260226/processed_masks/PY79_21_cp_masks.tif,PY79_21_cp_masks.tif,37,0.6766310019982846,6.72302283309333,12.293216276105673,2.0270349867758535
1426,2,/Users/reyesmatte/Desktop/copypasta/20260226/processed_masks/PY79_21_cp_masks.tif,PY79_21_cp_masks.tif,38,0.7801748774811974,5.575285596585155,11.055996448590665,2.0688720703214387
1427,2,/Users/reyesmatte/Desktop/copypasta/20260226/processed_masks/PY79_21_cp_masks.tif,PY79_21_cp_masks.tif,39,0.7163101593906779,6.007726447954732,11.062116666461304,1.9429772587636671
1428,2,/Users/reyesmatte/Desktop/copypasta/20260226/processed_masks/PY79_21_cp_masks.tif,PY79_21_cp_masks.tif,40,0.6655205111465532,4.474938831431537,8.857698953978693,1.416433716258897
1429,2,/Users/reyesmatte/Desktop/copypasta/20260226/processed_masks/PY79_21_cp_masks.tif,PY79_21_cp_masks.tif,41,0.8523697249038915,4.992199411879971,11.504941360402997,2.2932781109969436
1430,2,/Users/reyesmatte/Desktop/copypasta/20260226/processed_masks/PY79_21_cp_masks.tif,PY79_21_cp_masks.tif,42,0.7437979625162366,7.065528613525694,15.773821606605974,2.842134437497583
1431,2,/Users/reyesmatte/Desktop/copypasta/20260226/processed_masks/PY79_21_cp_masks.tif,PY79_21_cp_masks.tif,44,0.7805452075997067,6.413712382783314,12.375458591106929,2.3210571011950756
1432,2,/Users/reyesmatte/Desktop/copypasta/20260226/processed_masks/PY79_21_cp_masks.tif,PY79_21_cp_masks.tif,45,0.7329351628478713,3.161091443580484,6.546853076335812,1.0982707150841096
1433,2,/Users/reyesmatte/Desktop/copypasta/20260226/processed_masks/PY79_21_cp_masks.tif,PY79_21_cp_masks.tif,46,0.844579677094607,3.510240864834884,7.842115201569547,1.5041041482599657
1434,2,/Users/reyesmatte/Desktop/copypasta/20260226/processed_masks/PY79_21_cp_masks.tif,PY79_21_cp_masks.tif,47,0.7371234453726765,4.034558628972321,8.859878931721894,1.5366584186950474
1435,2,/Users/reyesmatte/Desktop/copypasta/20260226/processed_masks/PY79_21_cp_masks.tif,PY79_21_cp_masks.tif,48,0.8139008725068033,5.27176167467175,10.941333756926442,2.1021077785174067
1436,2,/Users/reyesmatte/Desktop/copypasta/20260226/processed_masks/PY79_21_cp_masks.tif,PY79_21_cp_masks.tif,49,0.7151032498053447,4.67364731276681,8.382239267402715,1.4360502388106255
1437,2,/Users/reyesmatte/Desktop/copypasta/20260226/processed_masks/PY79_21_cp_masks.tif,PY79_21_cp_masks.tif,50,0.7366926219567925,5.924205710752464,11.836775013615632,2.1113464960740584
1438,2,/Users/reyesmatte/Desktop/copypasta/20260226/processed_masks/PY79_21_cp_masks.tif,PY79_21_cp_masks.tif,51,0.7176175690935502,3.545076033399348,7.188580291276094,1.196681768580777
1439,2,/Users/reyesmatte/Desktop/copypasta/20260226/processed_masks/PY79_21_cp_masks.tif,PY79_21_cp_masks.tif,52,0.8061787647600588,4.242744213707546,8.291005661916099,1.5578485553139507
1440,2,/Users/reyesmatte/Desktop/copypasta/20260226/processed_masks/PY79_21_cp_masks.tif,PY79_21_cp_masks.tif,53,0.7587829702174782,6.137522251088588,11.096542872651856,2.001780497470453
1441,2,/Users/reyesmatte/Desktop/copypasta/20260226/processed_masks/PY79_21_cp_masks.tif,PY79_21_cp_masks.tif,54,0.743953437864207,5.755391712505146,11.642703257985778,2.0859225867582523
1442,2,/Users/reyesmatte/Desktop/copypasta/20260226/processed_masks/PY79_21_cp_masks.tif,PY79_21_cp_masks.tif,55,0.6874569131696975,4.477485904363466,8.723209248425958,1.4888592202545414
1443,2,/Users/reyesmatte/Desktop/copypasta/20260226/processed_masks/PY79_21_cp_masks.tif,PY79_21_cp_masks.tif,56,0.7763613956733882,5.2781476597085355,10.53393615191512,1.930239548045124
1444,2,/Users/reyesmatte/Desktop/copypasta/20260226/processed_masks/PY79_21_cp_masks.tif,PY79_21_cp_masks.tif,57,0.8044102562150465,5.961730362993529,11.503603123834537,2.1832984054562723
1445,2,/Users/reyesmatte/Desktop/copypasta/20260226/processed_masks/PY79_21_cp_masks.tif,PY79_21_cp_masks.tif,58,0.6577592785905059,9.428557444034869,9.851384631080759,1.5969098910035346
1446,2,/Users/reyesmatte/Desktop/copypasta/20260226/processed_masks/PY79_21_cp_masks.tif,PY79_21_cp_masks.tif,59,0.7908426849978039,3.4004776323827994,6.486329437533547,1.1716077337118012
1447,2,/Users/reyesmatte/Desktop/copypasta/20260226/processed_masks/PY79_21_cp_masks.tif,PY79_21_cp_masks.tif,60,0.7649620191077324,5.293779176757109,12.209872747359643,2.223224163071002
1448,2,/Users/reyesmatte/Desktop/copypasta/20260226/processed_masks/PY79_21_cp_masks.tif,PY79_21_cp_masks.tif,61,0.7681543708201002,9.125414048646627,12.90317244473676,2.365871786899521
1449,2,/Users/reyesmatte/Desktop/copypasta/20260226/processed_masks/PY79_21_cp_masks.tif,PY79_21_cp_masks.tif,62,0.745434886573218,8.405176949107863,10.458473871825742,1.8742524252601436
1450,2,/Users/reyesmatte/Desktop/copypasta/20260226/processed_masks/PY79_21_cp_masks.tif,PY79_21_cp_masks.tif,63,0.7749657261382648,6.85800142362937,13.187277441743657,2.445038862994389
1451,2,/Users/reyesmatte/Desktop/copypasta/20260226/processed_masks/PY79_21_cp_masks.tif,PY79_21_cp_masks.tif,64,0.7978537784653431,5.259359854151265,11.178995822921875,2.103174984996235
1452,2,/Users/reyesmatte/Desktop/copypasta/20260226/processed_masks/PY79_21_cp_masks.tif,PY79_21_cp_masks.tif,65,0.7144304158767937,4.741287595663996,8.481852730395687,1.4504153601577596
1453,2,/Users/reyesmatte/Desktop/copypasta/20260226/processed_masks/PY79_21_cp_masks.tif,PY79_21_cp_masks.tif,66,0.7764680942670243,5.706276530740733,12.107837220974499,2.232433394499031
1454,2,/Users/reyesmatte/Desktop/copypasta/20260226/processed_masks/PY79_21_cp_masks.tif,PY79_21_cp_masks.tif,67,0.7441281670224419,6.324376780600243,13.04231488054213,2.3744900054862303
1455,2,/Users/reyesmatte/Desktop/copypasta/20260226/processed_masks/PY79_21_cp_masks.tif,PY79_21_cp_masks.tif,68,0.6409041504384515,3.4982265536888253,6.861743405170546,1.057865021903133
1456,2,/Users/reyesmatte/Desktop/copypasta/20260226/processed_masks/PY79_21_cp_masks.tif,PY79_21_cp_masks.tif,69,0.7415846252601704,4.8535116922940995,9.420224594876574,1.6608157048557444
1457,2,/Users/reyesmatte/Desktop/copypasta/20260226/processed_masks/PY79_21_cp_masks.tif,PY79_21_cp_masks.tif,70,0.7171038549344791,4.329702286748287,7.836371779840403,1.3368496998807675
1458,2,/Users/reyesmatte/Desktop/copypasta/20260226/processed_masks/PY79_21_cp_masks.tif,PY79_21_cp_masks.tif,71,0.6501535997888684,5.043566167165196,10.108322604731793,1.5970742482889457
1459,2,/Users/reyesmatte/Desktop/copypasta/20260226/processed_masks/PY79_21_cp_masks.tif,PY79_21_cp_masks.tif,72,0.6833189481619013,3.5654286420673795,7.2676224860558944,1.1711626350786406
1460,2,/Users/reyesmatte/Desktop/copypasta/20260226/processed_masks/PY79_21_cp_masks.tif,PY79_21_cp_masks.tif,73,0.7542505674049514,4.999492631406568,9.291246487795926,1.6464334752738519
1461,2,/Users/reyesmatte/Desktop/copypasta/20260226/processed_masks/PY79_21_cp_masks.tif,PY79_21_cp_masks.tif,74,0.7275028903431984,6.472064591859466,13.671368121199519,2.396204323332932
1462,2,/Users/reyesmatte/Desktop/copypasta/20260226/processed_masks/PY79_21_cp_masks.tif,PY79_21_cp_masks.tif,75,0.7006322169967578,4.742099273702832,10.163626460138238,1.6999560249397947
1463,2,/Users/reyesmatte/Desktop/copypasta/20260226/processed_masks/PY79_21_cp_masks.tif,PY79_21_cp_masks.tif,76,0.6473539275657183,3.1195922891425845,6.028888539299124,0.9083946600939053
1464,2,/Users/reyesmatte/Desktop/copypasta/20260226/processed_masks/PY79_21_cp_masks.tif,PY79_21_cp_masks.tif,77,0.7140425192060285,5.127128870982925,9.51464116781644,1.6383437978583328
1465,2,/Users/reyesmatte/Desktop/copypasta/20260226/processed_masks/PY79_21_cp_masks.tif,PY79_21_cp_masks.tif,79,0.7252399733751375,5.455933826904247,11.46176674022592,1.9995333067707106
1466,2,/Users/reyesmatte/Desktop/copypasta/20260226/processed_masks/PY79_21_cp_masks.tif,PY79_21_cp_masks.tif,80,0.7132309876517232,5.376406287292947,9.804864129948978,1.6679351238063687
1467,2,/Users/reyesmatte/Desktop/copypasta/20260226/processed_masks/PY79_21_cp_masks.tif,PY79_21_cp_masks.tif,81,0.6911504144065845,5.659161754579697,9.929026395460168,1.6435590501189878
1468,2,/Users/reyesmatte/Desktop/copypasta/20260226/processed_masks/PY79_21_cp_masks.tif,PY79_21_cp_masks.tif,82,0.7936320201569697,5.811469233195432,12.4277453183286,2.3626819799982344
1469,2,/Users/reyesmatte/Desktop/copypasta/20260226/processed_masks/PY79_21_cp_masks.tif,PY79_21_cp_masks.tif,83,0.7336974368636022,5.270371560518678,10.193264200738394,1.819153003812706
1470,2,/Users/reyesmatte/Desktop/copypasta/20260226/processed_masks/PY79_21_cp_masks.tif,PY79_21_cp_masks.tif,84,0.7371688755167516,6.203711266054003,12.467378066927155,2.217435375065377
1471,2,/Users/reyesmatte/Desktop/copypasta/20260226/processed_masks/PY79_21_cp_masks.tif,PY79_21_cp_masks.tif,85,0.6933590906457667,5.282663956765908,9.77793080162938,1.6154600771871155
1472,2,/Users/reyesmatte/Desktop/copypasta/20260226/processed_masks/PY79_21_cp_masks.tif,PY79_21_cp_masks.tif,86,0.7240502739902879,5.829178962575581,12.276988618974935,2.130801317997019
1473,2,/Users/reyesmatte/Desktop/copypasta/20260226/processed_masks/PY79_21_cp_masks.tif,PY79_21_cp_masks.tif,87,0.7965097493023929,6.058407275826925,11.866910204826338,2.315488519542522
1474,2,/Users/reyesmatte/Desktop/copypasta/20260226/processed_masks/PY79_21_cp_masks.tif,PY79_21_cp_masks.tif,88,0.6998807211059926,4.70138649242358,8.530817960445763,1.4466684152551106
1475,2,/Users/reyesmatte/Desktop/copypasta/20260226/processed_masks/PY79_21_cp_masks.tif,PY79_21_cp_masks.tif,90,0.7536831461387512,4.257346488278059,7.951266371498366,1.4139629384945096
1476,2,/Users/reyesmatte/Desktop/copypasta/20260226/processed_masks/PY79_21_cp_masks.tif,PY79_21_cp_masks.tif,91,0.7530990981499674,3.8455025571737362,7.907397669294006,1.420224522236389
1477,2,/Users/reyesmatte/Desktop/copypasta/20260226/processed_masks/PY79_21_cp_masks.tif,PY79_21_cp_masks.tif,92,0.7643950484704758,7.799782796985814,17.282757951648485,3.210488195093708
1478,2,/Users/reyesmatte/Desktop/copypasta/20260226/processed_masks/PY79_21_cp_masks.tif,PY79_21_cp_masks.tif,93,0.7701841181899738,3.949610462505147,7.729913422985349,1.3887316721635703
1479,2,/Users/reyesmatte/Desktop/copypasta/20260226/processed_masks/PY79_21_cp_masks.tif,PY79_21_cp_masks.tif,94,0.8079868395246887,6.332872231358077,12.69301504153852,2.46098470976516
1480,2,/Users/reyesmatte/Desktop/copypasta/20260226/processed_masks/PY79_21_cp_masks.tif,PY79_21_cp_masks.tif,95,0.757180228311079,3.7348514567659095,6.858979362695551,1.1924264279608494
1481,2,/Users/reyesmatte/Desktop/copypasta/20260226/processed_masks/PY79_21_cp_masks.tif,PY79_21_cp_masks.tif,96,0.7367057283729659,4.373291540373167,7.762148980038604,1.3742395583756193
1482,2,/Users/reyesmatte/Desktop/copypasta/20260226/processed_masks/PY79_21_cp_masks.tif,PY79_21_cp_masks.tif,97,0.7744299019674774,4.054790376309189,8.759532501949105,1.5821640303648055
1483,2,/Users/reyesmatte/Desktop/copypasta/20260226/processed_masks/PY79_21_cp_masks.tif,PY79_21_cp_masks.tif,98,0.7144117755001049,3.4603865012347566,6.425029566591657,1.0586864010498096
1484,2,/Users/reyesmatte/Desktop/copypasta/20260226/processed_masks/PY79_21_cp_masks.tif,PY79_21_cp_masks.tif,99,0.8085297823093864,6.517344984508617,13.500340822616439,2.6018268103723385
1485,2,/Users/reyesmatte/Desktop/copypasta/20260226/processed_masks/PY79_21_cp_masks.tif,PY79_21_cp_masks.tif,100,0.7415487736783434,3.7661733691187687,7.303396948131315,1.249544273642829
1486,2,/Users/reyesmatte/Desktop/copypasta/20260226/processed_masks/PY79_21_cp_masks.tif,PY79_21_cp_masks.tif,101,0.7574876613687889,4.653191093731755,9.101131015761682,1.6225670668891383
1487,2,/Users/reyesmatte/Desktop/copypasta/20260226/processed_masks/PY79_21_cp_masks.tif,PY79_21_cp_masks.tif,102,0.7139165590693669,3.156483069957232,5.7906699196323235,0.9521079379248881
1488,2,/Users/reyesmatte/Desktop/copypasta/20260226/processed_masks/PY79_21_cp_masks.tif,PY79_21_cp_masks.tif,103,0.7661883102320133,3.71073592601741,8.063340695434894,1.4342594713097345
1489,2,/Users/reyesmatte/Desktop/copypasta/20260226/processed_masks/PY79_21_cp_masks.tif,PY79_21_cp_masks.tif,104,0.7508378451722368,3.9252273152899724,7.591418757800206,1.3363832838818812
1490,2,/Users/reyesmatte/Desktop/copypasta/20260226/processed_masks/PY79_21_cp_masks.tif,PY79_21_cp_masks.tif,105,0.7053933621663043,3.7361504607564635,6.631403823700466,1.1059676987194618
1491,2,/Users/reyesmatte/Desktop/copypasta/20260226/processed_masks/PY79_21_cp_masks.tif,PY79_21_cp_masks.tif,106,0.7226971454864729,3.5887714074806136,6.201699832948781,1.05818271607352
1492,2,/Users/reyesmatte/Desktop/copypasta/20260226/processed_masks/PY79_21_cp_masks.tif,PY79_21_cp_masks.tif,107,0.741476406269622,3.9446759831911464,7.407372942563576,1.2733044374407771
1493,2,/Users/reyesmatte/Desktop/copypasta/20260226/processed_masks/PY79_21_cp_masks.tif,PY79_21_cp_masks.tif,108,0.7710047654084686,3.884255462024612,7.582448475691618,1.3477088827553743
1494,2,/Users/reyesmatte/Desktop/copypasta/20260226/processed_masks/PY79_21_cp_masks.tif,PY79_21_cp_masks.tif,109,0.7636036000869479,5.881340080935843,13.125418326290225,2.3963379896364017
1495,2,/Users/reyesmatte/Desktop/copypasta/20260226/processed_masks/PY79_21_cp_masks.tif,PY79_21_cp_masks.tif,110,0.716524685633065,3.594827026700334,6.5474273174511985,1.0911064664003631
1496,2,/Users/reyesmatte/Desktop/copypasta/20260226/processed_masks/PY79_21_cp_masks.tif,PY79_21_cp_masks.tif,111,0.6837703918290391,4.678230631414852,7.893805537601609,1.297919593349753
1497,2,/Users/reyesmatte/Desktop/copypasta/20260226/processed_masks/PY79_21_cp_masks.tif,PY79_21_cp_masks.tif,112,0.6572014898121256,4.8671238752668105,8.185890527893285,1.3284659840605195
1498,2,/Users/reyesmatte/Desktop/copypasta/20260226/processed_masks/PY79_21_cp_masks.tif,PY79_21_cp_masks.tif,114,0.7305212681555665,6.4636682411805415,14.488307830477689,2.580607627015174
1499,2,/Users/reyesmatte/Desktop/copypasta/20260226/processed_masks/PY79_21_cp_masks.tif,PY79_21_cp_masks.tif,115,0.8085952063250714,5.7747355918862695,11.554477431964202,2.202680425241539
1500,2,/Users/reyesmatte/Desktop/copypasta/20260226/processed_masks/PY79_21_cp_masks.tif,PY79_21_cp_masks.tif,116,0.7614554441082271,6.659292942294098,13.957386981008845,2.565871759176481
1501,2,/Users/reyesmatte/Desktop/copypasta/20260226/processed_masks/PY79_21_cp_masks.tif,PY79_21_cp_masks.tif,117,0.6792717826022846,5.745337207253316,10.593793638743824,1.7563928921679484
1502,2,/Users/reyesmatte/Desktop/copypasta/20260226/processed_masks/PY79_21_cp_masks.tif,PY79_21_cp_masks.tif,119,0.7600564367382607,5.426025095191242,11.222943131220573,2.029701503462857
1503,2,/Users/reyesmatte/Desktop/copypasta/20260226/processed_masks/PY79_21_cp_masks.tif,PY79_21_cp_masks.tif,120,0.7988536287026106,4.266176324980197,8.522676959988312,1.5731861304765575
1504,2,/Users/reyesmatte/Desktop/copypasta/20260226/processed_masks/PY79_21_cp_masks.tif,PY79_21_cp_masks.tif,121,0.7180489848746059,4.0683775043066905,6.968348636964321,1.3188200419105711
1505,2,/Users/reyesmatte/Desktop/copypasta/20260226/processed_masks/PY79_21_cp_masks.tif,PY79_21_cp_masks.tif,122,0.6807862147188927,5.4892669299980135,10.78336555723153,1.7574449049446124
1506,2,/Users/reyesmatte/Desktop/copypasta/20260226/processed_masks/PY79_21_cp_masks.tif,PY79_21_cp_masks.tif,123,0.7515473584579416,4.2194920993882565,7.8316087236712315,1.4511233943578292
1507,2,/Users/reyesmatte/Desktop/copypasta/20260226/processed_masks/PY79_21_cp_masks.tif,PY79_21_cp_masks.tif,124,0.7536627783063671,4.681931770548292,9.683036206156958,1.719519023873387
1508,2,/Users/reyesmatte/Desktop/copypasta/20260226/processed_masks/PY79_21_cp_masks.tif,PY79_21_cp_masks.tif,125,0.75883991168349,3.9569400307402143,7.764045851315815,1.3699436303296813
1509,2,/Users/reyesmatte/Desktop/copypasta/20260226/processed_masks/PY79_21_cp_masks.tif,PY79_21_cp_masks.tif,127,0.8067469009262453,5.060763265713437,10.636341038234148,2.0168099136032938
1510,2,/Users/reyesmatte/Desktop/copypasta/20260226/processed_masks/PY79_21_cp_masks.tif,PY79_21_cp_masks.tif,128,0.7076534648586401,4.387305819061019,9.061699068437205,1.5235631141480377
1511,2,/Users/reyesmatte/Desktop/copypasta/20260226/processed_masks/PY79_21_cp_masks.tif,PY79_21_cp_masks.tif,129,0.7499840765102063,4.042938643204779,7.558020286307143,1.333084929014582
1512,2,/Users/reyesmatte/Desktop/copypasta/20260226/processed_masks/PY79_21_cp_masks.tif,PY79_21_cp_masks.tif,130,0.7311748481329535,4.663573440980913,9.776892180517853,1.6927382526379122
1513,2,/Users/reyesmatte/Desktop/copypasta/20260226/processed_masks/PY79_21_cp_masks.tif,PY79_21_cp_masks.tif,132,0.7542997083379538,6.163682983872954,11.423371558807728,2.0632441007720494
1514,2,/Users/reyesmatte/Desktop/copypasta/20260226/processed_masks/PY79_21_cp_masks.tif,PY79_21_cp_masks.tif,133,0.7099461685947859,4.126387900413952,7.099392729527559,1.1696736221259703
1515,2,/Users/reyesmatte/Desktop/copypasta/20260226/processed_masks/PY79_21_cp_masks.tif,PY79_21_cp_masks.tif,134,0.7870393464605572,3.783695215577083,7.389640143761965,1.336527531581749
1516,2,/Users/reyesmatte/Desktop/copypasta/20260226/processed_masks/PY79_40_cp_masks.tif,PY79_40_cp_masks.tif,3,0.6584346082902028,6.169119779918434,10.142953150662995,1.6087076421771755
1517,2,/Users/reyesmatte/Desktop/copypasta/20260226/processed_masks/PY79_40_cp_masks.tif,PY79_40_cp_masks.tif,4,0.7298254399263241,4.668181814604164,9.691839578757042,1.6773423401953282
1518,2,/Users/reyesmatte/Desktop/copypasta/20260226/processed_masks/PY79_40_cp_masks.tif,PY79_40_cp_masks.tif,5,0.7810324338868415,3.967606307335042,9.136111244159036,1.663578297159414
1519,2,/Users/reyesmatte/Desktop/copypasta/20260226/processed_masks/PY79_40_cp_masks.tif,PY79_40_cp_masks.tif,6,0.795086120383192,4.208188551987932,9.591146447503366,1.7883724038053594
1520,2,/Users/reyesmatte/Desktop/copypasta/20260226/processed_masks/PY79_40_cp_masks.tif,PY79_40_cp_masks.tif,8,0.7977704944421077,4.382371339747017,9.868475382877884,1.8617875019354835
1521,2,/Users/reyesmatte/Desktop/copypasta/20260226/processed_masks/PY79_40_cp_masks.tif,PY79_40_cp_masks.tif,10,0.8204954923466703,4.04229077305829,9.55691356917615,1.8785779289052662
1522,2,/Users/reyesmatte/Desktop/copypasta/20260226/processed_masks/PY79_40_cp_masks.tif,PY79_40_cp_masks.tif,11,0.8019290078939498,4.865444624733917,10.510950492110538,2.03405937097671
1523,2,/Users/reyesmatte/Desktop/copypasta/20260226/processed_masks/PY79_40_cp_masks.tif,PY79_40_cp_masks.tif,13,0.7896362269646184,4.753052240941191,10.02535498294199,1.8833448959029364
1524,2,/Users/reyesmatte/Desktop/copypasta/20260226/processed_masks/PY79_40_cp_masks.tif,PY79_40_cp_masks.tif,14,0.8071954926843735,5.001717209842015,10.170940681947254,1.943225977324693
1525,2,/Users/reyesmatte/Desktop/copypasta/20260226/processed_masks/PY79_40_cp_masks.tif,PY79_40_cp_masks.tif,16,0.8916924492781854,3.928490847212535,8.879771241147242,1.8024187136505994
1526,2,/Users/reyesmatte/Desktop/copypasta/20260226/processed_masks/PY79_40_cp_masks.tif,PY79_40_cp_masks.tif,17,0.8974851797037924,9.305045376111392,19.36197252002899,4.188624343227039
1527,2,/Users/reyesmatte/Desktop/copypasta/20260226/processed_masks/PY79_40_cp_masks.tif,PY79_40_cp_masks.tif,19,0.7583676017368778,3.881382733199431,7.4694122642849194,1.3570938663793763
1528,2,/Users/reyesmatte/Desktop/copypasta/20260226/processed_masks/PY79_40_cp_masks.tif,PY79_40_cp_masks.tif,20,0.9047545691719062,4.261301719930023,9.659045244980911,2.0032471707236588
1529,2,/Users/reyesmatte/Desktop/copypasta/20260226/processed_masks/PY79_40_cp_masks.tif,PY79_40_cp_masks.tif,21,0.7573195980734079,6.031269848676152,11.802874860097905,2.1392520500752363
1530,2,/Users/reyesmatte/Desktop/copypasta/20260226/processed_masks/PY79_40_cp_masks.tif,PY79_40_cp_masks.tif,22,0.751452506047133,6.16760884688643,12.525478779836897,2.2529040581665227
1531,2,/Users/reyesmatte/Desktop/copypasta/20260226/processed_masks/PY79_40_cp_masks.tif,PY79_40_cp_masks.tif,24,0.741767927445999,3.0116874383217813,5.671622613780866,0.9938916695337177
1532,2,/Users/reyesmatte/Desktop/copypasta/20260226/processed_masks/PY79_40_cp_masks.tif,PY79_40_cp_masks.tif,25,0.8373625523943308,4.22019163462467,9.620672739838728,1.8645964903101595
1533,2,/Users/reyesmatte/Desktop/copypasta/20260226/processed_masks/PY79_40_cp_masks.tif,PY79_40_cp_masks.tif,26,0.781812065601279,4.277458507210474,9.594208411162171,1.7728204786254065
1534,2,/Users/reyesmatte/Desktop/copypasta/20260226/processed_masks/PY79_40_cp_masks.tif,PY79_40_cp_masks.tif,27,0.7733113488481269,3.6065666170023216,7.051528563827416,1.2975333200362005
1535,2,/Users/reyesmatte/Desktop/copypasta/20260226/processed_masks/PY79_40_cp_masks.tif,PY79_40_cp_masks.tif,28,0.7868539686887744,5.280790538996418,10.558448159463895,2.0006569021205824
1536,2,/Users/reyesmatte/Desktop/copypasta/20260226/processed_masks/PY79_40_cp_masks.tif,PY79_40_cp_masks.tif,29,0.7442518508168814,5.992353666081156,12.404861386074202,2.214596441794839
1537,2,/Users/reyesmatte/Desktop/copypasta/20260226/processed_masks/PY79_40_cp_masks.tif,PY79_40_cp_masks.tif,30,0.8047000831795172,5.561894318891949,12.120670232902686,2.3045190212521303
1538,2,/Users/reyesmatte/Desktop/copypasta/20260226/processed_masks/PY79_40_cp_masks.tif,PY79_40_cp_masks.tif,31,0.7629968042130666,4.6577127686282385,8.594078692257503,1.5864788274563149
1539,2,/Users/reyesmatte/Desktop/copypasta/20260226/processed_masks/PY79_40_cp_masks.tif,PY79_40_cp_masks.tif,32,0.7696424373740156,5.470492742358045,11.936435945110288,2.1968228191162695
1540,2,/Users/reyesmatte/Desktop/copypasta/20260226/processed_masks/PY79_40_cp_masks.tif,PY79_40_cp_masks.tif,33,0.8323399300731407,6.243592316600232,14.961939680971271,2.9696190083407448
1541,2,/Users/reyesmatte/Desktop/copypasta/20260226/processed_masks/PY79_40_cp_masks.tif,PY79_40_cp_masks.tif,36,0.8219885811091293,6.063863426292501,12.402944068415396,2.42228605715951
1542,2,/Users/reyesmatte/Desktop/copypasta/20260226/processed_masks/PY79_40_cp_masks.tif,PY79_40_cp_masks.tif,39,0.7893630317874231,5.607124791273551,10.84715078969544,2.0307272935241834
1543,2,/Users/reyesmatte/Desktop/copypasta/20260226/processed_masks/PY79_40_cp_masks.tif,PY79_40_cp_masks.tif,40,0.6913462068879923,4.191930783816321,7.692491405461445,1.35783280004213
1544,2,/Users/reyesmatte/Desktop/copypasta/20260226/processed_masks/PY79_40_cp_masks.tif,PY79_40_cp_masks.tif,41,0.8041803183683714,5.064044693170395,10.301872944199774,1.941683929247239
1545,2,/Users/reyesmatte/Desktop/copypasta/20260226/processed_masks/PY79_40_cp_masks.tif,PY79_40_cp_masks.tif,42,0.7557456911884476,5.1759976847693085,11.29297369294324,2.0252368787273225
1546,2,/Users/reyesmatte/Desktop/copypasta/20260226/processed_masks/PY79_40_cp_masks.tif,PY79_40_cp_masks.tif,43,0.7496214358324286,7.711237378348967,9.566872729465716,1.7550559364978158
1547,2,/Users/reyesmatte/Desktop/copypasta/20260226/processed_masks/PY79_40_cp_masks.tif,PY79_40_cp_masks.tif,44,0.7751377130813062,6.8037307628515755,11.330684746704055,2.0739110684912334
1548,2,/Users/reyesmatte/Desktop/copypasta/20260226/processed_masks/PY79_40_cp_masks.tif,PY79_40_cp_masks.tif,45,0.7703059132356351,5.099466131148042,12.050839505351698,2.206460368308314
1549,2,/Users/reyesmatte/Desktop/copypasta/20260226/processed_masks/PY79_40_cp_masks.tif,PY79_40_cp_masks.tif,46,0.7500682219399901,4.823950479714519,10.54103914983156,1.9623592785489345
1550,2,/Users/reyesmatte/Desktop/copypasta/20260226/processed_masks/PY79_40_cp_masks.tif,PY79_40_cp_masks.tif,47,0.7669828993037864,7.929782145141261,10.161488673152602,1.9032314015903171
1551,2,/Users/reyesmatte/Desktop/copypasta/20260226/processed_masks/PY79_40_cp_masks.tif,PY79_40_cp_masks.tif,48,0.8302868790595662,5.645923910018721,12.360397268239174,2.4384664107750025
1552,2,/Users/reyesmatte/Desktop/copypasta/20260226/processed_masks/PY79_40_cp_masks.tif,PY79_40_cp_masks.tif,49,0.7776399920105783,4.5316775622753065,10.730122289604031,1.9672028404546282
1553,2,/Users/reyesmatte/Desktop/copypasta/20260226/processed_masks/PY79_40_cp_masks.tif,PY79_40_cp_masks.tif,50,0.7383625887744732,5.2142596371561165,11.557748902150259,2.0492091516987028
1554,2,/Users/reyesmatte/Desktop/copypasta/20260226/processed_masks/PY79_40_cp_masks.tif,PY79_40_cp_masks.tif,52,0.7605978025112823,5.988370544799607,12.963555224141178,2.389349076658241
1555,2,/Users/reyesmatte/Desktop/copypasta/20260226/processed_masks/PY79_40_cp_masks.tif,PY79_40_cp_masks.tif,56,0.7930464347721536,5.884538915451772,12.979991815015506,2.4630306043868813
1556,2,/Users/reyesmatte/Desktop/copypasta/20260226/processed_masks/PY79_40_cp_masks.tif,PY79_40_cp_masks.tif,57,0.829080595309205,5.119636474801232,10.582794742100928,2.079742812333965
1557,2,/Users/reyesmatte/Desktop/copypasta/20260226/processed_masks/PY79_40_cp_masks.tif,PY79_40_cp_masks.tif,59,0.8310888520864286,5.091300110142175,10.492423681825104,2.0538901264869063
1558,2,/Users/reyesmatte/Desktop/copypasta/20260226/processed_masks/PY79_40_cp_masks.tif,PY79_40_cp_masks.tif,60,0.7644746060272851,4.2123867627834946,9.642616036441034,1.7698044537931883
1559,2,/Users/reyesmatte/Desktop/copypasta/20260226/processed_masks/PY79_40_cp_masks.tif,PY79_40_cp_masks.tif,61,0.7474705457054877,5.400608276700333,10.962212536952059,1.991458823057356
1560,2,/Users/reyesmatte/Desktop/copypasta/20260226/processed_masks/PY79_40_cp_masks.tif,PY79_40_cp_masks.tif,62,0.7311284254725419,4.683460081625938,8.83529387253308,1.5273099745945444
1561,2,/Users/reyesmatte/Desktop/copypasta/20260226/processed_masks/PY79_40_cp_masks.tif,PY79_40_cp_masks.tif,63,0.807902537863189,4.975927188074144,9.569447598827903,1.8302550156215525
1562,2,/Users/reyesmatte/Desktop/copypasta/20260226/processed_masks/PY79_40_cp_masks.tif,PY79_40_cp_masks.tif,64,0.6858081957941324,3.978470782067638,7.167430985567283,1.1700126336620837
1563,2,/Users/reyesmatte/Desktop/copypasta/20260226/processed_masks/PY79_40_cp_masks.tif,PY79_40_cp_masks.tif,65,0.7099561540760201,3.207873901700335,6.053261383084071,0.9815667826987002
1564,2,/Users/reyesmatte/Desktop/copypasta/20260226/processed_masks/PY79_40_cp_masks.tif,PY79_40_cp_masks.tif,66,0.6639655563197302,5.078122284225125,8.65326491183264,1.373044380452542
1565,2,/Users/reyesmatte/Desktop/copypasta/20260226/processed_masks/PY79_40_cp_masks.tif,PY79_40_cp_masks.tif,67,0.7033085897732623,5.45986854536506,8.288972168426314,1.4021078755480474
1566,2,/Users/reyesmatte/Desktop/copypasta/20260226/processed_masks/PY79_40_cp_masks.tif,PY79_40_cp_masks.tif,68,0.7986339201251392,5.65233307476128,11.480639697715288,2.163052833447849
1567,2,/Users/reyesmatte/Desktop/copypasta/20260226/processed_masks/PY79_40_cp_masks.tif,PY79_40_cp_masks.tif,69,0.6986187444047748,3.2750735214547,7.136178614637444,1.1729465565467214
1568,2,/Users/reyesmatte/Desktop/copypasta/20260226/processed_masks/PY79_40_cp_masks.tif,PY79_40_cp_masks.tif,71,0.7568810080025402,6.0782010245756,12.05843173203603,2.1904291489725862
1569,2,/Users/reyesmatte/Desktop/copypasta/20260226/processed_masks/PY79_40_cp_masks.tif,PY79_40_cp_masks.tif,73,0.7604765823643514,4.766914339687743,10.120730055212253,1.8120346610893836
1570,2,/Users/reyesmatte/Desktop/copypasta/20260226/processed_masks/PY79_40_cp_masks.tif,PY79_40_cp_masks.tif,74,0.6769285296492529,6.6775601616989615,12.67705532088352,2.095950583631474
1571,2,/Users/reyesmatte/Desktop/copypasta/20260226/processed_masks/PY79_40_cp_masks.tif,PY79_40_cp_masks.tif,78,0.702696646605018,5.2216906296541294,9.875123202563536,1.6566543546659978
1572,2,/Users/reyesmatte/Desktop/copypasta/20260226/processed_masks/PY79_40_cp_masks.tif,PY79_40_cp_masks.tif,82,0.7279840845455685,5.373894737970725,10.727770139171547,1.8860501764337851
1573,2,/Users/reyesmatte/Desktop/copypasta/20260226/processed_masks/PY79_40_cp_masks.tif,PY79_40_cp_masks.tif,83,0.7551070437230681,4.618984918752574,10.008628290079345,1.7842694155944507
1574,2,/Users/reyesmatte/Desktop/copypasta/20260226/processed_masks/PY79_40_cp_masks.tif,PY79_40_cp_masks.tif,84,0.8187592720036352,5.104614853593613,11.817790842570028,2.305511981579636
1575,2,/Users/reyesmatte/Desktop/copypasta/20260226/processed_masks/PY79_40_cp_masks.tif,PY79_40_cp_masks.tif,86,0.8252286868913332,3.7713584402728095,7.947657882874618,1.5252071913709748
1576,2,/Users/reyesmatte/Desktop/copypasta/20260226/processed_masks/PY79_40_cp_masks.tif,PY79_40_cp_masks.tif,87,0.8227861655436874,4.430591303441191,9.553521626911412,1.8589066970432517
1577,2,/Users/reyesmatte/Desktop/copypasta/20260226/processed_masks/PY79_40_cp_masks.tif,PY79_40_cp_masks.tif,88,0.8028746356645653,5.249999627768809,10.715331498811572,2.113971154703149
1578,2,/Users/reyesmatte/Desktop/copypasta/20260226/processed_masks/PY79_40_cp_masks.tif,PY79_40_cp_masks.tif,89,0.8008087398325651,4.8457280097102755,10.020250318240288,1.8772735767018174
1579,3,/Users/reyesmatte/Desktop/copypasta/20260226/processed_masks/PY79_14_cp_masks.tif,PY79_14_cp_masks.tif,7,0.753541082964915,6.4129646825171776,13.934558114845391,2.5243405892891824
1580,3,/Users/reyesmatte/Desktop/copypasta/20260226/processed_masks/PY79_14_cp_masks.tif,PY79_14_cp_masks.tif,8,0.7871747947123182,4.713078409945571,11.267947102309845,2.1133771767517704
1581,3,/Users/reyesmatte/Desktop/copypasta/20260226/processed_masks/PY79_14_cp_masks.tif,PY79_14_cp_masks.tif,9,0.7959602315095369,4.599177059836868,11.25234075762907,2.115730043806266
1582,3,/Users/reyesmatte/Desktop/copypasta/20260226/processed_masks/PY79_14_cp_masks.tif,PY79_14_cp_masks.tif,10,0.6991621902607172,6.4878088269042475,12.60202011707185,2.124814188281278
1583,3,/Users/reyesmatte/Desktop/copypasta/20260226/processed_masks/PY79_14_cp_masks.tif,PY79_14_cp_masks.tif,12,0.6741256027633314,6.106403257795773,10.196416920994867,1.662856757255544
1584,3,/Users/reyesmatte/Desktop/copypasta/20260226/processed_masks/PY79_14_cp_masks.tif,PY79_14_cp_masks.tif,14,0.7982317232353408,5.036498524935612,10.94823754762632,2.064228293517188
1585,3,/Users/reyesmatte/Desktop/copypasta/20260226/processed_masks/PY79_14_cp_masks.tif,PY79_14_cp_masks.tif,15,0.8066270403571969,4.719961011158723,10.223117531607613,1.936548450759788
1586,3,/Users/reyesmatte/Desktop/copypasta/20260226/processed_masks/PY79_14_cp_masks.tif,PY79_14_cp_masks.tif,16,0.765070917250047,4.906177201664899,9.468118082972452,1.72530422488474
1587,3,/Users/reyesmatte/Desktop/copypasta/20260226/processed_masks/PY79_14_cp_masks.tif,PY79_14_cp_masks.tif,18,0.8106390661754894,4.805422151456849,10.396053182002811,1.971243871725133
1588,3,/Users/reyesmatte/Desktop/copypasta/20260226/processed_masks/PY79_14_cp_masks.tif,PY79_14_cp_masks.tif,20,0.7778892606363743,4.819130177049818,9.060369455841222,1.7490464522123852
1589,3,/Users/reyesmatte/Desktop/copypasta/20260226/processed_masks/PY79_14_cp_masks.tif,PY79_14_cp_masks.tif,23,0.7977403196029468,4.784177551843474,9.5903492394843,1.8762187171224176
1590,3,/Users/reyesmatte/Desktop/copypasta/20260226/processed_masks/PY79_14_cp_masks.tif,PY79_14_cp_masks.tif,27,0.8032271241367541,4.770523402255303,10.938050610233159,2.195224414809608
1591,3,/Users/reyesmatte/Desktop/copypasta/20260226/processed_masks/PY79_14_cp_masks.tif,PY79_14_cp_masks.tif,34,0.8531102666586936,8.41097591618266,17.453885097592536,3.5789639534330804
1592,3,/Users/reyesmatte/Desktop/copypasta/20260226/processed_masks/PY79_14_cp_masks.tif,PY79_14_cp_masks.tif,37,0.7765404325998798,4.561241201026842,8.439469830415563,1.537088116404397
1593,3,/Users/reyesmatte/Desktop/copypasta/20260226/processed_masks/PY79_14_cp_masks.tif,PY79_14_cp_masks.tif,40,0.7872464901284505,4.324635664483829,8.664510799160457,1.5836639062281916
1594,3,/Users/reyesmatte/Desktop/copypasta/20260226/processed_masks/PY79_14_cp_masks.tif,PY79_14_cp_masks.tif,42,0.813024802665773,5.692869196085196,11.642384808423737,2.245488909434734
1595,3,/Users/reyesmatte/Desktop/copypasta/20260226/processed_masks/PY79_14_cp_masks.tif,PY79_14_cp_masks.tif,43,0.7113177546636223,8.712601377465335,15.706634697857474,2.7424869327697774
1596,3,/Users/reyesmatte/Desktop/copypasta/20260226/processed_masks/PY79_14_cp_masks.tif,PY79_14_cp_masks.tif,44,0.749931261784409,4.769436357644461,8.704423724695017,1.5290277540124142
1597,3,/Users/reyesmatte/Desktop/copypasta/20260226/processed_masks/PY79_14_cp_masks.tif,PY79_14_cp_masks.tif,46,0.7969019763508156,4.6820695435197095,9.479481577587288,1.7659137281265544
1598,3,/Users/reyesmatte/Desktop/copypasta/20260226/processed_masks/PY79_14_cp_masks.tif,PY79_14_cp_masks.tif,50,0.7131795279599646,3.5524400043066917,6.257965779449856,1.0238871254802655
1599,3,/Users/reyesmatte/Desktop/copypasta/20260226/processed_masks/PY79_14_cp_masks.tif,PY79_14_cp_masks.tif,52,0.780139957349368,9.001422265308625,17.818537196049505,3.3612604478053933
1600,3,/Users/reyesmatte/Desktop/copypasta/20260226/processed_masks/PY79_14_cp_masks.tif,PY79_14_cp_masks.tif,53,0.7696102956318405,8.167453375754219,17.863048949618715,3.3263602938774315
1601,3,/Users/reyesmatte/Desktop/copypasta/20260226/processed_masks/PY79_14_cp_masks.tif,PY79_14_cp_masks.tif,66,0.821248714950391,5.466532968922023,10.748317321212461,2.102579930817555
1602,3,/Users/reyesmatte/Desktop/copypasta/20260226/processed_masks/PY79_14_cp_masks.tif,PY79_14_cp_masks.tif,68,0.8018415588032688,8.420122653765548,16.441546238380493,3.2107584708593513
1603,3,/Users/reyesmatte/Desktop/copypasta/20260226/processed_masks/PY79_14_cp_masks.tif,PY79_14_cp_masks.tif,71,0.8238788737889744,4.7492796218146545,9.485969947501927,1.862980072894716
1604,3,/Users/reyesmatte/Desktop/copypasta/20260226/processed_masks/PY79_14_cp_masks.tif,PY79_14_cp_masks.tif,73,0.7317156089847914,10.317800728360577,21.40757442597944,3.8372198975550194
1605,3,/Users/reyesmatte/Desktop/copypasta/20260226/processed_masks/PY79_14_cp_masks.tif,PY79_14_cp_masks.tif,75,0.8481086081744376,4.379914847142273,9.397179569653575,1.8349651130194709
1606,3,/Users/reyesmatte/Desktop/copypasta/20260226/processed_masks/PY79_14_cp_masks.tif,PY79_14_cp_masks.tif,79,0.8168432023859267,5.667003434197915,11.672178033317318,2.2446892561094907
1607,3,/Users/reyesmatte/Desktop/copypasta/20260226/processed_masks/PY79_14_cp_masks.tif,PY79_14_cp_masks.tif,83,0.7039731184561422,5.579105925488586,10.242337653380735,1.7178381688616748
1608,3,/Users/reyesmatte/Desktop/copypasta/20260226/processed_masks/PY79_14_cp_masks.tif,PY79_14_cp_masks.tif,87,0.7287613785302536,4.341994682995516,7.49633079719238,1.4036514908257982
1609,3,/Users/reyesmatte/Desktop/copypasta/20260226/processed_masks/PY79_14_cp_masks.tif,PY79_14_cp_masks.tif,88,0.8173893102153995,8.580007939897774,17.048105169716653,3.3507984927371166
1610,3,/Users/reyesmatte/Desktop/copypasta/20260226/processed_masks/PY79_14_cp_masks.tif,PY79_14_cp_masks.tif,91,0.7796868323549426,4.5344486169325595,8.522231974711271,1.5786750317266314
1611,3,/Users/reyesmatte/Desktop/copypasta/20260226/processed_masks/PY79_14_cp_masks.tif,PY79_14_cp_masks.tif,98,0.7988147556635329,4.085300610623213,7.8117006769096555,1.4620174954122287
1612,3,/Users/reyesmatte/Desktop/copypasta/20260226/processed_masks/PY79_14_cp_masks.tif,PY79_14_cp_masks.tif,100,0.8131221245964756,7.910067476404147,15.955392918584005,3.105904236074523
1613,3,/Users/reyesmatte/Desktop/copypasta/20260226/processed_masks/PY79_14_cp_masks.tif,PY79_14_cp_masks.tif,104,0.8149059129718959,4.795010833129612,9.58934076254821,1.8186502384364118
1614,3,/Users/reyesmatte/Desktop/copypasta/20260226/processed_masks/PY79_14_cp_masks.tif,PY79_14_cp_masks.tif,107,0.7113864492734796,6.530145739347472,12.576748076140237,2.2092693566829897
1615,3,/Users/reyesmatte/Desktop/copypasta/20260226/processed_masks/PY79_14_cp_masks.tif,PY79_14_cp_masks.tif,108,0.7672178650218897,5.051571573442143,9.856118434476869,1.7990179328898233
1616,3,/Users/reyesmatte/Desktop/copypasta/20260226/processed_masks/PY79_14_cp_masks.tif,PY79_14_cp_masks.tif,110,0.8316868081286369,4.403341057421796,8.979566038306894,1.761586570989072
1617,3,/Users/reyesmatte/Desktop/copypasta/20260226/processed_masks/PY79_14_cp_masks.tif,PY79_14_cp_masks.tif,113,0.8231997071794549,4.153891074571392,9.569944734456035,1.8290006124205493
1618,3,/Users/reyesmatte/Desktop/copypasta/20260226/processed_masks/PY79_14_cp_masks.tif,PY79_14_cp_masks.tif,114,0.7293124981232928,5.262457264404248,11.16366650812734,1.9436344381146506
1619,3,/Users/reyesmatte/Desktop/copypasta/20260226/processed_masks/PY79_14_cp_masks.tif,PY79_14_cp_masks.tif,116,0.7741078183228959,4.796092686214137,10.403336340355157,1.9005964857736997
1620,3,/Users/reyesmatte/Desktop/copypasta/20260226/processed_masks/PY79_14_cp_masks.tif,PY79_14_cp_masks.tif,119,0.8201355723689099,4.583815602034818,9.900473534308897,1.8879011010199378
1621,3,/Users/reyesmatte/Desktop/copypasta/20260226/processed_masks/PY79_14_cp_masks.tif,PY79_14_cp_masks.tif,121,0.7110098365899907,4.846080699796085,10.055875558270474,1.7269660527510515
1622,3,/Users/reyesmatte/Desktop/copypasta/20260226/processed_masks/PY79_14_cp_masks.tif,PY79_14_cp_masks.tif,123,0.7826804099929744,5.3139608141435595,10.427534744994324,1.969111713558875
1623,3,/Users/reyesmatte/Desktop/copypasta/20260226/processed_masks/PY79_14_cp_masks.tif,PY79_14_cp_masks.tif,124,0.8309455459225132,8.521124711972979,17.068339759475084,3.4270754145758224
1624,3,/Users/reyesmatte/Desktop/copypasta/20260226/processed_masks/PY79_14_cp_masks.tif,PY79_14_cp_masks.tif,128,0.7461488509024073,4.251743846312324,8.307396868967713,1.4578746442385226
1625,3,/Users/reyesmatte/Desktop/copypasta/20260226/processed_masks/PY79_14_cp_masks.tif,PY79_14_cp_masks.tif,131,0.7119693933863135,5.248845081431537,11.115720573198548,1.9051976934525907
1626,3,/Users/reyesmatte/Desktop/copypasta/20260226/processed_masks/PY79_14_cp_masks.tif,PY79_14_cp_masks.tif,132,0.8387530237831304,5.12379590502811,10.836056246245764,2.1358812640256244
1627,3,/Users/reyesmatte/Desktop/copypasta/20260226/processed_masks/PY79_14_cp_masks.tif,PY79_14_cp_masks.tif,136,0.757309918536351,5.14925909106449,10.441220894395348,1.8695235410942008
1628,3,/Users/reyesmatte/Desktop/copypasta/20260226/processed_masks/PY79_14_cp_masks.tif,PY79_14_cp_masks.tif,138,0.7949350939485094,8.989238923136583,18.183347196740442,3.50279210593989
1629,3,/Users/reyesmatte/Desktop/copypasta/20260226/processed_masks/PY79_14_cp_masks.tif,PY79_14_cp_masks.tif,139,0.7678994257473287,4.460930241184828,10.48847826371846,1.9022887853887718
1630,3,/Users/reyesmatte/Desktop/copypasta/20260226/processed_masks/PY79_14_cp_masks.tif,PY79_14_cp_masks.tif,146,0.7827888625599104,4.473504338221421,10.998364479576123,2.031105997650194
1631,3,/Users/reyesmatte/Desktop/copypasta/20260226/processed_masks/PY79_14_cp_masks.tif,PY79_14_cp_masks.tif,149,0.7633689847323554,8.759514508347092,18.63339224672564,3.4545288546446855
1632,3,/Users/reyesmatte/Desktop/copypasta/20260226/processed_masks/PY79_14_cp_masks.tif,PY79_14_cp_masks.tif,151,0.8894918639843539,3.479407986991813,9.505747997596183,1.9367239882610672
1633,3,/Users/reyesmatte/Desktop/copypasta/20260226/processed_masks/PY79_14_cp_masks.tif,PY79_14_cp_masks.tif,154,0.7676798063319653,4.6480208186480425,10.714833918246365,1.9634828738988044
1634,3,/Users/reyesmatte/Desktop/copypasta/20260226/processed_masks/PY79_14_cp_masks.tif,PY79_14_cp_masks.tif,159,0.7156590083505817,5.408522572814762,9.788229614213707,1.7063032537239209
1635,3,/Users/reyesmatte/Desktop/copypasta/20260226/processed_masks/PY79_14_cp_masks.tif,PY79_14_cp_masks.tif,163,0.7981219228872241,9.529594185095393,20.88450879249938,4.042219660035353
1636,3,/Users/reyesmatte/Desktop/copypasta/20260226/processed_masks/PY79_14_cp_masks.tif,PY79_14_cp_masks.tif,165,0.6732687893591137,5.941583085827125,10.94207457012249,1.8119509485680414
1637,3,/Users/reyesmatte/Desktop/copypasta/20260226/processed_masks/PY79_14_cp_masks.tif,PY79_14_cp_masks.tif,171,0.7647204912686151,8.204359192707072,17.132815699816515,3.2373212952536354
1638,3,/Users/reyesmatte/Desktop/copypasta/20260226/processed_masks/PY79_14_cp_masks.tif,PY79_14_cp_masks.tif,172,0.7192587553845173,8.351738245982924,16.899529368270887,2.9661526025678677
1639,3,/Users/reyesmatte/Desktop/copypasta/20260226/processed_masks/PY79_14_cp_masks.tif,PY79_14_cp_masks.tif,173,0.787093873470241,7.810337559946543,16.561005265958734,3.1889710056918075
1640,3,/Users/reyesmatte/Desktop/copypasta/20260226/processed_masks/PY79_14_cp_masks.tif,PY79_14_cp_masks.tif,174,0.7657115730178965,4.314471362435777,9.711987313084935,1.7545278510199476
1641,3,/Users/reyesmatte/Desktop/copypasta/20260226/processed_masks/PY79_14_cp_masks.tif,PY79_14_cp_masks.tif,176,0.787116527656877,8.552320145087686,17.155109256390045,3.3070220135065282
1642,3,/Users/reyesmatte/Desktop/copypasta/20260226/processed_masks/PY79_14_cp_masks.tif,PY79_14_cp_masks.tif,180,0.7800226444332861,5.054581895867911,10.398242590194688,1.9575121817944288
1643,3,/Users/reyesmatte/Desktop/copypasta/20260226/processed_masks/PY79_29_cp_masks.tif,PY79_29_cp_masks.tif,5,0.661231667056643,6.69791558761933,7.234128408682315,1.1334268091819282
1644,3,/Users/reyesmatte/Desktop/copypasta/20260226/processed_masks/PY79_29_cp_masks.tif,PY79_29_cp_masks.tif,6,0.6706477863254693,6.808309887975871,11.607314608090585,1.8730966496338304
1645,3,/Users/reyesmatte/Desktop/copypasta/20260226/processed_masks/PY79_29_cp_masks.tif,PY79_29_cp_masks.tif,7,0.7470356251001103,3.986190173767253,7.622218596593532,1.326643036283186
1646,3,/Users/reyesmatte/Desktop/copypasta/20260226/processed_masks/PY79_29_cp_masks.tif,PY79_29_cp_masks.tif,8,0.7885007757052257,7.087959914661061,13.901311213390922,2.7072294994348054
1647,3,/Users/reyesmatte/Desktop/copypasta/20260226/processed_masks/PY79_29_cp_masks.tif,PY79_29_cp_masks.tif,9,0.7384788950260942,5.529471790369167,9.891977145027624,1.7640865573546929
1648,3,/Users/reyesmatte/Desktop/copypasta/20260226/processed_masks/PY79_29_cp_masks.tif,PY79_29_cp_masks.tif,12,0.8501339329932389,4.064895593692492,9.240581613405288,1.8324772784172174
1649,3,/Users/reyesmatte/Desktop/copypasta/20260226/processed_masks/PY79_29_cp_masks.tif,PY79_29_cp_masks.tif,14,0.7289927033462181,4.616100166153391,9.60165889892073,1.7288605280957692
1650,3,/Users/reyesmatte/Desktop/copypasta/20260226/processed_masks/PY79_29_cp_masks.tif,PY79_29_cp_masks.tif,15,0.8706596562725929,4.1368294652427124,10.812798806755902,2.190871811157181
1651,3,/Users/reyesmatte/Desktop/copypasta/20260226/processed_masks/PY79_29_cp_masks.tif,PY79_29_cp_masks.tif,16,0.8613402511048314,7.446916993053504,19.306921850672737,4.0097267352277965
1652,3,/Users/reyesmatte/Desktop/copypasta/20260226/processed_masks/PY79_29_cp_masks.tif,PY79_29_cp_masks.tif,18,0.8348624479273143,7.6930904914966725,16.22747908183584,3.3556864879977915
1653,3,/Users/reyesmatte/Desktop/copypasta/20260226/processed_masks/PY79_29_cp_masks.tif,PY79_29_cp_masks.tif,19,0.7601957833077289,7.456652492824097,14.790524143706556,2.707573901550548
1654,3,/Users/reyesmatte/Desktop/copypasta/20260226/processed_masks/PY79_29_cp_masks.tif,PY79_29_cp_masks.tif,20,0.7976769338427363,5.383912164473342,10.956166470286046,2.1011468694164424
1655,3,/Users/reyesmatte/Desktop/copypasta/20260226/processed_masks/PY79_29_cp_masks.tif,PY79_29_cp_masks.tif,21,0.8660488442217777,7.285338260464387,16.82631944785173,3.486730451059559
1656,3,/Users/reyesmatte/Desktop/copypasta/20260226/processed_masks/PY79_29_cp_masks.tif,PY79_29_cp_masks.tif,24,0.8318665166109092,5.381971862031781,11.471488737349837,2.2697856279843283
1657,3,/Users/reyesmatte/Desktop/copypasta/20260226/processed_masks/PY79_29_cp_masks.tif,PY79_29_cp_masks.tif,25,0.8612623528666566,18.211900032560806,23.458747248820536,4.9081016476577135
1658,3,/Users/reyesmatte/Desktop/copypasta/20260226/processed_masks/PY79_29_cp_masks.tif,PY79_29_cp_masks.tif,26,0.8218197781936771,3.543273367010605,7.2158134924538375,1.4092694675751507
1659,3,/Users/reyesmatte/Desktop/copypasta/20260226/processed_masks/PY79_29_cp_masks.tif,PY79_29_cp_masks.tif,27,0.844684355813174,4.841048452920802,10.646832193916797,2.172501447108762
1660,3,/Users/reyesmatte/Desktop/copypasta/20260226/processed_masks/PY79_29_cp_masks.tif,PY79_29_cp_masks.tif,28,0.8528396680640644,3.348366454864016,7.504197065309387,1.4410426021987162
1661,3,/Users/reyesmatte/Desktop/copypasta/20260226/processed_masks/PY79_29_cp_masks.tif,PY79_29_cp_masks.tif,29,0.8688067102819047,10.89174862446784,26.1265206253088,5.565028646818475
1662,3,/Users/reyesmatte/Desktop/copypasta/20260226/processed_masks/PY79_29_cp_masks.tif,PY79_29_cp_masks.tif,30,0.7904375188417262,3.421336187200875,7.303882652558657,1.333040206266666
1663,3,/Users/reyesmatte/Desktop/copypasta/20260226/processed_masks/PY79_29_cp_masks.tif,PY79_29_cp_masks.tif,31,0.8238228711873348,5.5304299599081626,12.449398484109423,2.4234460557803517
1664,3,/Users/reyesmatte/Desktop/copypasta/20260226/processed_masks/PY79_29_cp_masks.tif,PY79_29_cp_masks.tif,32,0.7481849389650055,3.335585881396103,6.533858291965505,1.136305758786105
1665,3,/Users/reyesmatte/Desktop/copypasta/20260226/processed_masks/PY79_29_cp_masks.tif,PY79_29_cp_masks.tif,33,0.8338313848440838,5.182316648215423,12.850624530567096,2.5456006468078036
1666,3,/Users/reyesmatte/Desktop/copypasta/20260226/processed_masks/PY79_29_cp_masks.tif,PY79_29_cp_masks.tif,34,0.7989023953149684,5.704710884632953,12.960884173471054,2.476404151114716
1667,3,/Users/reyesmatte/Desktop/copypasta/20260226/processed_masks/PY79_29_cp_masks.tif,PY79_29_cp_masks.tif,35,0.7952610246104834,6.963257777255302,16.39577861363792,3.262149782084912
1668,3,/Users/reyesmatte/Desktop/copypasta/20260226/processed_masks/PY79_29_cp_masks.tif,PY79_29_cp_masks.tif,38,0.9064666738067441,7.9481874911888255,22.423661808577204,4.897471231248306
1669,3,/Users/reyesmatte/Desktop/copypasta/20260226/processed_masks/PY79_29_cp_masks.tif,PY79_29_cp_masks.tif,39,0.7488156154361982,6.6964848746967,13.83158938614606,2.543078490124042
1670,3,/Users/reyesmatte/Desktop/copypasta/20260226/processed_masks/PY79_29_cp_masks.tif,PY79_29_cp_masks.tif,40,0.7670027441479984,7.013877201443814,13.943617242144049,2.5822386522871303
1671,3,/Users/reyesmatte/Desktop/copypasta/20260226/processed_masks/PY79_29_cp_masks.tif,PY79_29_cp_masks.tif,41,0.7203624376237383,4.838536918767714,9.105199666046063,1.544010774074248
1672,3,/Users/reyesmatte/Desktop/copypasta/20260226/processed_masks/PY79_29_cp_masks.tif,PY79_29_cp_masks.tif,42,0.7662181773900033,4.676130513390871,8.729035336635773,1.5845702942507838
1673,3,/Users/reyesmatte/Desktop/copypasta/20260226/processed_masks/PY79_29_cp_masks.tif,PY79_29_cp_masks.tif,44,0.7846144088297429,6.912586744034781,13.416634087041578,2.5932738504961153
1674,3,/Users/reyesmatte/Desktop/copypasta/20260226/processed_masks/PY79_29_cp_masks.tif,PY79_29_cp_masks.tif,47,0.7923274157435254,4.945992096151405,10.05752558900269,1.896418012973539
1675,3,/Users/reyesmatte/Desktop/copypasta/20260226/processed_masks/PY79_29_cp_masks.tif,PY79_29_cp_masks.tif,48,0.8578640939417527,6.526511621804702,14.188105998287766,2.886969125113158
1676,3,/Users/reyesmatte/Desktop/copypasta/20260226/processed_masks/PY79_29_cp_masks.tif,PY79_29_cp_masks.tif,50,0.7375916877994291,5.056179947065393,10.164597598591078,1.7749560145436545
1677,3,/Users/reyesmatte/Desktop/copypasta/20260226/processed_masks/PY79_29_cp_masks.tif,PY79_29_cp_masks.tif,51,0.8682727116504912,7.023891615582225,14.486573443531368,3.052495486484403
1678,3,/Users/reyesmatte/Desktop/copypasta/20260226/processed_masks/PY79_29_cp_masks.tif,PY79_29_cp_masks.tif,53,0.845572193205512,7.222799273572595,14.33858590830075,2.896358776039555
1679,3,/Users/reyesmatte/Desktop/copypasta/20260226/processed_masks/PY79_29_cp_masks.tif,PY79_29_cp_masks.tif,55,0.787899620205825,6.756888830305175,13.56107858532145,2.5489026970869446
1680,3,/Users/reyesmatte/Desktop/copypasta/20260226/processed_masks/PY79_29_cp_masks.tif,PY79_29_cp_masks.tif,57,0.6949099706335619,6.916189683821465,12.168092835364355,2.0378567052748418
1681,3,/Users/reyesmatte/Desktop/copypasta/20260226/processed_masks/PY79_6_cp_masks.tif,PY79_6_cp_masks.tif,68,0.7943778214308992,4.504845574656116,10.559068814222009,1.9944338783925133
1682,3,/Users/reyesmatte/Desktop/copypasta/20260226/processed_masks/PY79_6_cp_masks.tif,PY79_6_cp_masks.tif,69,0.8257792211675858,5.125198243053505,11.700598284867446,2.2787931472845524
1683,3,/Users/reyesmatte/Desktop/copypasta/20260226/processed_masks/PY79_6_cp_masks.tif,PY79_6_cp_masks.tif,70,0.7241748851303487,7.835496402273359,10.288928298924088,1.836516599363431
1684,3,/Users/reyesmatte/Desktop/copypasta/20260226/processed_masks/PY79_6_cp_masks.tif,PY79_6_cp_masks.tif,71,0.7310766003373496,5.414277628229715,10.830067910466969,1.9188889343508124
1685,3,/Users/reyesmatte/Desktop/copypasta/20260226/processed_masks/PY79_6_cp_masks.tif,PY79_6_cp_masks.tif,72,0.8049621985087122,4.274418816146217,10.342536019602049,1.9576793799880334
1686,3,/Users/reyesmatte/Desktop/copypasta/20260226/processed_masks/PY79_6_cp_masks.tif,PY79_6_cp_masks.tif,89,0.8167316670415525,7.485839896594669,12.916257032491716,2.5096919916829523
1687,3,/Users/reyesmatte/Desktop/copypasta/20260226/processed_masks/PY79_6_cp_masks.tif,PY79_6_cp_masks.tif,90,0.7831012285331923,9.487084023913011,13.78130060939864,2.575280541903325
1688,3,/Users/reyesmatte/Desktop/copypasta/20260226/processed_masks/PY79_6_cp_masks.tif,PY79_6_cp_masks.tif,91,0.8572777855791861,5.8436137943740745,13.371368758496576,2.715203114429856
1689,3,/Users/reyesmatte/Desktop/copypasta/20260226/processed_masks/PY79_6_cp_masks.tif,PY79_6_cp_masks.tif,92,0.7688910257741017,5.442158815984911,12.130069170644191,2.299437883510102
1690,3,/Users/reyesmatte/Desktop/copypasta/20260226/processed_masks/PY79_6_cp_masks.tif,PY79_6_cp_masks.tif,93,0.8456813345458474,6.288579636010222,14.395462106582581,2.956214316977092
1691,3,/Users/reyesmatte/Desktop/copypasta/20260226/processed_masks/PY79_6_cp_masks.tif,PY79_6_cp_masks.tif,95,0.8069293458146591,11.067966706930386,14.686751226315124,2.9212744135851456
1692,3,/Users/reyesmatte/Desktop/copypasta/20260226/processed_masks/PY79_6_cp_masks.tif,PY79_6_cp_masks.tif,96,0.7790352914056757,7.759294247336869,13.514606624290208,2.6084266047245057
1693,3,/Users/reyesmatte/Desktop/copypasta/20260226/processed_masks/PY79_6_cp_masks.tif,PY79_6_cp_masks.tif,99,0.8026843890286753,6.205658367562098,14.494200843563474,2.7888404679042904
1694,3,/Users/reyesmatte/Desktop/copypasta/20260226/processed_masks/PY79_6_cp_masks.tif,PY79_6_cp_masks.tif,100,0.7366671874348971,4.842910561787897,10.131286035945081,1.7814282469433311
1695,3,/Users/reyesmatte/Desktop/copypasta/20260226/processed_masks/PY79_6_cp_masks.tif,PY79_6_cp_masks.tif,102,0.8070989820733432,5.934694430639855,14.584269195406826,2.823521618146408
1696,3,/Users/reyesmatte/Desktop/copypasta/20260226/processed_masks/PY79_6_cp_masks.tif,PY79_6_cp_masks.tif,104,0.8527855587714985,6.06375153339506,14.080823270252695,2.8497087133091736
1697,3,/Users/reyesmatte/Desktop/copypasta/20260226/processed_masks/PY79_6_cp_masks.tif,PY79_6_cp_masks.tif,107,0.7167333275329458,5.301328575692471,10.559807966964883,1.8082554142498126
1698,3,/Users/reyesmatte/Desktop/copypasta/20260226/processed_masks/PY79_6_cp_masks.tif,PY79_6_cp_masks.tif,132,0.805999332645243,5.062636683482925,10.549486673884344,2.120085304115336
1699,3,/Users/reyesmatte/Desktop/copypasta/20260226/processed_masks/PY79_6_cp_masks.tif,PY79_6_cp_masks.tif,136,0.7861273797630672,5.708385022754989,11.38588066088563,2.1249262093643866
1700,3,/Users/reyesmatte/Desktop/copypasta/20260226/processed_masks/PY79_6_cp_masks.tif,PY79_6_cp_masks.tif,137,0.7761662418029582,4.5133410254139505,8.25350724535825,1.541644402595616
1701,3,/Users/reyesmatte/Desktop/copypasta/20260226/processed_masks/PY79_6_cp_masks.tif,PY79_6_cp_masks.tif,144,0.7756847993864178,4.229358271920755,8.299387505505335,1.4991471027647598
1702,3,/Users/reyesmatte/Desktop/copypasta/20260226/processed_masks/PY79_6_cp_masks.tif,PY79_6_cp_masks.tif,160,0.6560937742138137,4.7907551495921705,8.733663430926772,1.3977526152389774
1703,3,/Users/reyesmatte/Desktop/copypasta/20260226/processed_masks/PY79_6_cp_masks.tif,PY79_6_cp_masks.tif,171,0.7440874222314973,4.039004174648945,9.166182651592576,1.6186344831645911
1704,3,/Users/reyesmatte/Desktop/copypasta/20260226/processed_masks/PY79_6_cp_masks.tif,PY79_6_cp_masks.tif,188,0.7836884379331608,3.2974943188579675,7.709589457967119,1.3872202371622626
1705,3,/Users/reyesmatte/Desktop/copypasta/20260226/processed_masks/PY79_6_cp_masks.tif,PY79_6_cp_masks.tif,189,0.7263116821411061,4.953721227873167,8.994588698612402,1.5370893015336438
1706,3,/Users/reyesmatte/Desktop/copypasta/20260226/processed_masks/PY79_6_cp_masks.tif,PY79_6_cp_masks.tif,191,0.7606957008063645,3.472787692586914,8.061950826799153,1.443748208066115
1707,3,/Users/reyesmatte/Desktop/copypasta/20260226/processed_masks/PY79_6_cp_masks.tif,PY79_6_cp_masks.tif,198,0.7145854006879371,4.646908719061993,7.914316975117558,1.3309095548323961
1708,3,/Users/reyesmatte/Desktop/copypasta/20260226/processed_masks/PY79_6_cp_masks.tif,PY79_6_cp_masks.tif,203,0.7308671537568288,6.888689771933211,14.520581165118596,2.576339776700309
1709,3,/Users/reyesmatte/Desktop/copypasta/20260226/processed_masks/PY79_32_cp_masks.tif,PY79_32_cp_masks.tif,2,0.7635012691985448,3.466833889955219,7.98453677086751,1.4163337965697542
1710,3,/Users/reyesmatte/Desktop/copypasta/20260226/processed_masks/PY79_32_cp_masks.tif,PY79_32_cp_masks.tif,4,0.7188953681290419,4.547949536176154,7.767710761227977,1.3064391756962683
1711,3,/Users/reyesmatte/Desktop/copypasta/20260226/processed_masks/PY79_32_cp_masks.tif,PY79_32_cp_masks.tif,7,0.7478358054505829,3.4023417024552196,7.581441888721902,1.3503225697648589
1712,3,/Users/reyesmatte/Desktop/copypasta/20260226/processed_masks/PY79_32_cp_masks.tif,PY79_32_cp_masks.tif,9,0.7488472552247583,4.738114445291602,8.803491868476959,1.54075184933144
1713,3,/Users/reyesmatte/Desktop/copypasta/20260226/processed_masks/PY79_32_cp_masks.tif,PY79_32_cp_masks.tif,13,0.6838434710110644,7.393847547301434,14.751645961654356,2.4698716613354037
1714,3,/Users/reyesmatte/Desktop/copypasta/20260226/processed_masks/PY79_32_cp_masks.tif,PY79_32_cp_masks.tif,18,0.7397761679831318,5.13943498601987,11.029952046987448,1.9428335996601607
1715,3,/Users/reyesmatte/Desktop/copypasta/20260226/processed_masks/PY79_32_cp_masks.tif,PY79_32_cp_masks.tif,20,0.6710274534381335,8.686617650828943,10.588360571900099,1.715730099252346
1716,3,/Users/reyesmatte/Desktop/copypasta/20260226/processed_masks/PY79_32_cp_masks.tif,PY79_32_cp_masks.tif,25,0.6926790456650116,4.753551881004077,9.54427800913734,1.5868915232848804
1717,3,/Users/reyesmatte/Desktop/copypasta/20260226/processed_masks/PY79_32_cp_masks.tif,PY79_32_cp_masks.tif,26,0.7709085908238492,5.497484366188825,9.40375009851749,1.6991570678417554
1718,3,/Users/reyesmatte/Desktop/copypasta/20260226/processed_masks/PY79_32_cp_masks.tif,PY79_32_cp_masks.tif,27,0.7455828490971234,4.967015140211408,10.135136037095915,1.8677313217899858
1719,3,/Users/reyesmatte/Desktop/copypasta/20260226/processed_masks/PY79_32_cp_masks.tif,PY79_32_cp_masks.tif,28,0.8063321134468288,4.665180210707137,10.298410161488595,1.9472761302016943
1720,3,/Users/reyesmatte/Desktop/copypasta/20260226/processed_masks/PY79_32_cp_masks.tif,PY79_32_cp_masks.tif,39,0.8504885105483605,5.789765149022583,13.969845347311164,2.8180120889430125
1721,3,/Users/reyesmatte/Desktop/copypasta/20260226/processed_masks/PY79_32_cp_masks.tif,PY79_32_cp_masks.tif,40,0.852221158356814,5.588066297301433,13.706952563308663,2.811163748858587
1722,3,/Users/reyesmatte/Desktop/copypasta/20260226/processed_masks/PY79_32_cp_masks.tif,PY79_32_cp_masks.tif,41,0.7609737255081788,5.19250892643867,11.19766576314627,2.0384506832262215
1723,3,/Users/reyesmatte/Desktop/copypasta/20260226/processed_masks/PY79_32_cp_masks.tif,PY79_32_cp_masks.tif,42,0.8111604736825132,5.091840084984529,11.645476671493133,2.2368323942224655
1724,3,/Users/reyesmatte/Desktop/copypasta/20260226/processed_masks/PY79_32_cp_masks.tif,PY79_32_cp_masks.tif,43,0.6838077331377301,5.949116583093328,10.751363122048058,1.7792822121293945
1725,3,/Users/reyesmatte/Desktop/copypasta/20260226/processed_masks/PY79_32_cp_masks.tif,PY79_32_cp_masks.tif,46,0.7754195662707508,5.435709562369409,10.850730874257586,1.9982602797611682
1726,3,/Users/reyesmatte/Desktop/copypasta/20260226/processed_masks/PY79_32_cp_masks.tif,PY79_32_cp_masks.tif,47,0.7333438320901365,3.980920308631771,8.151108426779034,1.4187900695894078
1727,3,/Users/reyesmatte/Desktop/copypasta/20260226/processed_masks/PY79_32_cp_masks.tif,PY79_32_cp_masks.tif,48,0.7351511712732054,3.7447733268175503,7.5728945781223596,1.347995714446288
1728,3,/Users/reyesmatte/Desktop/copypasta/20260226/processed_masks/PY79_32_cp_masks.tif,PY79_32_cp_masks.tif,49,0.8009100775322127,4.158587212088058,9.523521712388025,1.7763207592670092
1729,3,/Users/reyesmatte/Desktop/copypasta/20260226/processed_masks/PY79_32_cp_masks.tif,PY79_32_cp_masks.tif,53,0.823174343769033,4.358432747112176,9.736495344546121,1.8635511694290692
1730,3,/Users/reyesmatte/Desktop/copypasta/20260226/processed_masks/PY79_32_cp_masks.tif,PY79_32_cp_masks.tif,54,0.8151963832232278,6.0980843973420145,12.980109262911276,2.583394427913444
1731,3,/Users/reyesmatte/Desktop/copypasta/20260226/processed_masks/PY79_32_cp_masks.tif,PY79_32_cp_masks.tif,57,0.8438308730630565,5.998143952586057,13.16982409498817,2.6670010769660926
1732,3,/Users/reyesmatte/Desktop/copypasta/20260226/processed_masks/PY79_32_cp_masks.tif,PY79_32_cp_masks.tif,58,0.8695045878345051,5.580786059968226,14.536689883361788,3.001368658630901
1733,3,/Users/reyesmatte/Desktop/copypasta/20260226/processed_masks/PY79_32_cp_masks.tif,PY79_32_cp_masks.tif,59,0.8284722706692876,7.274151612053756,9.74767187268272,1.933677638667592
1734,3,/Users/reyesmatte/Desktop/copypasta/20260226/processed_masks/PY79_32_cp_masks.tif,PY79_32_cp_masks.tif,60,0.7942050606491012,5.9217308478543735,13.318718492681102,2.568746372563258
1735,3,/Users/reyesmatte/Desktop/copypasta/20260226/processed_masks/PY79_32_cp_masks.tif,PY79_32_cp_masks.tif,62,0.7556850562597945,10.9781468004191,13.558994313312168,2.467945005714243
1736,3,/Users/reyesmatte/Desktop/copypasta/20260226/processed_masks/PY79_32_cp_masks.tif,PY79_32_cp_masks.tif,69,0.7606223177739905,4.838490071086482,10.965912579822861,1.9852216818544264
1737,3,/Users/reyesmatte/Desktop/copypasta/20260226/processed_masks/PY79_32_cp_masks.tif,PY79_32_cp_masks.tif,70,0.6420066497834532,9.397464696724152,10.151228270849472,1.5631698502309745
1738,3,/Users/reyesmatte/Desktop/copypasta/20260226/processed_masks/PY79_32_cp_masks.tif,PY79_32_cp_masks.tif,72,0.7831293876037767,5.099466131148042,10.162225457135584,1.8828649075455917
1739,3,/Users/reyesmatte/Desktop/copypasta/20260226/processed_masks/PY79_32_cp_masks.tif,PY79_32_cp_masks.tif,73,0.7671642660875952,8.452265377561826,10.76062443215863,1.966104953866195
1740,3,/Users/reyesmatte/Desktop/copypasta/20260226/processed_masks/PY79_32_cp_masks.tif,PY79_32_cp_masks.tif,91,0.7566812949359032,3.4826451465906714,8.00700990569946,1.4069250138429101
1741,3,/Users/reyesmatte/Desktop/copypasta/20260226/processed_masks/PY79_32_cp_masks.tif,PY79_32_cp_masks.tif,93,0.7708126003206262,3.9717062799144363,9.141444777597933,1.652288820042572
1742,3,/Users/reyesmatte/Desktop/copypasta/20260226/processed_masks/PY79_32_cp_masks.tif,PY79_32_cp_masks.tif,94,0.7418987533726878,6.509852588326925,12.240538571527365,2.236628721357563
1743,3,/Users/reyesmatte/Desktop/copypasta/20260226/processed_masks/PY79_32_cp_masks.tif,PY79_32_cp_masks.tif,95,0.7177896491637867,3.7589052045673794,8.243016365407318,1.3897019306284644
1744,3,/Users/reyesmatte/Desktop/copypasta/20260226/processed_masks/PY79_32_cp_masks.tif,PY79_32_cp_masks.tif,97,0.6854205317550505,4.57246352110726,9.403773370926162,1.5438200107221505
1745,3,/Users/reyesmatte/Desktop/copypasta/20260226/processed_masks/PY79_32_cp_masks.tif,PY79_32_cp_masks.tif,98,0.701692132966251,4.0441722211763524,7.506685836683455,1.2441209032400036
1746,3,/Users/reyesmatte/Desktop/copypasta/20260226/processed_masks/PY79_21_cp_masks.tif,PY79_21_cp_masks.tif,1,0.7345783603563742,3.012562553891171,6.003301205273222,1.0736643324106832
1747,3,/Users/reyesmatte/Desktop/copypasta/20260226/processed_masks/PY79_21_cp_masks.tif,PY79_21_cp_masks.tif,3,0.7798771880494308,6.897987180195096,14.853278891532382,2.7831581609631844
1748,3,/Users/reyesmatte/Desktop/copypasta/20260226/processed_masks/PY79_21_cp_masks.tif,PY79_21_cp_masks.tif,4,0.7622756976721017,4.300303902115334,9.4375360276256,1.7115687490625997
1749,3,/Users/reyesmatte/Desktop/copypasta/20260226/processed_masks/PY79_21_cp_masks.tif,PY79_21_cp_masks.tif,5,0.7792351999122119,7.690240514440607,16.223571172109175,3.0430724879629945
1750,3,/Users/reyesmatte/Desktop/copypasta/20260226/processed_masks/PY79_21_cp_masks.tif,PY79_21_cp_masks.tif,7,0.6743667902273313,6.504408771286508,7.519312966023751,1.204255174281686
1751,3,/Users/reyesmatte/Desktop/copypasta/20260226/processed_masks/PY79_21_cp_masks.tif,PY79_21_cp_masks.tif,8,0.6771179220581196,5.001778613525694,9.988790928811769,1.6238761794004277
1752,3,/Users/reyesmatte/Desktop/copypasta/20260226/processed_masks/PY79_21_cp_masks.tif,PY79_21_cp_masks.tif,9,0.824062791792741,3.9712476323448858,8.581821730414509,1.6259107529314458
1753,3,/Users/reyesmatte/Desktop/copypasta/20260226/processed_masks/PY79_21_cp_masks.tif,PY79_21_cp_masks.tif,10,0.6644881476576048,3.66957289610726,7.115607566180173,1.1407301789560869
1754,3,/Users/reyesmatte/Desktop/copypasta/20260226/processed_masks/PY79_21_cp_masks.tif,PY79_21_cp_masks.tif,12,0.7898659236894814,4.170224452155918,8.488496783924278,1.6180894812538198
1755,3,/Users/reyesmatte/Desktop/copypasta/20260226/processed_masks/PY79_21_cp_masks.tif,PY79_21_cp_masks.tif,14,0.8230778896866485,5.280213137144541,10.631637127169252,2.0453819963438047
1756,3,/Users/reyesmatte/Desktop/copypasta/20260226/processed_masks/PY79_21_cp_masks.tif,PY79_21_cp_masks.tif,15,0.8015935218113603,4.106156153077083,8.310792591965532,1.5429881771204643
1757,3,/Users/reyesmatte/Desktop/copypasta/20260226/processed_masks/PY79_21_cp_masks.tif,PY79_21_cp_masks.tif,16,0.7682557604387138,4.98574267546244,10.364216676111278,1.8790177126970575
1758,3,/Users/reyesmatte/Desktop/copypasta/20260226/processed_masks/PY79_21_cp_masks.tif,PY79_21_cp_masks.tif,17,0.7317601468586791,12.320210305238824,14.07466966217327,2.4977202824858127
1759,3,/Users/reyesmatte/Desktop/copypasta/20260226/processed_masks/PY79_21_cp_masks.tif,PY79_21_cp_masks.tif,18,0.7834789362868948,5.6079848705253195,7.861421529584647,1.4175573116087676
1760,3,/Users/reyesmatte/Desktop/copypasta/20260226/processed_masks/PY79_21_cp_masks.tif,PY79_21_cp_masks.tif,19,0.7675093167082634,3.41160414610726,7.6823148642281645,1.3665728442800693
1761,3,/Users/reyesmatte/Desktop/copypasta/20260226/processed_masks/PY79_21_cp_masks.tif,PY79_21_cp_masks.tif,20,0.7755195952153031,5.641167898238225,10.734915182237724,2.0464898086988144
1762,3,/Users/reyesmatte/Desktop/copypasta/20260226/processed_masks/PY79_21_cp_masks.tif,PY79_21_cp_masks.tif,22,0.6648002095943862,5.698867224792947,9.919023041488643,1.593777830714912
1763,3,/Users/reyesmatte/Desktop/copypasta/20260226/processed_masks/PY79_21_cp_masks.tif,PY79_21_cp_masks.tif,23,0.7456357578580122,4.5319754184129195,7.793806642784016,1.424495645851177
1764,3,/Users/reyesmatte/Desktop/copypasta/20260226/processed_masks/PY79_21_cp_masks.tif,PY79_21_cp_masks.tif,24,0.7779639645656408,5.880253036325001,11.418130753032774,2.105703074533444
1765,3,/Users/reyesmatte/Desktop/copypasta/20260226/processed_masks/PY79_21_cp_masks.tif,PY79_21_cp_masks.tif,27,0.7124243771783985,4.824137384119024,7.987472544427597,1.3554058663907265
1766,3,/Users/reyesmatte/Desktop/copypasta/20260226/processed_masks/PY79_21_cp_masks.tif,PY79_21_cp_masks.tif,28,0.7481471193833328,4.620195180332384,8.321206538946395,1.4955878561616398
1767,3,/Users/reyesmatte/Desktop/copypasta/20260226/processed_masks/PY79_21_cp_masks.tif,PY79_21_cp_masks.tif,29,0.7564515195490953,5.415250223589802,10.13168001962268,1.8077607483189664
1768,3,/Users/reyesmatte/Desktop/copypasta/20260226/processed_masks/PY79_21_cp_masks.tif,PY79_21_cp_masks.tif,30,0.7536702497512676,3.2884406900621794,5.975790515844219,1.0607108056107288
1769,3,/Users/reyesmatte/Desktop/copypasta/20260226/processed_masks/PY79_21_cp_masks.tif,PY79_21_cp_masks.tif,31,0.7323058427051128,6.160926420185499,10.707161425156318,1.893888937816193
1770,3,/Users/reyesmatte/Desktop/copypasta/20260226/processed_masks/PY79_21_cp_masks.tif,PY79_21_cp_masks.tif,33,0.7298277780109208,3.8297288477340237,7.247816768723815,1.2219179975349324
1771,3,/Users/reyesmatte/Desktop/copypasta/20260226/processed_masks/PY79_21_cp_masks.tif,PY79_21_cp_masks.tif,34,0.699304217701984,5.182230189556534,8.450090528771934,1.4050238047366934
1772,3,/Users/reyesmatte/Desktop/copypasta/20260226/processed_masks/PY79_21_cp_masks.tif,PY79_21_cp_masks.tif,35,0.7059539989210805,4.64232540041395,7.661903019227729,1.3033706058498504
1773,3,/Users/reyesmatte/Desktop/copypasta/20260226/processed_masks/PY79_21_cp_masks.tif,PY79_21_cp_masks.tif,36,0.8074745354131994,5.2579451440915586,10.827382425278616,2.05460526190923
1774,3,/Users/reyesmatte/Desktop/copypasta/20260226/processed_masks/PY79_21_cp_masks.tif,PY79_21_cp_masks.tif,37,0.6766310019982846,6.72302283309333,12.293216276105673,2.0270349867758535
1775,3,/Users/reyesmatte/Desktop/copypasta/20260226/processed_masks/PY79_21_cp_masks.tif,PY79_21_cp_masks.tif,38,0.7801748774811974,5.575285596585155,11.055996448590665,2.0688720703214387
1776,3,/Users/reyesmatte/Desktop/copypasta/20260226/processed_masks/PY79_21_cp_masks.tif,PY79_21_cp_masks.tif,39,0.7163101593906779,6.007726447954732,11.062116666461304,1.9429772587636671
1777,3,/Users/reyesmatte/Desktop/copypasta/20260226/processed_masks/PY79_21_cp_masks.tif,PY79_21_cp_masks.tif,40,0.6655205111465532,4.474938831431537,8.857698953978693,1.416433716258897
1778,3,/Users/reyesmatte/Desktop/copypasta/20260226/processed_masks/PY79_21_cp_masks.tif,PY79_21_cp_masks.tif,41,0.8523697249038915,4.992199411879971,11.504941360402997,2.2932781109969436
1779,3,/Users/reyesmatte/Desktop/copypasta/20260226/processed_masks/PY79_21_cp_masks.tif,PY79_21_cp_masks.tif,42,0.7437979625162366,7.065528613525694,15.773821606605974,2.842134437497583
1780,3,/Users/reyesmatte/Desktop/copypasta/20260226/processed_masks/PY79_21_cp_masks.tif,PY79_21_cp_masks.tif,44,0.7805452075997067,6.413712382783314,12.375458591106929,2.3210571011950756
1781,3,/Users/reyesmatte/Desktop/copypasta/20260226/processed_masks/PY79_21_cp_masks.tif,PY79_21_cp_masks.tif,45,0.7329351628478713,3.161091443580484,6.546853076335812,1.0982707150841096
1782,3,/Users/reyesmatte/Desktop/copypasta/20260226/processed_masks/PY79_21_cp_masks.tif,PY79_21_cp_masks.tif,46,0.844579677094607,3.510240864834884,7.842115201569547,1.5041041482599657
1783,3,/Users/reyesmatte/Desktop/copypasta/20260226/processed_masks/PY79_21_cp_masks.tif,PY79_21_cp_masks.tif,47,0.7371234453726765,4.034558628972321,8.859878931721894,1.5366584186950474
1784,3,/Users/reyesmatte/Desktop/copypasta/20260226/processed_masks/PY79_21_cp_masks.tif,PY79_21_cp_masks.tif,48,0.8139008725068033,5.27176167467175,10.941333756926442,2.1021077785174067
1785,3,/Users/reyesmatte/Desktop/copypasta/20260226/processed_masks/PY79_21_cp_masks.tif,PY79_21_cp_masks.tif,49,0.7151032498053447,4.67364731276681,8.382239267402715,1.4360502388106255
1786,3,/Users/reyesmatte/Desktop/copypasta/20260226/processed_masks/PY79_21_cp_masks.tif,PY79_21_cp_masks.tif,50,0.7366926219567925,5.924205710752464,11.836775013615632,2.1113464960740584
1787,3,/Users/reyesmatte/Desktop/copypasta/20260226/processed_masks/PY79_21_cp_masks.tif,PY79_21_cp_masks.tif,51,0.7176175690935502,3.545076033399348,7.188580291276094,1.196681768580777
1788,3,/Users/reyesmatte/Desktop/copypasta/20260226/processed_masks/PY79_21_cp_masks.tif,PY79_21_cp_masks.tif,52,0.8061787647600588,4.242744213707546,8.291005661916099,1.5578485553139507
1789,3,/Users/reyesmatte/Desktop/copypasta/20260226/processed_masks/PY79_21_cp_masks.tif,PY79_21_cp_masks.tif,53,0.7587829702174782,6.137522251088588,11.096542872651856,2.001780497470453
1790,3,/Users/reyesmatte/Desktop/copypasta/20260226/processed_masks/PY79_21_cp_masks.tif,PY79_21_cp_masks.tif,54,0.743953437864207,5.755391712505146,11.642703257985778,2.0859225867582523
1791,3,/Users/reyesmatte/Desktop/copypasta/20260226/processed_masks/PY79_21_cp_masks.tif,PY79_21_cp_masks.tif,55,0.6874569131696975,4.477485904363466,8.723209248425958,1.4888592202545414
1792,3,/Users/reyesmatte/Desktop/copypasta/20260226/processed_masks/PY79_21_cp_masks.tif,PY79_21_cp_masks.tif,56,0.7763613956733882,5.2781476597085355,10.53393615191512,1.930239548045124
1793,3,/Users/reyesmatte/Desktop/copypasta/20260226/processed_masks/PY79_21_cp_masks.tif,PY79_21_cp_masks.tif,57,0.8044102562150465,5.961730362993529,11.503603123834537,2.1832984054562723
1794,3,/Users/reyesmatte/Desktop/copypasta/20260226/processed_masks/PY79_21_cp_masks.tif,PY79_21_cp_masks.tif,58,0.6577592785905059,9.428557444034869,9.851384631080759,1.5969098910035346
1795,3,/Users/reyesmatte/Desktop/copypasta/20260226/processed_masks/PY79_21_cp_masks.tif,PY79_21_cp_masks.tif,59,0.7908426849978039,3.4004776323827994,6.486329437533547,1.1716077337118012
1796,3,/Users/reyesmatte/Desktop/copypasta/20260226/processed_masks/PY79_21_cp_masks.tif,PY79_21_cp_masks.tif,60,0.7649620191077324,5.293779176757109,12.209872747359643,2.223224163071002
1797,3,/Users/reyesmatte/Desktop/copypasta/20260226/processed_masks/PY79_21_cp_masks.tif,PY79_21_cp_masks.tif,61,0.7681543708201002,9.125414048646627,12.90317244473676,2.365871786899521
1798,3,/Users/reyesmatte/Desktop/copypasta/20260226/processed_masks/PY79_21_cp_masks.tif,PY79_21_cp_masks.tif,62,0.745434886573218,8.405176949107863,10.458473871825742,1.8742524252601436
1799,3,/Users/reyesmatte/Desktop/copypasta/20260226/processed_masks/PY79_21_cp_masks.tif,PY79_21_cp_masks.tif,63,0.7749657261382648,6.85800142362937,13.187277441743657,2.445038862994389
1800,3,/Users/reyesmatte/Desktop/copypasta/20260226/processed_masks/PY79_21_cp_masks.tif,PY79_21_cp_masks.tif,64,0.7978537784653431,5.259359854151265,11.178995822921875,2.103174984996235
1801,3,/Users/reyesmatte/Desktop/copypasta/20260226/processed_masks/PY79_21_cp_masks.tif,PY79_21_cp_masks.tif,65,0.7144304158767937,4.741287595663996,8.481852730395687,1.4504153601577596
1802,3,/Users/reyesmatte/Desktop/copypasta/20260226/processed_masks/PY79_21_cp_masks.tif,PY79_21_cp_masks.tif,66,0.7764680942670243,5.706276530740733,12.107837220974499,2.232433394499031
1803,3,/Users/reyesmatte/Desktop/copypasta/20260226/processed_masks/PY79_21_cp_masks.tif,PY79_21_cp_masks.tif,67,0.7441281670224419,6.324376780600243,13.04231488054213,2.3744900054862303
1804,3,/Users/reyesmatte/Desktop/copypasta/20260226/processed_masks/PY79_21_cp_masks.tif,PY79_21_cp_masks.tif,68,0.6409041504384515,3.4982265536888253,6.861743405170546,1.057865021903133
1805,3,/Users/reyesmatte/Desktop/copypasta/20260226/processed_masks/PY79_21_cp_masks.tif,PY79_21_cp_masks.tif,69,0.7415846252601704,4.8535116922940995,9.420224594876574,1.6608157048557444
1806,3,/Users/reyesmatte/Desktop/copypasta/20260226/processed_masks/PY79_21_cp_masks.tif,PY79_21_cp_masks.tif,70,0.7171038549344791,4.329702286748287,7.836371779840403,1.3368496998807675
1807,3,/Users/reyesmatte/Desktop/copypasta/20260226/processed_masks/PY79_21_cp_masks.tif,PY79_21_cp_masks.tif,71,0.6501535997888684,5.043566167165196,10.108322604731793,1.5970742482889457
1808,3,/Users/reyesmatte/Desktop/copypasta/20260226/processed_masks/PY79_21_cp_masks.tif,PY79_21_cp_masks.tif,72,0.6833189481619013,3.5654286420673795,7.2676224860558944,1.1711626350786406
1809,3,/Users/reyesmatte/Desktop/copypasta/20260226/processed_masks/PY79_21_cp_masks.tif,PY79_21_cp_masks.tif,73,0.7542505674049514,4.999492631406568,9.291246487795926,1.6464334752738519
1810,3,/Users/reyesmatte/Desktop/copypasta/20260226/processed_masks/PY79_21_cp_masks.tif,PY79_21_cp_masks.tif,74,0.7275028903431984,6.472064591859466,13.671368121199519,2.396204323332932
1811,3,/Users/reyesmatte/Desktop/copypasta/20260226/processed_masks/PY79_21_cp_masks.tif,PY79_21_cp_masks.tif,75,0.7006322169967578,4.742099273702832,10.163626460138238,1.6999560249397947
1812,3,/Users/reyesmatte/Desktop/copypasta/20260226/processed_masks/PY79_21_cp_masks.tif,PY79_21_cp_masks.tif,76,0.6473539275657183,3.1195922891425845,6.028888539299124,0.9083946600939053
1813,3,/Users/reyesmatte/Desktop/copypasta/20260226/processed_masks/PY79_21_cp_masks.tif,PY79_21_cp_masks.tif,77,0.7140425192060285,5.127128870982925,9.51464116781644,1.6383437978583328
1814,3,/Users/reyesmatte/Desktop/copypasta/20260226/processed_masks/PY79_21_cp_masks.tif,PY79_21_cp_masks.tif,79,0.7252399733751375,5.455933826904247,11.46176674022592,1.9995333067707106
1815,3,/Users/reyesmatte/Desktop/copypasta/20260226/processed_masks/PY79_21_cp_masks.tif,PY79_21_cp_masks.tif,80,0.7132309876517232,5.376406287292947,9.804864129948978,1.6679351238063687
1816,3,/Users/reyesmatte/Desktop/copypasta/20260226/processed_masks/PY79_21_cp_masks.tif,PY79_21_cp_masks.tif,81,0.6911504144065845,5.659161754579697,9.929026395460168,1.6435590501189878
1817,3,/Users/reyesmatte/Desktop/copypasta/20260226/processed_masks/PY79_21_cp_masks.tif,PY79_21_cp_masks.tif,82,0.7936320201569697,5.811469233195432,12.4277453183286,2.3626819799982344
1818,3,/Users/reyesmatte/Desktop/copypasta/20260226/processed_masks/PY79_21_cp_masks.tif,PY79_21_cp_masks.tif,83,0.7336974368636022,5.270371560518678,10.193264200738394,1.819153003812706
1819,3,/Users/reyesmatte/Desktop/copypasta/20260226/processed_masks/PY79_21_cp_masks.tif,PY79_21_cp_masks.tif,84,0.7371688755167516,6.203711266054003,12.467378066927155,2.217435375065377
1820,3,/Users/reyesmatte/Desktop/copypasta/20260226/processed_masks/PY79_21_cp_masks.tif,PY79_21_cp_masks.tif,85,0.6933590906457667,5.282663956765908,9.77793080162938,1.6154600771871155
1821,3,/Users/reyesmatte/Desktop/copypasta/20260226/processed_masks/PY79_21_cp_masks.tif,PY79_21_cp_masks.tif,86,0.7240502739902879,5.829178962575581,12.276988618974935,2.130801317997019
1822,3,/Users/reyesmatte/Desktop/copypasta/20260226/processed_masks/PY79_21_cp_masks.tif,PY79_21_cp_masks.tif,87,0.7965097493023929,6.058407275826925,11.866910204826338,2.315488519542522
1823,3,/Users/reyesmatte/Desktop/copypasta/20260226/processed_masks/PY79_21_cp_masks.tif,PY79_21_cp_masks.tif,88,0.6998807211059926,4.70138649242358,8.530817960445763,1.4466684152551106
1824,3,/Users/reyesmatte/Desktop/copypasta/20260226/processed_masks/PY79_21_cp_masks.tif,PY79_21_cp_masks.tif,90,0.7536831461387512,4.257346488278059,7.951266371498366,1.4139629384945096
1825,3,/Users/reyesmatte/Desktop/copypasta/20260226/processed_masks/PY79_21_cp_masks.tif,PY79_21_cp_masks.tif,91,0.7530990981499674,3.8455025571737362,7.907397669294006,1.420224522236389
1826,3,/Users/reyesmatte/Desktop/copypasta/20260226/processed_masks/PY79_21_cp_masks.tif,PY79_21_cp_masks.tif,92,0.7643950484704758,7.799782796985814,17.282757951648485,3.210488195093708
1827,3,/Users/reyesmatte/Desktop/copypasta/20260226/processed_masks/PY79_21_cp_masks.tif,PY79_21_cp_masks.tif,93,0.7701841181899738,3.949610462505147,7.729913422985349,1.3887316721635703
1828,3,/Users/reyesmatte/Desktop/copypasta/20260226/processed_masks/PY79_21_cp_masks.tif,PY79_21_cp_masks.tif,94,0.8079868395246887,6.332872231358077,12.69301504153852,2.46098470976516
1829,3,/Users/reyesmatte/Desktop/copypasta/20260226/processed_masks/PY79_21_cp_masks.tif,PY79_21_cp_masks.tif,95,0.757180228311079,3.7348514567659095,6.858979362695551,1.1924264279608494
1830,3,/Users/reyesmatte/Desktop/copypasta/20260226/processed_masks/PY79_21_cp_masks.tif,PY79_21_cp_masks.tif,96,0.7367057283729659,4.373291540373167,7.762148980038604,1.3742395583756193
1831,3,/Users/reyesmatte/Desktop/copypasta/20260226/processed_masks/PY79_21_cp_masks.tif,PY79_21_cp_masks.tif,97,0.7744299019674774,4.054790376309189,8.759532501949105,1.5821640303648055
1832,3,/Users/reyesmatte/Desktop/copypasta/20260226/processed_masks/PY79_21_cp_masks.tif,PY79_21_cp_masks.tif,98,0.7144117755001049,3.4603865012347566,6.425029566591657,1.0586864010498096
1833,3,/Users/reyesmatte/Desktop/copypasta/20260226/processed_masks/PY79_21_cp_masks.tif,PY79_21_cp_masks.tif,99,0.8085297823093864,6.517344984508617,13.500340822616439,2.6018268103723385
1834,3,/Users/reyesmatte/Desktop/copypasta/20260226/processed_masks/PY79_21_cp_masks.tif,PY79_21_cp_masks.tif,100,0.7415487736783434,3.7661733691187687,7.303396948131315,1.249544273642829
1835,3,/Users/reyesmatte/Desktop/copypasta/20260226/processed_masks/PY79_21_cp_masks.tif,PY79_21_cp_masks.tif,101,0.7574876613687889,4.653191093731755,9.101131015761682,1.6225670668891383
1836,3,/Users/reyesmatte/Desktop/copypasta/20260226/processed_masks/PY79_21_cp_masks.tif,PY79_21_cp_masks.tif,102,0.7139165590693669,3.156483069957232,5.7906699196323235,0.9521079379248881
1837,3,/Users/reyesmatte/Desktop/copypasta/20260226/processed_masks/PY79_21_cp_masks.tif,PY79_21_cp_masks.tif,103,0.7661883102320133,3.71073592601741,8.063340695434894,1.4342594713097345
1838,3,/Users/reyesmatte/Desktop/copypasta/20260226/processed_masks/PY79_21_cp_masks.tif,PY79_21_cp_masks.tif,104,0.7508378451722368,3.9252273152899724,7.591418757800206,1.3363832838818812
1839,3,/Users/reyesmatte/Desktop/copypasta/20260226/processed_masks/PY79_21_cp_masks.tif,PY79_21_cp_masks.tif,105,0.7053933621663043,3.7361504607564635,6.631403823700466,1.1059676987194618
1840,3,/Users/reyesmatte/Desktop/copypasta/20260226/processed_masks/PY79_21_cp_masks.tif,PY79_21_cp_masks.tif,106,0.7226971454864729,3.5887714074806136,6.201699832948781,1.05818271607352
1841,3,/Users/reyesmatte/Desktop/copypasta/20260226/processed_masks/PY79_21_cp_masks.tif,PY79_21_cp_masks.tif,107,0.741476406269622,3.9446759831911464,7.407372942563576,1.2733044374407771
1842,3,/Users/reyesmatte/Desktop/copypasta/20260226/processed_masks/PY79_21_cp_masks.tif,PY79_21_cp_masks.tif,108,0.7710047654084686,3.884255462024612,7.582448475691618,1.3477088827553743
1843,3,/Users/reyesmatte/Desktop/copypasta/20260226/processed_masks/PY79_21_cp_masks.tif,PY79_21_cp_masks.tif,109,0.7636036000869479,5.881340080935843,13.125418326290225,2.3963379896364017
1844,3,/Users/reyesmatte/Desktop/copypasta/20260226/processed_masks/PY79_21_cp_masks.tif,PY79_21_cp_masks.tif,110,0.716524685633065,3.594827026700334,6.5474273174511985,1.0911064664003631
1845,3,/Users/reyesmatte/Desktop/copypasta/20260226/processed_masks/PY79_21_cp_masks.tif,PY79_21_cp_masks.tif,111,0.6837703918290391,4.678230631414852,7.893805537601609,1.297919593349753
1846,3,/Users/reyesmatte/Desktop/copypasta/20260226/processed_masks/PY79_21_cp_masks.tif,PY79_21_cp_masks.tif,112,0.6572014898121256,4.8671238752668105,8.185890527893285,1.3284659840605195
1847,3,/Users/reyesmatte/Desktop/copypasta/20260226/processed_masks/PY79_21_cp_masks.tif,PY79_21_cp_masks.tif,114,0.7305212681555665,6.4636682411805415,14.488307830477689,2.580607627015174
1848,3,/Users/reyesmatte/Desktop/copypasta/20260226/processed_masks/PY79_21_cp_masks.tif,PY79_21_cp_masks.tif,115,0.8085952063250714,5.7747355918862695,11.554477431964202,2.202680425241539
1849,3,/Users/reyesmatte/Desktop/copypasta/20260226/processed_masks/PY79_21_cp_masks.tif,PY79_21_cp_masks.tif,116,0.7614554441082271,6.659292942294098,13.957386981008845,2.565871759176481
1850,3,/Users/reyesmatte/Desktop/copypasta/20260226/processed_masks/PY79_21_cp_masks.tif,PY79_21_cp_masks.tif,117,0.6792717826022846,5.745337207253316,10.593793638743824,1.7563928921679484
1851,3,/Users/reyesmatte/Desktop/copypasta/20260226/processed_masks/PY79_21_cp_masks.tif,PY79_21_cp_masks.tif,119,0.7600564367382607,5.426025095191242,11.222943131220573,2.029701503462857
1852,3,/Users/reyesmatte/Desktop/copypasta/20260226/processed_masks/PY79_21_cp_masks.tif,PY79_21_cp_masks.tif,120,0.7988536287026106,4.266176324980197,8.522676959988312,1.5731861304765575
1853,3,/Users/reyesmatte/Desktop/copypasta/20260226/processed_masks/PY79_21_cp_masks.tif,PY79_21_cp_masks.tif,121,0.7180489848746059,4.0683775043066905,6.968348636964321,1.3188200419105711
1854,3,/Users/reyesmatte/Desktop/copypasta/20260226/processed_masks/PY79_21_cp_masks.tif,PY79_21_cp_masks.tif,122,0.6807862147188927,5.4892669299980135,10.78336555723153,1.7574449049446124
1855,3,/Users/reyesmatte/Desktop/copypasta/20260226/processed_masks/PY79_21_cp_masks.tif,PY79_21_cp_masks.tif,123,0.7515473584579416,4.2194920993882565,7.8316087236712315,1.4511233943578292
1856,3,/Users/reyesmatte/Desktop/copypasta/20260226/processed_masks/PY79_21_cp_masks.tif,PY79_21_cp_masks.tif,124,0.7536627783063671,4.681931770548292,9.683036206156958,1.719519023873387
1857,3,/Users/reyesmatte/Desktop/copypasta/20260226/processed_masks/PY79_21_cp_masks.tif,PY79_21_cp_masks.tif,125,0.75883991168349,3.9569400307402143,7.764045851315815,1.3699436303296813
1858,3,/Users/reyesmatte/Desktop/copypasta/20260226/processed_masks/PY79_21_cp_masks.tif,PY79_21_cp_masks.tif,127,0.8067469009262453,5.060763265713437,10.636341038234148,2.0168099136032938
1859,3,/Users/reyesmatte/Desktop/copypasta/20260226/processed_masks/PY79_21_cp_masks.tif,PY79_21_cp_masks.tif,128,0.7076534648586401,4.387305819061019,9.061699068437205,1.5235631141480377
1860,3,/Users/reyesmatte/Desktop/copypasta/20260226/processed_masks/PY79_21_cp_masks.tif,PY79_21_cp_masks.tif,129,0.7499840765102063,4.042938643204779,7.558020286307143,1.333084929014582
1861,3,/Users/reyesmatte/Desktop/copypasta/20260226/processed_masks/PY79_21_cp_masks.tif,PY79_21_cp_masks.tif,130,0.7311748481329535,4.663573440980913,9.776892180517853,1.6927382526379122
1862,3,/Users/reyesmatte/Desktop/copypasta/20260226/processed_masks/PY79_21_cp_masks.tif,PY79_21_cp_masks.tif,132,0.7542997083379538,6.163682983872954,11.423371558807728,2.0632441007720494
1863,3,/Users/reyesmatte/Desktop/copypasta/20260226/processed_masks/PY79_21_cp_masks.tif,PY79_21_cp_masks.tif,133,0.7099461685947859,4.126387900413952,7.099392729527559,1.1696736221259703
1864,3,/Users/reyesmatte/Desktop/copypasta/20260226/processed_masks/PY79_21_cp_masks.tif,PY79_21_cp_masks.tif,134,0.7870393464605572,3.783695215577083,7.389640143761965,1.336527531581749
1865,3,/Users/reyesmatte/Desktop/copypasta/20260226/processed_masks/PY79_36_cp_masks.tif,PY79_36_cp_masks.tif,2,0.7201433189117212,4.946665022701493,8.752265536402126,1.5060630249494302
1866,3,/Users/reyesmatte/Desktop/copypasta/20260226/processed_masks/PY79_36_cp_masks.tif,PY79_36_cp_masks.tif,3,0.7982586279366847,3.5431775606546507,7.323343105159166,1.3424873970269298
1867,3,/Users/reyesmatte/Desktop/copypasta/20260226/processed_masks/PY79_36_cp_masks.tif,PY79_36_cp_masks.tif,6,0.8025980278991294,3.712746291659551,7.355289292232552,1.3759378875925503
1868,3,/Users/reyesmatte/Desktop/copypasta/20260226/processed_masks/PY79_36_cp_masks.tif,PY79_36_cp_masks.tif,7,0.760287556146244,6.432621049671748,13.013740961705908,2.38384931249745
1869,3,/Users/reyesmatte/Desktop/copypasta/20260226/processed_masks/PY79_36_cp_masks.tif,PY79_36_cp_masks.tif,8,0.6812658661559973,6.106085152115333,12.565497510848239,2.0770181366079994
1870,3,/Users/reyesmatte/Desktop/copypasta/20260226/processed_masks/PY79_36_cp_masks.tif,PY79_36_cp_masks.tif,10,0.8144001185055862,3.8209215174708056,7.900145334992651,1.4698202783726098
1871,3,/Users/reyesmatte/Desktop/copypasta/20260226/processed_masks/PY79_36_cp_masks.tif,PY79_36_cp_masks.tif,11,0.7425880046625404,5.736170569957231,12.210684295099414,2.165871814622562
1872,3,/Users/reyesmatte/Desktop/copypasta/20260226/processed_masks/PY79_36_cp_masks.tif,PY79_36_cp_masks.tif,12,0.7112451933875702,4.175256714200334,7.765957519997772,1.3197581200990225
1873,3,/Users/reyesmatte/Desktop/copypasta/20260226/processed_masks/PY79_36_cp_masks.tif,PY79_36_cp_masks.tif,14,0.7356474248315087,6.047428624445031,13.18600447506136,2.3329602268447998
1874,3,/Users/reyesmatte/Desktop/copypasta/20260226/processed_masks/PY79_36_cp_masks.tif,PY79_36_cp_masks.tif,15,0.7177644654059011,5.522238028490057,9.957145566191334,1.7100799422265507
1875,3,/Users/reyesmatte/Desktop/copypasta/20260226/processed_masks/PY79_36_cp_masks.tif,PY79_36_cp_masks.tif,16,0.767531624233691,5.749134152742712,13.28079491670753,2.4529504265144895
1876,3,/Users/reyesmatte/Desktop/copypasta/20260226/processed_masks/PY79_36_cp_masks.tif,PY79_36_cp_masks.tif,17,0.7262168308786252,4.797338365247858,8.915208729520733,1.526794779107237
1877,3,/Users/reyesmatte/Desktop/copypasta/20260226/processed_masks/PY79_36_cp_masks.tif,PY79_36_cp_masks.tif,18,0.749184714330212,4.786171830944128,10.31459731353204,1.8410109807629134
1878,3,/Users/reyesmatte/Desktop/copypasta/20260226/processed_masks/PY79_36_cp_masks.tif,PY79_36_cp_masks.tif,19,0.7708651751312139,6.173703098566477,14.190886614063464,2.6401681733583495
1879,3,/Users/reyesmatte/Desktop/copypasta/20260226/processed_masks/PY79_36_cp_masks.tif,PY79_36_cp_masks.tif,20,0.7366987046374813,4.926975533958835,11.023718657588345,1.936832435807025
1880,3,/Users/reyesmatte/Desktop/copypasta/20260226/processed_masks/PY79_36_cp_masks.tif,PY79_36_cp_masks.tif,23,0.7707018114141576,4.904116150878555,11.560979708488363,2.1147018301324434
1881,3,/Users/reyesmatte/Desktop/copypasta/20260226/processed_masks/PY79_36_cp_masks.tif,PY79_36_cp_masks.tif,26,0.734042551471214,6.082497372336867,13.328999558320785,2.385112028937732
1882,3,/Users/reyesmatte/Desktop/copypasta/20260226/processed_masks/PY79_36_cp_masks.tif,PY79_36_cp_masks.tif,30,0.7686723643063521,4.748418237148946,11.354501095851482,2.06638723008801
1883,3,/Users/reyesmatte/Desktop/copypasta/20260226/processed_masks/PY79_36_cp_masks.tif,PY79_36_cp_masks.tif,33,0.8070510193707904,4.367497960145314,10.731560639241609,2.116954953685631
1884,3,/Users/reyesmatte/Desktop/copypasta/20260226/processed_masks/PY79_36_cp_masks.tif,PY79_36_cp_masks.tif,36,0.8112047349039,4.894324989853118,11.50843254123113,2.3090574195933646
1885,3,/Users/reyesmatte/Desktop/copypasta/20260226/processed_masks/PY79_36_cp_masks.tif,PY79_36_cp_masks.tif,38,0.8061024504715305,5.280141938809188,12.157856001349293,2.32795044384139
1886,3,/Users/reyesmatte/Desktop/copypasta/20260226/processed_masks/PY79_36_cp_masks.tif,PY79_36_cp_masks.tif,41,0.7922280438067498,4.168484133509313,8.66972022009366,1.5943113002428944
1887,3,/Users/reyesmatte/Desktop/copypasta/20260226/processed_masks/PY79_36_cp_masks.tif,PY79_36_cp_masks.tif,43,0.7967872554823524,4.925022378476626,11.349395846994746,2.1334166777666916
1888,3,/Users/reyesmatte/Desktop/copypasta/20260226/processed_masks/PY79_36_cp_masks.tif,PY79_36_cp_masks.tif,46,0.7907949500656675,4.08719908336791,8.203033750880733,1.531669544193487
1889,3,/Users/reyesmatte/Desktop/copypasta/20260226/processed_masks/PY79_36_cp_masks.tif,PY79_36_cp_masks.tif,48,0.7406813222008526,5.6368729787917875,11.288765446876855,2.0272837053368784
1890,3,/Users/reyesmatte/Desktop/copypasta/20260226/processed_masks/PY79_36_cp_masks.tif,PY79_36_cp_masks.tif,50,0.7524660698293394,3.58668603033141,7.866607104463751,1.381709201226879
1891,3,/Users/reyesmatte/Desktop/copypasta/20260226/processed_masks/PY79_36_cp_masks.tif,PY79_36_cp_masks.tif,55,0.7312217510538832,5.07568875877417,9.934610792479711,1.7707834304878105
1892,3,/Users/reyesmatte/Desktop/copypasta/20260226/processed_masks/PY79_36_cp_masks.tif,PY79_36_cp_masks.tif,57,0.7374797858755852,3.8705055060804834,8.220852573341155,1.4151246037476077
1893,3,/Users/reyesmatte/Desktop/copypasta/20260226/processed_masks/PY79_36_cp_masks.tif,PY79_36_cp_masks.tif,58,0.7798942593665709,3.5028098723368686,8.202115200692482,1.4755615932175137
1894,3,/Users/reyesmatte/Desktop/copypasta/20260226/processed_masks/PY79_36_cp_masks.tif,PY79_36_cp_masks.tif,59,0.6774912855963576,6.258612927836754,12.22268451885119,2.0059185504522437
1895,3,/Users/reyesmatte/Desktop/copypasta/20260226/processed_masks/PY79_36_cp_masks.tif,PY79_36_cp_masks.tif,60,0.7752219881993238,3.4493827948776516,8.033849716325678,1.4412919350464617
1896,3,/Users/reyesmatte/Desktop/copypasta/20260226/processed_masks/PY79_36_cp_masks.tif,PY79_36_cp_masks.tif,61,0.7686806469974398,3.996617152255303,8.834498530420785,1.599999778215678
1897,3,/Users/reyesmatte/Desktop/copypasta/20260226/processed_masks/PY79_36_cp_masks.tif,PY79_36_cp_masks.tif,65,0.7174824627106201,3.90914696783141,8.295751660778528,1.4069900965989668
1898,3,/Users/reyesmatte/Desktop/copypasta/20260226/processed_masks/PY79_36_cp_masks.tif,PY79_36_cp_masks.tif,73,0.7109599014670217,7.350398535272157,13.917718287216365,2.407045703418702
1899,3,/Users/reyesmatte/Desktop/copypasta/20260226/processed_masks/PY79_36_cp_masks.tif,PY79_36_cp_masks.tif,78,0.7682214629983333,6.680273356300466,12.698553799516215,2.3290176503202176
1900,3,/Users/reyesmatte/Desktop/copypasta/20260226/processed_masks/PY79_36_cp_masks.tif,PY79_36_cp_masks.tif,82,0.7708200466381363,4.041227324769567,7.659426174742294,1.3599839128386184
1901,3,/Users/reyesmatte/Desktop/copypasta/20260226/processed_masks/PY79_36_cp_masks.tif,PY79_36_cp_masks.tif,83,0.8106419860549902,3.5422372574489476,7.35387252506712,1.3532214850286424
1902,3,/Users/reyesmatte/Desktop/copypasta/20260226/processed_masks/PY79_36_cp_masks.tif,PY79_36_cp_masks.tif,86,0.7696212154927904,3.7189419676025457,6.918464126783681,1.2922764300982006
1903,3,/Users/reyesmatte/Desktop/copypasta/20260226/processed_masks/PY79_36_cp_masks.tif,PY79_36_cp_masks.tif,90,0.8098294899491086,3.9764566032537876,7.959764206252606,1.4825998471490658
1904,3,/Users/reyesmatte/Desktop/copypasta/20260226/processed_masks/PY79_36_cp_masks.tif,PY79_36_cp_masks.tif,95,0.7583239860439244,3.9283280192659085,7.240146858037699,1.33399944204454
1905,3,/Users/reyesmatte/Desktop/copypasta/20260226/processed_masks/PY79_36_cp_masks.tif,PY79_36_cp_masks.tif,96,0.7512430866346868,3.4085067358542784,6.62935261991928,1.2092595024981552
1906,3,/Users/reyesmatte/Desktop/copypasta/20260226/processed_masks/PY79_36_cp_masks.tif,PY79_36_cp_masks.tif,99,0.7993710221181752,4.52544407897075,9.40977935573065,1.8035812898986678
1907,3,/Users/reyesmatte/Desktop/copypasta/20260226/processed_masks/PY79_36_cp_masks.tif,PY79_36_cp_masks.tif,101,0.8058427519202358,4.4279321416813815,9.411444078986278,1.7787610363157105
1908,3,/Users/reyesmatte/Desktop/copypasta/20260226/processed_masks/PY79_36_cp_masks.tif,PY79_36_cp_masks.tif,103,0.7979619290399627,7.100078858820243,15.093819666814463,2.889514910777226
1909,3,/Users/reyesmatte/Desktop/copypasta/20260226/processed_masks/PY79_36_cp_masks.tif,PY79_36_cp_masks.tif,106,0.7003535255542371,6.4232915844290375,12.39344850513468,2.136797456616338
1910,3,/Users/reyesmatte/Desktop/copypasta/20260226/processed_masks/PY79_42_cp_masks.tif,PY79_42_cp_masks.tif,7,0.7230584808618911,8.529303188160664,12.440479400564548,2.166291834550441
1911,3,/Users/reyesmatte/Desktop/copypasta/20260226/processed_masks/PY79_42_cp_masks.tif,PY79_42_cp_masks.tif,8,0.6516358647185048,6.002356756148043,12.029685810036154,1.9002806354685857
1912,3,/Users/reyesmatte/Desktop/copypasta/20260226/processed_masks/PY79_42_cp_masks.tif,PY79_42_cp_masks.tif,13,0.7524555096416718,3.619157583966826,8.138530378627255,1.4262614739372643
1913,3,/Users/reyesmatte/Desktop/copypasta/20260226/processed_masks/PY79_42_cp_masks.tif,PY79_42_cp_masks.tif,15,0.7578786361843419,3.6741562147553033,7.955190176649875,1.4648874373937437
1914,3,/Users/reyesmatte/Desktop/copypasta/20260226/processed_masks/PY79_42_cp_masks.tif,PY79_42_cp_masks.tif,18,0.8043580552669154,3.298593855689339,7.969905603238283,1.47163166614961
1915,3,/Users/reyesmatte/Desktop/copypasta/20260226/processed_masks/PY79_42_cp_masks.tif,PY79_42_cp_masks.tif,19,0.7660437825177278,3.5764379952911156,7.0753710209130345,1.2407303693224208
1916,3,/Users/reyesmatte/Desktop/copypasta/20260226/processed_masks/PY79_42_cp_masks.tif,PY79_42_cp_masks.tif,20,0.8358447125317702,3.3084855329945415,8.406772327114071,1.635360851460158
1917,3,/Users/reyesmatte/Desktop/copypasta/20260226/processed_masks/PY79_42_cp_masks.tif,PY79_42_cp_masks.tif,23,0.7464564047552836,3.2578759034577027,6.318096005829933,1.142993152650689
1918,3,/Users/reyesmatte/Desktop/copypasta/20260226/processed_masks/PY79_42_cp_masks.tif,PY79_42_cp_masks.tif,26,0.8113723420165309,6.130391859508618,12.903363060998146,2.4832983638717114
1919,3,/Users/reyesmatte/Desktop/copypasta/20260226/processed_masks/PY79_42_cp_masks.tif,PY79_42_cp_masks.tif,27,0.81734182347133,3.0405136929276577,6.526933305662128,1.1923320761717853
1920,3,/Users/reyesmatte/Desktop/copypasta/20260226/processed_masks/PY79_42_cp_masks.tif,PY79_42_cp_masks.tif,30,0.7659078598926362,3.4181571358353544,6.452090820866297,1.196083032932073
1921,3,/Users/reyesmatte/Desktop/copypasta/20260226/processed_masks/PY79_42_cp_masks.tif,PY79_42_cp_masks.tif,31,0.8096108668996832,6.921916209277493,13.442361771066471,2.58639315730648
1922,3,/Users/reyesmatte/Desktop/copypasta/20260226/processed_masks/PY79_42_cp_masks.tif,PY79_42_cp_masks.tif,32,0.7301130954901583,7.556293165928655,15.29019176202043,2.7149222155923884
1923,3,/Users/reyesmatte/Desktop/copypasta/20260226/processed_masks/PY79_42_cp_masks.tif,PY79_42_cp_masks.tif,33,0.7730501240614588,12.218459889059956,14.019353048673036,2.611484311660208
1924,3,/Users/reyesmatte/Desktop/copypasta/20260226/processed_masks/PY79_42_cp_masks.tif,PY79_42_cp_masks.tif,34,0.7655403929323329,4.431990147645314,9.992530355675665,1.8073031202667962
1925,3,/Users/reyesmatte/Desktop/copypasta/20260226/processed_masks/PY79_42_cp_masks.tif,PY79_42_cp_masks.tif,35,0.7718588789682543,4.7079296875,11.446380925828551,2.0935390356463226
1926,3,/Users/reyesmatte/Desktop/copypasta/20260226/processed_masks/PY79_42_cp_masks.tif,PY79_42_cp_masks.tif,36,0.7461797867780274,5.477156812496001,9.985592965900267,1.7986371143632125
1927,3,/Users/reyesmatte/Desktop/copypasta/20260226/processed_masks/PY79_42_cp_masks.tif,PY79_42_cp_masks.tif,37,0.7353944588669614,8.673778571353836,10.696196253440462,1.9191724401521242
1928,3,/Users/reyesmatte/Desktop/copypasta/20260226/processed_masks/PY79_42_cp_masks.tif,PY79_42_cp_masks.tif,38,0.7648405307284694,4.0891218824754665,9.209774929337831,1.6589885340838828
1929,3,/Users/reyesmatte/Desktop/copypasta/20260226/processed_masks/PY79_42_cp_masks.tif,PY79_42_cp_masks.tif,39,0.7792589908220631,3.5454974956485557,8.250317865144467,1.4842721138356538
1930,3,/Users/reyesmatte/Desktop/copypasta/20260226/processed_masks/PY79_42_cp_masks.tif,PY79_42_cp_masks.tif,40,0.7700751462437887,4.244534409367679,9.341487958432218,1.7076539941952849
1931,3,/Users/reyesmatte/Desktop/copypasta/20260226/processed_masks/PY79_42_cp_masks.tif,PY79_42_cp_masks.tif,41,0.7889361860302025,3.8805349563571045,8.04932988978402,1.4822709850402944
1932,3,/Users/reyesmatte/Desktop/copypasta/20260226/processed_masks/PY79_42_cp_masks.tif,PY79_42_cp_masks.tif,42,0.78092876456579,7.305812522874727,9.13796968210641,1.68179347229103
1933,3,/Users/reyesmatte/Desktop/copypasta/20260226/processed_masks/PY79_42_cp_masks.tif,PY79_42_cp_masks.tif,43,0.8259029778126279,2.8324289548640174,5.991627890571606,1.089638156526698
1934,3,/Users/reyesmatte/Desktop/copypasta/20260226/processed_masks/PY79_42_cp_masks.tif,PY79_42_cp_masks.tif,44,0.7515802062581737,3.384928567122773,6.9546506964036645,1.1960699065938551
1935,3,/Users/reyesmatte/Desktop/copypasta/20260226/processed_masks/PY79_42_cp_masks.tif,PY79_42_cp_masks.tif,45,0.8210313903406093,3.1869019245649635,6.565465131101726,1.2073298493414952
1936,3,/Users/reyesmatte/Desktop/copypasta/20260226/processed_masks/PY79_42_cp_masks.tif,PY79_42_cp_masks.tif,46,0.7643820946397968,10.747913624437892,12.664445952734827,2.3168322940673702
1937,3,/Users/reyesmatte/Desktop/copypasta/20260226/processed_masks/PY79_42_cp_masks.tif,PY79_42_cp_masks.tif,47,0.707847225642958,6.679971644538912,12.296767270167935,2.1053567389157877
1938,3,/Users/reyesmatte/Desktop/copypasta/20260226/processed_masks/PY79_42_cp_masks.tif,PY79_42_cp_masks.tif,69,0.6476188331352607,5.819345834934683,11.542907994061826,1.824787823799153
1939,3,/Users/reyesmatte/Desktop/copypasta/20260226/processed_masks/PY79_42_cp_masks.tif,PY79_42_cp_masks.tif,74,0.6925523965950315,5.005297473913917,10.734022195490683,1.793171189675271
1940,3,/Users/reyesmatte/Desktop/copypasta/20260226/processed_masks/PY79_42_cp_masks.tif,PY79_42_cp_masks.tif,78,0.7183563903308935,5.343623521520236,11.106430502493215,1.9701922657215851
1941,3,/Users/reyesmatte/Desktop/copypasta/20260226/processed_masks/PY79_42_cp_masks.tif,PY79_42_cp_masks.tif,81,0.7310478419439657,5.223805783816321,10.507323337003156,1.8336754307123115
1942,3,/Users/reyesmatte/Desktop/copypasta/20260226/processed_masks/PY79_42_cp_masks.tif,PY79_42_cp_masks.tif,82,0.7660761245326124,3.665938778564492,6.974329290034688,1.2257034056183698
1943,3,/Users/reyesmatte/Desktop/copypasta/20260226/processed_masks/PY79_42_cp_masks.tif,PY79_42_cp_masks.tif,83,0.7504012091408523,3.2472649077656777,6.340508180211737,1.1415350689075727
1944,3,/Users/reyesmatte/Desktop/copypasta/20260226/processed_masks/PY79_42_cp_masks.tif,PY79_42_cp_masks.tif,85,0.8168416225863248,6.456099405176959,13.719110344108492,2.6669389517937883
1945,3,/Users/reyesmatte/Desktop/copypasta/20260226/processed_masks/PY79_42_cp_masks.tif,PY79_42_cp_masks.tif,88,0.808349185049162,3.3902853541595515,6.652098742118275,1.2214435269853483
1946,3,/Users/reyesmatte/Desktop/copypasta/20260226/processed_masks/PY79_42_cp_masks.tif,PY79_42_cp_masks.tif,91,0.8092232075876883,3.377069846044616,6.821720677190079,1.276910081605198
1947,3,/Users/reyesmatte/Desktop/copypasta/20260226/processed_masks/PY79_42_cp_masks.tif,PY79_42_cp_masks.tif,94,0.8124768899620776,3.3108192182319307,6.820030843594786,1.2483153038168737
1948,3,/Users/reyesmatte/Desktop/copypasta/20260226/processed_masks/PY79_42_cp_masks.tif,PY79_42_cp_masks.tif,95,0.7635311585711819,3.5527156511219404,6.958384285976248,1.2193718606469905
1949,3,/Users/reyesmatte/Desktop/copypasta/20260226/processed_masks/PY79_42_cp_masks.tif,PY79_42_cp_masks.tif,97,0.6922207577395599,3.827955655740214,6.893130915249971,1.1405208626918253
1950,3,/Users/reyesmatte/Desktop/copypasta/20260226/processed_masks/PY79_42_cp_masks.tif,PY79_42_cp_masks.tif,99,0.7358095341335218,3.249587268931538,6.908781261930212,1.1717708288245827
1951,3,/Users/reyesmatte/Desktop/copypasta/20260226/processed_masks/PY79_42_cp_masks.tif,PY79_42_cp_masks.tif,102,0.7291089691434415,3.9460377486460576,7.597429665447339,1.325774974330056
1952,3,/Users/reyesmatte/Desktop/copypasta/20260226/processed_masks/PY79_42_cp_masks.tif,PY79_42_cp_masks.tif,105,0.7510656971900929,3.535943798775539,6.654192049797809,1.1536193452031551
1953,3,/Users/reyesmatte/Desktop/copypasta/20260226/processed_masks/PY79_3_cp_masks.tif,PY79_3_cp_masks.tif,1,0.6665035042761092,3.431212098327127,5.497350474064555,0.9504898494729391
1954,3,/Users/reyesmatte/Desktop/copypasta/20260226/processed_masks/PY79_3_cp_masks.tif,PY79_3_cp_masks.tif,2,0.7268460583096537,5.040506463401359,9.258972264730344,1.5976134664255255
1955,3,/Users/reyesmatte/Desktop/copypasta/20260226/processed_masks/PY79_3_cp_masks.tif,PY79_3_cp_masks.tif,3,0.7758315792536945,12.244748230751503,22.52690093483573,4.274686328306106
1956,3,/Users/reyesmatte/Desktop/copypasta/20260226/processed_masks/PY79_3_cp_masks.tif,PY79_3_cp_masks.tif,4,0.777199815958052,5.5852188028222916,12.169888485469137,2.245227064535491
1957,3,/Users/reyesmatte/Desktop/copypasta/20260226/processed_masks/PY79_3_cp_masks.tif,PY79_3_cp_masks.tif,5,0.7865465399225752,5.2455564945337665,11.698930574541587,2.2183102518542226
1958,3,/Users/reyesmatte/Desktop/copypasta/20260226/processed_masks/PY79_3_cp_masks.tif,PY79_3_cp_masks.tif,6,0.7267187962547825,6.279445153898858,10.986207747419154,1.9963480378825182
1959,3,/Users/reyesmatte/Desktop/copypasta/20260226/processed_masks/PY79_3_cp_masks.tif,PY79_3_cp_masks.tif,7,0.7668843521094356,4.733693954590184,8.761917248876149,1.6403100897206067
1960,3,/Users/reyesmatte/Desktop/copypasta/20260226/processed_masks/PY79_3_cp_masks.tif,PY79_3_cp_masks.tif,8,0.7681432896479651,7.074010301926079,16.196248648196864,3.0057271583743623
1961,3,/Users/reyesmatte/Desktop/copypasta/20260226/processed_masks/PY79_3_cp_masks.tif,PY79_3_cp_masks.tif,9,0.7879848635194702,4.442392101496419,8.595545793694566,1.577904151731784
1962,3,/Users/reyesmatte/Desktop/copypasta/20260226/processed_masks/PY79_3_cp_masks.tif,PY79_3_cp_masks.tif,10,0.8039225121873047,6.469849361121086,12.553361411548089,2.396433371312451
1963,3,/Users/reyesmatte/Desktop/copypasta/20260226/processed_masks/PY79_3_cp_masks.tif,PY79_3_cp_masks.tif,11,0.7794342894715415,8.971707282026598,21.43863442851203,4.061049874945724
1964,3,/Users/reyesmatte/Desktop/copypasta/20260226/processed_masks/PY79_3_cp_masks.tif,PY79_3_cp_masks.tif,12,0.7121239633785542,0.7766161508785543,1.8826949607030838,0.2408365482965331
1965,3,/Users/reyesmatte/Desktop/copypasta/20260226/processed_masks/PY79_3_cp_masks.tif,PY79_3_cp_masks.tif,13,0.8076954459203848,6.317966187542855,11.98905600959874,2.3113035500508725
1966,3,/Users/reyesmatte/Desktop/copypasta/20260226/processed_masks/PY79_3_cp_masks.tif,PY79_3_cp_masks.tif,14,0.6849701563970713,3.9590013314315375,8.064550343508273,1.3023887882470355
1967,3,/Users/reyesmatte/Desktop/copypasta/20260226/processed_masks/PY79_3_cp_masks.tif,PY79_3_cp_masks.tif,15,0.6965245121075238,7.412804617010604,14.854334771459579,2.511797404635638
1968,3,/Users/reyesmatte/Desktop/copypasta/20260226/processed_masks/PY79_3_cp_masks.tif,PY79_3_cp_masks.tif,16,0.7150314982229639,5.294942590655688,11.117570209770923,1.906008209688551
1969,3,/Users/reyesmatte/Desktop/copypasta/20260226/processed_masks/PY79_3_cp_masks.tif,PY79_3_cp_masks.tif,17,0.8048331698606445,6.847875116593516,16.40698388872573,3.1898450252060426
1970,3,/Users/reyesmatte/Desktop/copypasta/20260226/processed_masks/PY79_3_cp_masks.tif,PY79_3_cp_masks.tif,18,0.7505048402947682,4.3833092167807655,9.660395044312896,1.779355014267088
1971,3,/Users/reyesmatte/Desktop/copypasta/20260226/processed_masks/PY79_3_cp_masks.tif,PY79_3_cp_masks.tif,19,0.7239327112769273,4.824113307661146,10.233570535884327,1.8248606259368458
1972,3,/Users/reyesmatte/Desktop/copypasta/20260226/processed_masks/PY79_3_cp_masks.tif,PY79_3_cp_masks.tif,20,0.8020416587224276,6.2885448774153385,11.904342854464657,2.259411127499285
1973,3,/Users/reyesmatte/Desktop/copypasta/20260226/processed_masks/PY79_3_cp_masks.tif,PY79_3_cp_masks.tif,21,0.814438218074769,7.710269320898028,10.792236607557706,2.0637637588747526
1974,3,/Users/reyesmatte/Desktop/copypasta/20260226/processed_masks/PY79_3_cp_masks.tif,PY79_3_cp_masks.tif,22,0.7386870736648781,4.2514601433041594,9.017930674251877,1.5756137117282618
1975,3,/Users/reyesmatte/Desktop/copypasta/20260226/processed_masks/PY79_3_cp_masks.tif,PY79_3_cp_masks.tif,23,0.7743917819748616,3.900228638623509,8.654545692626868,1.5601121432952734
1976,3,/Users/reyesmatte/Desktop/copypasta/20260226/processed_masks/PY79_3_cp_masks.tif,PY79_3_cp_masks.tif,24,0.742115963054568,4.244832745191188,9.275534081202473,1.6200738183411445
1977,3,/Users/reyesmatte/Desktop/copypasta/20260226/processed_masks/PY79_3_cp_masks.tif,PY79_3_cp_masks.tif,25,0.6920492145068416,5.431256533890755,11.121702836127614,1.8580066887580269
1978,3,/Users/reyesmatte/Desktop/copypasta/20260226/processed_masks/PY79_3_cp_masks.tif,PY79_3_cp_masks.tif,26,0.8205914396964474,7.829408175708297,17.412582165681975,3.443340596888875
1979,3,/Users/reyesmatte/Desktop/copypasta/20260226/processed_masks/PY79_3_cp_masks.tif,PY79_3_cp_masks.tif,27,0.893422211123772,8.650032717685244,21.252082832096715,4.582428111996829
1980,3,/Users/reyesmatte/Desktop/copypasta/20260226/processed_masks/PY79_3_cp_masks.tif,PY79_3_cp_masks.tif,28,0.8302952744904624,6.715941572946447,14.483734687965718,2.8710570249567144
1981,3,/Users/reyesmatte/Desktop/copypasta/20260226/processed_masks/PY79_3_cp_masks.tif,PY79_3_cp_masks.tif,29,0.9025796361456412,4.235940129795765,10.136944045570594,2.1027887116826824
1982,3,/Users/reyesmatte/Desktop/copypasta/20260226/processed_masks/PY79_3_cp_masks.tif,PY79_3_cp_masks.tif,30,0.8047659969044871,5.928397259899763,11.703365585263706,2.227914924542621
1983,3,/Users/reyesmatte/Desktop/copypasta/20260226/processed_masks/PY79_3_cp_masks.tif,PY79_3_cp_masks.tif,31,0.8216125757772218,4.611028543036299,9.95033740592605,1.9146364708906
1984,3,/Users/reyesmatte/Desktop/copypasta/20260226/processed_masks/PY79_3_cp_masks.tif,PY79_3_cp_masks.tif,32,0.7587999301217525,7.044884301839187,14.612746110466064,2.6679671654676103
1985,3,/Users/reyesmatte/Desktop/copypasta/20260226/processed_masks/PY79_3_cp_masks.tif,PY79_3_cp_masks.tif,33,0.8116691029193952,4.427806109397832,8.657864087189306,1.626742808827878
1986,3,/Users/reyesmatte/Desktop/copypasta/20260226/processed_masks/PY79_3_cp_masks.tif,PY79_3_cp_masks.tif,34,0.708977223534594,3.9929830347125344,6.98702622438539,1.1791457811719477
1987,3,/Users/reyesmatte/Desktop/copypasta/20260226/processed_masks/PY79_3_cp_masks.tif,PY79_3_cp_masks.tif,35,0.6533744241528314,5.231786234562083,8.622205807171452,1.3580022461209296
1988,3,/Users/reyesmatte/Desktop/copypasta/20260226/processed_masks/PY79_3_cp_masks.tif,PY79_3_cp_masks.tif,36,0.6923672191047079,4.2896183014386695,8.235320153001423,1.3603608895793382
1989,3,/Users/reyesmatte/Desktop/copypasta/20260226/processed_masks/PY79_3_cp_masks.tif,PY79_3_cp_masks.tif,37,0.7332791694241145,4.655988518435843,10.052856651082386,1.7480343356718058
1990,3,/Users/reyesmatte/Desktop/copypasta/20260226/processed_masks/PY79_3_cp_masks.tif,PY79_3_cp_masks.tif,38,0.7482947450991294,4.090507724388257,8.008854962574297,1.3946735909375505
1991,3,/Users/reyesmatte/Desktop/copypasta/20260226/processed_masks/PY79_3_cp_masks.tif,PY79_3_cp_masks.tif,39,0.7540029803336303,3.8475024541813823,7.521884585101315,1.3178060440313129
1992,3,/Users/reyesmatte/Desktop/copypasta/20260226/processed_masks/PY79_3_cp_masks.tif,PY79_3_cp_masks.tif,41,0.6786316866791209,5.69167879795428,11.042770814099743,1.8039955356167912
1993,3,/Users/reyesmatte/Desktop/copypasta/20260226/processed_masks/PY79_3_cp_masks.tif,PY79_3_cp_masks.tif,42,0.7257583124657379,5.772712598554483,11.652051150594158,2.027330626119785
1994,3,/Users/reyesmatte/Desktop/copypasta/20260226/processed_masks/PY79_3_cp_masks.tif,PY79_3_cp_masks.tif,43,0.6578213057988601,4.451418497196899,8.827836961899528,1.3854451987626697
1995,3,/Users/reyesmatte/Desktop/copypasta/20260226/processed_masks/PY79_3_cp_masks.tif,PY79_3_cp_masks.tif,44,0.7750250110460124,3.8833062609193365,9.392957869778865,1.701499640217545
1996,3,/Users/reyesmatte/Desktop/copypasta/20260226/processed_masks/PY79_3_cp_masks.tif,PY79_3_cp_masks.tif,45,0.7752274431077705,4.189245937912976,9.579506710692494,1.769911394607158
1997,3,/Users/reyesmatte/Desktop/copypasta/20260226/processed_masks/PY79_3_cp_masks.tif,PY79_3_cp_masks.tif,46,0.7927361676553751,5.162814063877269,12.060228183305075,2.2688548616937756
1998,3,/Users/reyesmatte/Desktop/copypasta/20260226/processed_masks/PY79_3_cp_masks.tif,PY79_3_cp_masks.tif,47,0.8036872930969765,4.838913959507645,11.506882195261616,2.1992665960047675
1999,3,/Users/reyesmatte/Desktop/copypasta/20260226/processed_masks/PY79_3_cp_masks.tif,PY79_3_cp_masks.tif,48,0.8312553951998587,4.116434889959217,10.982019638168865,2.1449435229028997
2000,3,/Users/reyesmatte/Desktop/copypasta/20260226/processed_masks/PY79_3_cp_masks.tif,PY79_3_cp_masks.tif,49,0.8121831169808229,4.8361322924667105,9.792876974631922,1.9452594009310549
2001,3,/Users/reyesmatte/Desktop/copypasta/20260226/processed_masks/PY79_3_cp_masks.tif,PY79_3_cp_masks.tif,50,0.8125871107627549,4.403989907514006,10.866057922349487,2.0808548485459144
2002,3,/Users/reyesmatte/Desktop/copypasta/20260226/processed_masks/PY79_3_cp_masks.tif,PY79_3_cp_masks.tif,51,0.8376596522005821,5.021233782355588,10.027399712207929,2.055734790112547
2003,3,/Users/reyesmatte/Desktop/copypasta/20260226/processed_masks/PY79_3_cp_masks.tif,PY79_3_cp_masks.tif,52,0.7912265696109604,4.850826846390754,11.466983728945696,2.149579682049438
2004,3,/Users/reyesmatte/Desktop/copypasta/20260226/processed_masks/PY79_16_cp_masks.tif,PY79_16_cp_masks.tif,23,0.8495066063979202,4.193513695062737,9.159314680276495,1.7901882930923996
2005,3,/Users/reyesmatte/Desktop/copypasta/20260226/processed_masks/PY79_16_cp_masks.tif,PY79_16_cp_masks.tif,30,0.7992611858187295,3.985066750109678,8.165863848007444,1.5100495170584385
2006,3,/Users/reyesmatte/Desktop/copypasta/20260226/processed_masks/PY79_16_cp_masks.tif,PY79_16_cp_masks.tif,48,0.709628782613435,4.126387900413951,7.083948701914805,1.198958683795812
2007,3,/Users/reyesmatte/Desktop/copypasta/20260226/processed_masks/PY79_16_cp_masks.tif,PY79_16_cp_masks.tif,70,0.7377690443111796,5.134085965981772,9.340855734694028,1.6291710842358347
2008,3,/Users/reyesmatte/Desktop/copypasta/20260226/processed_masks/PY79_16_cp_masks.tif,PY79_16_cp_masks.tif,75,0.746724603308929,5.1217589292712535,9.140831908286424,1.7965571479254712
2009,3,/Users/reyesmatte/Desktop/copypasta/20260226/processed_masks/PY79_16_cp_masks.tif,PY79_16_cp_masks.tif,79,0.7334411166275546,4.055265679915297,7.363443078884701,1.257541922266146
2010,3,/Users/reyesmatte/Desktop/copypasta/20260226/processed_masks/PY79_16_cp_masks.tif,PY79_16_cp_masks.tif,89,0.7632916100666477,7.497115987497833,13.83109306659696,2.608978409599406
2011,3,/Users/reyesmatte/Desktop/copypasta/20260226/processed_masks/PY79_16_cp_masks.tif,PY79_16_cp_masks.tif,91,0.784000117549207,4.398442127437154,8.424458748215532,1.5443654111155036
2012,3,/Users/reyesmatte/Desktop/copypasta/20260226/processed_masks/PY79_16_cp_masks.tif,PY79_16_cp_masks.tif,100,0.7461098036954966,4.677582031227623,9.841231700948986,1.7310404142226545
2013,3,/Users/reyesmatte/Desktop/copypasta/20260226/processed_masks/PY79_16_cp_masks.tif,PY79_16_cp_masks.tif,109,0.8015518208574132,4.18845386419922,8.14803677830253,1.5247610293465832
2014,3,/Users/reyesmatte/Desktop/copypasta/20260226/processed_masks/PY79_16_cp_masks.tif,PY79_16_cp_masks.tif,110,0.7901028450141068,5.280733328836486,12.313014744517783,2.315764967550871
2015,3,/Users/reyesmatte/Desktop/copypasta/20260226/processed_masks/PY79_16_cp_masks.tif,PY79_16_cp_masks.tif,112,0.7177873007041976,4.728161434836868,10.192632024589903,1.7747188551205504
2016,3,/Users/reyesmatte/Desktop/copypasta/20260226/processed_masks/PY79_16_cp_masks.tif,PY79_16_cp_masks.tif,113,0.7292013593040967,5.2192224651682775,10.779238574149074,1.880023738894472
2017,3,/Users/reyesmatte/Desktop/copypasta/20260226/processed_masks/PY79_16_cp_masks.tif,PY79_16_cp_masks.tif,118,0.8305353004227989,9.956050836912341,14.235656578145825,2.819589034421861
2018,3,/Users/reyesmatte/Desktop/copypasta/20260226/processed_masks/PY79_16_cp_masks.tif,PY79_16_cp_masks.tif,119,0.8306798934690254,4.3741539035562065,9.170872811368833,1.757715810982044
2019,3,/Users/reyesmatte/Desktop/copypasta/20260226/processed_masks/PY79_16_cp_masks.tif,PY79_16_cp_masks.tif,120,0.7549471829712646,4.9504840350931545,10.525671423367013,1.881056176425235
2020,3,/Users/reyesmatte/Desktop/copypasta/20260226/processed_masks/PY79_16_cp_masks.tif,PY79_16_cp_masks.tif,125,0.7296930086156677,5.215880109941885,10.17643033953735,1.8584375715966241
2021,3,/Users/reyesmatte/Desktop/copypasta/20260226/processed_masks/PY79_16_cp_masks.tif,PY79_16_cp_masks.tif,126,0.7985466075730534,4.286520891185687,8.52505668834387,1.5861935621032854
2022,3,/Users/reyesmatte/Desktop/copypasta/20260226/processed_masks/PY79_16_cp_masks.tif,PY79_16_cp_masks.tif,132,0.7304333815407269,4.83037086742358,9.080346323732297,1.587888947928127
2023,3,/Users/reyesmatte/Desktop/copypasta/20260226/processed_masks/PY79_16_cp_masks.tif,PY79_16_cp_masks.tif,136,0.7407299212738188,5.429195233199429,10.93106433831111,1.960954784361596
2024,3,/Users/reyesmatte/Desktop/copypasta/20260226/processed_masks/PY79_16_cp_masks.tif,PY79_16_cp_masks.tif,140,0.7945219578563247,4.212325359099816,8.494170239983951,1.573143087289398
2025,3,/Users/reyesmatte/Desktop/copypasta/20260226/processed_masks/PY79_16_cp_masks.tif,PY79_16_cp_masks.tif,142,0.7582218290868589,4.383533928546832,8.723251134174117,1.6167695058318134
2026,3,/Users/reyesmatte/Desktop/copypasta/20260226/processed_masks/PY79_16_cp_masks.tif,PY79_16_cp_masks.tif,150,0.7784018379106029,4.644223873158647,9.3499041511382,1.7120784143652672
2027,3,/Users/reyesmatte/Desktop/copypasta/20260226/processed_masks/PY79_16_cp_masks.tif,PY79_16_cp_masks.tif,155,0.743299951601699,4.202995893857104,8.163332652307922,1.4736966158847353
2028,3,/Users/reyesmatte/Desktop/copypasta/20260226/processed_masks/PY79_16_cp_masks.tif,PY79_16_cp_masks.tif,158,0.758696030399961,6.02674793371179,13.276700482792153,2.413763710359432
2029,3,/Users/reyesmatte/Desktop/copypasta/20260226/processed_masks/PY79_16_cp_masks.tif,PY79_16_cp_masks.tif,171,0.6928941364221916,4.316555821893604,7.170049963128284,1.1718381333974397
2030,3,/Users/reyesmatte/Desktop/copypasta/20260226/processed_masks/PY79_16_cp_masks.tif,PY79_16_cp_masks.tif,174,0.7602042282179186,4.692382683074122,10.036519079305174,1.8048846282002005
2031,3,/Users/reyesmatte/Desktop/copypasta/20260226/processed_masks/PY79_16_cp_masks.tif,PY79_16_cp_masks.tif,187,0.7664886290639112,5.878742072954731,11.710051775485919,2.1809701566719646
2032,3,/Users/reyesmatte/Desktop/copypasta/20260226/processed_masks/PY79_16_cp_masks.tif,PY79_16_cp_masks.tif,188,0.6933586933292649,4.508158238011764,7.451953564836555,1.3093384570460336
2033,3,/Users/reyesmatte/Desktop/copypasta/20260226/processed_masks/PY79_16_cp_masks.tif,PY79_16_cp_masks.tif,193,0.7529253217764791,4.2318562134195945,8.829572878920159,1.5851811154392559
2034,3,/Users/reyesmatte/Desktop/copypasta/20260226/processed_masks/PY79_16_cp_masks.tif,PY79_16_cp_masks.tif,200,0.8130428360176567,3.950593853730711,7.835633767953399,1.500224657391972
2035,3,/Users/reyesmatte/Desktop/copypasta/20260226/processed_masks/PY79_16_cp_masks.tif,PY79_16_cp_masks.tif,204,0.7995475655312504,5.601239581434426,11.805160785209026,2.230840854084549
2036,3,/Users/reyesmatte/Desktop/copypasta/20260226/processed_masks/PY79_16_cp_masks.tif,PY79_16_cp_masks.tif,208,0.7752661960925643,3.556303971386757,7.6939331088254965,1.3749025463715996
2037,3,/Users/reyesmatte/Desktop/copypasta/20260226/processed_masks/PY79_16_cp_masks.tif,PY79_16_cp_masks.tif,212,0.8447454107261294,4.07253693453357,7.972396650652715,1.6321235602164847
2038,3,/Users/reyesmatte/Desktop/copypasta/20260226/processed_masks/PY79_16_cp_masks.tif,PY79_16_cp_masks.tif,221,0.8468480599025882,4.0652479388689855,9.046975509283653,1.771092128901082
2039,3,/Users/reyesmatte/Desktop/copypasta/20260226/processed_masks/PY79_16_cp_masks.tif,PY79_16_cp_masks.tif,222,0.7858408957791403,4.560254156295704,10.267873451730825,1.8945235376288208
2040,3,/Users/reyesmatte/Desktop/copypasta/20260226/processed_masks/PY79_16_cp_masks.tif,PY79_16_cp_masks.tif,226,0.761358485531555,6.088054947065394,12.907191760318925,2.345461553440432
2041,3,/Users/reyesmatte/Desktop/copypasta/20260226/processed_masks/PY79_16_cp_masks.tif,PY79_16_cp_masks.tif,231,0.9097422564147598,4.689897493961634,11.04539153909147,2.344027302589146
2042,3,/Users/reyesmatte/Desktop/copypasta/20260226/processed_masks/PY79_16_cp_masks.tif,PY79_16_cp_masks.tif,232,0.7642492925481682,4.2636042979454745,9.774684873064043,1.767373312269913
2043,3,/Users/reyesmatte/Desktop/copypasta/20260226/processed_masks/PY79_16_cp_masks.tif,PY79_16_cp_masks.tif,240,0.8954997056514222,4.390898929867643,9.893890057173714,2.0465641093190023
2044,3,/Users/reyesmatte/Desktop/copypasta/20260226/processed_masks/PY79_16_cp_masks.tif,PY79_16_cp_masks.tif,243,0.7698430646639188,4.382588850431156,9.654288780435893,1.7411877238391356
2045,3,/Users/reyesmatte/Desktop/copypasta/20260226/processed_masks/PY79_16_cp_masks.tif,PY79_16_cp_masks.tif,245,0.7669619786072012,4.348664357310092,9.57142865418678,1.721866134262271
2046,3,/Users/reyesmatte/Desktop/copypasta/20260226/processed_masks/PY79_16_cp_masks.tif,PY79_16_cp_masks.tif,247,0.7149116720245693,5.063687379385296,10.536555781332343,1.7998284491257832
2047,3,/Users/reyesmatte/Desktop/copypasta/20260226/processed_masks/PY79_16_cp_masks.tif,PY79_16_cp_masks.tif,250,0.8440464271589544,4.670476444717881,9.265768108421994,1.8492270082789752
2048,3,/Users/reyesmatte/Desktop/copypasta/20260226/processed_masks/PY79_16_cp_masks.tif,PY79_16_cp_masks.tif,254,0.8034497320371939,4.405934523618848,8.959772799970002,1.6678539587872963
2049,3,/Users/reyesmatte/Desktop/copypasta/20260226/processed_masks/PY79_16_cp_masks.tif,PY79_16_cp_masks.tif,261,0.7382806381048603,4.714350075209062,9.851736537939788,1.72918106317435
2050,3,/Users/reyesmatte/Desktop/copypasta/20260226/processed_masks/PY79_16_cp_masks.tif,PY79_16_cp_masks.tif,265,0.8237007192345953,4.869322948929551,10.455265997534381,2.0118001305998825
2051,3,/Users/reyesmatte/Desktop/copypasta/20260226/processed_masks/PY79_16_cp_masks.tif,PY79_16_cp_masks.tif,266,0.7455729178786313,3.8142056997960854,8.391793497242313,1.4657301339061466
2052,3,/Users/reyesmatte/Desktop/copypasta/20260226/processed_masks/PY79_16_cp_masks.tif,PY79_16_cp_masks.tif,269,0.859112120911857,4.749342383279011,10.202101028071377,2.0350029510738055
2053,3,/Users/reyesmatte/Desktop/copypasta/20260226/processed_masks/PY79_16_cp_masks.tif,PY79_16_cp_masks.tif,272,0.8445078604804291,5.065948336867478,11.4752610408793,2.269730888407277
2054,3,/Users/reyesmatte/Desktop/copypasta/20260226/processed_masks/PY79_16_cp_masks.tif,PY79_16_cp_masks.tif,279,0.713804484304591,4.568691630593074,9.09193224700523,1.5616120191586602
2055,3,/Users/reyesmatte/Desktop/copypasta/20260226/processed_masks/PY79_16_cp_masks.tif,PY79_16_cp_masks.tif,282,0.7805127170179434,3.8077239084033456,8.059697315134617,1.5343410328214573
2056,3,/Users/reyesmatte/Desktop/copypasta/20260226/processed_masks/PY79_16_cp_masks.tif,PY79_16_cp_masks.tif,283,0.796680416145135,4.457391929998014,9.67867193010307,1.8481752294466602
2057,3,/Users/reyesmatte/Desktop/copypasta/20260226/processed_masks/PY79_16_cp_masks.tif,PY79_16_cp_masks.tif,286,0.8488181854347999,4.541400690011588,9.355029654985817,1.8507191019787304
2058,3,/Users/reyesmatte/Desktop/copypasta/20260226/processed_masks/PY79_16_cp_masks.tif,PY79_16_cp_masks.tif,289,0.7935711939758948,5.428750513665069,11.176952297674646,2.0955302861762064
2059,3,/Users/reyesmatte/Desktop/copypasta/20260226/processed_masks/PY79_16_cp_masks.tif,PY79_16_cp_masks.tif,295,0.7983208026300508,4.392736914551388,9.25696744527727,1.836235700525964
2060,3,/Users/reyesmatte/Desktop/copypasta/20260226/processed_masks/PY79_16_cp_masks.tif,PY79_16_cp_masks.tif,296,0.8791748148871201,3.5133896902728106,7.707554658257197,1.537566740219551
2061,3,/Users/reyesmatte/Desktop/copypasta/20260226/processed_masks/PY79_16_cp_masks.tif,PY79_16_cp_masks.tif,298,0.8178297920553526,8.325632612878453,17.858202207238097,3.5154547411023414
2062,3,/Users/reyesmatte/Desktop/copypasta/20260226/processed_masks/PY79_16_cp_masks.tif,PY79_16_cp_masks.tif,311,0.8868777983565005,6.479934508916852,15.511804682974436,3.280304985926703
2063,3,/Users/reyesmatte/Desktop/copypasta/20260226/processed_masks/PY79_16_cp_masks.tif,PY79_16_cp_masks.tif,317,0.8466276017288537,3.864111478581157,8.380412583948365,1.7141360279569995
2064,3,/Users/reyesmatte/Desktop/copypasta/20260226/processed_masks/PY79_16_cp_masks.tif,PY79_16_cp_masks.tif,323,0.7225757806493561,4.506235688809188,9.295985045120084,1.6316738083323161
2065,3,/Users/reyesmatte/Desktop/copypasta/20260226/processed_masks/PY79_16_cp_masks.tif,PY79_16_cp_masks.tif,327,0.8405877080313094,4.820853069461537,10.477268376655276,2.112349264956618
2066,3,/Users/reyesmatte/Desktop/copypasta/20260226/processed_masks/PY79_16_cp_masks.tif,PY79_16_cp_masks.tif,338,0.8866451358408659,3.119686398787982,7.950309182825886,1.5829857362450606
2067,3,/Users/reyesmatte/Desktop/copypasta/20260226/processed_masks/PY79_16_cp_masks.tif,PY79_16_cp_masks.tif,339,0.8055174624055604,8.259282647195851,10.387441243442186,1.9731288160487535
2068,3,/Users/reyesmatte/Desktop/copypasta/20260226/processed_masks/PY79_16_cp_masks.tif,PY79_16_cp_masks.tif,348,0.7970311801867911,4.989453162292947,9.803734365121095,1.8457440879233846
2069,3,/Users/reyesmatte/Desktop/copypasta/20260226/processed_masks/PY79_16_cp_masks.tif,PY79_16_cp_masks.tif,363,0.8508742875172569,3.5568878323067814,7.962173178558186,1.6760142394615019
2070,3,/Users/reyesmatte/Desktop/copypasta/20260226/processed_masks/PY79_16_cp_masks.tif,PY79_16_cp_masks.tif,384,0.9004458521431722,6.294307209429038,15.616690757333586,3.3589882984380406
2071,3,/Users/reyesmatte/Desktop/copypasta/20260226/processed_masks/PY79_16_cp_masks.tif,PY79_16_cp_masks.tif,408,0.9072933768741668,6.1601514036547185,17.294092686273046,3.7404304953198793
2072,3,/Users/reyesmatte/Desktop/copypasta/20260226/processed_masks/PY79_16_cp_masks.tif,PY79_16_cp_masks.tif,436,0.889321438272595,2.9883106079519326,8.060112652066953,1.6241789638356328
2073,3,/Users/reyesmatte/Desktop/copypasta/20260226/processed_masks/PY79_16_cp_masks.tif,PY79_16_cp_masks.tif,449,0.7717998188069153,3.8188140734193365,9.204565844719049,1.657679421572593
2074,3,/Users/reyesmatte/Desktop/copypasta/20260226/processed_masks/PY79_4_cp_masks.tif,PY79_4_cp_masks.tif,1,0.7078649426492581,4.66593020481905,8.789342253530736,1.5435391118846828
2075,3,/Users/reyesmatte/Desktop/copypasta/20260226/processed_masks/PY79_4_cp_masks.tif,PY79_4_cp_masks.tif,2,0.7362987491568637,5.253265572132953,11.141660361181842,1.9544941110998406
2076,3,/Users/reyesmatte/Desktop/copypasta/20260226/processed_masks/PY79_4_cp_masks.tif,PY79_4_cp_masks.tif,3,0.8311944745635563,5.623620996804704,11.155578024671511,2.175714136844646
2077,3,/Users/reyesmatte/Desktop/copypasta/20260226/processed_masks/PY79_4_cp_masks.tif,PY79_4_cp_masks.tif,4,0.7603746010095289,4.932266466570136,11.317700400090386,2.073244173867602
2078,3,/Users/reyesmatte/Desktop/copypasta/20260226/processed_masks/PY79_4_cp_masks.tif,PY79_4_cp_masks.tif,5,0.7500494016855178,4.820316362171751,9.120837028292797,1.773737037517735
2079,3,/Users/reyesmatte/Desktop/copypasta/20260226/processed_masks/PY79_4_cp_masks.tif,PY79_4_cp_masks.tif,6,0.7365765866845447,4.304446307715577,7.6041718090039145,1.3251040810793953
2080,3,/Users/reyesmatte/Desktop/copypasta/20260226/processed_masks/PY79_4_cp_masks.tif,PY79_4_cp_masks.tif,7,0.8132045225202308,3.885529411039958,7.575578471431638,1.4530195407390527
2081,3,/Users/reyesmatte/Desktop/copypasta/20260226/processed_masks/PY79_4_cp_masks.tif,PY79_4_cp_masks.tif,8,0.7242819143140604,6.458323983612406,12.622142535877241,2.2010911101199855
2082,3,/Users/reyesmatte/Desktop/copypasta/20260226/processed_masks/PY79_4_cp_masks.tif,PY79_4_cp_masks.tif,9,0.8500859542361265,3.605867081765909,7.8266639765244905,1.5146473892473973
2083,3,/Users/reyesmatte/Desktop/copypasta/20260226/processed_masks/PY79_4_cp_masks.tif,PY79_4_cp_masks.tif,10,0.7571321863809705,3.5588259893434766,6.577969621060414,1.1376930127125726
2084,3,/Users/reyesmatte/Desktop/copypasta/20260226/processed_masks/PY79_4_cp_masks.tif,PY79_4_cp_masks.tif,12,0.7791699100371299,4.124514482644462,7.750912449710028,1.3928026807513256
2085,3,/Users/reyesmatte/Desktop/copypasta/20260226/processed_masks/PY79_4_cp_masks.tif,PY79_4_cp_masks.tif,13,0.7711002477684216,5.7733625023598325,12.530316055734314,2.3067412532842613
2086,3,/Users/reyesmatte/Desktop/copypasta/20260226/processed_masks/PY79_4_cp_masks.tif,PY79_4_cp_masks.tif,15,0.742419911702496,4.05153013810958,7.329857836427864,1.2727426397658415
2087,3,/Users/reyesmatte/Desktop/copypasta/20260226/processed_masks/PY79_4_cp_masks.tif,PY79_4_cp_masks.tif,16,0.8197767831148415,6.88868977193321,16.400836101145302,3.227735045262342
2088,3,/Users/reyesmatte/Desktop/copypasta/20260226/processed_masks/PY79_4_cp_masks.tif,PY79_4_cp_masks.tif,20,0.7955908573520295,6.237709993961634,13.191482969329316,2.5418213999682333
2089,3,/Users/reyesmatte/Desktop/copypasta/20260226/processed_masks/PY79_4_cp_masks.tif,PY79_4_cp_masks.tif,21,0.7877758991228513,5.94152367063187,12.340256744836415,2.309225603407106
2090,3,/Users/reyesmatte/Desktop/copypasta/20260226/processed_masks/PY79_4_cp_masks.tif,PY79_4_cp_masks.tif,23,0.810509812028095,6.364136933551006,14.096789131606528,2.7785121791394847
2091,3,/Users/reyesmatte/Desktop/copypasta/20260226/processed_masks/PY79_4_cp_masks.tif,PY79_4_cp_masks.tif,24,0.7962515406957438,6.167322731436683,12.865420146947407,2.4470193706512267
2092,3,/Users/reyesmatte/Desktop/copypasta/20260226/processed_masks/PY79_4_cp_masks.tif,PY79_4_cp_masks.tif,25,0.765832825472631,6.503336394261908,13.257563729687053,2.432344891690209
2093,3,/Users/reyesmatte/Desktop/copypasta/20260226/processed_masks/PY79_4_cp_masks.tif,PY79_4_cp_masks.tif,26,0.8249057829940543,5.980165132382798,12.995015898174625,2.6510910477431446
2094,3,/Users/reyesmatte/Desktop/copypasta/20260226/processed_masks/PY79_4_cp_masks.tif,PY79_4_cp_masks.tif,27,0.7709013449308086,6.025436177334881,12.708601675196556,2.3560403275881536
2095,3,/Users/reyesmatte/Desktop/copypasta/20260226/processed_masks/PY79_4_cp_masks.tif,PY79_4_cp_masks.tif,29,0.8478749668382711,5.765431181618767,13.208353037205487,2.659645574819666
2096,3,/Users/reyesmatte/Desktop/copypasta/20260226/processed_masks/PY79_4_cp_masks.tif,PY79_4_cp_masks.tif,30,0.8006291544812568,6.163754691237101,13.13745923168282,2.508180671216206
2097,3,/Users/reyesmatte/Desktop/copypasta/20260226/processed_masks/PY79_4_cp_masks.tif,PY79_4_cp_masks.tif,33,0.7867387227759108,6.075106400418122,12.44891024410119,2.4253496969486577
2098,3,/Users/reyesmatte/Desktop/copypasta/20260226/processed_masks/PY79_4_cp_masks.tif,PY79_4_cp_masks.tif,35,0.7987790154056943,7.357018099636313,15.308271931540975,2.964957190700442
2099,3,/Users/reyesmatte/Desktop/copypasta/20260226/processed_masks/PY79_4_cp_masks.tif,PY79_4_cp_masks.tif,36,0.8503256126768622,5.066963615315939,11.309724350303325,2.274159759329218
2100,3,/Users/reyesmatte/Desktop/copypasta/20260226/processed_masks/PY79_4_cp_masks.tif,PY79_4_cp_masks.tif,38,0.711404458970054,8.092379381829852,16.061646781765713,2.7918535455908753
2101,3,/Users/reyesmatte/Desktop/copypasta/20260226/processed_masks/PY79_4_cp_masks.tif,PY79_4_cp_masks.tif,39,0.7420722871356363,7.088470261741116,15.093040127549852,2.7029039957896828
2102,3,/Users/reyesmatte/Desktop/copypasta/20260226/processed_masks/PY79_4_cp_masks.tif,PY79_4_cp_masks.tif,40,0.7832671749468912,6.835784365625571,15.609778462034411,2.9357591392503197
2103,3,/Users/reyesmatte/Desktop/copypasta/20260226/processed_masks/PY79_4_cp_masks.tif,PY79_4_cp_masks.tif,41,0.7874075877322172,7.9702563075867126,18.214662349877134,3.476652731060539
2104,3,/Users/reyesmatte/Desktop/copypasta/20260226/processed_masks/PY79_4_cp_masks.tif,PY79_4_cp_masks.tif,42,0.783450174827162,6.3014885360581925,14.714803945793056,2.769090746955961
2105,3,/Users/reyesmatte/Desktop/copypasta/20260226/processed_masks/PY79_4_cp_masks.tif,PY79_4_cp_masks.tif,43,0.8556278140987754,5.721421333295675,12.273452809113508,2.486787415300983
2106,3,/Users/reyesmatte/Desktop/copypasta/20260226/processed_masks/PY79_4_cp_masks.tif,PY79_4_cp_masks.tif,46,0.7562070412456485,7.038514403343889,12.77873327298921,2.3088137897333
2107,3,/Users/reyesmatte/Desktop/copypasta/20260226/processed_masks/PY79_4_cp_masks.tif,PY79_4_cp_masks.tif,47,0.77827516808186,5.216961507686095,12.186923780319525,2.270786202088403
2108,3,/Users/reyesmatte/Desktop/copypasta/20260226/processed_masks/PY79_4_cp_masks.tif,PY79_4_cp_masks.tif,48,0.8344803634725013,4.819367161066476,11.82756867426034,2.390730005687085
2109,3,/Users/reyesmatte/Desktop/copypasta/20260226/processed_masks/PY79_4_cp_masks.tif,PY79_4_cp_masks.tif,49,0.6392701269705838,5.8606963924185465,10.49924567362083,1.6267541433844668
2110,3,/Users/reyesmatte/Desktop/copypasta/20260226/processed_masks/PY79_4_cp_masks.tif,PY79_4_cp_masks.tif,50,0.8352345819350483,4.652604137296085,11.513734749484122,2.3008423776974403
2111,3,/Users/reyesmatte/Desktop/copypasta/20260226/processed_masks/PY79_4_cp_masks.tif,PY79_4_cp_masks.tif,51,0.8103932994178428,5.091024463326926,9.97533123892687,1.9813108098999266
2112,3,/Users/reyesmatte/Desktop/copypasta/20260226/processed_masks/PY79_4_cp_masks.tif,PY79_4_cp_masks.tif,52,0.7632293457532127,7.285718714755302,16.53511593580457,3.0733141807334508
2113,3,/Users/reyesmatte/Desktop/copypasta/20260226/processed_masks/PY79_4_cp_masks.tif,PY79_4_cp_masks.tif,53,0.8847614657179461,6.98869965072142,19.146488158492595,4.066218075103246
2114,3,/Users/reyesmatte/Desktop/copypasta/20260226/processed_masks/PY79_4_cp_masks.tif,PY79_4_cp_masks.tif,54,0.838983755204789,6.313915411553886,16.27805305444859,3.279916604019222
2115,3,/Users/reyesmatte/Desktop/copypasta/20260226/processed_masks/PY79_4_cp_masks.tif,PY79_4_cp_masks.tif,55,0.7756989725774124,14.403475468231926,17.859588879937967,3.3527985312137174
2116,3,/Users/reyesmatte/Desktop/copypasta/20260226/processed_masks/PY79_4_cp_masks.tif,PY79_4_cp_masks.tif,56,0.755778150543732,3.8455025571737367,7.820487412655709,1.449438001333023
2117,3,/Users/reyesmatte/Desktop/copypasta/20260226/processed_masks/PY79_4_cp_masks.tif,PY79_4_cp_masks.tif,57,0.7062542378689587,7.906611896929038,16.046512313585048,2.7592692804446295
2118,3,/Users/reyesmatte/Desktop/copypasta/20260226/processed_masks/PY79_4_cp_masks.tif,PY79_4_cp_masks.tif,58,0.764045441603256,5.105578207828337,9.410625577927432,1.7070901506579788
2119,3,/Users/reyesmatte/Desktop/copypasta/20260226/processed_masks/PY79_4_cp_masks.tif,PY79_4_cp_masks.tif,59,0.7793175376557202,3.607928382457232,7.306716664184249,1.3228944033821735
2120,3,/Users/reyesmatte/Desktop/copypasta/20260226/processed_masks/PY79_4_cp_masks.tif,PY79_4_cp_masks.tif,60,0.7238229769516192,4.1440976297941,7.6127201740393495,1.2950854184728766
2121,3,/Users/reyesmatte/Desktop/copypasta/20260226/processed_masks/PY79_4_cp_masks.tif,PY79_4_cp_masks.tif,63,0.7535127081611757,4.656278275418123,8.831391444864563,1.5752163199656402
2122,3,/Users/reyesmatte/Desktop/copypasta/20260226/processed_masks/PY79_4_cp_masks.tif,PY79_4_cp_masks.tif,64,0.753759490633744,5.207269487171749,10.00341759615231,1.84339994920971
2123,3,/Users/reyesmatte/Desktop/copypasta/20260226/processed_masks/PY79_4_cp_masks.tif,PY79_4_cp_masks.tif,65,0.7713984840655297,4.424446366616941,8.705146468879603,1.565078186884321
2124,3,/Users/reyesmatte/Desktop/copypasta/20260226/processed_masks/PY79_4_cp_masks.tif,PY79_4_cp_masks.tif,66,0.7592476542056341,4.824475792398629,8.84432406492173,1.5858157152518846
2125,4,/Users/reyesmatte/Desktop/copypasta/20260226/processed_masks/PY79_39_cp_masks.tif,PY79_39_cp_masks.tif,20,0.7695326216982751,4.165222254505213,8.778617618332653,1.5778345911865779
2126,4,/Users/reyesmatte/Desktop/copypasta/20260226/processed_masks/PY79_39_cp_masks.tif,PY79_39_cp_masks.tif,23,0.7832728735643221,4.515264553133856,9.880124635855465,1.8607692810616974
2127,4,/Users/reyesmatte/Desktop/copypasta/20260226/processed_masks/PY79_39_cp_masks.tif,PY79_39_cp_masks.tif,26,0.7879837402615066,4.025330587992556,8.4358835991126,1.549547584942116
2128,4,/Users/reyesmatte/Desktop/copypasta/20260226/processed_masks/PY79_39_cp_masks.tif,PY79_39_cp_masks.tif,29,0.7140156835982606,4.11203847571568,7.75220748658091,1.3177762850807793
2129,4,/Users/reyesmatte/Desktop/copypasta/20260226/processed_masks/PY79_39_cp_masks.tif,PY79_39_cp_masks.tif,43,0.6835132840757878,4.573249894265907,7.682134612592453,1.2797751035025688
2130,4,/Users/reyesmatte/Desktop/copypasta/20260226/processed_masks/PY79_39_cp_masks.tif,PY79_39_cp_masks.tif,47,0.7310590901614277,3.820626087505147,6.996296756687764,1.244630568542671
2131,4,/Users/reyesmatte/Desktop/copypasta/20260226/processed_masks/PY79_39_cp_masks.tif,PY79_39_cp_masks.tif,51,0.7409145103962954,4.267480563287999,8.283383560682335,1.501663315394823
2132,4,/Users/reyesmatte/Desktop/copypasta/20260226/processed_masks/PY79_39_cp_masks.tif,PY79_39_cp_masks.tif,52,0.7607584337065009,5.099730383357616,9.888671243495969,1.8158396828614392
2133,4,/Users/reyesmatte/Desktop/copypasta/20260226/processed_masks/PY79_39_cp_masks.tif,PY79_39_cp_masks.tif,59,0.7882518983035672,4.28275700068181,8.603793539604396,1.606231685012235
2134,4,/Users/reyesmatte/Desktop/copypasta/20260226/processed_masks/PY79_39_cp_masks.tif,PY79_39_cp_masks.tif,62,0.8209665191254635,3.736912757457232,7.943447367208767,1.552388753593235
2135,4,/Users/reyesmatte/Desktop/copypasta/20260226/processed_masks/PY79_39_cp_masks.tif,PY79_39_cp_masks.tif,65,0.8269693746580675,7.68862134949793,15.918976555527841,3.1507796267069255
2136,4,/Users/reyesmatte/Desktop/copypasta/20260226/processed_masks/PY79_39_cp_masks.tif,PY79_39_cp_masks.tif,74,0.7696579471856386,5.521886867824098,10.27530871492611,1.8690908717096422
2137,4,/Users/reyesmatte/Desktop/copypasta/20260226/processed_masks/PY79_39_cp_masks.tif,PY79_39_cp_masks.tif,80,0.815292063080366,4.834371613267361,9.906617387035032,1.879244788648235
2138,4,/Users/reyesmatte/Desktop/copypasta/20260226/processed_masks/PY79_39_cp_masks.tif,PY79_39_cp_masks.tif,82,0.7894736885414262,5.465326729677514,10.518203071640526,2.0320193493327166
2139,4,/Users/reyesmatte/Desktop/copypasta/20260226/processed_masks/PY79_39_cp_masks.tif,PY79_39_cp_masks.tif,85,0.8219836909867895,5.302047927260449,10.835354095783027,2.1134506728300813
2140,4,/Users/reyesmatte/Desktop/copypasta/20260226/processed_masks/PY79_39_cp_masks.tif,PY79_39_cp_masks.tif,90,0.82005611696141,5.018912950609579,10.504618042951925,2.021618940454571
2141,4,/Users/reyesmatte/Desktop/copypasta/20260226/processed_masks/PY79_39_cp_masks.tif,PY79_39_cp_masks.tif,91,0.6828542658519658,9.487123762683211,10.228821042642641,1.674490102516871
2142,4,/Users/reyesmatte/Desktop/copypasta/20260226/processed_masks/PY79_39_cp_masks.tif,PY79_39_cp_masks.tif,92,0.6806800690737321,6.378183367423581,11.933083467812335,1.9567091215231385
2143,4,/Users/reyesmatte/Desktop/copypasta/20260226/processed_masks/PY79_39_cp_masks.tif,PY79_39_cp_masks.tif,93,0.771821275181848,4.727630440019053,10.297448967775154,1.9286063503101323
2144,4,/Users/reyesmatte/Desktop/copypasta/20260226/processed_masks/PY79_39_cp_masks.tif,PY79_39_cp_masks.tif,96,0.7889830493539741,4.784900165680638,11.100886739168576,2.074364418620211
2145,4,/Users/reyesmatte/Desktop/copypasta/20260226/processed_masks/PY79_39_cp_masks.tif,PY79_39_cp_masks.tif,97,0.7569396961733893,9.509222689046027,11.294464098739967,2.0735652597264775
2146,4,/Users/reyesmatte/Desktop/copypasta/20260226/processed_masks/PY79_39_cp_masks.tif,PY79_39_cp_masks.tif,98,0.8197145255081331,5.652233008279009,11.403893251866759,2.325045066224314
2147,4,/Users/reyesmatte/Desktop/copypasta/20260226/processed_masks/PY79_39_cp_masks.tif,PY79_39_cp_masks.tif,101,0.8573115612988885,5.536049388117865,13.190458167635173,2.671097040190955
2148,4,/Users/reyesmatte/Desktop/copypasta/20260226/processed_masks/PY79_39_cp_masks.tif,PY79_39_cp_masks.tif,102,0.8115847432509462,5.942447887296085,14.349194138717012,2.8075838804890636
2149,4,/Users/reyesmatte/Desktop/copypasta/20260226/processed_masks/PY79_39_cp_masks.tif,PY79_39_cp_masks.tif,107,0.8256054803384159,5.616816811787897,13.70581451700756,2.700487927335582
2150,4,/Users/reyesmatte/Desktop/copypasta/20260226/processed_masks/PY79_39_cp_masks.tif,PY79_39_cp_masks.tif,108,0.8124969907640089,5.634000410302064,12.923786908422684,2.4894488137132242
2151,4,/Users/reyesmatte/Desktop/copypasta/20260226/processed_masks/PY79_39_cp_masks.tif,PY79_39_cp_masks.tif,110,0.7913568038766297,3.1815278061086096,6.630936031601826,1.2232844787119304
2152,4,/Users/reyesmatte/Desktop/copypasta/20260226/processed_masks/PY79_39_cp_masks.tif,PY79_39_cp_masks.tif,111,0.7583370316459642,3.355854707482183,7.063631100583369,1.2888651808310283
2153,4,/Users/reyesmatte/Desktop/copypasta/20260226/processed_masks/PY79_39_cp_masks.tif,PY79_39_cp_masks.tif,113,0.7513095371204622,6.2500718242411155,13.296869964532476,2.438087974630904
2154,4,/Users/reyesmatte/Desktop/copypasta/20260226/processed_masks/PY79_39_cp_masks.tif,PY79_39_cp_masks.tif,116,0.8440024441109386,5.256649953272711,11.894574100942444,2.3926863047493225
2155,4,/Users/reyesmatte/Desktop/copypasta/20260226/processed_masks/PY79_39_cp_masks.tif,PY79_39_cp_masks.tif,119,0.7677462270064208,3.2593452962549216,6.774610004565523,1.3069608529621766
2156,4,/Users/reyesmatte/Desktop/copypasta/20260226/processed_masks/PY79_49_cp_masks.tif,PY79_49_cp_masks.tif,13,0.7357248233283252,4.416836805713005,8.181999894987996,1.491869508785498
2157,4,/Users/reyesmatte/Desktop/copypasta/20260226/processed_masks/PY79_49_cp_masks.tif,PY79_49_cp_masks.tif,15,0.8092194471397596,8.299193335924338,16.08154636229652,3.1570641738710403
2158,4,/Users/reyesmatte/Desktop/copypasta/20260226/processed_masks/PY79_49_cp_masks.tif,PY79_49_cp_masks.tif,21,0.7519458869179539,3.891248905731929,7.405129416887281,1.3030797142123471
2159,4,/Users/reyesmatte/Desktop/copypasta/20260226/processed_masks/PY79_49_cp_masks.tif,PY79_49_cp_masks.tif,60,0.7333566005767984,3.9293711970991745,7.71706088636572,1.3204835652281948
2160,4,/Users/reyesmatte/Desktop/copypasta/20260226/processed_masks/PY79_49_cp_masks.tif,PY79_49_cp_masks.tif,64,0.7609973662979146,3.8473396262347554,7.102939271149333,1.3246867372209485
2161,4,/Users/reyesmatte/Desktop/copypasta/20260226/processed_masks/PY79_49_cp_masks.tif,PY79_49_cp_masks.tif,67,0.7978264543284037,3.4490603307194365,7.237207263674704,1.3149557398547678
2162,4,/Users/reyesmatte/Desktop/copypasta/20260226/processed_masks/PY79_49_cp_masks.tif,PY79_49_cp_masks.tif,71,0.8061205055719429,3.4931149646219946,6.970855079210803,1.2755882668461318
2163,4,/Users/reyesmatte/Desktop/copypasta/20260226/processed_masks/PY79_49_cp_masks.tif,PY79_49_cp_masks.tif,76,0.8366426231940556,3.3844053152728106,7.08416016392318,1.3437465423668793
2164,4,/Users/reyesmatte/Desktop/copypasta/20260226/processed_masks/PY79_49_cp_masks.tif,PY79_49_cp_masks.tif,80,0.8447585826729528,2.8964972539428535,6.250649787717981,1.1637954496181553
2165,4,/Users/reyesmatte/Desktop/copypasta/20260226/processed_masks/PY79_49_cp_masks.tif,PY79_49_cp_masks.tif,84,0.8266512491832787,6.47652879974907,13.014093004360104,2.5467864212235427
2166,4,/Users/reyesmatte/Desktop/copypasta/20260226/processed_masks/PY79_49_cp_masks.tif,PY79_49_cp_masks.tif,95,0.7438070202797112,3.411542742423582,6.332076888751828,1.079753813859883
2167,4,/Users/reyesmatte/Desktop/copypasta/20260226/processed_masks/PY79_49_cp_masks.tif,PY79_49_cp_masks.tif,99,0.7690020554135187,4.176414957146528,8.455201453622195,1.5882153499948266
2168,4,/Users/reyesmatte/Desktop/copypasta/20260226/processed_masks/PY79_49_cp_masks.tif,PY79_49_cp_masks.tif,104,0.8616321582726683,3.160188385835355,7.091619960017489,1.3632478359364837
2169,4,/Users/reyesmatte/Desktop/copypasta/20260226/processed_masks/PY79_49_cp_masks.tif,PY79_49_cp_masks.tif,112,0.9088294160415957,3.415702172650462,7.822614538039165,1.581697852413135
2170,4,/Users/reyesmatte/Desktop/copypasta/20260226/processed_masks/PY79_49_cp_masks.tif,PY79_49_cp_masks.tif,117,0.908714135818221,3.297782907691245,7.637824273822321,1.5395630267929892
2171,4,/Users/reyesmatte/Desktop/copypasta/20260226/processed_masks/PY79_49_cp_masks.tif,PY79_49_cp_masks.tif,123,0.9046433629007304,3.509362862064963,8.24335009156684,1.6733601525007582
2172,4,/Users/reyesmatte/Desktop/copypasta/20260226/processed_masks/PY79_49_cp_masks.tif,PY79_49_cp_masks.tif,128,0.7642206434562533,7.206364471725124,14.661206966054408,2.8438198305223885
2173,4,/Users/reyesmatte/Desktop/copypasta/20260226/processed_masks/PY79_49_cp_masks.tif,PY79_49_cp_masks.tif,139,0.7235368703053114,4.471004112970725,8.74092216029999,1.487735624904671
2174,4,/Users/reyesmatte/Desktop/copypasta/20260226/processed_masks/PY79_49_cp_masks.tif,PY79_49_cp_masks.tif,146,0.7379481870198107,3.798495867423581,6.615057989610868,1.1871798016677424
2175,4,/Users/reyesmatte/Desktop/copypasta/20260226/processed_masks/PY79_49_cp_masks.tif,PY79_49_cp_masks.tif,148,0.8349231185395048,7.545625958079265,16.612483869834,3.3222588323985245
2176,4,/Users/reyesmatte/Desktop/copypasta/20260226/processed_masks/PY79_49_cp_masks.tif,PY79_49_cp_masks.tif,152,0.8235271834740601,4.5860038317617935,9.729730195124265,1.8589050174824953
2177,4,/Users/reyesmatte/Desktop/copypasta/20260226/processed_masks/PY79_49_cp_masks.tif,PY79_49_cp_masks.tif,154,0.835796286552974,4.616474224867381,9.384786771348361,1.8251315319742776
2178,4,/Users/reyesmatte/Desktop/copypasta/20260226/processed_masks/PY79_49_cp_masks.tif,PY79_49_cp_masks.tif,157,0.8381926641491586,4.455656285199942,9.588999548321562,1.862642847904565
2179,4,/Users/reyesmatte/Desktop/copypasta/20260226/processed_masks/PY79_49_cp_masks.tif,PY79_49_cp_masks.tif,158,0.7595569627119662,3.8701693815527336,8.339265437587343,1.4842272841025321
2180,4,/Users/reyesmatte/Desktop/copypasta/20260226/processed_masks/PY79_49_cp_masks.tif,PY79_49_cp_masks.tif,159,0.8122993330510148,3.474127109481816,7.855892106134009,1.4700808562021228
2181,4,/Users/reyesmatte/Desktop/copypasta/20260226/processed_masks/PY79_49_cp_masks.tif,PY79_49_cp_masks.tif,160,0.8041088849807502,6.274075462092171,14.46473481231987,2.786235568841523
2182,4,/Users/reyesmatte/Desktop/copypasta/20260226/processed_masks/PY79_49_cp_masks.tif,PY79_49_cp_masks.tif,162,0.8241683696151404,5.710805166651265,12.65710859694403,2.470590664403908
2183,4,/Users/reyesmatte/Desktop/copypasta/20260226/processed_masks/PY79_49_cp_masks.tif,PY79_49_cp_masks.tif,167,0.8119593262680904,4.058174757448946,8.678757180612351,1.6237270655099796
2184,4,/Users/reyesmatte/Desktop/copypasta/20260226/processed_masks/PY79_49_cp_masks.tif,PY79_49_cp_masks.tif,168,0.8096340748618098,4.029751078693973,8.06561455180694,1.521035024610829
2185,4,/Users/reyesmatte/Desktop/copypasta/20260226/processed_masks/PY79_49_cp_masks.tif,PY79_49_cp_masks.tif,174,0.8144538989825997,3.3989662192150334,7.552589551453334,1.400845159107765
2186,4,/Users/reyesmatte/Desktop/copypasta/20260226/processed_masks/PY79_49_cp_masks.tif,PY79_49_cp_masks.tif,178,0.7688225520966954,4.323661408403345,9.250921225047222,1.6716289817699266
2187,4,/Users/reyesmatte/Desktop/copypasta/20260226/processed_masks/PY79_49_cp_masks.tif,PY79_49_cp_masks.tif,182,0.7769517015694104,3.7423764259919143,8.218084717294127,1.4761015211852673
2188,4,/Users/reyesmatte/Desktop/copypasta/20260226/processed_masks/PY79_49_cp_masks.tif,PY79_49_cp_masks.tif,186,0.7092543848856746,3.948624182650661,7.61626872475682,1.3114448556188565
2189,4,/Users/reyesmatte/Desktop/copypasta/20260226/processed_masks/PY79_41_cp_masks.tif,PY79_41_cp_masks.tif,4,0.7671066626895566,1.358919256148043,2.9131519356548905,0.4606740934469298
2190,4,/Users/reyesmatte/Desktop/copypasta/20260226/processed_masks/PY79_41_cp_masks.tif,PY79_41_cp_masks.tif,5,0.8255342535605911,3.3304821030942886,8.044083377733187,1.517030451539959
2191,4,/Users/reyesmatte/Desktop/copypasta/20260226/processed_masks/PY79_41_cp_masks.tif,PY79_41_cp_masks.tif,6,0.7822175991895322,3.6819102221885274,7.484160351004284,1.3688549864474568
2192,4,/Users/reyesmatte/Desktop/copypasta/20260226/processed_masks/PY79_41_cp_masks.tif,PY79_41_cp_masks.tif,7,0.8083334793173902,6.880392659498544,14.440003519281683,2.792838019850333
2193,4,/Users/reyesmatte/Desktop/copypasta/20260226/processed_masks/PY79_41_cp_masks.tif,PY79_41_cp_masks.tif,8,0.7822152209072112,6.9817538797940975,15.070253430674812,2.872051492016209
2194,4,/Users/reyesmatte/Desktop/copypasta/20260226/processed_masks/PY79_41_cp_masks.tif,PY79_41_cp_masks.tif,10,0.8120118411079776,6.460188053684828,16.098045374084954,3.1494796237450933
2195,4,/Users/reyesmatte/Desktop/copypasta/20260226/processed_masks/PY79_41_cp_masks.tif,PY79_41_cp_masks.tif,11,0.8598784736480848,6.7357381077906275,17.02987377672369,3.5477201369398523
2196,4,/Users/reyesmatte/Desktop/copypasta/20260226/processed_masks/PY79_41_cp_masks.tif,PY79_41_cp_masks.tif,12,0.8005429891240553,5.80652075373297,12.582023820641808,2.4247887262501697
2197,4,/Users/reyesmatte/Desktop/copypasta/20260226/processed_masks/PY79_41_cp_masks.tif,PY79_41_cp_masks.tif,13,0.88511855155703,3.4447994762296092,6.68570440183954,1.3022470104999797
2198,4,/Users/reyesmatte/Desktop/copypasta/20260226/processed_masks/PY79_41_cp_masks.tif,PY79_41_cp_masks.tif,14,0.7320939907402357,10.850335928688825,13.747855493051633,2.431179438282425
2199,4,/Users/reyesmatte/Desktop/copypasta/20260226/processed_masks/PY79_41_cp_masks.tif,PY79_41_cp_masks.tif,15,0.8530276921308714,9.182705690984912,20.022859832010983,4.12808931542444
2200,4,/Users/reyesmatte/Desktop/copypasta/20260226/processed_masks/PY79_41_cp_masks.tif,PY79_41_cp_masks.tif,16,0.7149823389778025,6.901517457249317,13.591482979210598,2.340632749585346
2201,4,/Users/reyesmatte/Desktop/copypasta/20260226/processed_masks/PY79_41_cp_masks.tif,PY79_41_cp_masks.tif,17,0.8457848928345492,3.920364579604422,8.48076778753703,1.7093802596578658
2202,4,/Users/reyesmatte/Desktop/copypasta/20260226/processed_masks/PY79_41_cp_masks.tif,PY79_41_cp_masks.tif,19,0.755573310578933,12.445297964112454,15.629429336918504,2.8484095935979195
2203,4,/Users/reyesmatte/Desktop/copypasta/20260226/processed_masks/PY79_41_cp_masks.tif,PY79_41_cp_masks.tif,20,0.82156743857366,3.895335608203603,8.798346645160459,1.748342182849776
2204,4,/Users/reyesmatte/Desktop/copypasta/20260226/processed_masks/PY79_41_cp_masks.tif,PY79_41_cp_masks.tif,22,0.7320728879946534,5.713877521929038,11.428008600140334,2.0539322995633844
2205,4,/Users/reyesmatte/Desktop/copypasta/20260226/processed_masks/PY79_41_cp_masks.tif,PY79_41_cp_masks.tif,23,0.8449938161284961,4.671564219369463,11.69508769234931,2.3552632560878513
2206,4,/Users/reyesmatte/Desktop/copypasta/20260226/processed_masks/PY79_41_cp_masks.tif,PY79_41_cp_masks.tif,24,0.8492482742070151,7.669868082443859,10.933491787141046,2.178079592924046
2207,4,/Users/reyesmatte/Desktop/copypasta/20260226/processed_masks/PY79_41_cp_masks.tif,PY79_41_cp_masks.tif,25,0.8242091344901323,6.654931267353029,9.676623776709265,1.9852965939788811
2208,4,/Users/reyesmatte/Desktop/copypasta/20260226/processed_masks/PY79_41_cp_masks.tif,PY79_41_cp_masks.tif,27,0.8679083629001991,3.238522158890755,7.808071707333377,1.5321640372955647
2209,4,/Users/reyesmatte/Desktop/copypasta/20260226/processed_masks/PY79_41_cp_masks.tif,PY79_41_cp_masks.tif,29,0.8624126652024566,3.6377907466247676,8.423545859013325,1.6516416629425776
2210,4,/Users/reyesmatte/Desktop/copypasta/20260226/processed_masks/PY79_41_cp_masks.tif,PY79_41_cp_masks.tif,30,0.7895109877604055,6.016657079751489,12.6837329087703,2.3816975034737577
2211,4,/Users/reyesmatte/Desktop/copypasta/20260226/processed_masks/PY79_41_cp_masks.tif,PY79_41_cp_masks.tif,33,0.8049858843171487,8.952962133374152,11.106007418430828,2.110349226480017
2212,4,/Users/reyesmatte/Desktop/copypasta/20260226/processed_masks/PY79_41_cp_masks.tif,PY79_41_cp_masks.tif,34,0.7757229704797193,5.706557824422614,12.85685331075993,2.374041483525371
2213,4,/Users/reyesmatte/Desktop/copypasta/20260226/processed_masks/PY79_41_cp_masks.tif,PY79_41_cp_masks.tif,35,0.7999005368445353,3.6816122622285263,7.9669866194126975,1.4665290910041864
2214,4,/Users/reyesmatte/Desktop/copypasta/20260226/processed_masks/PY79_41_cp_masks.tif,PY79_41_cp_masks.tif,36,0.7662295255459689,6.561736779636717,13.421946936649112,2.479906722111347
2215,4,/Users/reyesmatte/Desktop/copypasta/20260226/processed_masks/PY79_41_cp_masks.tif,PY79_41_cp_masks.tif,37,0.7750363600057165,3.4111431789368853,7.038326824931081,1.2736652903077808
2216,4,/Users/reyesmatte/Desktop/copypasta/20260226/processed_masks/PY79_41_cp_masks.tif,PY79_41_cp_masks.tif,38,0.7900675215112167,6.074859493073033,12.449764811140433,2.3455210758496565
2217,4,/Users/reyesmatte/Desktop/copypasta/20260226/processed_masks/PY79_41_cp_masks.tif,PY79_41_cp_masks.tif,39,0.7495123645276234,4.129148736341687,8.16001429844848,1.4282214746325024
2218,4,/Users/reyesmatte/Desktop/copypasta/20260226/processed_masks/PY79_41_cp_masks.tif,PY79_41_cp_masks.tif,42,0.731006881361234,4.1505794211868405,8.206722999370125,1.4018269767105798
2219,4,/Users/reyesmatte/Desktop/copypasta/20260226/processed_masks/PY79_41_cp_masks.tif,PY79_41_cp_masks.tif,56,0.7071933962701623,4.145833274592171,7.9490569772870385,1.3272470070345999
2220,4,/Users/reyesmatte/Desktop/copypasta/20260226/processed_masks/PY79_41_cp_masks.tif,PY79_41_cp_masks.tif,57,0.7549074857652898,4.05996508498453,8.506073336871115,1.4986302493575068
2221,4,/Users/reyesmatte/Desktop/copypasta/20260226/processed_masks/PY79_41_cp_masks.tif,PY79_41_cp_masks.tif,58,0.7308980268083135,3.6676744233625627,6.855513281441762,1.2542133092930132
2222,4,/Users/reyesmatte/Desktop/copypasta/20260226/processed_masks/PY79_41_cp_masks.tif,PY79_41_cp_masks.tif,59,0.7945766283791356,3.740235770180385,7.927039759398989,1.4597890852428475
2223,4,/Users/reyesmatte/Desktop/copypasta/20260226/processed_masks/PY79_41_cp_masks.tif,PY79_41_cp_masks.tif,60,0.7934843534053432,4.241785147416449,8.937119539538077,1.6521078408942476
2224,4,/Users/reyesmatte/Desktop/copypasta/20260226/processed_masks/PY79_41_cp_masks.tif,PY79_41_cp_masks.tif,61,0.7970022778848226,4.420355666101226,8.903601600374747,1.6451011529524175
2225,4,/Users/reyesmatte/Desktop/copypasta/20260226/processed_masks/PY79_41_cp_masks.tif,PY79_41_cp_masks.tif,63,0.8119501431986641,3.6436300909494177,7.7100597265883914,1.426410086855502
2226,4,/Users/reyesmatte/Desktop/copypasta/20260226/processed_masks/PY79_41_cp_masks.tif,PY79_41_cp_masks.tif,64,0.8154072574890135,3.8833774592546906,7.942033034036566,1.48325702650005
2227,4,/Users/reyesmatte/Desktop/copypasta/20260226/processed_masks/PY79_41_cp_masks.tif,PY79_41_cp_masks.tif,65,0.7788512354815255,6.39450542510488,9.115340597867803,1.6543086355229815
2228,4,/Users/reyesmatte/Desktop/copypasta/20260226/processed_masks/PY79_41_cp_masks.tif,PY79_41_cp_masks.tif,66,0.8212244552068351,3.938840782430023,8.116308121657273,1.5237528551663968
2229,4,/Users/reyesmatte/Desktop/copypasta/20260226/processed_masks/PY79_41_cp_masks.tif,PY79_41_cp_masks.tif,67,0.7663765715082494,3.584915982861063,8.400060613493864,1.4962508441576197
2230,4,/Users/reyesmatte/Desktop/copypasta/20260226/processed_masks/PY79_41_cp_masks.tif,PY79_41_cp_masks.tif,68,0.7677614434403607,3.6918659441354524,8.852937376517742,1.5863775129268196
2231,4,/Users/reyesmatte/Desktop/copypasta/20260226/processed_masks/PY79_41_cp_masks.tif,PY79_41_cp_masks.tif,69,0.6802851207839465,3.79855727110726,7.687368811390988,1.2396065697446959
2232,4,/Users/reyesmatte/Desktop/copypasta/20260226/processed_masks/PY79_41_cp_masks.tif,PY79_41_cp_masks.tif,70,0.8007295990888871,3.9004754172918408,7.691506078768854,1.4810157686537548
2233,4,/Users/reyesmatte/Desktop/copypasta/20260226/processed_masks/PY79_41_cp_masks.tif,PY79_41_cp_masks.tif,72,0.8258886555475392,7.689340667884752,15.179208887902297,2.990887483259882
2234,4,/Users/reyesmatte/Desktop/copypasta/20260226/processed_masks/PY79_41_cp_masks.tif,PY79_41_cp_masks.tif,74,0.7862372333744128,7.28676371010256,14.123915389502887,2.6612255933683877
2235,4,/Users/reyesmatte/Desktop/copypasta/20260226/processed_masks/PY79_41_cp_masks.tif,PY79_41_cp_masks.tif,75,0.6710081403496319,3.6501275219290394,5.919039387139232,1.0067414334840226
2236,4,/Users/reyesmatte/Desktop/copypasta/20260226/processed_masks/PY79_41_cp_masks.tif,PY79_41_cp_masks.tif,77,0.7163697614639611,4.519985644753317,8.23570785252933,1.4116584360219475
2237,4,/Users/reyesmatte/Desktop/copypasta/20260226/processed_masks/PY79_41_cp_masks.tif,PY79_41_cp_masks.tif,79,0.8056839142470376,7.975437666674067,15.972344645607611,3.0849628180166446
2238,4,/Users/reyesmatte/Desktop/copypasta/20260226/processed_masks/PY79_41_cp_masks.tif,PY79_41_cp_masks.tif,82,0.7965230014110337,7.396512211833836,15.537642203718216,2.9663232896480025
2239,4,/Users/reyesmatte/Desktop/copypasta/20260226/processed_masks/PY79_41_cp_masks.tif,PY79_41_cp_masks.tif,83,0.7880159859779196,6.973310854192305,14.239001909642337,2.723373212058098
2240,4,/Users/reyesmatte/Desktop/copypasta/20260226/processed_masks/PY79_41_cp_masks.tif,PY79_41_cp_masks.tif,85,0.708295033974403,6.010411293858076,9.942273050599159,1.7196626829768935
2241,4,/Users/reyesmatte/Desktop/copypasta/20260226/processed_masks/PY79_41_cp_masks.tif,PY79_41_cp_masks.tif,86,0.7741901570984303,3.1270846853242777,7.476191666952308,1.3257033917568493
2242,4,/Users/reyesmatte/Desktop/copypasta/20260226/processed_masks/PY79_41_cp_masks.tif,PY79_41_cp_masks.tif,87,0.7592369790316854,5.371971210250818,9.8687448750169,1.7809094924555555
2243,4,/Users/reyesmatte/Desktop/copypasta/20260226/processed_masks/PY79_41_cp_masks.tif,PY79_41_cp_masks.tif,89,0.7726341309362819,4.078656241188826,9.734314519772123,1.765730092321586
2244,4,/Users/reyesmatte/Desktop/copypasta/20260226/processed_masks/PY79_41_cp_masks.tif,PY79_41_cp_masks.tif,90,0.6799291271321383,5.199397581625937,9.05664372842941,1.493943732598385
2245,4,/Users/reyesmatte/Desktop/copypasta/20260226/processed_masks/PY79_41_cp_masks.tif,PY79_41_cp_masks.tif,91,0.7586816000537178,3.8889891163987516,8.972455479559079,1.5926049781891316
2246,4,/Users/reyesmatte/Desktop/copypasta/20260226/processed_masks/PY79_41_cp_masks.tif,PY79_41_cp_masks.tif,92,0.6635618046518219,5.739967265541646,9.556483515415573,1.5525276407392983
2247,4,/Users/reyesmatte/Desktop/copypasta/20260226/processed_masks/PY79_41_cp_masks.tif,PY79_41_cp_masks.tif,93,0.7162067929766321,2.5452932323693673,5.212926735152801,0.8991471859338801
2248,4,/Users/reyesmatte/Desktop/copypasta/20260226/processed_masks/PY79_58_cp_masks.tif,PY79_58_cp_masks.tif,1,0.7796718847981147,1.8021721874324408,3.857947905415268,0.6314168472128916
2249,4,/Users/reyesmatte/Desktop/copypasta/20260226/processed_masks/PY79_58_cp_masks.tif,PY79_58_cp_masks.tif,4,0.7194213820279285,4.1395143111460575,7.955333077403137,1.3386247382803609
2250,4,/Users/reyesmatte/Desktop/copypasta/20260226/processed_masks/PY79_58_cp_masks.tif,PY79_58_cp_masks.tif,9,0.7517055431223824,4.537273911884258,8.643279083359216,1.5292551292317458
2251,4,/Users/reyesmatte/Desktop/copypasta/20260226/processed_masks/PY79_58_cp_masks.tif,PY79_58_cp_masks.tif,14,0.7337580589826864,4.889080798767253,9.352594308755952,1.6821135604856887
2252,4,/Users/reyesmatte/Desktop/copypasta/20260226/processed_masks/PY79_58_cp_masks.tif,PY79_58_cp_masks.tif,16,0.750951444978901,4.490587260120363,9.757905096150228,1.728793223522913
2253,4,/Users/reyesmatte/Desktop/copypasta/20260226/processed_masks/PY79_58_cp_masks.tif,PY79_58_cp_masks.tif,18,0.7720135903889804,4.682702057165452,10.27619235412668,1.8671245798473683
2254,4,/Users/reyesmatte/Desktop/copypasta/20260226/processed_masks/PY79_58_cp_masks.tif,PY79_58_cp_masks.tif,22,0.7633758535808576,6.1288188632863445,12.725829572549433,2.341219993775226
2255,4,/Users/reyesmatte/Desktop/copypasta/20260226/processed_masks/PY79_58_cp_masks.tif,PY79_58_cp_masks.tif,24,0.7388191831275538,3.5412637299808134,7.337152198888267,1.3047722591289954
2256,4,/Users/reyesmatte/Desktop/copypasta/20260226/processed_masks/PY79_58_cp_masks.tif,PY79_58_cp_masks.tif,25,0.7899234621597041,3.5028098723368686,8.155973911990474,1.490168332765831
2257,4,/Users/reyesmatte/Desktop/copypasta/20260226/processed_masks/PY79_58_cp_masks.tif,PY79_58_cp_masks.tif,26,0.8450319546448114,3.8260822379707253,8.373180976047426,1.624533358751412
2258,4,/Users/reyesmatte/Desktop/copypasta/20260226/processed_masks/PY79_58_cp_masks.tif,PY79_58_cp_masks.tif,29,0.819213335351486,3.543686837233479,8.79516940429355,1.6618862346380834
2259,4,/Users/reyesmatte/Desktop/copypasta/20260226/processed_masks/PY79_58_cp_masks.tif,PY79_58_cp_masks.tif,35,0.8389455226876015,6.70753723235113,15.427951863731122,3.144311441131714
2260,4,/Users/reyesmatte/Desktop/copypasta/20260226/processed_masks/PY79_58_cp_masks.tif,PY79_58_cp_masks.tif,45,0.7783157433545134,6.140507768444127,13.974382120349816,2.6221906477604207
2261,4,/Users/reyesmatte/Desktop/copypasta/20260226/processed_masks/PY79_58_cp_masks.tif,PY79_58_cp_masks.tif,51,0.8009195409249873,5.798677196885319,11.770526917751146,2.257502147409833
2262,4,/Users/reyesmatte/Desktop/copypasta/20260226/processed_masks/PY79_58_cp_masks.tif,PY79_58_cp_masks.tif,54,0.792927266678227,2.0760527103476596,4.343710947463616,0.7505245170370737
2263,4,/Users/reyesmatte/Desktop/copypasta/20260226/processed_masks/PY79_58_cp_masks.tif,PY79_58_cp_masks.tif,55,0.778173614409094,6.760915658513019,13.367554324522986,2.5384808806899586
2264,4,/Users/reyesmatte/Desktop/copypasta/20260226/processed_masks/PY79_58_cp_masks.tif,PY79_58_cp_masks.tif,58,0.7612168846080605,8.787335953139001,18.24569583910767,3.3756245312482385
2265,4,/Users/reyesmatte/Desktop/copypasta/20260226/processed_masks/PY79_58_cp_masks.tif,PY79_58_cp_masks.tif,65,0.7597347907136116,3.8436040844290402,7.32739493715123,1.3334983640320945
2266,4,/Users/reyesmatte/Desktop/copypasta/20260226/processed_masks/PY79_58_cp_masks.tif,PY79_58_cp_masks.tif,72,0.7713374308671331,4.199423179998015,8.887510483006787,1.6011133807655131
2267,4,/Users/reyesmatte/Desktop/copypasta/20260226/processed_masks/PY79_58_cp_masks.tif,PY79_58_cp_masks.tif,81,0.7829727191626513,6.415114239351644,14.053539314367862,2.658081338403392
2268,4,/Users/reyesmatte/Desktop/copypasta/20260226/processed_masks/PY79_58_cp_masks.tif,PY79_58_cp_masks.tif,84,0.803795575052642,4.053591438800904,8.93665254705045,1.6624911050805142
2269,4,/Users/reyesmatte/Desktop/copypasta/20260226/processed_masks/PY79_58_cp_masks.tif,PY79_58_cp_masks.tif,85,0.74309909902976,6.903348908403344,14.391557093710452,2.577246833765598
2270,4,/Users/reyesmatte/Desktop/copypasta/20260226/processed_masks/PY79_58_cp_masks.tif,PY79_58_cp_masks.tif,86,0.6857181942413642,7.8936483141435545,14.616678147656662,2.4618689941396044
2271,4,/Users/reyesmatte/Desktop/copypasta/20260226/processed_masks/PY79_58_cp_masks.tif,PY79_58_cp_masks.tif,89,0.755787298273846,6.9618846171947135,13.668835010751978,2.4731860057228765
2272,4,/Users/reyesmatte/Desktop/copypasta/20260226/processed_masks/PY79_58_cp_masks.tif,PY79_58_cp_masks.tif,93,0.7228025035390339,6.515954870355545,12.520362889719085,2.186006885545444
2273,4,/Users/reyesmatte/Desktop/copypasta/20260226/processed_masks/PY79_58_cp_masks.tif,PY79_58_cp_masks.tif,96,0.7330812055829323,3.8723789238499715,8.216045063399797,1.4091303464847382
2274,4,/Users/reyesmatte/Desktop/copypasta/20260226/processed_masks/PY79_58_cp_masks.tif,PY79_58_cp_masks.tif,97,0.7847070958359785,11.875158080439348,14.496109981690244,2.72387868358035
2275,4,/Users/reyesmatte/Desktop/copypasta/20260226/processed_masks/PY79_58_cp_masks.tif,PY79_58_cp_masks.tif,98,0.770476886435431,3.518110152723942,7.473156300659859,1.3490753070394845
2276,4,/Users/reyesmatte/Desktop/copypasta/20260226/processed_masks/PY79_58_cp_masks.tif,PY79_58_cp_masks.tif,101,0.7397818842852236,7.028112449492784,13.738755029025096,2.5163931005646156
2277,4,/Users/reyesmatte/Desktop/copypasta/20260226/processed_masks/PY79_58_cp_masks.tif,PY79_58_cp_masks.tif,102,0.7762002051056277,3.6125117011052748,6.969116497644111,1.309973056858662
2278,4,/Users/reyesmatte/Desktop/copypasta/20260226/processed_masks/PY79_58_cp_masks.tif,PY79_58_cp_masks.tif,105,0.7749909005852718,5.973049469563639,12.717260766785163,2.390279041679426
2279,4,/Users/reyesmatte/Desktop/copypasta/20260226/processed_masks/PY79_58_cp_masks.tif,PY79_58_cp_masks.tif,110,0.8210489818900749,5.366815761575698,12.202404147801484,2.364522924924248
2280,4,/Users/reyesmatte/Desktop/copypasta/20260226/processed_masks/PY79_58_cp_masks.tif,PY79_58_cp_masks.tif,119,0.7730731004175616,4.910572887296085,11.436083947548822,2.0966289228584665
2281,4,/Users/reyesmatte/Desktop/copypasta/20260226/processed_masks/PY79_58_cp_masks.tif,PY79_58_cp_masks.tif,131,0.7839407974154564,5.619986949796086,13.112559757971693,2.4688198825030896
2282,4,/Users/reyesmatte/Desktop/copypasta/20260226/processed_masks/PY79_58_cp_masks.tif,PY79_58_cp_masks.tif,141,0.7798887666644564,5.615403631148043,13.367831329702186,2.505898529048818
2283,4,/Users/reyesmatte/Desktop/copypasta/20260226/processed_masks/PY79_58_cp_masks.tif,PY79_58_cp_masks.tif,155,0.7925870835874954,5.1040494497960855,11.763589787203697,2.314044623058419
2284,4,/Users/reyesmatte/Desktop/copypasta/20260226/processed_masks/PY79_58_cp_masks.tif,PY79_58_cp_masks.tif,165,0.9003774760135281,4.68596229536506,13.114493688948722,2.768961618665584
2285,4,/Users/reyesmatte/Desktop/copypasta/20260226/processed_masks/PY79_58_cp_masks.tif,PY79_58_cp_masks.tif,174,0.8279207822660626,4.828016351072996,12.375284782431573,2.424680220410005
2286,4,/Users/reyesmatte/Desktop/copypasta/20260226/processed_masks/PY79_58_cp_masks.tif,PY79_58_cp_masks.tif,176,0.8741581327439676,5.680058646594668,15.452432336753947,3.216433466751535
2287,4,/Users/reyesmatte/Desktop/copypasta/20260226/processed_masks/PY79_58_cp_masks.tif,PY79_58_cp_masks.tif,182,0.8042740917235353,4.8917543205990714,11.893947188201013,2.2611621455361917
2288,4,/Users/reyesmatte/Desktop/copypasta/20260226/processed_masks/PY79_58_cp_masks.tif,PY79_58_cp_masks.tif,184,0.7785307021704629,5.395177181209964,12.164362848044735,2.2615797418515773
2289,4,/Users/reyesmatte/Desktop/copypasta/20260226/processed_masks/PY79_58_cp_masks.tif,PY79_58_cp_masks.tif,185,0.7417091710814421,6.31660025745723,13.413695515816613,2.387781896221997
2290,4,/Users/reyesmatte/Desktop/copypasta/20260226/processed_masks/PY79_58_cp_masks.tif,PY79_58_cp_masks.tif,188,0.6832780062166622,6.409100715437111,11.866787156153222,1.985235799329288
2291,4,/Users/reyesmatte/Desktop/copypasta/20260226/processed_masks/PY79_6_cp_masks.tif,PY79_6_cp_masks.tif,68,0.7943778214308992,4.504845574656116,10.559068814222009,1.9944338783925133
2292,4,/Users/reyesmatte/Desktop/copypasta/20260226/processed_masks/PY79_6_cp_masks.tif,PY79_6_cp_masks.tif,69,0.8257792211675858,5.125198243053505,11.700598284867446,2.2787931472845524
2293,4,/Users/reyesmatte/Desktop/copypasta/20260226/processed_masks/PY79_6_cp_masks.tif,PY79_6_cp_masks.tif,70,0.7241748851303487,7.835496402273359,10.288928298924088,1.836516599363431
2294,4,/Users/reyesmatte/Desktop/copypasta/20260226/processed_masks/PY79_6_cp_masks.tif,PY79_6_cp_masks.tif,71,0.7310766003373496,5.414277628229715,10.830067910466969,1.9188889343508124
2295,4,/Users/reyesmatte/Desktop/copypasta/20260226/processed_masks/PY79_6_cp_masks.tif,PY79_6_cp_masks.tif,72,0.8049621985087122,4.274418816146217,10.342536019602049,1.9576793799880334
2296,4,/Users/reyesmatte/Desktop/copypasta/20260226/processed_masks/PY79_6_cp_masks.tif,PY79_6_cp_masks.tif,89,0.8167316670415525,7.485839896594669,12.916257032491716,2.5096919916829523
2297,4,/Users/reyesmatte/Desktop/copypasta/20260226/processed_masks/PY79_6_cp_masks.tif,PY79_6_cp_masks.tif,90,0.7831012285331923,9.487084023913011,13.78130060939864,2.575280541903325
2298,4,/Users/reyesmatte/Desktop/copypasta/20260226/processed_masks/PY79_6_cp_masks.tif,PY79_6_cp_masks.tif,91,0.8572777855791861,5.8436137943740745,13.371368758496576,2.715203114429856
2299,4,/Users/reyesmatte/Desktop/copypasta/20260226/processed_masks/PY79_6_cp_masks.tif,PY79_6_cp_masks.tif,92,0.7688910257741017,5.442158815984911,12.130069170644191,2.299437883510102
2300,4,/Users/reyesmatte/Desktop/copypasta/20260226/processed_masks/PY79_6_cp_masks.tif,PY79_6_cp_masks.tif,93,0.8456813345458474,6.288579636010222,14.395462106582581,2.956214316977092
2301,4,/Users/reyesmatte/Desktop/copypasta/20260226/processed_masks/PY79_6_cp_masks.tif,PY79_6_cp_masks.tif,95,0.8069293458146591,11.067966706930386,14.686751226315124,2.9212744135851456
2302,4,/Users/reyesmatte/Desktop/copypasta/20260226/processed_masks/PY79_6_cp_masks.tif,PY79_6_cp_masks.tif,96,0.7790352914056757,7.759294247336869,13.514606624290208,2.6084266047245057
2303,4,/Users/reyesmatte/Desktop/copypasta/20260226/processed_masks/PY79_6_cp_masks.tif,PY79_6_cp_masks.tif,99,0.8026843890286753,6.205658367562098,14.494200843563474,2.7888404679042904
2304,4,/Users/reyesmatte/Desktop/copypasta/20260226/processed_masks/PY79_6_cp_masks.tif,PY79_6_cp_masks.tif,100,0.7366671874348971,4.842910561787897,10.131286035945081,1.7814282469433311
2305,4,/Users/reyesmatte/Desktop/copypasta/20260226/processed_masks/PY79_6_cp_masks.tif,PY79_6_cp_masks.tif,102,0.8070989820733432,5.934694430639855,14.584269195406826,2.823521618146408
2306,4,/Users/reyesmatte/Desktop/copypasta/20260226/processed_masks/PY79_6_cp_masks.tif,PY79_6_cp_masks.tif,104,0.8527855587714985,6.06375153339506,14.080823270252695,2.8497087133091736
2307,4,/Users/reyesmatte/Desktop/copypasta/20260226/processed_masks/PY79_6_cp_masks.tif,PY79_6_cp_masks.tif,107,0.7167333275329458,5.301328575692471,10.559807966964883,1.8082554142498126
2308,4,/Users/reyesmatte/Desktop/copypasta/20260226/processed_masks/PY79_6_cp_masks.tif,PY79_6_cp_masks.tif,128,0.9206050414133464,4.352300507271345,9.905636861172129,2.1465443649446443
2309,4,/Users/reyesmatte/Desktop/copypasta/20260226/processed_masks/PY79_6_cp_masks.tif,PY79_6_cp_masks.tif,132,0.805999332645243,5.062636683482925,10.549486673884344,2.120085304115336
2310,4,/Users/reyesmatte/Desktop/copypasta/20260226/processed_masks/PY79_6_cp_masks.tif,PY79_6_cp_masks.tif,136,0.7861273797630672,5.708385022754989,11.38588066088563,2.1249262093643866
2311,4,/Users/reyesmatte/Desktop/copypasta/20260226/processed_masks/PY79_6_cp_masks.tif,PY79_6_cp_masks.tif,137,0.7761662418029582,4.5133410254139505,8.25350724535825,1.541644402595616
2312,4,/Users/reyesmatte/Desktop/copypasta/20260226/processed_masks/PY79_6_cp_masks.tif,PY79_6_cp_masks.tif,144,0.7756847993864178,4.229358271920755,8.299387505505335,1.4991471027647598
2313,4,/Users/reyesmatte/Desktop/copypasta/20260226/processed_masks/PY79_6_cp_masks.tif,PY79_6_cp_masks.tif,160,0.6560937742138137,4.7907551495921705,8.733663430926772,1.3977526152389774
2314,4,/Users/reyesmatte/Desktop/copypasta/20260226/processed_masks/PY79_6_cp_masks.tif,PY79_6_cp_masks.tif,171,0.7440874222314973,4.039004174648945,9.166182651592576,1.6186344831645911
2315,4,/Users/reyesmatte/Desktop/copypasta/20260226/processed_masks/PY79_6_cp_masks.tif,PY79_6_cp_masks.tif,188,0.7836884379331608,3.2974943188579675,7.709589457967119,1.3872202371622626
2316,4,/Users/reyesmatte/Desktop/copypasta/20260226/processed_masks/PY79_6_cp_masks.tif,PY79_6_cp_masks.tif,189,0.7263116821411061,4.953721227873167,8.994588698612402,1.5370893015336438
2317,4,/Users/reyesmatte/Desktop/copypasta/20260226/processed_masks/PY79_6_cp_masks.tif,PY79_6_cp_masks.tif,191,0.7606957008063645,3.472787692586914,8.061950826799153,1.443748208066115
2318,4,/Users/reyesmatte/Desktop/copypasta/20260226/processed_masks/PY79_6_cp_masks.tif,PY79_6_cp_masks.tif,198,0.7145854006879371,4.646908719061993,7.914316975117558,1.3309095548323961
2319,4,/Users/reyesmatte/Desktop/copypasta/20260226/processed_masks/PY79_6_cp_masks.tif,PY79_6_cp_masks.tif,203,0.7308671537568288,6.888689771933211,14.520581165118596,2.576339776700309
2320,4,/Users/reyesmatte/Desktop/copypasta/20260226/processed_masks/PY79_28_cp_masks.tif,PY79_28_cp_masks.tif,7,0.7026594358314601,8.750992828095486,10.752254361761223,1.8227525563275166
2321,4,/Users/reyesmatte/Desktop/copypasta/20260226/processed_masks/PY79_28_cp_masks.tif,PY79_28_cp_masks.tif,8,0.7610995193032779,4.470192684836868,10.362871329931428,1.8589885063608425
2322,4,/Users/reyesmatte/Desktop/copypasta/20260226/processed_masks/PY79_28_cp_masks.tif,PY79_28_cp_masks.tif,9,0.776141734041541,6.86494936226719,8.279407157912386,1.5382020339727978
2323,4,/Users/reyesmatte/Desktop/copypasta/20260226/processed_masks/PY79_28_cp_masks.tif,PY79_28_cp_masks.tif,10,0.8423902651895824,4.254195865458454,10.296946311303076,2.017485353627884
2324,4,/Users/reyesmatte/Desktop/copypasta/20260226/processed_masks/PY79_28_cp_masks.tif,PY79_28_cp_masks.tif,11,0.8505181254192027,4.58952513043594,10.962392656772133,2.1872857512822024
2325,4,/Users/reyesmatte/Desktop/copypasta/20260226/processed_masks/PY79_28_cp_masks.tif,PY79_28_cp_masks.tif,12,0.8974335063077834,4.534899115468438,11.312698211487557,2.354410566775413
2326,4,/Users/reyesmatte/Desktop/copypasta/20260226/processed_masks/PY79_28_cp_masks.tif,PY79_28_cp_masks.tif,13,0.8753832709385168,4.015657017167402,9.198975077186354,1.840176528278102
2327,4,/Users/reyesmatte/Desktop/copypasta/20260226/processed_masks/PY79_28_cp_masks.tif,PY79_28_cp_masks.tif,15,0.8290937846109063,4.395952761579986,9.750579259966349,1.884799561387467
2328,4,/Users/reyesmatte/Desktop/copypasta/20260226/processed_masks/PY79_28_cp_masks.tif,PY79_28_cp_masks.tif,17,0.7711117106524745,4.296947869673737,9.30014223326646,1.7182581887895554
2329,4,/Users/reyesmatte/Desktop/copypasta/20260226/processed_masks/PY79_28_cp_masks.tif,PY79_28_cp_masks.tif,18,0.8223981945459266,6.431319158480664,14.055017781744127,2.763498546001505
2330,4,/Users/reyesmatte/Desktop/copypasta/20260226/processed_masks/PY79_28_cp_masks.tif,PY79_28_cp_masks.tif,19,0.762038467672541,7.234976483199429,15.401683369547069,2.867134434032203
2331,4,/Users/reyesmatte/Desktop/copypasta/20260226/processed_masks/PY79_28_cp_masks.tif,PY79_28_cp_masks.tif,20,0.7716405367495516,6.373600048775537,13.447594313522005,2.5489773657108614
2332,4,/Users/reyesmatte/Desktop/copypasta/20260226/processed_masks/PY79_28_cp_masks.tif,PY79_28_cp_masks.tif,21,0.7708788115924915,4.564754443508074,10.756245653607623,1.9750518586072456
2333,4,/Users/reyesmatte/Desktop/copypasta/20260226/processed_masks/PY79_28_cp_masks.tif,PY79_28_cp_masks.tif,22,0.7872517319401534,4.164818411640758,10.068549214138727,1.8609766838208537
2334,4,/Users/reyesmatte/Desktop/copypasta/20260226/processed_masks/PY79_28_cp_masks.tif,PY79_28_cp_masks.tif,23,0.759689786081425,7.654867746361132,16.530069999770237,3.048068236829009
2335,4,/Users/reyesmatte/Desktop/copypasta/20260226/processed_masks/PY79_28_cp_masks.tif,PY79_28_cp_masks.tif,24,0.7839083253955106,6.984778767828929,9.245950038269669,1.701933875939989
2336,4,/Users/reyesmatte/Desktop/copypasta/20260226/processed_masks/PY79_28_cp_masks.tif,PY79_28_cp_masks.tif,25,0.7624566258692388,4.25000258360726,9.563222620737129,1.7912918865311411
2337,4,/Users/reyesmatte/Desktop/copypasta/20260226/processed_masks/PY79_28_cp_masks.tif,PY79_28_cp_masks.tif,26,0.8226574008683096,4.738836508080802,10.908294676448163,2.104248142937738
2338,4,/Users/reyesmatte/Desktop/copypasta/20260226/processed_masks/PY79_28_cp_masks.tif,PY79_28_cp_masks.tif,27,0.8154969913773925,4.1205188063353875,10.517207707416576,2.009249398805958
2339,4,/Users/reyesmatte/Desktop/copypasta/20260226/processed_masks/PY79_28_cp_masks.tif,PY79_28_cp_masks.tif,28,0.7680756482364107,3.972588459429039,7.527856949731389,1.3713481245170194
2340,4,/Users/reyesmatte/Desktop/copypasta/20260226/processed_masks/PY79_28_cp_masks.tif,PY79_28_cp_masks.tif,29,0.7937405345732009,3.514996876615376,7.383590450966635,1.3556013923372499
2341,4,/Users/reyesmatte/Desktop/copypasta/20260226/processed_masks/PY79_28_cp_masks.tif,PY79_28_cp_masks.tif,30,0.7013850913972529,8.105793744504853,14.970839195323185,2.5536990222563407
2342,4,/Users/reyesmatte/Desktop/copypasta/20260226/processed_masks/PY79_28_cp_masks.tif,PY79_28_cp_masks.tif,31,0.6967248491726351,5.452836416651266,10.414088472632733,1.7332312160513526
2343,4,/Users/reyesmatte/Desktop/copypasta/20260226/processed_masks/PY79_28_cp_masks.tif,PY79_28_cp_masks.tif,32,0.7369867171766005,3.73406508360726,8.313509943909406,1.4362357559720442
2344,4,/Users/reyesmatte/Desktop/copypasta/20260226/processed_masks/PY79_28_cp_masks.tif,PY79_28_cp_masks.tif,33,0.7654065422402422,7.197102028073082,14.979629075533314,2.7621201268772184
2345,4,/Users/reyesmatte/Desktop/copypasta/20260226/processed_masks/PY79_28_cp_masks.tif,PY79_28_cp_masks.tif,35,0.7753322527853026,4.40547244026685,9.286610813165202,1.71144562859849
2346,4,/Users/reyesmatte/Desktop/copypasta/20260226/processed_masks/PY79_28_cp_masks.tif,PY79_28_cp_masks.tif,36,0.8173215311923532,3.7190547864711685,8.191838584040738,1.5524857016071683
2347,4,/Users/reyesmatte/Desktop/copypasta/20260226/processed_masks/PY79_28_cp_masks.tif,PY79_28_cp_masks.tif,40,0.770628229582863,3.6540872953650605,8.724101005069281,1.5661527966291493
2348,4,/Users/reyesmatte/Desktop/copypasta/20260226/processed_masks/PY79_28_cp_masks.tif,PY79_28_cp_masks.tif,41,0.785218608714692,4.024084908958835,8.594166143420729,1.568539108419303
2349,4,/Users/reyesmatte/Desktop/copypasta/20260226/processed_masks/PY79_28_cp_masks.tif,PY79_28_cp_masks.tif,42,0.8012065558505488,3.9761073198172623,8.475361957633883,1.5867105441365554
2350,4,/Users/reyesmatte/Desktop/copypasta/20260226/processed_masks/PY79_28_cp_masks.tif,PY79_28_cp_masks.tif,43,0.8194243937530117,7.042000228844537,14.946680314423933,2.972380751967864
2351,4,/Users/reyesmatte/Desktop/copypasta/20260226/processed_masks/PY79_28_cp_masks.tif,PY79_28_cp_masks.tif,44,0.7784931955346831,3.6678372513091895,7.748353299883435,1.4335685453444234
2352,4,/Users/reyesmatte/Desktop/copypasta/20260226/processed_masks/PY79_28_cp_masks.tif,PY79_28_cp_masks.tif,46,0.793185988526115,5.578641629026751,11.495125971104875,2.193924185366807
2353,4,/Users/reyesmatte/Desktop/copypasta/20260226/processed_masks/PY79_28_cp_masks.tif,PY79_28_cp_masks.tif,49,0.8123970489183381,4.836852658816321,10.469164485469056,2.068506858835259
2354,4,/Users/reyesmatte/Desktop/copypasta/20260226/processed_masks/PY79_28_cp_masks.tif,PY79_28_cp_masks.tif,50,0.8491994377142942,9.663915314253464,13.31348574932279,2.721961867433701
2355,4,/Users/reyesmatte/Desktop/copypasta/20260226/processed_masks/PY79_28_cp_masks.tif,PY79_28_cp_masks.tif,51,0.7522974412281624,4.300411988526215,9.345877987785148,1.6501301044286132
2356,4,/Users/reyesmatte/Desktop/copypasta/20260226/processed_masks/PY79_28_cp_masks.tif,PY79_28_cp_masks.tif,52,0.8793865418320207,4.921823891770278,13.023202137794998,2.7311580329918215
2357,4,/Users/reyesmatte/Desktop/copypasta/20260226/processed_masks/PY79_28_cp_masks.tif,PY79_28_cp_masks.tif,53,0.8918298683680733,12.850980509632215,19.2063803292527,4.106179206101963
2358,4,/Users/reyesmatte/Desktop/copypasta/20260226/processed_masks/PY79_28_cp_masks.tif,PY79_28_cp_masks.tif,54,0.8853336861216441,8.49695650734495,19.60176805575393,4.163201670107893
2359,4,/Users/reyesmatte/Desktop/copypasta/20260226/processed_masks/PY79_28_cp_masks.tif,PY79_28_cp_masks.tif,55,0.7792780358590381,4.672835884632954,9.730265815539942,1.8424154749502517
2360,4,/Users/reyesmatte/Desktop/copypasta/20260226/processed_masks/PY79_28_cp_masks.tif,PY79_28_cp_masks.tif,56,0.7436470311619602,4.309470539411419,8.638787833681514,1.5622021501030219
2361,4,/Users/reyesmatte/Desktop/copypasta/20260226/processed_masks/PY79_28_cp_masks.tif,PY79_28_cp_masks.tif,57,0.8182311713181016,4.315261327934343,10.222879966894636,1.9557494913967302
2362,4,/Users/reyesmatte/Desktop/copypasta/20260226/processed_masks/PY79_28_cp_masks.tif,PY79_28_cp_masks.tif,58,0.774386295344019,4.026430400158883,9.347465032093835,1.7024589255757685
2363,4,/Users/reyesmatte/Desktop/copypasta/20260226/processed_masks/PY79_28_cp_masks.tif,PY79_28_cp_masks.tif,59,0.7796379999665487,4.672437051187,10.94461041547141,2.064701837063204
2364,4,/Users/reyesmatte/Desktop/copypasta/20260226/processed_masks/PY79_28_cp_masks.tif,PY79_28_cp_masks.tif,61,0.7418611884195919,4.330143199796086,9.338357967627443,1.6483143782601122
2365,4,/Users/reyesmatte/Desktop/copypasta/20260226/processed_masks/PY79_28_cp_masks.tif,PY79_28_cp_masks.tif,62,0.7602430539823799,3.745130193648043,8.54614326896531,1.519943609537401
2366,4,/Users/reyesmatte/Desktop/copypasta/20260226/processed_masks/PY79_28_cp_masks.tif,PY79_28_cp_masks.tif,90,0.6768477088602738,3.6714236423834827,6.171588882561045,0.9716812111728356
2367,4,/Users/reyesmatte/Desktop/copypasta/20260226/processed_masks/PY79_28_cp_masks.tif,PY79_28_cp_masks.tif,95,0.7168474923868561,4.205705794735659,7.714772726897433,1.3462639253504758
2368,4,/Users/reyesmatte/Desktop/copypasta/20260226/processed_masks/PY79_28_cp_masks.tif,PY79_28_cp_masks.tif,97,0.7234616513726001,3.5489073815610195,7.332326551537165,1.2395743894682532
2369,4,/Users/reyesmatte/Desktop/copypasta/20260226/processed_masks/PY79_28_cp_masks.tif,PY79_28_cp_masks.tif,99,0.7063709339097066,3.4106605629089777,7.069909103766581,1.1688297404843204
2370,4,/Users/reyesmatte/Desktop/copypasta/20260226/processed_masks/PY79_28_cp_masks.tif,PY79_28_cp_masks.tif,102,0.7831482048971354,5.808981617910989,12.518254055976987,2.342525003113264
2371,4,/Users/reyesmatte/Desktop/copypasta/20260226/processed_masks/PY79_28_cp_masks.tif,PY79_28_cp_masks.tif,103,0.8741654781998829,4.661933602538797,11.224996897054371,2.330759432216066
2372,4,/Users/reyesmatte/Desktop/copypasta/20260226/processed_masks/PY79_28_cp_masks.tif,PY79_28_cp_masks.tif,105,0.8211720454674166,5.789434819469821,13.005263362384012,2.5707861605038427
2373,4,/Users/reyesmatte/Desktop/copypasta/20260226/processed_masks/PY79_28_cp_masks.tif,PY79_28_cp_masks.tif,106,0.8069428840832545,4.388153595903346,10.278711722388122,1.9413027286495779
2374,4,/Users/reyesmatte/Desktop/copypasta/20260226/processed_masks/PY79_28_cp_masks.tif,PY79_28_cp_masks.tif,108,0.7991344589699306,6.116266396493373,8.415422096703896,1.5533732278526933
2375,4,/Users/reyesmatte/Desktop/copypasta/20260226/processed_masks/PY79_28_cp_masks.tif,PY79_28_cp_masks.tif,109,0.8023924724827087,5.8263042877142075,11.612464822110091,2.2299915101027095
2376,4,/Users/reyesmatte/Desktop/copypasta/20260226/processed_masks/PY79_28_cp_masks.tif,PY79_28_cp_masks.tif,110,0.733611270818634,3.5028098723368686,7.688192171725275,1.3140447616736206
2377,4,/Users/reyesmatte/Desktop/copypasta/20260226/processed_masks/PY79_28_cp_masks.tif,PY79_28_cp_masks.tif,111,0.7466994864041441,6.136710822954731,11.80184748622304,2.1772468892116796
2378,4,/Users/reyesmatte/Desktop/copypasta/20260226/processed_masks/PY79_28_cp_masks.tif,PY79_28_cp_masks.tif,115,0.7341884825904167,3.7488657354537587,8.316122554417607,1.4392934629077452
2379,4,/Users/reyesmatte/Desktop/copypasta/20260226/processed_masks/PY79_28_cp_masks.tif,PY79_28_cp_masks.tif,117,0.7165073014314322,3.7178171861642917,7.792807395602833,1.3438890140545525
2380,4,/Users/reyesmatte/Desktop/copypasta/20260226/processed_masks/PY79_28_cp_masks.tif,PY79_28_cp_masks.tif,119,0.6962079566010133,3.3071230644861607,7.212970200367893,1.1757729730943356
2381,4,/Users/reyesmatte/Desktop/copypasta/20260226/processed_masks/PY79_28_cp_masks.tif,PY79_28_cp_masks.tif,121,0.6540436556885257,3.699805295225091,7.693498402928602,1.1948566658691975
2382,4,/Users/reyesmatte/Desktop/copypasta/20260226/processed_masks/PY79_4_cp_masks.tif,PY79_4_cp_masks.tif,1,0.7078649426492581,4.66593020481905,8.789342253530736,1.5435391118846828
2383,4,/Users/reyesmatte/Desktop/copypasta/20260226/processed_masks/PY79_4_cp_masks.tif,PY79_4_cp_masks.tif,2,0.7362987491568637,5.253265572132953,11.141660361181842,1.9544941110998406
2384,4,/Users/reyesmatte/Desktop/copypasta/20260226/processed_masks/PY79_4_cp_masks.tif,PY79_4_cp_masks.tif,3,0.8311944745635563,5.623620996804704,11.155578024671511,2.175714136844646
2385,4,/Users/reyesmatte/Desktop/copypasta/20260226/processed_masks/PY79_4_cp_masks.tif,PY79_4_cp_masks.tif,4,0.7603746010095289,4.932266466570136,11.317700400090386,2.073244173867602
2386,4,/Users/reyesmatte/Desktop/copypasta/20260226/processed_masks/PY79_4_cp_masks.tif,PY79_4_cp_masks.tif,5,0.7500494016855178,4.820316362171751,9.120837028292797,1.773737037517735
2387,4,/Users/reyesmatte/Desktop/copypasta/20260226/processed_masks/PY79_4_cp_masks.tif,PY79_4_cp_masks.tif,6,0.7365765866845447,4.304446307715577,7.6041718090039145,1.3251040810793953
2388,4,/Users/reyesmatte/Desktop/copypasta/20260226/processed_masks/PY79_4_cp_masks.tif,PY79_4_cp_masks.tif,7,0.8132045225202308,3.885529411039958,7.575578471431638,1.4530195407390527
2389,4,/Users/reyesmatte/Desktop/copypasta/20260226/processed_masks/PY79_4_cp_masks.tif,PY79_4_cp_masks.tif,8,0.7242819143140604,6.458323983612406,12.622142535877241,2.2010911101199855
2390,4,/Users/reyesmatte/Desktop/copypasta/20260226/processed_masks/PY79_4_cp_masks.tif,PY79_4_cp_masks.tif,9,0.8500859542361265,3.605867081765909,7.8266639765244905,1.5146473892473973
2391,4,/Users/reyesmatte/Desktop/copypasta/20260226/processed_masks/PY79_4_cp_masks.tif,PY79_4_cp_masks.tif,10,0.7571321863809705,3.5588259893434766,6.577969621060414,1.1376930127125726
2392,4,/Users/reyesmatte/Desktop/copypasta/20260226/processed_masks/PY79_4_cp_masks.tif,PY79_4_cp_masks.tif,12,0.7791699100371299,4.124514482644462,7.750912449710028,1.3928026807513256
2393,4,/Users/reyesmatte/Desktop/copypasta/20260226/processed_masks/PY79_4_cp_masks.tif,PY79_4_cp_masks.tif,13,0.7711002477684216,5.7733625023598325,12.530316055734314,2.3067412532842613
2394,4,/Users/reyesmatte/Desktop/copypasta/20260226/processed_masks/PY79_4_cp_masks.tif,PY79_4_cp_masks.tif,15,0.742419911702496,4.05153013810958,7.329857836427864,1.2727426397658415
2395,4,/Users/reyesmatte/Desktop/copypasta/20260226/processed_masks/PY79_4_cp_masks.tif,PY79_4_cp_masks.tif,16,0.8197767831148415,6.88868977193321,16.400836101145302,3.227735045262342
2396,4,/Users/reyesmatte/Desktop/copypasta/20260226/processed_masks/PY79_4_cp_masks.tif,PY79_4_cp_masks.tif,20,0.7955908573520295,6.237709993961634,13.191482969329316,2.5418213999682333
2397,4,/Users/reyesmatte/Desktop/copypasta/20260226/processed_masks/PY79_4_cp_masks.tif,PY79_4_cp_masks.tif,21,0.7877758991228513,5.94152367063187,12.340256744836415,2.309225603407106
2398,4,/Users/reyesmatte/Desktop/copypasta/20260226/processed_masks/PY79_4_cp_masks.tif,PY79_4_cp_masks.tif,23,0.810509812028095,6.364136933551006,14.096789131606528,2.7785121791394847
2399,4,/Users/reyesmatte/Desktop/copypasta/20260226/processed_masks/PY79_4_cp_masks.tif,PY79_4_cp_masks.tif,24,0.7962515406957438,6.167322731436683,12.865420146947407,2.4470193706512267
2400,4,/Users/reyesmatte/Desktop/copypasta/20260226/processed_masks/PY79_4_cp_masks.tif,PY79_4_cp_masks.tif,25,0.765832825472631,6.503336394261908,13.257563729687053,2.432344891690209
2401,4,/Users/reyesmatte/Desktop/copypasta/20260226/processed_masks/PY79_4_cp_masks.tif,PY79_4_cp_masks.tif,26,0.8249057829940543,5.980165132382798,12.995015898174625,2.6510910477431446
2402,4,/Users/reyesmatte/Desktop/copypasta/20260226/processed_masks/PY79_4_cp_masks.tif,PY79_4_cp_masks.tif,27,0.7709013449308086,6.025436177334881,12.708601675196556,2.3560403275881536
2403,4,/Users/reyesmatte/Desktop/copypasta/20260226/processed_masks/PY79_4_cp_masks.tif,PY79_4_cp_masks.tif,29,0.8478749668382711,5.765431181618767,13.208353037205487,2.659645574819666
2404,4,/Users/reyesmatte/Desktop/copypasta/20260226/processed_masks/PY79_4_cp_masks.tif,PY79_4_cp_masks.tif,30,0.8006291544812568,6.163754691237101,13.13745923168282,2.508180671216206
2405,4,/Users/reyesmatte/Desktop/copypasta/20260226/processed_masks/PY79_4_cp_masks.tif,PY79_4_cp_masks.tif,33,0.7867387227759108,6.075106400418122,12.44891024410119,2.4253496969486577
2406,4,/Users/reyesmatte/Desktop/copypasta/20260226/processed_masks/PY79_4_cp_masks.tif,PY79_4_cp_masks.tif,35,0.7987790154056943,7.357018099636313,15.308271931540975,2.964957190700442
2407,4,/Users/reyesmatte/Desktop/copypasta/20260226/processed_masks/PY79_4_cp_masks.tif,PY79_4_cp_masks.tif,36,0.8503256126768622,5.066963615315939,11.309724350303325,2.274159759329218
2408,4,/Users/reyesmatte/Desktop/copypasta/20260226/processed_masks/PY79_4_cp_masks.tif,PY79_4_cp_masks.tif,38,0.711404458970054,8.092379381829852,16.061646781765713,2.7918535455908753
2409,4,/Users/reyesmatte/Desktop/copypasta/20260226/processed_masks/PY79_4_cp_masks.tif,PY79_4_cp_masks.tif,39,0.7420722871356363,7.088470261741116,15.093040127549852,2.7029039957896828
2410,4,/Users/reyesmatte/Desktop/copypasta/20260226/processed_masks/PY79_4_cp_masks.tif,PY79_4_cp_masks.tif,40,0.7832671749468912,6.835784365625571,15.609778462034411,2.9357591392503197
2411,4,/Users/reyesmatte/Desktop/copypasta/20260226/processed_masks/PY79_4_cp_masks.tif,PY79_4_cp_masks.tif,41,0.7874075877322172,7.9702563075867126,18.214662349877134,3.476652731060539
2412,4,/Users/reyesmatte/Desktop/copypasta/20260226/processed_masks/PY79_4_cp_masks.tif,PY79_4_cp_masks.tif,42,0.783450174827162,6.3014885360581925,14.714803945793056,2.769090746955961
2413,4,/Users/reyesmatte/Desktop/copypasta/20260226/processed_masks/PY79_4_cp_masks.tif,PY79_4_cp_masks.tif,43,0.8556278140987754,5.721421333295675,12.273452809113508,2.486787415300983
2414,4,/Users/reyesmatte/Desktop/copypasta/20260226/processed_masks/PY79_4_cp_masks.tif,PY79_4_cp_masks.tif,46,0.7562070412456485,7.038514403343889,12.77873327298921,2.3088137897333
2415,4,/Users/reyesmatte/Desktop/copypasta/20260226/processed_masks/PY79_4_cp_masks.tif,PY79_4_cp_masks.tif,47,0.77827516808186,5.216961507686095,12.186923780319525,2.270786202088403
2416,4,/Users/reyesmatte/Desktop/copypasta/20260226/processed_masks/PY79_4_cp_masks.tif,PY79_4_cp_masks.tif,48,0.8344803634725013,4.819367161066476,11.82756867426034,2.390730005687085
2417,4,/Users/reyesmatte/Desktop/copypasta/20260226/processed_masks/PY79_4_cp_masks.tif,PY79_4_cp_masks.tif,49,0.6392701269705838,5.8606963924185465,10.49924567362083,1.6267541433844668
2418,4,/Users/reyesmatte/Desktop/copypasta/20260226/processed_masks/PY79_4_cp_masks.tif,PY79_4_cp_masks.tif,50,0.8352345819350483,4.652604137296085,11.513734749484122,2.3008423776974403
2419,4,/Users/reyesmatte/Desktop/copypasta/20260226/processed_masks/PY79_4_cp_masks.tif,PY79_4_cp_masks.tif,51,0.8103932994178428,5.091024463326926,9.97533123892687,1.9813108098999266
2420,4,/Users/reyesmatte/Desktop/copypasta/20260226/processed_masks/PY79_4_cp_masks.tif,PY79_4_cp_masks.tif,52,0.7632293457532127,7.285718714755302,16.53511593580457,3.0733141807334508
2421,4,/Users/reyesmatte/Desktop/copypasta/20260226/processed_masks/PY79_4_cp_masks.tif,PY79_4_cp_masks.tif,53,0.8847614657179461,6.98869965072142,19.146488158492595,4.066218075103246
2422,4,/Users/reyesmatte/Desktop/copypasta/20260226/processed_masks/PY79_4_cp_masks.tif,PY79_4_cp_masks.tif,54,0.838983755204789,6.313915411553886,16.27805305444859,3.279916604019222
2423,4,/Users/reyesmatte/Desktop/copypasta/20260226/processed_masks/PY79_4_cp_masks.tif,PY79_4_cp_masks.tif,55,0.7756989725774124,14.403475468231926,17.859588879937967,3.3527985312137174
2424,4,/Users/reyesmatte/Desktop/copypasta/20260226/processed_masks/PY79_4_cp_masks.tif,PY79_4_cp_masks.tif,56,0.755778150543732,3.8455025571737367,7.820487412655709,1.449438001333023
2425,4,/Users/reyesmatte/Desktop/copypasta/20260226/processed_masks/PY79_4_cp_masks.tif,PY79_4_cp_masks.tif,57,0.7062542378689587,7.906611896929038,16.046512313585048,2.7592692804446295
2426,4,/Users/reyesmatte/Desktop/copypasta/20260226/processed_masks/PY79_4_cp_masks.tif,PY79_4_cp_masks.tif,58,0.764045441603256,5.105578207828337,9.410625577927432,1.7070901506579788
2427,4,/Users/reyesmatte/Desktop/copypasta/20260226/processed_masks/PY79_4_cp_masks.tif,PY79_4_cp_masks.tif,59,0.7793175376557202,3.607928382457232,7.306716664184249,1.3228944033821735
2428,4,/Users/reyesmatte/Desktop/copypasta/20260226/processed_masks/PY79_4_cp_masks.tif,PY79_4_cp_masks.tif,60,0.7238229769516192,4.1440976297941,7.6127201740393495,1.2950854184728766
2429,4,/Users/reyesmatte/Desktop/copypasta/20260226/processed_masks/PY79_4_cp_masks.tif,PY79_4_cp_masks.tif,63,0.7535127081611757,4.656278275418123,8.831391444864563,1.5752163199656402
2430,4,/Users/reyesmatte/Desktop/copypasta/20260226/processed_masks/PY79_4_cp_masks.tif,PY79_4_cp_masks.tif,64,0.753759490633744,5.207269487171749,10.00341759615231,1.84339994920971
2431,4,/Users/reyesmatte/Desktop/copypasta/20260226/processed_masks/PY79_4_cp_masks.tif,PY79_4_cp_masks.tif,65,0.7713984840655297,4.424446366616941,8.705146468879603,1.565078186884321
2432,4,/Users/reyesmatte/Desktop/copypasta/20260226/processed_masks/PY79_4_cp_masks.tif,PY79_4_cp_masks.tif,66,0.7592476542056341,4.824475792398629,8.84432406492173,1.5858157152518846
2433,4,/Users/reyesmatte/Desktop/copypasta/20260226/processed_masks/PY79_34_cp_masks.tif,PY79_34_cp_masks.tif,9,0.8137330034657168,8.135483343349888,16.762075442450755,3.310038404640361
2434,4,/Users/reyesmatte/Desktop/copypasta/20260226/processed_masks/PY79_34_cp_masks.tif,PY79_34_cp_masks.tif,15,0.8469788551051263,6.751821748972139,13.979289834414201,2.8783603947308727
2435,4,/Users/reyesmatte/Desktop/copypasta/20260226/processed_masks/PY79_34_cp_masks.tif,PY79_34_cp_masks.tif,18,0.8070274293070364,5.751215257651631,11.235240531297192,2.1649394727353712
2436,4,/Users/reyesmatte/Desktop/copypasta/20260226/processed_masks/PY79_34_cp_masks.tif,PY79_34_cp_masks.tif,21,0.7378499482922966,4.149792798123213,7.454764392418514,1.2985343720060623
2437,4,/Users/reyesmatte/Desktop/copypasta/20260226/processed_masks/PY79_34_cp_masks.tif,PY79_34_cp_masks.tif,22,0.785659871663998,5.851180757382797,12.15949522598056,2.2845180648478745
2438,4,/Users/reyesmatte/Desktop/copypasta/20260226/processed_masks/PY79_34_cp_masks.tif,PY79_34_cp_masks.tif,23,0.8144191483643768,2.7790018774048004,5.938113380890179,1.068570743716625
2439,4,/Users/reyesmatte/Desktop/copypasta/20260226/processed_masks/PY79_34_cp_masks.tif,PY79_34_cp_masks.tif,24,0.8375413183330372,3.673715301707505,7.859868488447361,1.5281718029073954
2440,4,/Users/reyesmatte/Desktop/copypasta/20260226/processed_masks/PY79_34_cp_masks.tif,PY79_34_cp_masks.tif,27,0.7647254654699199,4.955020231863721,9.591284794468748,1.760742888856531
2441,4,/Users/reyesmatte/Desktop/copypasta/20260226/processed_masks/PY79_34_cp_masks.tif,PY79_34_cp_masks.tif,29,0.7359797501353524,3.121853246624767,5.7232599078012125,1.0129903421613629
2442,4,/Users/reyesmatte/Desktop/copypasta/20260226/processed_masks/PY79_34_cp_masks.tif,PY79_34_cp_masks.tif,30,0.7761045530157944,5.335467239108123,9.824480349193184,1.8167927271338582
2443,4,/Users/reyesmatte/Desktop/copypasta/20260226/processed_masks/PY79_34_cp_masks.tif,PY79_34_cp_masks.tif,31,0.7388033703986963,9.256798198853831,16.69355793328074,2.991026604350294
2444,4,/Users/reyesmatte/Desktop/copypasta/20260226/processed_masks/PY79_34_cp_masks.tif,PY79_34_cp_masks.tif,32,0.8087672702416511,4.79251670480248,10.11994364913873,1.9098112103424136
2445,4,/Users/reyesmatte/Desktop/copypasta/20260226/processed_masks/PY79_34_cp_masks.tif,PY79_34_cp_masks.tif,34,0.8938433167758134,5.596596388522556,12.433995576268801,2.6302945409705045
2446,4,/Users/reyesmatte/Desktop/copypasta/20260226/processed_masks/PY79_34_cp_masks.tif,PY79_34_cp_masks.tif,35,0.8906486468306619,6.718262404692456,14.947630739460775,3.1825674312267815
2447,4,/Users/reyesmatte/Desktop/copypasta/20260226/processed_masks/PY79_34_cp_masks.tif,PY79_34_cp_masks.tif,36,0.8650611323503927,4.833213370321167,10.242216544743705,2.060504137496051
2448,4,/Users/reyesmatte/Desktop/copypasta/20260226/processed_masks/PY79_34_cp_masks.tif,PY79_34_cp_masks.tif,37,0.9123584045637729,4.85060261476045,11.25674546827223,2.4087053457197363
2449,4,/Users/reyesmatte/Desktop/copypasta/20260226/processed_masks/PY79_34_cp_masks.tif,PY79_34_cp_masks.tif,39,0.6479711336808653,3.1536353961072603,6.060266521183549,0.9160111089819747
2450,4,/Users/reyesmatte/Desktop/copypasta/20260226/processed_masks/PY79_34_cp_masks.tif,PY79_34_cp_masks.tif,40,0.831789609701364,6.394218605784357,12.351071766817501,2.5115864670276706
2451,4,/Users/reyesmatte/Desktop/copypasta/20260226/processed_masks/PY79_34_cp_masks.tif,PY79_34_cp_masks.tif,42,0.6594304335636781,3.1692838247960857,6.014886940597312,0.9244380741060039
2452,4,/Users/reyesmatte/Desktop/copypasta/20260226/processed_masks/PY79_34_cp_masks.tif,PY79_34_cp_masks.tif,43,0.7362818639839471,6.391933323367707,11.587877123462944,2.1228538292724513
2453,4,/Users/reyesmatte/Desktop/copypasta/20260226/processed_masks/PY79_34_cp_masks.tif,PY79_34_cp_masks.tif,44,0.6733580151023268,2.891046978750748,5.509794350674414,0.8517484766014907
2454,4,/Users/reyesmatte/Desktop/copypasta/20260226/processed_masks/PY79_34_cp_masks.tif,PY79_34_cp_masks.tif,51,0.7860556633029717,4.823950479714519,10.481707564413872,1.9356738889895087
2455,4,/Users/reyesmatte/Desktop/copypasta/20260226/processed_masks/PY79_34_cp_masks.tif,PY79_34_cp_masks.tif,52,0.786906586470446,4.400676265641027,9.356750021288663,1.7348833525724139
2456,4,/Users/reyesmatte/Desktop/copypasta/20260226/processed_masks/PY79_34_cp_masks.tif,PY79_34_cp_masks.tif,53,0.7806796922567998,3.5435990229038588,7.471259072627343,1.33595752765274
2457,4,/Users/reyesmatte/Desktop/copypasta/20260226/processed_masks/PY79_34_cp_masks.tif,PY79_34_cp_masks.tif,55,0.7738019609938305,4.302442682937906,8.231119960228325,1.477051476280865
2458,4,/Users/reyesmatte/Desktop/copypasta/20260226/processed_masks/PY79_31_cp_masks.tif,PY79_31_cp_masks.tif,10,0.7154050791871118,5.009717964615333,10.290946046058911,1.7556177341727512
2459,4,/Users/reyesmatte/Desktop/copypasta/20260226/processed_masks/PY79_31_cp_masks.tif,PY79_31_cp_masks.tif,11,0.7610164211017489,4.184910927353117,9.1598139991648,1.6834957085529298
2460,4,/Users/reyesmatte/Desktop/copypasta/20260226/processed_masks/PY79_31_cp_masks.tif,PY79_31_cp_masks.tif,12,0.7226401608494446,7.551880547061838,12.392158365776218,2.168086825045859
2461,4,/Users/reyesmatte/Desktop/copypasta/20260226/processed_masks/PY79_31_cp_masks.tif,PY79_31_cp_masks.tif,13,0.7731025536626557,4.726450845014007,11.201248355059679,2.0463042915373952
2462,4,/Users/reyesmatte/Desktop/copypasta/20260226/processed_masks/PY79_31_cp_masks.tif,PY79_31_cp_masks.tif,18,0.6938182248587863,4.696240782342216,9.192260373704473,1.5353212290805658
2463,4,/Users/reyesmatte/Desktop/copypasta/20260226/processed_masks/PY79_31_cp_masks.tif,PY79_31_cp_masks.tif,19,0.7671379596366876,4.461837475674639,9.804332744248205,1.7708816530720526
2464,4,/Users/reyesmatte/Desktop/copypasta/20260226/processed_masks/PY79_31_cp_masks.tif,PY79_31_cp_masks.tif,20,0.8119447248958052,4.378777313317667,10.11764859039604,1.917051076838297
2465,4,/Users/reyesmatte/Desktop/copypasta/20260226/processed_masks/PY79_31_cp_masks.tif,PY79_31_cp_masks.tif,21,0.811694867409212,4.076479683342956,8.075494672879339,1.5302498778055598
2466,4,/Users/reyesmatte/Desktop/copypasta/20260226/processed_masks/PY79_31_cp_masks.tif,PY79_31_cp_masks.tif,22,0.7842436606949104,7.322694603088898,8.95971854874327,1.645547247943349
2467,4,/Users/reyesmatte/Desktop/copypasta/20260226/processed_masks/PY79_31_cp_masks.tif,PY79_31_cp_masks.tif,23,0.8676071516786367,4.006481795367948,8.927266629093896,1.7682004687753448
2468,4,/Users/reyesmatte/Desktop/copypasta/20260226/processed_masks/PY79_31_cp_masks.tif,PY79_31_cp_masks.tif,27,0.8425061031387108,3.2829666162578635,6.896358120192533,1.2983202169702577
2469,4,/Users/reyesmatte/Desktop/copypasta/20260226/processed_masks/PY79_31_cp_masks.tif,PY79_31_cp_masks.tif,30,0.7957483081022491,3.9662694959829263,7.668418596642046,1.4043550662477886
2470,4,/Users/reyesmatte/Desktop/copypasta/20260226/processed_masks/PY79_31_cp_masks.tif,PY79_31_cp_masks.tif,46,0.6789182455781025,5.704286996211791,10.68791490157909,1.782966235936607
2471,4,/Users/reyesmatte/Desktop/copypasta/20260226/processed_masks/PY79_31_cp_masks.tif,PY79_31_cp_masks.tif,47,0.7958901925166532,7.194698882959102,17.11340594982512,3.283353015080934
2472,4,/Users/reyesmatte/Desktop/copypasta/20260226/processed_masks/PY79_31_cp_masks.tif,PY79_31_cp_masks.tif,48,0.7837134803064476,4.443641974053886,10.59270963490516,1.9588493714089104
2473,4,/Users/reyesmatte/Desktop/copypasta/20260226/processed_masks/PY79_31_cp_masks.tif,PY79_31_cp_masks.tif,49,0.7828171350391887,6.81472766439027,9.13058375848367,1.6884829120179847
2474,4,/Users/reyesmatte/Desktop/copypasta/20260226/processed_masks/PY79_31_cp_masks.tif,PY79_31_cp_masks.tif,50,0.7308148145896569,9.074644760709942,11.270886241067137,1.971304301933535
2475,4,/Users/reyesmatte/Desktop/copypasta/20260226/processed_masks/PY79_31_cp_masks.tif,PY79_31_cp_masks.tif,52,0.8015661221284749,3.6434247611751798,8.682029606576739,1.6246131995580764
2476,4,/Users/reyesmatte/Desktop/copypasta/20260226/processed_masks/PY79_31_cp_masks.tif,PY79_31_cp_masks.tif,53,0.7529620479121546,7.920590579971145,9.619532068920028,1.8180488586637737
2477,4,/Users/reyesmatte/Desktop/copypasta/20260226/processed_masks/PY79_31_cp_masks.tif,PY79_31_cp_masks.tif,54,0.8924083393566709,10.861401038729612,19.291549682750304,4.142696054972757
2478,4,/Users/reyesmatte/Desktop/copypasta/20260226/processed_masks/PY79_31_cp_masks.tif,PY79_31_cp_masks.tif,55,0.8367838893462712,13.266282738513143,18.66663813647316,3.7724713871904076
2479,4,/Users/reyesmatte/Desktop/copypasta/20260226/processed_masks/PY79_31_cp_masks.tif,PY79_31_cp_masks.tif,56,0.853304324187097,7.878724475666354,19.783386569229883,4.080983699605889
2480,4,/Users/reyesmatte/Desktop/copypasta/20260226/processed_masks/PY79_31_cp_masks.tif,PY79_31_cp_masks.tif,57,0.7824195131808708,6.967396376368984,16.27947690753516,3.061260489389953
2481,4,/Users/reyesmatte/Desktop/copypasta/20260226/processed_masks/PY79_31_cp_masks.tif,PY79_31_cp_masks.tif,58,0.7806591438827278,5.404284360858564,11.771881176586303,2.187401105418427
2482,4,/Users/reyesmatte/Desktop/copypasta/20260226/processed_masks/PY79_31_cp_masks.tif,PY79_31_cp_masks.tif,59,0.8575120829605787,4.17902860471452,10.221067163856064,2.03426938094065
2483,4,/Users/reyesmatte/Desktop/copypasta/20260226/processed_masks/PY79_31_cp_masks.tif,PY79_31_cp_masks.tif,60,0.755723820269515,8.422549396929039,18.067321974500285,3.327808527479134
2484,4,/Users/reyesmatte/Desktop/copypasta/20260226/processed_masks/PY79_31_cp_masks.tif,PY79_31_cp_masks.tif,61,0.8006986618961252,4.384324495229227,10.358867950913671,1.9463829962809251
2485,4,/Users/reyesmatte/Desktop/copypasta/20260226/processed_masks/PY79_31_cp_masks.tif,PY79_31_cp_masks.tif,62,0.8016407186364961,4.078656241188826,9.842089206754139,1.8808986156833178
2486,4,/Users/reyesmatte/Desktop/copypasta/20260226/processed_masks/PY79_31_cp_masks.tif,PY79_31_cp_masks.tif,63,0.8371166576093648,6.782648991184827,17.210233199279074,3.509872832216076
2487,4,/Users/reyesmatte/Desktop/copypasta/20260226/processed_masks/PY79_31_cp_masks.tif,PY79_31_cp_masks.tif,64,0.8075724219114095,4.276620315980913,9.586566514882751,1.8626820493058347
2488,4,/Users/reyesmatte/Desktop/copypasta/20260226/processed_masks/PY79_31_cp_masks.tif,PY79_31_cp_masks.tif,65,0.7922357356621517,3.8624507184654675,8.962756852758742,1.6865401853142046
2489,4,/Users/reyesmatte/Desktop/copypasta/20260226/processed_masks/PY79_31_cp_masks.tif,PY79_31_cp_masks.tif,66,0.7785603481162884,9.482468228131902,21.311967810676062,4.035954496735054
2490,4,/Users/reyesmatte/Desktop/copypasta/20260226/processed_masks/PY79_31_cp_masks.tif,PY79_31_cp_masks.tif,67,0.8015898093766989,8.790188502715784,18.589163889405036,3.6269557965821333
2491,4,/Users/reyesmatte/Desktop/copypasta/20260226/processed_masks/PY79_31_cp_masks.tif,PY79_31_cp_masks.tif,72,0.7702927287404839,9.103257889086327,19.125237417833116,3.589609015190177
2492,4,/Users/reyesmatte/Desktop/copypasta/20260226/processed_masks/PY79_31_cp_masks.tif,PY79_31_cp_masks.tif,90,0.6432319982588731,2.9459679646153334,5.293416809280661,0.7907823598436752
2493,4,/Users/reyesmatte/Desktop/copypasta/20260226/processed_masks/PY79_31_cp_masks.tif,PY79_31_cp_masks.tif,92,0.6548389732063852,2.9883299320337677,5.240697790445441,0.7958385389180925
2494,4,/Users/reyesmatte/Desktop/copypasta/20260226/processed_masks/PY79_31_cp_masks.tif,PY79_31_cp_masks.tif,93,0.6412501897658717,6.846796071992984,12.685349289138538,1.9739282632573758
2495,4,/Users/reyesmatte/Desktop/copypasta/20260226/processed_masks/PY79_31_cp_masks.tif,PY79_31_cp_masks.tif,97,0.764553776520141,4.297759297807594,8.227011094883903,1.4666682120945982
2496,4,/Users/reyesmatte/Desktop/copypasta/20260226/processed_masks/PY79_31_cp_masks.tif,PY79_31_cp_masks.tif,98,0.6560537631908806,8.974367072954733,16.357478845438752,2.619943457060679
2497,4,/Users/reyesmatte/Desktop/copypasta/20260226/processed_masks/PY79_31_cp_masks.tif,PY79_31_cp_masks.tif,99,0.7675103174641407,3.982454631961538,7.785560468316404,1.4289939759710562
2498,4,/Users/reyesmatte/Desktop/copypasta/20260226/processed_masks/PY79_31_cp_masks.tif,PY79_31_cp_masks.tif,101,0.6873074604503582,5.109419141602776,8.730441225751132,1.4432690898194516
2499,4,/Users/reyesmatte/Desktop/copypasta/20260226/processed_masks/PY79_31_cp_masks.tif,PY79_31_cp_masks.tif,102,0.792255006170759,3.7062645002668115,7.212237816572199,1.3051622434614218
2500,4,/Users/reyesmatte/Desktop/copypasta/20260226/processed_masks/PY79_31_cp_masks.tif,PY79_31_cp_masks.tif,104,0.6893751230702039,5.566746776741373,9.618540140560688,1.6059676294118614
2501,4,/Users/reyesmatte/Desktop/copypasta/20260226/processed_masks/PY79_31_cp_masks.tif,PY79_31_cp_masks.tif,105,0.7378727211040245,4.087924302747859,7.391159684894013,1.2689296463119435
2502,4,/Users/reyesmatte/Desktop/copypasta/20260226/processed_masks/PY79_36_cp_masks.tif,PY79_36_cp_masks.tif,2,0.7201433189117212,4.946665022701493,8.752265536402126,1.5060630249494302
2503,4,/Users/reyesmatte/Desktop/copypasta/20260226/processed_masks/PY79_36_cp_masks.tif,PY79_36_cp_masks.tif,3,0.7982586279366847,3.5431775606546507,7.323343105159166,1.3424873970269298
2504,4,/Users/reyesmatte/Desktop/copypasta/20260226/processed_masks/PY79_36_cp_masks.tif,PY79_36_cp_masks.tif,6,0.8025980278991294,3.712746291659551,7.355289292232552,1.3759378875925503
2505,4,/Users/reyesmatte/Desktop/copypasta/20260226/processed_masks/PY79_36_cp_masks.tif,PY79_36_cp_masks.tif,7,0.760287556146244,6.432621049671748,13.013740961705908,2.38384931249745
2506,4,/Users/reyesmatte/Desktop/copypasta/20260226/processed_masks/PY79_36_cp_masks.tif,PY79_36_cp_masks.tif,8,0.6812658661559973,6.106085152115333,12.565497510848239,2.0770181366079994
2507,4,/Users/reyesmatte/Desktop/copypasta/20260226/processed_masks/PY79_36_cp_masks.tif,PY79_36_cp_masks.tif,10,0.8144001185055862,3.8209215174708056,7.900145334992651,1.4698202783726098
2508,4,/Users/reyesmatte/Desktop/copypasta/20260226/processed_masks/PY79_36_cp_masks.tif,PY79_36_cp_masks.tif,11,0.7425880046625404,5.736170569957231,12.210684295099414,2.165871814622562
2509,4,/Users/reyesmatte/Desktop/copypasta/20260226/processed_masks/PY79_36_cp_masks.tif,PY79_36_cp_masks.tif,12,0.7112451933875702,4.175256714200334,7.765957519997772,1.3197581200990225
2510,4,/Users/reyesmatte/Desktop/copypasta/20260226/processed_masks/PY79_36_cp_masks.tif,PY79_36_cp_masks.tif,14,0.7356474248315087,6.047428624445031,13.18600447506136,2.3329602268447998
2511,4,/Users/reyesmatte/Desktop/copypasta/20260226/processed_masks/PY79_36_cp_masks.tif,PY79_36_cp_masks.tif,15,0.7177644654059011,5.522238028490057,9.957145566191334,1.7100799422265507
2512,4,/Users/reyesmatte/Desktop/copypasta/20260226/processed_masks/PY79_36_cp_masks.tif,PY79_36_cp_masks.tif,16,0.767531624233691,5.749134152742712,13.28079491670753,2.4529504265144895
2513,4,/Users/reyesmatte/Desktop/copypasta/20260226/processed_masks/PY79_36_cp_masks.tif,PY79_36_cp_masks.tif,17,0.7262168308786252,4.797338365247858,8.915208729520733,1.526794779107237
2514,4,/Users/reyesmatte/Desktop/copypasta/20260226/processed_masks/PY79_36_cp_masks.tif,PY79_36_cp_masks.tif,18,0.749184714330212,4.786171830944128,10.31459731353204,1.8410109807629134
2515,4,/Users/reyesmatte/Desktop/copypasta/20260226/processed_masks/PY79_36_cp_masks.tif,PY79_36_cp_masks.tif,19,0.7708651751312139,6.173703098566477,14.190886614063464,2.6401681733583495
2516,4,/Users/reyesmatte/Desktop/copypasta/20260226/processed_masks/PY79_36_cp_masks.tif,PY79_36_cp_masks.tif,20,0.7366987046374813,4.926975533958835,11.023718657588345,1.936832435807025
2517,4,/Users/reyesmatte/Desktop/copypasta/20260226/processed_masks/PY79_36_cp_masks.tif,PY79_36_cp_masks.tif,23,0.7707018114141576,4.904116150878555,11.560979708488363,2.1147018301324434
2518,4,/Users/reyesmatte/Desktop/copypasta/20260226/processed_masks/PY79_36_cp_masks.tif,PY79_36_cp_masks.tif,26,0.734042551471214,6.082497372336867,13.328999558320785,2.385112028937732
2519,4,/Users/reyesmatte/Desktop/copypasta/20260226/processed_masks/PY79_36_cp_masks.tif,PY79_36_cp_masks.tif,30,0.7686723643063521,4.748418237148946,11.354501095851482,2.06638723008801
2520,4,/Users/reyesmatte/Desktop/copypasta/20260226/processed_masks/PY79_36_cp_masks.tif,PY79_36_cp_masks.tif,33,0.8070510193707904,4.367497960145314,10.731560639241609,2.116954953685631
2521,4,/Users/reyesmatte/Desktop/copypasta/20260226/processed_masks/PY79_36_cp_masks.tif,PY79_36_cp_masks.tif,36,0.8112047349039,4.894324989853118,11.50843254123113,2.3090574195933646
2522,4,/Users/reyesmatte/Desktop/copypasta/20260226/processed_masks/PY79_36_cp_masks.tif,PY79_36_cp_masks.tif,38,0.8061024504715305,5.280141938809188,12.157856001349293,2.32795044384139
2523,4,/Users/reyesmatte/Desktop/copypasta/20260226/processed_masks/PY79_36_cp_masks.tif,PY79_36_cp_masks.tif,41,0.7922280438067498,4.168484133509313,8.66972022009366,1.5943113002428944
2524,4,/Users/reyesmatte/Desktop/copypasta/20260226/processed_masks/PY79_36_cp_masks.tif,PY79_36_cp_masks.tif,43,0.7967872554823524,4.925022378476626,11.349395846994746,2.1334166777666916
2525,4,/Users/reyesmatte/Desktop/copypasta/20260226/processed_masks/PY79_36_cp_masks.tif,PY79_36_cp_masks.tif,46,0.7907949500656675,4.08719908336791,8.203033750880733,1.531669544193487
2526,4,/Users/reyesmatte/Desktop/copypasta/20260226/processed_masks/PY79_36_cp_masks.tif,PY79_36_cp_masks.tif,48,0.7406813222008526,5.6368729787917875,11.288765446876855,2.0272837053368784
2527,4,/Users/reyesmatte/Desktop/copypasta/20260226/processed_masks/PY79_36_cp_masks.tif,PY79_36_cp_masks.tif,50,0.7524660698293394,3.58668603033141,7.866607104463751,1.381709201226879
2528,4,/Users/reyesmatte/Desktop/copypasta/20260226/processed_masks/PY79_36_cp_masks.tif,PY79_36_cp_masks.tif,55,0.7312217510538832,5.07568875877417,9.934610792479711,1.7707834304878105
2529,4,/Users/reyesmatte/Desktop/copypasta/20260226/processed_masks/PY79_36_cp_masks.tif,PY79_36_cp_masks.tif,57,0.7374797858755852,3.8705055060804834,8.220852573341155,1.4151246037476077
2530,4,/Users/reyesmatte/Desktop/copypasta/20260226/processed_masks/PY79_36_cp_masks.tif,PY79_36_cp_masks.tif,58,0.7798942593665709,3.5028098723368686,8.202115200692482,1.4755615932175137
2531,4,/Users/reyesmatte/Desktop/copypasta/20260226/processed_masks/PY79_36_cp_masks.tif,PY79_36_cp_masks.tif,59,0.6774912855963576,6.258612927836754,12.22268451885119,2.0059185504522437
2532,4,/Users/reyesmatte/Desktop/copypasta/20260226/processed_masks/PY79_36_cp_masks.tif,PY79_36_cp_masks.tif,60,0.7752219881993238,3.4493827948776516,8.033849716325678,1.4412919350464617
2533,4,/Users/reyesmatte/Desktop/copypasta/20260226/processed_masks/PY79_36_cp_masks.tif,PY79_36_cp_masks.tif,61,0.7686806469974398,3.996617152255303,8.834498530420785,1.599999778215678
2534,4,/Users/reyesmatte/Desktop/copypasta/20260226/processed_masks/PY79_36_cp_masks.tif,PY79_36_cp_masks.tif,65,0.7174824627106201,3.90914696783141,8.295751660778528,1.4069900965989668
2535,4,/Users/reyesmatte/Desktop/copypasta/20260226/processed_masks/PY79_36_cp_masks.tif,PY79_36_cp_masks.tif,73,0.7109599014670217,7.350398535272157,13.917718287216365,2.407045703418702
2536,4,/Users/reyesmatte/Desktop/copypasta/20260226/processed_masks/PY79_36_cp_masks.tif,PY79_36_cp_masks.tif,78,0.7682214629983333,6.680273356300466,12.698553799516215,2.3290176503202176
2537,4,/Users/reyesmatte/Desktop/copypasta/20260226/processed_masks/PY79_36_cp_masks.tif,PY79_36_cp_masks.tif,82,0.7708200466381363,4.041227324769567,7.659426174742294,1.3599839128386184
2538,4,/Users/reyesmatte/Desktop/copypasta/20260226/processed_masks/PY79_36_cp_masks.tif,PY79_36_cp_masks.tif,83,0.8106419860549902,3.5422372574489476,7.35387252506712,1.3532214850286424
2539,4,/Users/reyesmatte/Desktop/copypasta/20260226/processed_masks/PY79_36_cp_masks.tif,PY79_36_cp_masks.tif,86,0.7696212154927904,3.7189419676025457,6.918464126783681,1.2922764300982006
2540,4,/Users/reyesmatte/Desktop/copypasta/20260226/processed_masks/PY79_36_cp_masks.tif,PY79_36_cp_masks.tif,90,0.8098294899491086,3.9764566032537876,7.959764206252606,1.4825998471490658
2541,4,/Users/reyesmatte/Desktop/copypasta/20260226/processed_masks/PY79_36_cp_masks.tif,PY79_36_cp_masks.tif,95,0.7583239860439244,3.9283280192659085,7.240146858037699,1.33399944204454
2542,4,/Users/reyesmatte/Desktop/copypasta/20260226/processed_masks/PY79_36_cp_masks.tif,PY79_36_cp_masks.tif,96,0.7512430866346868,3.4085067358542784,6.62935261991928,1.2092595024981552
2543,4,/Users/reyesmatte/Desktop/copypasta/20260226/processed_masks/PY79_36_cp_masks.tif,PY79_36_cp_masks.tif,99,0.7993710221181752,4.52544407897075,9.40977935573065,1.8035812898986678
2544,4,/Users/reyesmatte/Desktop/copypasta/20260226/processed_masks/PY79_36_cp_masks.tif,PY79_36_cp_masks.tif,101,0.8058427519202358,4.4279321416813815,9.411444078986278,1.7787610363157105
2545,4,/Users/reyesmatte/Desktop/copypasta/20260226/processed_masks/PY79_36_cp_masks.tif,PY79_36_cp_masks.tif,103,0.7979619290399627,7.100078858820243,15.093819666814463,2.889514910777226
2546,4,/Users/reyesmatte/Desktop/copypasta/20260226/processed_masks/PY79_36_cp_masks.tif,PY79_36_cp_masks.tif,106,0.7003535255542371,6.4232915844290375,12.39344850513468,2.136797456616338
2547,5,/Users/reyesmatte/Desktop/copypasta/20260226/processed_masks/PY79_10_cp_masks.tif,PY79_10_cp_masks.tif,1,0.7697907380342303,3.542800298778084,7.546968254475897,1.3444167875877724
2548,5,/Users/reyesmatte/Desktop/copypasta/20260226/processed_masks/PY79_10_cp_masks.tif,PY79_10_cp_masks.tif,3,0.7876503866624017,3.7199823010262154,8.267758069415876,1.5068716973201166
2549,5,/Users/reyesmatte/Desktop/copypasta/20260226/processed_masks/PY79_10_cp_masks.tif,PY79_10_cp_masks.tif,4,0.8036478210915977,4.176994641321869,9.138405724723475,1.7190881508364504
2550,5,/Users/reyesmatte/Desktop/copypasta/20260226/processed_masks/PY79_10_cp_masks.tif,PY79_10_cp_masks.tif,9,0.7276356019655363,4.15706121257958,8.618260584208674,1.475984269802037
2551,5,/Users/reyesmatte/Desktop/copypasta/20260226/processed_masks/PY79_10_cp_masks.tif,PY79_10_cp_masks.tif,35,0.7168456261418394,4.859406767319049,9.393792899599108,1.698876169004288
2552,5,/Users/reyesmatte/Desktop/copypasta/20260226/processed_masks/PY79_10_cp_masks.tif,PY79_10_cp_masks.tif,39,0.70473911573956,5.071640492832383,8.781904094151464,1.486246611952001
2553,5,/Users/reyesmatte/Desktop/copypasta/20260226/processed_masks/PY79_10_cp_masks.tif,PY79_10_cp_masks.tif,77,0.72503772244089,10.06124189673125,17.099641700029288,3.069954257594557
2554,5,/Users/reyesmatte/Desktop/copypasta/20260226/processed_masks/PY79_10_cp_masks.tif,PY79_10_cp_masks.tif,108,0.8787140801743645,4.865959757047143,10.567723854156155,2.1486409854960056
2555,5,/Users/reyesmatte/Desktop/copypasta/20260226/processed_masks/PY79_10_cp_masks.tif,PY79_10_cp_masks.tif,109,0.8203721874342235,7.13617686599103,14.110346246850522,2.7660517101657347
2556,5,/Users/reyesmatte/Desktop/copypasta/20260226/processed_masks/PY79_10_cp_masks.tif,PY79_10_cp_masks.tif,122,0.907181869515866,5.065158701439644,11.435847526348216,2.3986551625585095
2557,5,/Users/reyesmatte/Desktop/copypasta/20260226/processed_masks/PY79_10_cp_masks.tif,PY79_10_cp_masks.tif,131,0.8415315815598278,5.961730362993529,12.254766211264153,2.4394972770272076
2558,5,/Users/reyesmatte/Desktop/copypasta/20260226/processed_masks/PY79_10_cp_masks.tif,PY79_10_cp_masks.tif,137,0.8682139127087163,5.872534398957388,12.274175763607168,2.497975648516274
2559,5,/Users/reyesmatte/Desktop/copypasta/20260226/processed_masks/PY79_10_cp_masks.tif,PY79_10_cp_masks.tif,154,0.8741539626076625,2.927204380685937,7.020786610591701,1.3701090276060677
2560,5,/Users/reyesmatte/Desktop/copypasta/20260226/processed_masks/PY79_10_cp_masks.tif,PY79_10_cp_masks.tif,159,0.8565022777195893,5.973495008270724,12.692994369518942,2.5633336768392367
2561,5,/Users/reyesmatte/Desktop/copypasta/20260226/processed_masks/PY79_10_cp_masks.tif,PY79_10_cp_masks.tif,167,0.8940766713608358,3.5294591187538784,8.408255179142895,1.7005646105584473
2562,5,/Users/reyesmatte/Desktop/copypasta/20260226/processed_masks/PY79_10_cp_masks.tif,PY79_10_cp_masks.tif,169,0.7899393399817075,4.390052068648043,8.401050721759828,1.5595503456203381
2563,5,/Users/reyesmatte/Desktop/copypasta/20260226/processed_masks/PY79_10_cp_masks.tif,PY79_10_cp_masks.tif,171,0.7914395032242812,3.3216813914892747,7.612663720678662,1.395308241817594
2564,5,/Users/reyesmatte/Desktop/copypasta/20260226/processed_masks/PY79_10_cp_masks.tif,PY79_10_cp_masks.tif,177,0.7581622636756353,5.246284378468341,10.539206486883227,1.9022269417307878
2565,5,/Users/reyesmatte/Desktop/copypasta/20260226/processed_masks/PY79_10_cp_masks.tif,PY79_10_cp_masks.tif,182,0.7953015680633604,2.787839846144995,6.081856988773524,1.093853785296058
2566,5,/Users/reyesmatte/Desktop/copypasta/20260226/processed_masks/PY79_10_cp_masks.tif,PY79_10_cp_masks.tif,184,0.7340549994613484,2.5896906204051517,5.38259508853496,0.8875501909123726
2567,5,/Users/reyesmatte/Desktop/copypasta/20260226/processed_masks/PY79_10_cp_masks.tif,PY79_10_cp_masks.tif,187,0.7711562247325547,13.94700748527767,16.437173980322044,3.060111935372472
2568,5,/Users/reyesmatte/Desktop/copypasta/20260226/processed_masks/PY79_10_cp_masks.tif,PY79_10_cp_masks.tif,188,0.7967347552592351,5.287946810650362,10.966030039600163,2.1123492649566185
2569,5,/Users/reyesmatte/Desktop/copypasta/20260226/processed_masks/PY79_10_cp_masks.tif,PY79_10_cp_masks.tif,189,0.7329066886984146,7.031384011763918,12.706177045556935,2.2880628089209853
2570,5,/Users/reyesmatte/Desktop/copypasta/20260226/processed_masks/PY79_10_cp_masks.tif,PY79_10_cp_masks.tif,194,0.8295426617154474,3.6928151452407274,7.6595882892059475,1.4446653777527168
2571,5,/Users/reyesmatte/Desktop/copypasta/20260226/processed_masks/PY79_10_cp_masks.tif,PY79_10_cp_masks.tif,199,0.8656308150573583,4.907928061972007,10.482956426944968,2.108775854538319
2572,5,/Users/reyesmatte/Desktop/copypasta/20260226/processed_masks/PY79_10_cp_masks.tif,PY79_10_cp_masks.tif,200,0.8190303797614265,7.717952679359059,15.899146290476349,3.1206627461699314
2573,5,/Users/reyesmatte/Desktop/copypasta/20260226/processed_masks/PY79_10_cp_masks.tif,PY79_10_cp_masks.tif,206,0.7473950383756195,5.474267101496419,10.194041966244981,1.806274906592975
2574,5,/Users/reyesmatte/Desktop/copypasta/20260226/processed_masks/PY79_10_cp_masks.tif,PY79_10_cp_masks.tif,209,0.8036498092114006,4.4209614166512665,9.130368218346241,1.7054222311420566
2575,5,/Users/reyesmatte/Desktop/copypasta/20260226/processed_masks/PY79_10_cp_masks.tif,PY79_10_cp_masks.tif,212,0.8654941467951098,5.366188954094491,11.350831449347679,2.2983151582709134
2576,5,/Users/reyesmatte/Desktop/copypasta/20260226/processed_masks/PY79_10_cp_masks.tif,PY79_10_cp_masks.tif,215,0.8465244244495933,4.449011665860577,9.570245669049353,1.8748906137172507
2577,5,/Users/reyesmatte/Desktop/copypasta/20260226/processed_masks/PY79_10_cp_masks.tif,PY79_10_cp_masks.tif,221,0.8196373485408202,7.2654255637347545,16.741465706961975,3.315697697191582
2578,5,/Users/reyesmatte/Desktop/copypasta/20260226/processed_masks/PY79_10_cp_masks.tif,PY79_10_cp_masks.tif,224,0.7756541823344687,4.4341174551456755,8.927388359384919,1.612255157441489
2579,5,/Users/reyesmatte/Desktop/copypasta/20260226/processed_masks/PY79_10_cp_masks.tif,PY79_10_cp_masks.tif,226,0.8131302062386333,14.639737894243293,18.96529294331069,3.73678724203198
2580,5,/Users/reyesmatte/Desktop/copypasta/20260226/processed_masks/PY79_10_cp_masks.tif,PY79_10_cp_masks.tif,227,0.8659394911925445,7.486213705403676,15.618684705962545,3.2223223495383206
2581,5,/Users/reyesmatte/Desktop/copypasta/20260226/processed_masks/PY79_10_cp_masks.tif,PY79_10_cp_masks.tif,229,0.7740845849411596,5.005217677402964,10.638453001709838,2.023630176584526
2582,5,/Users/reyesmatte/Desktop/copypasta/20260226/processed_masks/PY79_10_cp_masks.tif,PY79_10_cp_masks.tif,236,0.7721554891557179,7.398430865949475,16.245922407266615,3.0698715781662838
2583,5,/Users/reyesmatte/Desktop/copypasta/20260226/processed_masks/PY79_10_cp_masks.tif,PY79_10_cp_masks.tif,243,0.7995741273325502,6.054834561967834,12.0718810417771,2.2917144938080636
2584,5,/Users/reyesmatte/Desktop/copypasta/20260226/processed_masks/PY79_10_cp_masks.tif,PY79_10_cp_masks.tif,245,0.783924584178063,7.508593661888255,16.65274363710734,3.14241529475049
2585,5,/Users/reyesmatte/Desktop/copypasta/20260226/processed_masks/PY79_10_cp_masks.tif,PY79_10_cp_masks.tif,249,0.8341195897024584,4.893051040837772,12.345629439737042,2.4413871781073087
2586,5,/Users/reyesmatte/Desktop/copypasta/20260226/processed_masks/PY79_10_cp_masks.tif,PY79_10_cp_masks.tif,250,0.8448830709008224,6.776726915148471,14.389505977077745,2.8916409145606323
2587,5,/Users/reyesmatte/Desktop/copypasta/20260226/processed_masks/PY79_10_cp_masks.tif,PY79_10_cp_masks.tif,254,0.7448634192319316,8.153841192781508,17.623183178597454,3.181462889815136
2588,5,/Users/reyesmatte/Desktop/copypasta/20260226/processed_masks/PY79_10_cp_masks.tif,PY79_10_cp_masks.tif,258,0.7271112112162152,13.974892021187554,16.383126642610033,2.943046095757828
2589,5,/Users/reyesmatte/Desktop/copypasta/20260226/processed_masks/PY79_10_cp_masks.tif,PY79_10_cp_masks.tif,262,0.8079398344679015,5.567373582794189,13.051347534025508,2.5223197049034893
2590,5,/Users/reyesmatte/Desktop/copypasta/20260226/processed_masks/PY79_10_cp_masks.tif,PY79_10_cp_masks.tif,268,0.8181827190967631,6.042938687597392,12.333330963740066,2.3830622481971124
2591,5,/Users/reyesmatte/Desktop/copypasta/20260226/processed_masks/PY79_10_cp_masks.tif,PY79_10_cp_masks.tif,269,0.8424526415891836,4.794066802976722,11.494022991295694,2.308914947905691
2592,5,/Users/reyesmatte/Desktop/copypasta/20260226/processed_masks/PY79_10_cp_masks.tif,PY79_10_cp_masks.tif,282,0.8255536916820279,4.715968585623154,9.476409524500596,1.808994303486428
2593,5,/Users/reyesmatte/Desktop/copypasta/20260226/processed_masks/PY79_10_cp_masks.tif,PY79_10_cp_masks.tif,283,0.7739511753777284,5.109339358764055,11.36863969373397,2.093080939350965
2594,5,/Users/reyesmatte/Desktop/copypasta/20260226/processed_masks/PY79_10_cp_masks.tif,PY79_10_cp_masks.tif,289,0.7625347743277897,4.625405306461634,9.390407918791185,1.798240861389521
2595,5,/Users/reyesmatte/Desktop/copypasta/20260226/processed_masks/PY79_10_cp_masks.tif,PY79_10_cp_masks.tif,290,0.743217910904791,4.117221263117865,7.429523599262746,1.3294941977343413
2596,5,/Users/reyesmatte/Desktop/copypasta/20260226/processed_masks/PY79_10_cp_masks.tif,PY79_10_cp_masks.tif,296,0.8407720412793628,5.948515584919335,12.29795333536589,2.434773410086055
2597,5,/Users/reyesmatte/Desktop/copypasta/20260226/processed_masks/PY79_10_cp_masks.tif,PY79_10_cp_masks.tif,303,0.7902515015591138,5.821358484328681,13.96504158368604,2.637004790067895
2598,5,/Users/reyesmatte/Desktop/copypasta/20260226/processed_masks/PY79_10_cp_masks.tif,PY79_10_cp_masks.tif,304,0.7851971214101877,4.464403707734373,8.574704168276975,1.6436753640203041
2599,5,/Users/reyesmatte/Desktop/copypasta/20260226/processed_masks/PY79_10_cp_masks.tif,PY79_10_cp_masks.tif,312,0.8734631910712429,6.038402522579587,12.67681502963748,2.657538986539392
2600,5,/Users/reyesmatte/Desktop/copypasta/20260226/processed_masks/PY79_10_cp_masks.tif,PY79_10_cp_masks.tif,313,0.8289952252805599,4.934902661176153,9.891468646487768,1.922679046387686
2601,5,/Users/reyesmatte/Desktop/copypasta/20260226/processed_masks/PY79_10_cp_masks.tif,PY79_10_cp_masks.tif,314,0.816532731929857,3.8857049913729362,7.828440181382373,1.469242697702814
2602,5,/Users/reyesmatte/Desktop/copypasta/20260226/processed_masks/PY79_10_cp_masks.tif,PY79_10_cp_masks.tif,315,0.7777829680724638,6.534243765890671,12.28457600075695,2.321836294429202
2603,5,/Users/reyesmatte/Desktop/copypasta/20260226/processed_masks/PY79_10_cp_masks.tif,PY79_10_cp_masks.tif,326,0.7821071392903555,4.218293161879972,8.122162213822081,1.5463381074593237
2604,5,/Users/reyesmatte/Desktop/copypasta/20260226/processed_masks/PY79_10_cp_masks.tif,PY79_10_cp_masks.tif,328,0.771980240085319,4.59600692182868,10.719319706381478,1.9586340975835435
2605,5,/Users/reyesmatte/Desktop/copypasta/20260226/processed_masks/PY79_10_cp_masks.tif,PY79_10_cp_masks.tif,333,0.7716906801611463,4.192778560658647,8.10635517195988,1.5603930421327412
2606,5,/Users/reyesmatte/Desktop/copypasta/20260226/processed_masks/PY79_10_cp_masks.tif,PY79_10_cp_masks.tif,338,0.840377477179419,4.476424739826598,9.595894339662484,1.866423661082021
2607,5,/Users/reyesmatte/Desktop/copypasta/20260226/processed_masks/PY79_10_cp_masks.tif,PY79_10_cp_masks.tif,340,0.6940367073919828,5.56466139959217,10.914690990540935,1.826123342377129
2608,5,/Users/reyesmatte/Desktop/copypasta/20260226/processed_masks/PY79_10_cp_masks.tif,PY79_10_cp_masks.tif,344,0.8204934230912797,7.000913618658334,13.84571004196242,2.741508293131282
2609,5,/Users/reyesmatte/Desktop/copypasta/20260226/processed_masks/PY79_10_cp_masks.tif,PY79_10_cp_masks.tif,348,0.7301038298990323,4.42296931366922,9.172823308282297,1.5883959371613612
2610,5,/Users/reyesmatte/Desktop/copypasta/20260226/processed_masks/PY79_10_cp_masks.tif,PY79_10_cp_masks.tif,351,0.8068783659573049,4.363016065760219,9.748097375230486,1.8332140949825642
2611,5,/Users/reyesmatte/Desktop/copypasta/20260226/processed_masks/PY79_10_cp_masks.tif,PY79_10_cp_masks.tif,356,0.7498440553464132,5.42919523319943,11.051093217357874,2.0115165751057718
2612,5,/Users/reyesmatte/Desktop/copypasta/20260226/processed_masks/PY79_10_cp_masks.tif,PY79_10_cp_masks.tif,357,0.6401378695110964,5.588029219980613,9.603406271772485,1.4904860269362181
2613,5,/Users/reyesmatte/Desktop/copypasta/20260226/processed_masks/PY79_10_cp_masks.tif,PY79_10_cp_masks.tif,365,0.7891808205429208,5.587903648725635,11.210838714830082,2.088485513228548
2614,5,/Users/reyesmatte/Desktop/copypasta/20260226/processed_masks/PY79_10_cp_masks.tif,PY79_10_cp_masks.tif,371,0.7823960508382969,5.453223926025694,13.000678875981679,2.4266850568829437
2615,5,/Users/reyesmatte/Desktop/copypasta/20260226/processed_masks/PY79_10_cp_masks.tif,PY79_10_cp_masks.tif,374,0.8084749164740944,9.128956149367477,21.393358633565544,4.200348598322368
2616,5,/Users/reyesmatte/Desktop/copypasta/20260226/processed_masks/PY79_10_cp_masks.tif,PY79_10_cp_masks.tif,375,0.8138747285433865,10.83105338245724,26.11161834333696,5.200702854622945
2617,5,/Users/reyesmatte/Desktop/copypasta/20260226/processed_masks/PY79_10_cp_masks.tif,PY79_10_cp_masks.tif,379,0.7648810788407258,9.84059683469066,12.981768457692848,2.4106738231472877
2618,5,/Users/reyesmatte/Desktop/copypasta/20260226/processed_masks/PY79_10_cp_masks.tif,PY79_10_cp_masks.tif,380,0.7108258660066233,4.254585902255302,8.665565237727453,1.4834267606666078
2619,5,/Users/reyesmatte/Desktop/copypasta/20260226/processed_masks/PY79_10_cp_masks.tif,PY79_10_cp_masks.tif,385,0.8202989946691783,4.894816275489379,11.191357613459656,2.158230197338125
2620,5,/Users/reyesmatte/Desktop/copypasta/20260226/processed_masks/PY79_10_cp_masks.tif,PY79_10_cp_masks.tif,386,0.8505543758134598,8.487137273121752,10.377997976435054,2.05901036423554
2621,5,/Users/reyesmatte/Desktop/copypasta/20260226/processed_masks/PY79_10_cp_masks.tif,PY79_10_cp_masks.tif,387,0.6713036408174716,6.2585898613499715,12.014758109468495,1.955478585359298
2622,5,/Users/reyesmatte/Desktop/copypasta/20260226/processed_masks/PY79_10_cp_masks.tif,PY79_10_cp_masks.tif,396,0.8241213889104616,5.729247865516691,11.351221983242997,2.226317197050372
2623,5,/Users/reyesmatte/Desktop/copypasta/20260226/processed_masks/PY79_10_cp_masks.tif,PY79_10_cp_masks.tif,397,0.6912633915509254,4.869485597505348,10.001536281920163,1.6743661536270478
2624,5,/Users/reyesmatte/Desktop/copypasta/20260226/processed_masks/PY79_10_cp_masks.tif,PY79_10_cp_masks.tif,398,0.7180469290603175,4.590197326945287,8.367386134129628,1.500349666524029
2625,5,/Users/reyesmatte/Desktop/copypasta/20260226/processed_masks/PY79_10_cp_masks.tif,PY79_10_cp_masks.tif,401,0.8746080902244269,4.506011457178884,9.62625152820926,1.9629188906585917
2626,5,/Users/reyesmatte/Desktop/copypasta/20260226/processed_masks/PY79_10_cp_masks.tif,PY79_10_cp_masks.tif,411,0.764475535815578,4.391001269753318,8.849691072897706,1.5790850060633783
2627,5,/Users/reyesmatte/Desktop/copypasta/20260226/processed_masks/PY79_10_cp_masks.tif,PY79_10_cp_masks.tif,414,0.7790933666712014,5.896355995978926,12.14399368349416,2.255520401832651
2628,5,/Users/reyesmatte/Desktop/copypasta/20260226/processed_masks/PY79_10_cp_masks.tif,PY79_10_cp_masks.tif,415,0.8409700849882858,4.896314560646365,10.414555567536697,2.048627086909377
2629,5,/Users/reyesmatte/Desktop/copypasta/20260226/processed_masks/PY79_10_cp_masks.tif,PY79_10_cp_masks.tif,416,0.7455948422577083,4.846243527742711,11.044210851453224,1.9594111690838456
2630,5,/Users/reyesmatte/Desktop/copypasta/20260226/processed_masks/PY79_10_cp_masks.tif,PY79_10_cp_masks.tif,423,0.7532862072533051,4.486003941472321,10.223537497920665,1.8186808515125579
2631,5,/Users/reyesmatte/Desktop/copypasta/20260226/processed_masks/PY79_10_cp_masks.tif,PY79_10_cp_masks.tif,428,0.7791140558913079,4.3230413778399805,8.979645342054143,1.7143605565326545
2632,5,/Users/reyesmatte/Desktop/copypasta/20260226/processed_masks/PY79_10_cp_masks.tif,PY79_10_cp_masks.tif,432,0.7536596277988922,5.689062455944127,12.775393568409113,2.316572712595628
2633,5,/Users/reyesmatte/Desktop/copypasta/20260226/processed_masks/PY79_10_cp_masks.tif,PY79_10_cp_masks.tif,435,0.7627343705438145,5.431093705944128,11.808337213944483,2.1837075624734346
2634,5,/Users/reyesmatte/Desktop/copypasta/20260226/processed_masks/PY79_10_cp_masks.tif,PY79_10_cp_masks.tif,438,0.6894890928672286,5.028492152255302,10.056209980799323,1.674718868982071
2635,5,/Users/reyesmatte/Desktop/copypasta/20260226/processed_masks/PY79_10_cp_masks.tif,PY79_10_cp_masks.tif,441,0.8377569336897187,4.752746382256962,10.700979499871384,2.108437616830976
2636,5,/Users/reyesmatte/Desktop/copypasta/20260226/processed_masks/PY79_10_cp_masks.tif,PY79_10_cp_masks.tif,450,0.7782287542038837,4.964917010675854,11.946696434281753,2.2021427161235327
2637,5,/Users/reyesmatte/Desktop/copypasta/20260226/processed_masks/PY79_10_cp_masks.tif,PY79_10_cp_masks.tif,466,0.7631722669247406,4.884022176513103,11.19831144179108,2.1004223854926005
2638,5,/Users/reyesmatte/Desktop/copypasta/20260226/processed_masks/PY79_10_cp_masks.tif,PY79_10_cp_masks.tif,470,0.7415222306590569,6.485098926025693,13.691496479661378,2.4800558360017946
2639,5,/Users/reyesmatte/Desktop/copypasta/20260226/processed_masks/PY79_10_cp_masks.tif,PY79_10_cp_masks.tif,473,0.7659644832444493,5.742132666572852,12.431344411845783,2.2715316355683064
2640,5,/Users/reyesmatte/Desktop/copypasta/20260226/processed_masks/PY79_10_cp_masks.tif,PY79_10_cp_masks.tif,480,0.8080582216858427,4.2591942758785555,10.415754067534287,1.9874546567596039
2641,5,/Users/reyesmatte/Desktop/copypasta/20260226/processed_masks/PY79_32_cp_masks.tif,PY79_32_cp_masks.tif,2,0.7635012691985448,3.466833889955219,7.98453677086751,1.4163337965697542
2642,5,/Users/reyesmatte/Desktop/copypasta/20260226/processed_masks/PY79_32_cp_masks.tif,PY79_32_cp_masks.tif,4,0.7188953681290419,4.547949536176154,7.767710761227977,1.3064391756962683
2643,5,/Users/reyesmatte/Desktop/copypasta/20260226/processed_masks/PY79_32_cp_masks.tif,PY79_32_cp_masks.tif,7,0.7478358054505829,3.4023417024552196,7.581441888721902,1.3503225697648589
2644,5,/Users/reyesmatte/Desktop/copypasta/20260226/processed_masks/PY79_32_cp_masks.tif,PY79_32_cp_masks.tif,9,0.7488472552247583,4.738114445291602,8.803491868476959,1.54075184933144
2645,5,/Users/reyesmatte/Desktop/copypasta/20260226/processed_masks/PY79_32_cp_masks.tif,PY79_32_cp_masks.tif,13,0.6838434710110644,7.393847547301434,14.751645961654356,2.4698716613354037
2646,5,/Users/reyesmatte/Desktop/copypasta/20260226/processed_masks/PY79_32_cp_masks.tif,PY79_32_cp_masks.tif,18,0.7397761679831318,5.13943498601987,11.029952046987448,1.9428335996601607
2647,5,/Users/reyesmatte/Desktop/copypasta/20260226/processed_masks/PY79_32_cp_masks.tif,PY79_32_cp_masks.tif,20,0.6710274534381335,8.686617650828943,10.588360571900099,1.715730099252346
2648,5,/Users/reyesmatte/Desktop/copypasta/20260226/processed_masks/PY79_32_cp_masks.tif,PY79_32_cp_masks.tif,25,0.6926790456650116,4.753551881004077,9.54427800913734,1.5868915232848804
2649,5,/Users/reyesmatte/Desktop/copypasta/20260226/processed_masks/PY79_32_cp_masks.tif,PY79_32_cp_masks.tif,26,0.7709085908238492,5.497484366188825,9.40375009851749,1.6991570678417554
2650,5,/Users/reyesmatte/Desktop/copypasta/20260226/processed_masks/PY79_32_cp_masks.tif,PY79_32_cp_masks.tif,27,0.7455828490971234,4.967015140211408,10.135136037095915,1.8677313217899858
2651,5,/Users/reyesmatte/Desktop/copypasta/20260226/processed_masks/PY79_32_cp_masks.tif,PY79_32_cp_masks.tif,28,0.8063321134468288,4.665180210707137,10.298410161488595,1.9472761302016943
2652,5,/Users/reyesmatte/Desktop/copypasta/20260226/processed_masks/PY79_32_cp_masks.tif,PY79_32_cp_masks.tif,39,0.8504885105483605,5.789765149022583,13.969845347311164,2.8180120889430125
2653,5,/Users/reyesmatte/Desktop/copypasta/20260226/processed_masks/PY79_32_cp_masks.tif,PY79_32_cp_masks.tif,40,0.852221158356814,5.588066297301433,13.706952563308663,2.811163748858587
2654,5,/Users/reyesmatte/Desktop/copypasta/20260226/processed_masks/PY79_32_cp_masks.tif,PY79_32_cp_masks.tif,41,0.7609737255081788,5.19250892643867,11.19766576314627,2.0384506832262215
2655,5,/Users/reyesmatte/Desktop/copypasta/20260226/processed_masks/PY79_32_cp_masks.tif,PY79_32_cp_masks.tif,42,0.8111604736825132,5.091840084984529,11.645476671493133,2.2368323942224655
2656,5,/Users/reyesmatte/Desktop/copypasta/20260226/processed_masks/PY79_32_cp_masks.tif,PY79_32_cp_masks.tif,43,0.6838077331377301,5.949116583093328,10.751363122048058,1.7792822121293945
2657,5,/Users/reyesmatte/Desktop/copypasta/20260226/processed_masks/PY79_32_cp_masks.tif,PY79_32_cp_masks.tif,46,0.7754195662707508,5.435709562369409,10.850730874257586,1.9982602797611682
2658,5,/Users/reyesmatte/Desktop/copypasta/20260226/processed_masks/PY79_32_cp_masks.tif,PY79_32_cp_masks.tif,47,0.7333438320901365,3.980920308631771,8.151108426779034,1.4187900695894078
2659,5,/Users/reyesmatte/Desktop/copypasta/20260226/processed_masks/PY79_32_cp_masks.tif,PY79_32_cp_masks.tif,48,0.7351511712732054,3.7447733268175503,7.5728945781223596,1.347995714446288
2660,5,/Users/reyesmatte/Desktop/copypasta/20260226/processed_masks/PY79_32_cp_masks.tif,PY79_32_cp_masks.tif,49,0.8009100775322127,4.158587212088058,9.523521712388025,1.7763207592670092
2661,5,/Users/reyesmatte/Desktop/copypasta/20260226/processed_masks/PY79_32_cp_masks.tif,PY79_32_cp_masks.tif,53,0.823174343769033,4.358432747112176,9.736495344546121,1.8635511694290692
2662,5,/Users/reyesmatte/Desktop/copypasta/20260226/processed_masks/PY79_32_cp_masks.tif,PY79_32_cp_masks.tif,54,0.8151963832232278,6.0980843973420145,12.980109262911276,2.583394427913444
2663,5,/Users/reyesmatte/Desktop/copypasta/20260226/processed_masks/PY79_32_cp_masks.tif,PY79_32_cp_masks.tif,57,0.8438308730630565,5.998143952586057,13.16982409498817,2.6670010769660926
2664,5,/Users/reyesmatte/Desktop/copypasta/20260226/processed_masks/PY79_32_cp_masks.tif,PY79_32_cp_masks.tif,58,0.8695045878345051,5.580786059968226,14.536689883361788,3.001368658630901
2665,5,/Users/reyesmatte/Desktop/copypasta/20260226/processed_masks/PY79_32_cp_masks.tif,PY79_32_cp_masks.tif,59,0.8284722706692876,7.274151612053756,9.74767187268272,1.933677638667592
2666,5,/Users/reyesmatte/Desktop/copypasta/20260226/processed_masks/PY79_32_cp_masks.tif,PY79_32_cp_masks.tif,60,0.7942050606491012,5.9217308478543735,13.318718492681102,2.568746372563258
2667,5,/Users/reyesmatte/Desktop/copypasta/20260226/processed_masks/PY79_32_cp_masks.tif,PY79_32_cp_masks.tif,62,0.7556850562597945,10.9781468004191,13.558994313312168,2.467945005714243
2668,5,/Users/reyesmatte/Desktop/copypasta/20260226/processed_masks/PY79_32_cp_masks.tif,PY79_32_cp_masks.tif,69,0.7606223177739905,4.838490071086482,10.965912579822861,1.9852216818544264
2669,5,/Users/reyesmatte/Desktop/copypasta/20260226/processed_masks/PY79_32_cp_masks.tif,PY79_32_cp_masks.tif,70,0.6420066497834532,9.397464696724152,10.151228270849472,1.5631698502309745
2670,5,/Users/reyesmatte/Desktop/copypasta/20260226/processed_masks/PY79_32_cp_masks.tif,PY79_32_cp_masks.tif,72,0.7831293876037767,5.099466131148042,10.162225457135584,1.8828649075455917
2671,5,/Users/reyesmatte/Desktop/copypasta/20260226/processed_masks/PY79_32_cp_masks.tif,PY79_32_cp_masks.tif,73,0.7671642660875952,8.452265377561826,10.76062443215863,1.966104953866195
2672,5,/Users/reyesmatte/Desktop/copypasta/20260226/processed_masks/PY79_32_cp_masks.tif,PY79_32_cp_masks.tif,91,0.7566812949359032,3.4826451465906714,8.00700990569946,1.4069250138429101
2673,5,/Users/reyesmatte/Desktop/copypasta/20260226/processed_masks/PY79_32_cp_masks.tif,PY79_32_cp_masks.tif,93,0.7708126003206262,3.9717062799144363,9.141444777597933,1.652288820042572
2674,5,/Users/reyesmatte/Desktop/copypasta/20260226/processed_masks/PY79_32_cp_masks.tif,PY79_32_cp_masks.tif,94,0.7418987533726878,6.509852588326925,12.240538571527365,2.236628721357563
2675,5,/Users/reyesmatte/Desktop/copypasta/20260226/processed_masks/PY79_32_cp_masks.tif,PY79_32_cp_masks.tif,95,0.7177896491637867,3.7589052045673794,8.243016365407318,1.3897019306284644
2676,5,/Users/reyesmatte/Desktop/copypasta/20260226/processed_masks/PY79_32_cp_masks.tif,PY79_32_cp_masks.tif,97,0.6854205317550505,4.57246352110726,9.403773370926162,1.5438200107221505
2677,5,/Users/reyesmatte/Desktop/copypasta/20260226/processed_masks/PY79_32_cp_masks.tif,PY79_32_cp_masks.tif,98,0.701692132966251,4.0441722211763524,7.506685836683455,1.2441209032400036
2678,5,/Users/reyesmatte/Desktop/copypasta/20260226/processed_masks/PY79_46_cp_masks.tif,PY79_46_cp_masks.tif,4,0.7352129736830999,2.346533815984912,4.3956300680677245,0.7938201146835511
2679,5,/Users/reyesmatte/Desktop/copypasta/20260226/processed_masks/PY79_46_cp_masks.tif,PY79_46_cp_masks.tif,7,0.7496307005697346,3.9400926645431036,7.785294401428667,1.3986569015245511
2680,5,/Users/reyesmatte/Desktop/copypasta/20260226/processed_masks/PY79_46_cp_masks.tif,PY79_46_cp_masks.tif,16,0.8135993967200118,3.723096226877039,7.92848040080802,1.4773581509132292
2681,5,/Users/reyesmatte/Desktop/copypasta/20260226/processed_masks/PY79_46_cp_masks.tif,PY79_46_cp_masks.tif,22,0.7667829612733953,4.353084848011508,9.023666252657748,1.6217243703767354
2682,5,/Users/reyesmatte/Desktop/copypasta/20260226/processed_masks/PY79_46_cp_masks.tif,PY79_46_cp_masks.tif,29,0.7512149134403322,3.838166612031298,7.772963014728623,1.375631568308534
2683,5,/Users/reyesmatte/Desktop/copypasta/20260226/processed_masks/PY79_46_cp_masks.tif,PY79_46_cp_masks.tif,35,0.7314906644275762,5.9733038316259375,11.472017751600404,2.0140967970152484
2684,5,/Users/reyesmatte/Desktop/copypasta/20260226/processed_masks/PY79_46_cp_masks.tif,PY79_46_cp_masks.tif,36,0.7296181529756287,7.4051238881095784,15.003058544062505,2.6435289666079256
2685,5,/Users/reyesmatte/Desktop/copypasta/20260226/processed_masks/PY79_46_cp_masks.tif,PY79_46_cp_masks.tif,40,0.7912448978971329,2.659924369499389,5.5165221698261755,0.9666840643970593
2686,5,/Users/reyesmatte/Desktop/copypasta/20260226/processed_masks/PY79_46_cp_masks.tif,PY79_46_cp_masks.tif,41,0.6950270758489538,5.117799405740213,9.503065709944678,1.6707862852575237
2687,5,/Users/reyesmatte/Desktop/copypasta/20260226/processed_masks/PY79_46_cp_masks.tif,PY79_46_cp_masks.tif,43,0.713900860656844,2.9186082943226834,5.370620559601401,0.8779042487624242
2688,5,/Users/reyesmatte/Desktop/copypasta/20260226/processed_masks/PY79_46_cp_masks.tif,PY79_46_cp_masks.tif,47,0.7291619860186562,3.6987409221075165,8.111785944219099,1.3835685522751833
2689,5,/Users/reyesmatte/Desktop/copypasta/20260226/processed_masks/PY79_46_cp_masks.tif,PY79_46_cp_masks.tif,48,0.7531373415618058,4.623555485014262,9.542413086115527,1.7218397281955844
2690,5,/Users/reyesmatte/Desktop/copypasta/20260226/processed_masks/PY79_46_cp_masks.tif,PY79_46_cp_masks.tif,50,0.6974209661782579,3.9578151463096054,7.69721847221658,1.2820912698116722
2691,5,/Users/reyesmatte/Desktop/copypasta/20260226/processed_masks/PY79_46_cp_masks.tif,PY79_46_cp_masks.tif,53,0.8537685937306879,5.237580794735658,12.005322386739858,2.4444448850430107
2692,5,/Users/reyesmatte/Desktop/copypasta/20260226/processed_masks/PY79_46_cp_masks.tif,PY79_46_cp_masks.tif,54,0.8058938674854328,4.05996508498453,9.09208059130719,1.6980684239595312
2693,5,/Users/reyesmatte/Desktop/copypasta/20260226/processed_masks/PY79_46_cp_masks.tif,PY79_46_cp_masks.tif,57,0.670331483906018,3.8377934795745503,7.43363564151927,1.1752133479470976
2694,5,/Users/reyesmatte/Desktop/copypasta/20260226/processed_masks/PY79_46_cp_masks.tif,PY79_46_cp_masks.tif,59,0.7933767963516908,4.39015349291099,9.126939922847868,1.6970194746126268
2695,5,/Users/reyesmatte/Desktop/copypasta/20260226/processed_masks/PY79_46_cp_masks.tif,PY79_46_cp_masks.tif,61,0.7902468823169266,4.617510334429039,9.403831568062202,1.816572781903229
2696,5,/Users/reyesmatte/Desktop/copypasta/20260226/processed_masks/PY79_46_cp_masks.tif,PY79_46_cp_masks.tif,62,0.6607727023149144,4.182384637156116,8.193129851573678,1.2851643137867221
2697,5,/Users/reyesmatte/Desktop/copypasta/20260226/processed_masks/PY79_46_cp_masks.tif,PY79_46_cp_masks.tif,64,0.7675433366532898,4.670873431117917,10.317077882576797,1.866330280897781
2698,5,/Users/reyesmatte/Desktop/copypasta/20260226/processed_masks/PY79_46_cp_masks.tif,PY79_46_cp_masks.tif,71,0.7864603917803384,5.014354686936747,11.363795628674113,2.1132873431450694
2699,5,/Users/reyesmatte/Desktop/copypasta/20260226/processed_masks/PY79_46_cp_masks.tif,PY79_46_cp_masks.tif,83,0.7815311871511182,7.068999832587685,13.840477360415264,2.5921453350621007
2700,5,/Users/reyesmatte/Desktop/copypasta/20260226/processed_masks/PY79_46_cp_masks.tif,PY79_46_cp_masks.tif,86,0.773025906678821,6.364269155217998,11.800296543881862,2.208485642979914
2701,5,/Users/reyesmatte/Desktop/copypasta/20260226/processed_masks/PY79_46_cp_masks.tif,PY79_46_cp_masks.tif,87,0.7276444334626913,2.6873530830522925,4.938080035363423,0.8991561711675653
2702,5,/Users/reyesmatte/Desktop/copypasta/20260226/processed_masks/PY79_46_cp_masks.tif,PY79_46_cp_masks.tif,89,0.7819098974373879,2.957061423354279,6.158973130119249,1.0823040908734984
2703,5,/Users/reyesmatte/Desktop/copypasta/20260226/processed_masks/PY79_46_cp_masks.tif,PY79_46_cp_masks.tif,91,0.7503962884633243,6.313939488011764,12.23423407253594,2.242203496276066
2704,5,/Users/reyesmatte/Desktop/copypasta/20260226/processed_masks/PY79_46_cp_masks.tif,PY79_46_cp_masks.tif,92,0.7072807028474057,3.7048536033788118,6.9333011656954495,1.16327106156286
2705,5,/Users/reyesmatte/Desktop/copypasta/20260226/processed_masks/PY79_46_cp_masks.tif,PY79_46_cp_masks.tif,93,0.785246458365722,3.47436068880919,7.269368975080773,1.309130360346259
2706,5,/Users/reyesmatte/Desktop/copypasta/20260226/processed_masks/PY79_46_cp_masks.tif,PY79_46_cp_masks.tif,95,0.7438634932032246,7.19529936168434,14.404721257415044,2.5814603163276133
2707,5,/Users/reyesmatte/Desktop/copypasta/20260226/processed_masks/PY79_46_cp_masks.tif,PY79_46_cp_masks.tif,166,0.6971897628788816,5.437762401741373,9.531302534525379,1.5989451584751702
2708,5,/Users/reyesmatte/Desktop/copypasta/20260226/processed_masks/PY79_46_cp_masks.tif,PY79_46_cp_masks.tif,171,0.7482779670053344,5.023847429923581,9.817610656072144,1.7435069038851998
2709,5,/Users/reyesmatte/Desktop/copypasta/20260226/processed_masks/PY79_46_cp_masks.tif,PY79_46_cp_masks.tif,173,0.7459855388964249,4.545150513623509,9.867384505086353,1.8042822086640147
2710,5,/Users/reyesmatte/Desktop/copypasta/20260226/processed_masks/PY79_46_cp_masks.tif,PY79_46_cp_masks.tif,174,0.764654138268687,4.24224912695103,10.040365098861479,1.8139711962877088
2711,5,/Users/reyesmatte/Desktop/copypasta/20260226/processed_masks/PY79_38_cp_masks.tif,PY79_38_cp_masks.tif,1,0.6872700315635077,4.147670343653189,7.023959341830529,1.1550238393904937
2712,5,/Users/reyesmatte/Desktop/copypasta/20260226/processed_masks/PY79_38_cp_masks.tif,PY79_38_cp_masks.tif,2,0.8402432010312788,6.370650880128468,13.30112717543639,2.680928499502323
2713,5,/Users/reyesmatte/Desktop/copypasta/20260226/processed_masks/PY79_38_cp_masks.tif,PY79_38_cp_masks.tif,4,0.8083307660904466,4.50849664629137,9.004062574571336,1.7155909781619345
2714,5,/Users/reyesmatte/Desktop/copypasta/20260226/processed_masks/PY79_38_cp_masks.tif,PY79_38_cp_masks.tif,5,0.8208778542382427,4.158868055713005,8.726709527261093,1.6505882148654318
2715,5,/Users/reyesmatte/Desktop/copypasta/20260226/processed_masks/PY79_38_cp_masks.tif,PY79_38_cp_masks.tif,6,0.7753263514655893,4.0122655809441286,8.742041824501191,1.596628992166067
2716,5,/Users/reyesmatte/Desktop/copypasta/20260226/processed_masks/PY79_38_cp_masks.tif,PY79_38_cp_masks.tif,7,0.7811630118714901,8.854555403693896,10.113108082106603,1.8667031081161642
2717,5,/Users/reyesmatte/Desktop/copypasta/20260226/processed_masks/PY79_38_cp_masks.tif,PY79_38_cp_masks.tif,8,0.6731440874960695,5.1036128089885695,10.287626257502696,1.6771768130382299
2718,5,/Users/reyesmatte/Desktop/copypasta/20260226/processed_masks/PY79_38_cp_masks.tif,PY79_38_cp_masks.tif,9,0.7260728885039286,4.0875447933837386,7.511346726631897,1.276598227572281
2719,5,/Users/reyesmatte/Desktop/copypasta/20260226/processed_masks/PY79_38_cp_masks.tif,PY79_38_cp_masks.tif,10,0.7868161746921408,5.130350424176056,9.44992792060559,1.8262612935958535
2720,5,/Users/reyesmatte/Desktop/copypasta/20260226/processed_masks/PY79_38_cp_masks.tif,PY79_38_cp_masks.tif,11,0.7936943037964882,3.5836433028159402,6.957102168767105,1.2662947304953251
2721,5,/Users/reyesmatte/Desktop/copypasta/20260226/processed_masks/PY79_38_cp_masks.tif,PY79_38_cp_masks.tif,13,0.7858502555677442,3.616050012292088,7.944044925654054,1.4688618791762031
2722,5,/Users/reyesmatte/Desktop/copypasta/20260226/processed_masks/PY79_38_cp_masks.tif,PY79_38_cp_masks.tif,14,0.8388226682938643,11.145810269636797,12.065928251471643,2.4053154278696773
2723,5,/Users/reyesmatte/Desktop/copypasta/20260226/processed_masks/PY79_38_cp_masks.tif,PY79_38_cp_masks.tif,15,0.7511347132953364,4.824899680819792,8.846793971539,1.5568831349927175
2724,5,/Users/reyesmatte/Desktop/copypasta/20260226/processed_masks/PY79_38_cp_masks.tif,PY79_38_cp_masks.tif,16,0.8076385288501385,4.078727439524179,8.393996115753502,1.5598470274526672
2725,5,/Users/reyesmatte/Desktop/copypasta/20260226/processed_masks/PY79_38_cp_masks.tif,PY79_38_cp_masks.tif,17,0.9009953295707265,4.213010307995518,9.770329632920697,2.0230784195086917
2726,5,/Users/reyesmatte/Desktop/copypasta/20260226/processed_masks/PY79_38_cp_masks.tif,PY79_38_cp_masks.tif,18,0.7997534705448656,4.945391073686147,9.941633856018436,1.8676062348369689
2727,5,/Users/reyesmatte/Desktop/copypasta/20260226/processed_masks/PY79_38_cp_masks.tif,PY79_38_cp_masks.tif,19,0.7424698066045442,4.113309131008074,9.136073755682192,1.6233665140977607
2728,5,/Users/reyesmatte/Desktop/copypasta/20260226/processed_masks/PY79_38_cp_masks.tif,PY79_38_cp_masks.tif,21,0.7288480710411592,3.7763656473420157,6.822742638561629,1.1505403209017284
2729,5,/Users/reyesmatte/Desktop/copypasta/20260226/processed_masks/PY79_38_cp_masks.tif,PY79_38_cp_masks.tif,24,0.8741709123154984,4.6157746896309675,9.689116363840645,1.9698044260701495
2730,5,/Users/reyesmatte/Desktop/copypasta/20260226/processed_masks/PY79_38_cp_masks.tif,PY79_38_cp_masks.tif,26,0.701499027170946,4.361378653490058,7.287564084823796,1.1957541708233015
2731,5,/Users/reyesmatte/Desktop/copypasta/20260226/processed_masks/PY79_38_cp_masks.tif,PY79_38_cp_masks.tif,28,0.7326242862189348,4.798226233203604,9.803036419925498,1.7134185479997193
2732,5,/Users/reyesmatte/Desktop/copypasta/20260226/processed_masks/PY79_38_cp_masks.tif,PY79_38_cp_masks.tif,29,0.8139630546578662,3.33241273102371,6.67226437872048,1.2209389882921364
2733,5,/Users/reyesmatte/Desktop/copypasta/20260226/processed_masks/PY79_38_cp_masks.tif,PY79_38_cp_masks.tif,30,0.7801154132418028,4.37509420676191,8.129281716562849,1.4761652489503618
2734,5,/Users/reyesmatte/Desktop/copypasta/20260226/processed_masks/PY79_38_cp_masks.tif,PY79_38_cp_masks.tif,31,0.7367786124660122,4.750230251234755,9.236976320026958,1.6112035514379415
2735,5,/Users/reyesmatte/Desktop/copypasta/20260226/processed_masks/PY79_38_cp_masks.tif,PY79_38_cp_masks.tif,32,0.7045990919007046,7.387089410819355,12.154286528922684,2.076568563846207
2736,5,/Users/reyesmatte/Desktop/copypasta/20260226/processed_masks/PY79_38_cp_masks.tif,PY79_38_cp_masks.tif,33,0.7365655703333113,3.578579129257366,6.6900983375031515,1.1597147583518301
2737,5,/Users/reyesmatte/Desktop/copypasta/20260226/processed_masks/PY79_38_cp_masks.tif,PY79_38_cp_masks.tif,34,0.7591716193177106,5.235144256920499,6.248887288532449,1.1167372362192807
2738,5,/Users/reyesmatte/Desktop/copypasta/20260226/processed_masks/PY79_38_cp_masks.tif,PY79_38_cp_masks.tif,35,0.8165209571573637,3.7162077907973394,8.44675977941067,1.6232208145243638
2739,5,/Users/reyesmatte/Desktop/copypasta/20260226/processed_masks/PY79_38_cp_masks.tif,PY79_38_cp_masks.tif,36,0.8197988268460051,5.533752081927212,12.183192472636714,2.4535671426479126
2740,5,/Users/reyesmatte/Desktop/copypasta/20260226/processed_masks/PY79_38_cp_masks.tif,PY79_38_cp_masks.tif,37,0.8507147836180408,3.4748973960989757,8.358524954506503,1.6233043889254566
2741,5,/Users/reyesmatte/Desktop/copypasta/20260226/processed_masks/PY79_38_cp_masks.tif,PY79_38_cp_masks.tif,38,0.8317740125229106,7.239722629794097,16.827985944871916,3.3574446831602907
2742,5,/Users/reyesmatte/Desktop/copypasta/20260226/processed_masks/PY79_38_cp_masks.tif,PY79_38_cp_masks.tif,39,0.7545997071701381,5.644202547026853,11.534518870596651,2.1334956461760894
2743,5,/Users/reyesmatte/Desktop/copypasta/20260226/processed_masks/PY79_38_cp_masks.tif,PY79_38_cp_masks.tif,40,0.8930953154382433,6.572507706765907,16.017737587554613,3.4784002990729532
2744,5,/Users/reyesmatte/Desktop/copypasta/20260226/processed_masks/PY79_38_cp_masks.tif,PY79_38_cp_masks.tif,41,0.7872678906784939,5.086441144678883,9.629864611781905,1.7923833016045687
2745,5,/Users/reyesmatte/Desktop/copypasta/20260226/processed_masks/PY79_38_cp_masks.tif,PY79_38_cp_masks.tif,42,0.7128599046377478,3.822877697290261,7.243506836412902,1.2442976473497218
2746,5,/Users/reyesmatte/Desktop/copypasta/20260226/processed_masks/PY79_38_cp_masks.tif,PY79_38_cp_masks.tif,43,0.710522066059578,4.048554703330013,7.352434053078854,1.2575840953426252
2747,5,/Users/reyesmatte/Desktop/copypasta/20260226/processed_masks/PY79_38_cp_masks.tif,PY79_38_cp_masks.tif,44,0.735432191502709,7.507529203628435,15.846303743314754,2.8209279035970978
2748,5,/Users/reyesmatte/Desktop/copypasta/20260226/processed_masks/PY79_38_cp_masks.tif,PY79_38_cp_masks.tif,45,0.883628464931257,2.9810901161805416,7.715101455759567,1.5317313679110058
2749,5,/Users/reyesmatte/Desktop/copypasta/20260226/processed_masks/PY79_38_cp_masks.tif,PY79_38_cp_masks.tif,46,0.8271035041237176,3.764763200843119,8.214271422887313,1.6051513389661443
2750,5,/Users/reyesmatte/Desktop/copypasta/20260226/processed_masks/PY79_38_cp_masks.tif,PY79_38_cp_masks.tif,47,0.7331773052627993,5.398847576927052,9.563441044442301,1.658006716481068
2751,5,/Users/reyesmatte/Desktop/copypasta/20260226/processed_masks/PY79_38_cp_masks.tif,PY79_38_cp_masks.tif,48,0.8034102541409663,5.196831184612175,12.156734357606899,2.3127084105398255
2752,5,/Users/reyesmatte/Desktop/copypasta/20260226/processed_masks/PY79_38_cp_masks.tif,PY79_38_cp_masks.tif,49,0.7095558582444563,3.614247345903345,6.809014793004579,1.196909946449615
2753,5,/Users/reyesmatte/Desktop/copypasta/20260226/processed_masks/PY79_38_cp_masks.tif,PY79_38_cp_masks.tif,51,0.8369971239153042,4.715136448367709,9.329306971008824,1.8305964064108846
2754,5,/Users/reyesmatte/Desktop/copypasta/20260226/processed_masks/PY79_38_cp_masks.tif,PY79_38_cp_masks.tif,52,0.7587624083836637,3.4750343439716285,6.896332344489845,1.2001905970138567
2755,5,/Users/reyesmatte/Desktop/copypasta/20260226/processed_masks/PY79_38_cp_masks.tif,PY79_38_cp_masks.tif,53,0.8378818895275032,4.2253500956639956,8.21421007931762,1.682231321076142
2756,5,/Users/reyesmatte/Desktop/copypasta/20260226/processed_masks/PY79_38_cp_masks.tif,PY79_38_cp_masks.tif,55,0.7458771978134002,2.95194139741645,5.480102049287583,0.9600446879471882
2757,5,/Users/reyesmatte/Desktop/copypasta/20260226/processed_masks/PY79_38_cp_masks.tif,PY79_38_cp_masks.tif,57,0.8663231541578947,4.505188005271023,9.828948444722233,2.0295640619332
2758,5,/Users/reyesmatte/Desktop/copypasta/20260226/processed_masks/PY79_38_cp_masks.tif,PY79_38_cp_masks.tif,58,0.7192954584425287,3.4658426517003345,6.359132105160225,1.085560072224217
2759,5,/Users/reyesmatte/Desktop/copypasta/20260226/processed_masks/PY79_38_cp_masks.tif,PY79_38_cp_masks.tif,60,0.7775377377688965,4.797562596878163,10.599052144782442,1.939328230533231
2760,5,/Users/reyesmatte/Desktop/copypasta/20260226/processed_masks/PY79_38_cp_masks.tif,PY79_38_cp_masks.tif,61,0.7547572089603375,5.442321643931537,12.163983517189314,2.20519765186803
2761,5,/Users/reyesmatte/Desktop/copypasta/20260226/processed_masks/PY79_38_cp_masks.tif,PY79_38_cp_masks.tif,62,0.8658463298779839,4.748740027324339,10.361891378498163,2.07781449094296
2762,5,/Users/reyesmatte/Desktop/copypasta/20260226/processed_masks/PY79_38_cp_masks.tif,PY79_38_cp_masks.tif,63,0.6751386554774894,3.455203713832571,5.845177481755153,0.932620935725485
2763,5,/Users/reyesmatte/Desktop/copypasta/20260226/processed_masks/PY79_38_cp_masks.tif,PY79_38_cp_masks.tif,64,0.7612764807670094,3.8235602200140066,8.895716930129803,1.5819785132033857
2764,5,/Users/reyesmatte/Desktop/copypasta/20260226/processed_masks/PY79_38_cp_masks.tif,PY79_38_cp_masks.tif,66,0.8540113199998961,3.048893957065094,8.1043387975841,1.574073596290308
2765,5,/Users/reyesmatte/Desktop/copypasta/20260226/processed_masks/PY79_38_cp_masks.tif,PY79_38_cp_masks.tif,68,0.8371228333871082,3.4309881166018017,8.24778165882469,1.5999675979392352
2766,5,/Users/reyesmatte/Desktop/copypasta/20260226/processed_masks/PY79_38_cp_masks.tif,PY79_38_cp_masks.tif,69,0.7606951443169643,3.7335453888301413,7.879012837334715,1.4115585163328048
2767,5,/Users/reyesmatte/Desktop/copypasta/20260226/processed_masks/PY79_38_cp_masks.tif,PY79_38_cp_masks.tif,72,0.8049854161542972,4.585014539543103,9.977864995432595,1.8738661519465916
2768,5,/Users/reyesmatte/Desktop/copypasta/20260226/processed_masks/PY79_38_cp_masks.tif,PY79_38_cp_masks.tif,74,0.812202719374192,4.776592629298405,9.54236950553807,1.8876301949825056
2769,5,/Users/reyesmatte/Desktop/copypasta/20260226/processed_masks/PY79_38_cp_masks.tif,PY79_38_cp_masks.tif,75,0.8164950910484482,4.3069259351036795,8.681673348536803,1.6397318906858291
2770,5,/Users/reyesmatte/Desktop/copypasta/20260226/processed_masks/PY79_38_cp_masks.tif,PY79_38_cp_masks.tif,76,0.6951172752902957,7.110828979799462,11.070852671140209,1.8623592924104544
2771,5,/Users/reyesmatte/Desktop/copypasta/20260226/processed_masks/PY79_38_cp_masks.tif,PY79_38_cp_masks.tif,77,0.7188016470195387,5.370760948671006,10.911220135480024,1.9149589575901091
2772,5,/Users/reyesmatte/Desktop/copypasta/20260226/processed_masks/PY79_38_cp_masks.tif,PY79_38_cp_masks.tif,78,0.7707776369889283,4.37399107560958,8.41379564893426,1.5109448539384007
2773,5,/Users/reyesmatte/Desktop/copypasta/20260226/processed_masks/PY79_38_cp_masks.tif,PY79_38_cp_masks.tif,79,0.7708458350525259,5.061687482377652,11.770702620442256,2.158707565938814
2774,5,/Users/reyesmatte/Desktop/copypasta/20260226/processed_masks/PY79_38_cp_masks.tif,PY79_38_cp_masks.tif,80,0.7644832242490456,4.879276029918434,11.294241616076574,2.0662918484119603
2775,5,/Users/reyesmatte/Desktop/copypasta/20260226/processed_masks/PY79_38_cp_masks.tif,PY79_38_cp_masks.tif,82,0.8100646753070135,3.655490113526216,8.289826387497465,1.546478433403054
2776,5,/Users/reyesmatte/Desktop/copypasta/20260226/processed_masks/PY79_38_cp_masks.tif,PY79_38_cp_masks.tif,83,0.8372347646713874,3.0033902192922493,7.048959059453155,1.3262459171264522
2777,5,/Users/reyesmatte/Desktop/copypasta/20260226/processed_masks/PY79_38_cp_masks.tif,PY79_38_cp_masks.tif,84,0.8009743465303467,3.789492058074122,8.227123823521403,1.5326936546940575
2778,5,/Users/reyesmatte/Desktop/copypasta/20260226/processed_masks/PY79_38_cp_masks.tif,PY79_38_cp_masks.tif,86,0.8239636395288252,3.5844614518959634,7.980042685753041,1.5048604611901617
2779,5,/Users/reyesmatte/Desktop/copypasta/20260226/processed_masks/PY79_38_cp_masks.tif,PY79_38_cp_masks.tif,88,0.7824495965246413,6.400313587505146,13.987388787058096,2.6272146465583956
2780,5,/Users/reyesmatte/Desktop/copypasta/20260226/processed_masks/PY79_38_cp_masks.tif,PY79_38_cp_masks.tif,89,0.743309732865251,6.777436919019382,13.039778859637027,2.321454237419344
2781,5,/Users/reyesmatte/Desktop/copypasta/20260226/processed_masks/PY79_38_cp_masks.tif,PY79_38_cp_masks.tif,90,0.7226889126596298,6.850614645234372,13.64268054545166,2.381182216404389
2782,5,/Users/reyesmatte/Desktop/copypasta/20260226/processed_masks/PY79_38_cp_masks.tif,PY79_38_cp_masks.tif,91,0.7257520661794656,3.0208540756178675,5.642699836537607,0.9238980022525023
2783,5,/Users/reyesmatte/Desktop/copypasta/20260226/processed_masks/PY79_38_cp_masks.tif,PY79_38_cp_masks.tif,92,0.6480830816367968,5.657341710145313,9.58156335570577,1.5234157101165078
2784,5,/Users/reyesmatte/Desktop/copypasta/20260226/processed_masks/PY79_38_cp_masks.tif,PY79_38_cp_masks.tif,93,0.6779168403656415,6.296205682173736,10.960772801133574,1.7983143574678322
2785,5,/Users/reyesmatte/Desktop/copypasta/20260226/processed_masks/PY79_38_cp_masks.tif,PY79_38_cp_masks.tif,94,0.6609324889483323,3.338016519646528,5.774728087894786,0.8972066698665038
2786,5,/Users/reyesmatte/Desktop/copypasta/20260226/processed_masks/PY79_38_cp_masks.tif,PY79_38_cp_masks.tif,95,0.6857411040608291,4.201672801294701,7.358022623835421,1.1935591124958285
2787,5,/Users/reyesmatte/Desktop/copypasta/20260226/processed_masks/PY79_38_cp_masks.tif,PY79_38_cp_masks.tif,96,0.708232537909943,3.2959458386302254,6.093265862456794,1.034651732922814
2788,5,/Users/reyesmatte/Desktop/copypasta/20260226/processed_masks/PY79_38_cp_masks.tif,PY79_38_cp_masks.tif,97,0.759514851469051,5.631577372520978,11.236551284776956,2.0271077889135474
2789,5,/Users/reyesmatte/Desktop/copypasta/20260226/processed_masks/PY79_38_cp_masks.tif,PY79_38_cp_masks.tif,99,0.707547745668081,3.6003721092083296,7.00807603870399,1.1540754968311389
2790,5,/Users/reyesmatte/Desktop/copypasta/20260226/processed_masks/PY79_38_cp_masks.tif,PY79_38_cp_masks.tif,100,0.6923501005464987,3.41974742622804,6.117173672508367,1.0486643358760632
2791,5,/Users/reyesmatte/Desktop/copypasta/20260226/processed_masks/PY79_38_cp_masks.tif,PY79_38_cp_masks.tif,101,0.739812327310757,2.7006172667558164,5.524364480400941,0.9162946644760857
2792,5,/Users/reyesmatte/Desktop/copypasta/20260226/processed_masks/PY79_38_cp_masks.tif,PY79_38_cp_masks.tif,102,0.7737897138938578,6.702278454924552,11.993503618338838,2.263835313724919
2793,5,/Users/reyesmatte/Desktop/copypasta/20260226/processed_masks/PY79_38_cp_masks.tif,PY79_38_cp_masks.tif,103,0.705023082125462,3.022752548362564,5.591967847186688,0.8980335833840457
2794,5,/Users/reyesmatte/Desktop/copypasta/20260226/processed_masks/PY79_38_cp_masks.tif,PY79_38_cp_masks.tif,104,0.7902752210581012,4.066666914483829,8.05104630384946,1.4673717875165888
2795,5,/Users/reyesmatte/Desktop/copypasta/20260226/processed_masks/PY79_38_cp_masks.tif,PY79_38_cp_masks.tif,105,0.7824334648194043,7.673820697651433,14.830306589339376,2.7828865086133447
2796,5,/Users/reyesmatte/Desktop/copypasta/20260226/processed_masks/PY79_38_cp_masks.tif,PY79_38_cp_masks.tif,106,0.8086932268565539,3.5578856861377735,7.176995119747402,1.3153001419705108
2797,5,/Users/reyesmatte/Desktop/copypasta/20260226/processed_masks/PY79_38_cp_masks.tif,PY79_38_cp_masks.tif,107,0.7365074826344047,6.726332202726026,13.348993042601444,2.3607692117540964
2798,5,/Users/reyesmatte/Desktop/copypasta/20260226/processed_masks/PY79_38_cp_masks.tif,PY79_38_cp_masks.tif,108,0.77244590202463,6.8239583166646955,13.01832071903425,2.411579721059297
2799,5,/Users/reyesmatte/Desktop/copypasta/20260226/processed_masks/PY79_3_cp_masks.tif,PY79_3_cp_masks.tif,1,0.6665035042761092,3.431212098327127,5.497350474064555,0.9504898494729391
2800,5,/Users/reyesmatte/Desktop/copypasta/20260226/processed_masks/PY79_3_cp_masks.tif,PY79_3_cp_masks.tif,2,0.7268460583096537,5.040506463401359,9.258972264730344,1.5976134664255255
2801,5,/Users/reyesmatte/Desktop/copypasta/20260226/processed_masks/PY79_3_cp_masks.tif,PY79_3_cp_masks.tif,3,0.7758315792536945,12.244748230751503,22.52690093483573,4.274686328306106
2802,5,/Users/reyesmatte/Desktop/copypasta/20260226/processed_masks/PY79_3_cp_masks.tif,PY79_3_cp_masks.tif,4,0.777199815958052,5.5852188028222916,12.169888485469137,2.245227064535491
2803,5,/Users/reyesmatte/Desktop/copypasta/20260226/processed_masks/PY79_3_cp_masks.tif,PY79_3_cp_masks.tif,5,0.7865465399225752,5.2455564945337665,11.698930574541587,2.2183102518542226
2804,5,/Users/reyesmatte/Desktop/copypasta/20260226/processed_masks/PY79_3_cp_masks.tif,PY79_3_cp_masks.tif,6,0.7267187962547825,6.279445153898858,10.986207747419154,1.9963480378825182
2805,5,/Users/reyesmatte/Desktop/copypasta/20260226/processed_masks/PY79_3_cp_masks.tif,PY79_3_cp_masks.tif,7,0.7668843521094356,4.733693954590184,8.761917248876149,1.6403100897206067
2806,5,/Users/reyesmatte/Desktop/copypasta/20260226/processed_masks/PY79_3_cp_masks.tif,PY79_3_cp_masks.tif,8,0.7681432896479651,7.074010301926079,16.196248648196864,3.0057271583743623
2807,5,/Users/reyesmatte/Desktop/copypasta/20260226/processed_masks/PY79_3_cp_masks.tif,PY79_3_cp_masks.tif,9,0.7879848635194702,4.442392101496419,8.595545793694566,1.577904151731784
2808,5,/Users/reyesmatte/Desktop/copypasta/20260226/processed_masks/PY79_3_cp_masks.tif,PY79_3_cp_masks.tif,10,0.8039225121873047,6.469849361121086,12.553361411548089,2.396433371312451
2809,5,/Users/reyesmatte/Desktop/copypasta/20260226/processed_masks/PY79_3_cp_masks.tif,PY79_3_cp_masks.tif,11,0.7794342894715415,8.971707282026598,21.43863442851203,4.061049874945724
2810,5,/Users/reyesmatte/Desktop/copypasta/20260226/processed_masks/PY79_3_cp_masks.tif,PY79_3_cp_masks.tif,12,0.7121239633785542,0.7766161508785543,1.8826949607030838,0.2408365482965331
2811,5,/Users/reyesmatte/Desktop/copypasta/20260226/processed_masks/PY79_3_cp_masks.tif,PY79_3_cp_masks.tif,13,0.8076954459203848,6.317966187542855,11.98905600959874,2.3113035500508725
2812,5,/Users/reyesmatte/Desktop/copypasta/20260226/processed_masks/PY79_3_cp_masks.tif,PY79_3_cp_masks.tif,14,0.6849701563970713,3.9590013314315375,8.064550343508273,1.3023887882470355
2813,5,/Users/reyesmatte/Desktop/copypasta/20260226/processed_masks/PY79_3_cp_masks.tif,PY79_3_cp_masks.tif,15,0.6965245121075238,7.412804617010604,14.854334771459579,2.511797404635638
2814,5,/Users/reyesmatte/Desktop/copypasta/20260226/processed_masks/PY79_3_cp_masks.tif,PY79_3_cp_masks.tif,16,0.7150314982229639,5.294942590655688,11.117570209770923,1.906008209688551
2815,5,/Users/reyesmatte/Desktop/copypasta/20260226/processed_masks/PY79_3_cp_masks.tif,PY79_3_cp_masks.tif,17,0.8048331698606445,6.847875116593516,16.40698388872573,3.1898450252060426
2816,5,/Users/reyesmatte/Desktop/copypasta/20260226/processed_masks/PY79_3_cp_masks.tif,PY79_3_cp_masks.tif,18,0.7505048402947682,4.3833092167807655,9.660395044312896,1.779355014267088
2817,5,/Users/reyesmatte/Desktop/copypasta/20260226/processed_masks/PY79_3_cp_masks.tif,PY79_3_cp_masks.tif,19,0.7239327112769273,4.824113307661146,10.233570535884327,1.8248606259368458
2818,5,/Users/reyesmatte/Desktop/copypasta/20260226/processed_masks/PY79_3_cp_masks.tif,PY79_3_cp_masks.tif,20,0.8020416587224276,6.2885448774153385,11.904342854464657,2.259411127499285
2819,5,/Users/reyesmatte/Desktop/copypasta/20260226/processed_masks/PY79_3_cp_masks.tif,PY79_3_cp_masks.tif,21,0.814438218074769,7.710269320898028,10.792236607557706,2.0637637588747526
2820,5,/Users/reyesmatte/Desktop/copypasta/20260226/processed_masks/PY79_3_cp_masks.tif,PY79_3_cp_masks.tif,22,0.7386870736648781,4.2514601433041594,9.017930674251877,1.5756137117282618
2821,5,/Users/reyesmatte/Desktop/copypasta/20260226/processed_masks/PY79_3_cp_masks.tif,PY79_3_cp_masks.tif,23,0.7743917819748616,3.900228638623509,8.654545692626868,1.5601121432952734
2822,5,/Users/reyesmatte/Desktop/copypasta/20260226/processed_masks/PY79_3_cp_masks.tif,PY79_3_cp_masks.tif,24,0.742115963054568,4.244832745191188,9.275534081202473,1.6200738183411445
2823,5,/Users/reyesmatte/Desktop/copypasta/20260226/processed_masks/PY79_3_cp_masks.tif,PY79_3_cp_masks.tif,25,0.6920492145068416,5.431256533890755,11.121702836127614,1.8580066887580269
2824,5,/Users/reyesmatte/Desktop/copypasta/20260226/processed_masks/PY79_3_cp_masks.tif,PY79_3_cp_masks.tif,26,0.8205914396964474,7.829408175708297,17.412582165681975,3.443340596888875
2825,5,/Users/reyesmatte/Desktop/copypasta/20260226/processed_masks/PY79_3_cp_masks.tif,PY79_3_cp_masks.tif,27,0.893422211123772,8.650032717685244,21.252082832096715,4.582428111996829
2826,5,/Users/reyesmatte/Desktop/copypasta/20260226/processed_masks/PY79_3_cp_masks.tif,PY79_3_cp_masks.tif,28,0.8302952744904624,6.715941572946447,14.483734687965718,2.8710570249567144
2827,5,/Users/reyesmatte/Desktop/copypasta/20260226/processed_masks/PY79_3_cp_masks.tif,PY79_3_cp_masks.tif,29,0.9025796361456412,4.235940129795765,10.136944045570594,2.1027887116826824
2828,5,/Users/reyesmatte/Desktop/copypasta/20260226/processed_masks/PY79_3_cp_masks.tif,PY79_3_cp_masks.tif,30,0.8047659969044871,5.928397259899763,11.703365585263706,2.227914924542621
2829,5,/Users/reyesmatte/Desktop/copypasta/20260226/processed_masks/PY79_3_cp_masks.tif,PY79_3_cp_masks.tif,31,0.8216125757772218,4.611028543036299,9.95033740592605,1.9146364708906
2830,5,/Users/reyesmatte/Desktop/copypasta/20260226/processed_masks/PY79_3_cp_masks.tif,PY79_3_cp_masks.tif,32,0.7587999301217525,7.044884301839187,14.612746110466064,2.6679671654676103
2831,5,/Users/reyesmatte/Desktop/copypasta/20260226/processed_masks/PY79_3_cp_masks.tif,PY79_3_cp_masks.tif,33,0.8116691029193952,4.427806109397832,8.657864087189306,1.626742808827878
2832,5,/Users/reyesmatte/Desktop/copypasta/20260226/processed_masks/PY79_3_cp_masks.tif,PY79_3_cp_masks.tif,34,0.708977223534594,3.9929830347125344,6.98702622438539,1.1791457811719477
2833,5,/Users/reyesmatte/Desktop/copypasta/20260226/processed_masks/PY79_3_cp_masks.tif,PY79_3_cp_masks.tif,35,0.6533744241528314,5.231786234562083,8.622205807171452,1.3580022461209296
2834,5,/Users/reyesmatte/Desktop/copypasta/20260226/processed_masks/PY79_3_cp_masks.tif,PY79_3_cp_masks.tif,36,0.6923672191047079,4.2896183014386695,8.235320153001423,1.3603608895793382
2835,5,/Users/reyesmatte/Desktop/copypasta/20260226/processed_masks/PY79_3_cp_masks.tif,PY79_3_cp_masks.tif,37,0.7332791694241145,4.655988518435843,10.052856651082386,1.7480343356718058
2836,5,/Users/reyesmatte/Desktop/copypasta/20260226/processed_masks/PY79_3_cp_masks.tif,PY79_3_cp_masks.tif,38,0.7482947450991294,4.090507724388257,8.008854962574297,1.3946735909375505
2837,5,/Users/reyesmatte/Desktop/copypasta/20260226/processed_masks/PY79_3_cp_masks.tif,PY79_3_cp_masks.tif,39,0.7540029803336303,3.8475024541813823,7.521884585101315,1.3178060440313129
2838,5,/Users/reyesmatte/Desktop/copypasta/20260226/processed_masks/PY79_3_cp_masks.tif,PY79_3_cp_masks.tif,41,0.6786316866791209,5.69167879795428,11.042770814099743,1.8039955356167912
2839,5,/Users/reyesmatte/Desktop/copypasta/20260226/processed_masks/PY79_3_cp_masks.tif,PY79_3_cp_masks.tif,42,0.7257583124657379,5.772712598554483,11.652051150594158,2.027330626119785
2840,5,/Users/reyesmatte/Desktop/copypasta/20260226/processed_masks/PY79_3_cp_masks.tif,PY79_3_cp_masks.tif,43,0.6578213057988601,4.451418497196899,8.827836961899528,1.3854451987626697
2841,5,/Users/reyesmatte/Desktop/copypasta/20260226/processed_masks/PY79_3_cp_masks.tif,PY79_3_cp_masks.tif,44,0.7750250110460124,3.8833062609193365,9.392957869778865,1.701499640217545
2842,5,/Users/reyesmatte/Desktop/copypasta/20260226/processed_masks/PY79_3_cp_masks.tif,PY79_3_cp_masks.tif,45,0.7752274431077705,4.189245937912976,9.579506710692494,1.769911394607158
2843,5,/Users/reyesmatte/Desktop/copypasta/20260226/processed_masks/PY79_3_cp_masks.tif,PY79_3_cp_masks.tif,46,0.7927361676553751,5.162814063877269,12.060228183305075,2.2688548616937756
2844,5,/Users/reyesmatte/Desktop/copypasta/20260226/processed_masks/PY79_3_cp_masks.tif,PY79_3_cp_masks.tif,47,0.8036872930969765,4.838913959507645,11.506882195261616,2.1992665960047675
2845,5,/Users/reyesmatte/Desktop/copypasta/20260226/processed_masks/PY79_3_cp_masks.tif,PY79_3_cp_masks.tif,48,0.8312553951998587,4.116434889959217,10.982019638168865,2.1449435229028997
2846,5,/Users/reyesmatte/Desktop/copypasta/20260226/processed_masks/PY79_3_cp_masks.tif,PY79_3_cp_masks.tif,49,0.8121831169808229,4.8361322924667105,9.792876974631922,1.9452594009310549
2847,5,/Users/reyesmatte/Desktop/copypasta/20260226/processed_masks/PY79_3_cp_masks.tif,PY79_3_cp_masks.tif,50,0.8125871107627549,4.403989907514006,10.866057922349487,2.0808548485459144
2848,5,/Users/reyesmatte/Desktop/copypasta/20260226/processed_masks/PY79_3_cp_masks.tif,PY79_3_cp_masks.tif,51,0.8376596522005821,5.021233782355588,10.027399712207929,2.055734790112547
2849,5,/Users/reyesmatte/Desktop/copypasta/20260226/processed_masks/PY79_3_cp_masks.tif,PY79_3_cp_masks.tif,52,0.7912265696109604,4.850826846390754,11.466983728945696,2.149579682049438
2850,5,/Users/reyesmatte/Desktop/copypasta/20260226/processed_masks/PY79_45_cp_masks.tif,PY79_45_cp_masks.tif,1,0.6749490837417177,7.006406117832381,12.204783738029233,2.073314319348652
2851,5,/Users/reyesmatte/Desktop/copypasta/20260226/processed_masks/PY79_45_cp_masks.tif,PY79_45_cp_masks.tif,6,0.7721391831900559,6.153221614826596,13.04122531667783,2.4040640359950842
2852,5,/Users/reyesmatte/Desktop/copypasta/20260226/processed_masks/PY79_45_cp_masks.tif,PY79_45_cp_masks.tif,8,0.7549457118619354,3.76719901004593,7.30893379116932,1.3278482070062987
2853,5,/Users/reyesmatte/Desktop/copypasta/20260226/processed_masks/PY79_45_cp_masks.tif,PY79_45_cp_masks.tif,10,0.7741988008794222,3.441702065976627,7.345588264854555,1.3078549944492972
2854,5,/Users/reyesmatte/Desktop/copypasta/20260226/processed_masks/PY79_45_cp_masks.tif,PY79_45_cp_masks.tif,13,0.7583510690795733,7.382456960738224,14.755603430033153,2.693680730224257
2855,5,/Users/reyesmatte/Desktop/copypasta/20260226/processed_masks/PY79_45_cp_masks.tif,PY79_45_cp_masks.tif,15,0.7404875633588789,6.872422566111751,13.054409638703813,2.3273943824677157
2856,5,/Users/reyesmatte/Desktop/copypasta/20260226/processed_masks/PY79_45_cp_masks.tif,PY79_45_cp_masks.tif,17,0.7794798944930347,6.142156504785813,12.988893772418734,2.410805608094307
2857,5,/Users/reyesmatte/Desktop/copypasta/20260226/processed_masks/PY79_45_cp_masks.tif,PY79_45_cp_masks.tif,21,0.7563163796983803,8.996497293036299,19.000063667016793,3.509830974158165
2858,5,/Users/reyesmatte/Desktop/copypasta/20260226/processed_masks/PY79_45_cp_masks.tif,PY79_45_cp_masks.tif,24,0.7848042028625791,7.035829557440544,13.90103431973257,2.6860500655416244
2859,5,/Users/reyesmatte/Desktop/copypasta/20260226/processed_masks/PY79_45_cp_masks.tif,PY79_45_cp_masks.tif,34,0.786551493339344,7.555701775901357,16.12730895786926,3.0748604526678447
2860,5,/Users/reyesmatte/Desktop/copypasta/20260226/processed_masks/PY79_45_cp_masks.tif,PY79_45_cp_masks.tif,35,0.7504728542585479,5.416231650413951,10.795647005630569,1.9174371903755458
2861,5,/Users/reyesmatte/Desktop/copypasta/20260226/processed_masks/PY79_45_cp_masks.tif,PY79_45_cp_masks.tif,36,0.7282979740612894,5.517654709842014,10.366101456743722,1.8623271121340115
2862,5,/Users/reyesmatte/Desktop/copypasta/20260226/processed_masks/PY79_45_cp_masks.tif,PY79_45_cp_masks.tif,37,0.7780834004036307,6.579743716132571,14.547241178683125,2.716326709779727
2863,5,/Users/reyesmatte/Desktop/copypasta/20260226/processed_masks/PY79_45_cp_masks.tif,PY79_45_cp_masks.tif,38,0.7200756460014762,4.952493941666721,9.032418763787478,1.5551080965931239
2864,5,/Users/reyesmatte/Desktop/copypasta/20260226/processed_masks/PY79_45_cp_masks.tif,PY79_45_cp_masks.tif,41,0.681703241489974,5.4187399060132195,9.806525625280521,1.6005815279864384
2865,5,/Users/reyesmatte/Desktop/copypasta/20260226/processed_masks/PY79_45_cp_masks.tif,PY79_45_cp_masks.tif,44,0.6831649542837188,3.921669637569092,7.472427778437525,1.2061995601818725
2866,5,/Users/reyesmatte/Desktop/copypasta/20260226/processed_masks/PY79_45_cp_masks.tif,PY79_45_cp_masks.tif,45,0.8123594491362138,5.995462400405664,12.885799056450798,2.484570219312406
2867,5,/Users/reyesmatte/Desktop/copypasta/20260226/processed_masks/PY79_45_cp_masks.tif,PY79_45_cp_masks.tif,46,0.7227863581410987,3.4499481986751803,7.049471235040369,1.19431749635952
2868,5,/Users/reyesmatte/Desktop/copypasta/20260226/processed_masks/PY79_45_cp_masks.tif,PY79_45_cp_masks.tif,48,0.8274850196717759,6.1270839485290125,13.502074717866194,2.6531114054795992
2869,5,/Users/reyesmatte/Desktop/copypasta/20260226/processed_masks/PY79_45_cp_masks.tif,PY79_45_cp_masks.tif,50,0.7419056113941485,3.4735129119668624,7.423843547764353,1.2815700939979868
2870,5,/Users/reyesmatte/Desktop/copypasta/20260226/processed_masks/PY79_45_cp_masks.tif,PY79_45_cp_masks.tif,56,0.8638510736248781,3.337021104646961,7.247142726747779,1.4134392107228018
2871,5,/Users/reyesmatte/Desktop/copypasta/20260226/processed_masks/PY79_45_cp_masks.tif,PY79_45_cp_masks.tif,58,0.7455496283647932,4.237201828768406,8.708332791092849,1.534411227995306
2872,5,/Users/reyesmatte/Desktop/copypasta/20260226/processed_masks/PY79_45_cp_masks.tif,PY79_45_cp_masks.tif,61,0.7321592613883189,4.065268769982182,8.245638298162307,1.5284718891909252
2873,5,/Users/reyesmatte/Desktop/copypasta/20260226/processed_masks/PY79_45_cp_masks.tif,PY79_45_cp_masks.tif,64,0.7886816167944337,5.964341123360993,12.100199566975565,2.3194506765796676
2874,5,/Users/reyesmatte/Desktop/copypasta/20260226/processed_masks/PY79_45_cp_masks.tif,PY79_45_cp_masks.tif,65,0.7833417382475365,7.049880184836868,16.036872247821865,3.0264040748763557
2875,5,/Users/reyesmatte/Desktop/copypasta/20260226/processed_masks/PY79_45_cp_masks.tif,PY79_45_cp_masks.tif,66,0.6958360883121562,4.596709712503694,8.03185363289614,1.34166683817563
2876,5,/Users/reyesmatte/Desktop/copypasta/20260226/processed_masks/PY79_45_cp_masks.tif,PY79_45_cp_masks.tif,67,0.717086848890913,4.362414313254219,8.187929098780385,1.3746751711522678
2877,5,/Users/reyesmatte/Desktop/copypasta/20260226/processed_masks/PY79_45_cp_masks.tif,PY79_45_cp_masks.tif,69,0.8342171204948509,7.086406175582226,14.141599658319224,2.8101577844046353
2878,5,/Users/reyesmatte/Desktop/copypasta/20260226/processed_masks/PY79_45_cp_masks.tif,PY79_45_cp_masks.tif,70,0.8223272754301266,6.286626480528011,13.443078330040354,2.6845401968782006
2879,5,/Users/reyesmatte/Desktop/copypasta/20260226/processed_masks/PY79_45_cp_masks.tif,PY79_45_cp_masks.tif,71,0.7300483724510889,7.799721393302136,15.776081037065637,2.7966920272274316
2880,5,/Users/reyesmatte/Desktop/copypasta/20260226/processed_masks/PY79_45_cp_masks.tif,PY79_45_cp_masks.tif,72,0.7733240622566453,3.484226861341688,7.417607882919838,1.314890114842667
2881,5,/Users/reyesmatte/Desktop/copypasta/20260226/processed_masks/PY79_45_cp_masks.tif,PY79_45_cp_masks.tif,75,0.8351267046246247,5.59785672971452,13.489316759328396,2.6971906373642804
2882,5,/Users/reyesmatte/Desktop/copypasta/20260226/processed_masks/PY79_45_cp_masks.tif,PY79_45_cp_masks.tif,78,0.8619942060777377,4.333454853180637,11.260272571893857,2.283353153696135
2883,5,/Users/reyesmatte/Desktop/copypasta/20260226/processed_masks/PY79_45_cp_masks.tif,PY79_45_cp_masks.tif,79,0.8090607328661137,3.453966113525694,7.721002905855497,1.4842694571790107
2884,5,/Users/reyesmatte/Desktop/copypasta/20260226/processed_masks/PY79_45_cp_masks.tif,PY79_45_cp_masks.tif,82,0.8216491509428364,3.593919792210522,7.991711422857385,1.5183000745705078
2885,5,/Users/reyesmatte/Desktop/copypasta/20260226/processed_masks/PY79_45_cp_masks.tif,PY79_45_cp_masks.tif,84,0.8039914619775328,4.419450453280996,9.359084791734979,1.8154491865533586
2886,5,/Users/reyesmatte/Desktop/copypasta/20260226/processed_masks/PY79_45_cp_masks.tif,PY79_45_cp_masks.tif,87,0.8026625362248949,7.473662686967833,15.617752277734683,3.0335683235601016
2887,5,/Users/reyesmatte/Desktop/copypasta/20260226/processed_masks/PY79_45_cp_masks.tif,PY79_45_cp_masks.tif,89,0.7328003567997502,4.3987334138392855,7.708737369930167,1.3238440407085457
2888,5,/Users/reyesmatte/Desktop/copypasta/20260226/processed_masks/PY79_45_cp_masks.tif,PY79_45_cp_masks.tif,91,0.771645371628133,3.44240160121304,7.96582346723863,1.4208190215492946
2889,5,/Users/reyesmatte/Desktop/copypasta/20260226/processed_masks/PY79_45_cp_masks.tif,PY79_45_cp_masks.tif,93,0.7520574390817127,3.8058254356586483,7.00515802823884,1.27724701396536
2890,5,/Users/reyesmatte/Desktop/copypasta/20260226/processed_masks/PY79_45_cp_masks.tif,PY79_45_cp_masks.tif,94,0.7380741574265796,4.773208248158646,9.150971177748515,1.6422061864090312
2891,5,/Users/reyesmatte/Desktop/copypasta/20260226/processed_masks/PY79_45_cp_masks.tif,PY79_45_cp_masks.tif,95,0.7871232645172367,3.3610247424980155,6.888380979211925,1.2546359858775364
2892,5,/Users/reyesmatte/Desktop/copypasta/20260226/processed_masks/PY79_45_cp_masks.tif,PY79_45_cp_masks.tif,97,0.7776417502400232,4.057051333791371,7.7941313114556765,1.4592316540834738
2893,5,/Users/reyesmatte/Desktop/copypasta/20260226/processed_masks/PY79_45_cp_masks.tif,PY79_45_cp_masks.tif,98,0.741198181094371,4.504174388117865,8.521212195077267,1.5239477758351545
2894,5,/Users/reyesmatte/Desktop/copypasta/20260226/processed_masks/PY79_45_cp_masks.tif,PY79_45_cp_masks.tif,99,0.7430664320220168,3.546629399452202,6.8719553336465085,1.2548272393402171
2895,5,/Users/reyesmatte/Desktop/copypasta/20260226/processed_masks/PY79_45_cp_masks.tif,PY79_45_cp_masks.tif,100,0.7577383648571179,6.893232999467834,13.435059927314546,2.4537931230268923
2896,5,/Users/reyesmatte/Desktop/copypasta/20260226/processed_masks/PY79_45_cp_masks.tif,PY79_45_cp_masks.tif,101,0.819369077443791,3.1518997513091898,6.854212242852023,1.2728944103129334
2897,5,/Users/reyesmatte/Desktop/copypasta/20260226/processed_masks/PY79_45_cp_masks.tif,PY79_45_cp_masks.tif,102,0.8057899591087736,3.2215119647470187,7.086231925094463,1.3002707258376704
2898,5,/Users/reyesmatte/Desktop/copypasta/20260226/processed_masks/PY79_45_cp_masks.tif,PY79_45_cp_masks.tif,103,0.740701249528427,5.061626078693972,9.886132282838862,1.7921739853403078
2899,5,/Users/reyesmatte/Desktop/copypasta/20260226/processed_masks/PY79_45_cp_masks.tif,PY79_45_cp_masks.tif,104,0.670856729570271,2.9042338146492046,5.075951505734798,0.8682691695231926
2900,5,/Users/reyesmatte/Desktop/copypasta/20260226/processed_masks/PY79_55_cp_masks.tif,PY79_55_cp_masks.tif,2,0.7894081651930615,3.740485471316321,7.573620183203103,1.3912597617007791
2901,5,/Users/reyesmatte/Desktop/copypasta/20260226/processed_masks/PY79_55_cp_masks.tif,PY79_55_cp_masks.tif,3,0.659364705143578,4.736480295290627,9.043538077710492,1.467102447817042
2902,5,/Users/reyesmatte/Desktop/copypasta/20260226/processed_masks/PY79_55_cp_masks.tif,PY79_55_cp_masks.tif,4,0.8395593087537343,3.6782792962737125,8.060287410702657,1.5458081881821613
2903,5,/Users/reyesmatte/Desktop/copypasta/20260226/processed_masks/PY79_55_cp_masks.tif,PY79_55_cp_masks.tif,5,0.7539740059667525,4.903591693631473,11.10358005826433,1.989024682508288
2904,5,/Users/reyesmatte/Desktop/copypasta/20260226/processed_masks/PY79_55_cp_masks.tif,PY79_55_cp_masks.tif,6,0.80687447197233,3.7341362819426145,7.466028742562047,1.3724983657724679
2905,5,/Users/reyesmatte/Desktop/copypasta/20260226/processed_masks/PY79_55_cp_masks.tif,PY79_55_cp_masks.tif,8,0.8407946496157778,3.413573817187311,7.302725328337823,1.3935524556297518
2906,5,/Users/reyesmatte/Desktop/copypasta/20260226/processed_masks/PY79_55_cp_masks.tif,PY79_55_cp_masks.tif,9,0.7172944681622594,4.2618540668066895,7.4430329141112725,1.306741391899462
2907,5,/Users/reyesmatte/Desktop/copypasta/20260226/processed_masks/PY79_55_cp_masks.tif,PY79_55_cp_masks.tif,10,0.8412002430777026,3.430100248646058,7.166187824475208,1.368961812726866
2908,5,/Users/reyesmatte/Desktop/copypasta/20260226/processed_masks/PY79_55_cp_masks.tif,PY79_55_cp_masks.tif,11,0.7903344145843197,3.742112521107781,8.610310554747764,1.5810289904115742
2909,5,/Users/reyesmatte/Desktop/copypasta/20260226/processed_masks/PY79_55_cp_masks.tif,PY79_55_cp_masks.tif,12,0.8027153520060665,5.650302380349589,12.914759073132384,2.464221331480841
2910,5,/Users/reyesmatte/Desktop/copypasta/20260226/processed_masks/PY79_55_cp_masks.tif,PY79_55_cp_masks.tif,13,0.7433089654235298,3.6402457098096592,7.501218137056457,1.354509977263822
2911,5,/Users/reyesmatte/Desktop/copypasta/20260226/processed_masks/PY79_55_cp_masks.tif,PY79_55_cp_masks.tif,14,0.8158725504767841,7.291963522131383,15.957188508737703,3.1848999948174663
2912,5,/Users/reyesmatte/Desktop/copypasta/20260226/processed_masks/PY79_55_cp_masks.tif,PY79_55_cp_masks.tif,15,0.7913158810122808,3.795798269133883,8.043928864029935,1.5170644756816751
2913,5,/Users/reyesmatte/Desktop/copypasta/20260226/processed_masks/PY79_55_cp_masks.tif,PY79_55_cp_masks.tif,16,0.7897054143657896,4.63411365266428,9.463503162288898,1.776933865543849
2914,5,/Users/reyesmatte/Desktop/copypasta/20260226/processed_masks/PY79_55_cp_masks.tif,PY79_55_cp_masks.tif,17,0.8348932241286303,7.069626640068893,16.691783219715866,3.342090866822836
2915,5,/Users/reyesmatte/Desktop/copypasta/20260226/processed_masks/PY79_55_cp_masks.tif,PY79_55_cp_masks.tif,18,0.8262266290654728,3.2950352988951512,8.095872031240525,1.5334040264703044
2916,5,/Users/reyesmatte/Desktop/copypasta/20260226/processed_masks/PY79_55_cp_masks.tif,PY79_55_cp_masks.tif,19,0.8278180782809199,4.4206392112304815,10.13366116436696,1.974737693631806
2917,5,/Users/reyesmatte/Desktop/copypasta/20260226/processed_masks/PY79_55_cp_masks.tif,PY79_55_cp_masks.tif,20,0.7501709648756268,6.33081419293594,13.622726286413219,2.462888826639826
2918,5,/Users/reyesmatte/Desktop/copypasta/20260226/processed_masks/PY79_55_cp_masks.tif,PY79_55_cp_masks.tif,21,0.8100603296042093,4.487381704658265,9.005882264695835,1.694978536747387
2919,5,/Users/reyesmatte/Desktop/copypasta/20260226/processed_masks/PY79_55_cp_masks.tif,PY79_55_cp_masks.tif,22,0.823724701507742,4.282712621624767,9.673318422236944,1.86031950446987
2920,5,/Users/reyesmatte/Desktop/copypasta/20260226/processed_masks/PY79_55_cp_masks.tif,PY79_55_cp_masks.tif,23,0.7586873598925233,6.201228065429941,13.093633943899947,2.380151231539364
2921,5,/Users/reyesmatte/Desktop/copypasta/20260226/processed_masks/PY79_55_cp_masks.tif,PY79_55_cp_masks.tif,24,0.8462137390155201,4.1981515147345245,10.465571447274073,2.0615848498437552
2922,5,/Users/reyesmatte/Desktop/copypasta/20260226/processed_masks/PY79_55_cp_masks.tif,PY79_55_cp_masks.tif,25,0.8093151771212626,4.671684338545919,10.403627597840762,2.0063785867137622
2923,5,/Users/reyesmatte/Desktop/copypasta/20260226/processed_masks/PY79_55_cp_masks.tif,PY79_55_cp_masks.tif,26,0.7705348106341237,5.334764135176161,11.535379421418869,2.1106988233994586
2924,5,/Users/reyesmatte/Desktop/copypasta/20260226/processed_masks/PY79_55_cp_masks.tif,PY79_55_cp_masks.tif,27,0.7502304543417675,4.032073439859833,7.81400466737058,1.4548763937744036
2925,5,/Users/reyesmatte/Desktop/copypasta/20260226/processed_masks/PY79_55_cp_masks.tif,PY79_55_cp_masks.tif,28,0.7975596166062191,3.5188631893868925,7.814142222739158,1.4269943566642782
2926,5,/Users/reyesmatte/Desktop/copypasta/20260226/processed_masks/PY79_55_cp_masks.tif,PY79_55_cp_masks.tif,29,0.7983483340253492,6.111966955305173,12.098100164893932,2.2868240817296375
2927,5,/Users/reyesmatte/Desktop/copypasta/20260226/processed_masks/PY79_55_cp_masks.tif,PY79_55_cp_masks.tif,30,0.7713205289644878,7.992122204924552,15.292567274010935,2.8766958574168195
2928,5,/Users/reyesmatte/Desktop/copypasta/20260226/processed_masks/PY79_55_cp_masks.tif,PY79_55_cp_masks.tif,31,0.7524632912245589,5.249798956196319,10.157756275796771,1.8078998694093789
2929,5,/Users/reyesmatte/Desktop/copypasta/20260226/processed_masks/PY79_55_cp_masks.tif,PY79_55_cp_masks.tif,32,0.7107476483657427,6.139395668858075,10.262082492674269,1.7904491900187387
2930,5,/Users/reyesmatte/Desktop/copypasta/20260226/processed_masks/PY79_55_cp_masks.tif,PY79_55_cp_masks.tif,33,0.7456671346937245,7.89403585385625,15.191174336389548,2.7326901354719686
2931,5,/Users/reyesmatte/Desktop/copypasta/20260226/processed_masks/PY79_55_cp_masks.tif,PY79_55_cp_masks.tif,34,0.8066747498514582,5.023521324232831,10.302020050326366,1.9523323092761118
2932,5,/Users/reyesmatte/Desktop/copypasta/20260226/processed_masks/PY79_55_cp_masks.tif,PY79_55_cp_masks.tif,35,0.8574673698695778,4.325793907430023,9.430382663125222,1.8642022461771768
2933,5,/Users/reyesmatte/Desktop/copypasta/20260226/processed_masks/PY79_55_cp_masks.tif,PY79_55_cp_masks.tif,36,0.6985296256245448,7.326968582587684,12.511125101875157,2.1727525078121968
2934,5,/Users/reyesmatte/Desktop/copypasta/20260226/processed_masks/PY79_55_cp_masks.tif,PY79_55_cp_masks.tif,37,0.8147966587202939,6.085440840428826,12.594238862691201,2.4345402315320017
2935,5,/Users/reyesmatte/Desktop/copypasta/20260226/processed_masks/PY79_55_cp_masks.tif,PY79_55_cp_masks.tif,38,0.8705203222426843,4.20123002313144,9.256736441647577,1.8461129375433567
2936,5,/Users/reyesmatte/Desktop/copypasta/20260226/processed_masks/PY79_55_cp_masks.tif,PY79_55_cp_masks.tif,39,0.864607215719379,6.806610591886268,14.680101336472841,3.0282312456482168
2937,5,/Users/reyesmatte/Desktop/copypasta/20260226/processed_masks/PY79_55_cp_masks.tif,PY79_55_cp_masks.tif,40,0.7316825558583057,6.153170679777414,10.93355766221495,1.8984205881930776
2938,5,/Users/reyesmatte/Desktop/copypasta/20260226/processed_masks/PY79_55_cp_masks.tif,PY79_55_cp_masks.tif,41,0.861868956522378,6.787190272683256,14.044538155474015,2.8788884457914814
2939,5,/Users/reyesmatte/Desktop/copypasta/20260226/processed_masks/PY79_55_cp_masks.tif,PY79_55_cp_masks.tif,42,0.7309833235222367,4.3785743942576225,7.770938823652483,1.3632636480036284
2940,5,/Users/reyesmatte/Desktop/copypasta/20260226/processed_masks/PY79_55_cp_masks.tif,PY79_55_cp_masks.tif,43,0.776140382332139,3.829950381795473,7.647668796393379,1.3669649077884471
2941,5,/Users/reyesmatte/Desktop/copypasta/20260226/processed_masks/PY79_55_cp_masks.tif,PY79_55_cp_masks.tif,44,0.8840422029274674,4.2606551292984065,9.516563438911614,1.9267051281016727
2942,5,/Users/reyesmatte/Desktop/copypasta/20260226/processed_masks/PY79_55_cp_masks.tif,PY79_55_cp_masks.tif,45,0.9078330804508672,3.5903000670503964,8.450456841166666,1.7217448557794413
2943,5,/Users/reyesmatte/Desktop/copypasta/20260226/processed_masks/PY79_55_cp_masks.tif,PY79_55_cp_masks.tif,46,0.8008568938411857,3.8143071240590336,7.414823556360218,1.3683678347754882
2944,5,/Users/reyesmatte/Desktop/copypasta/20260226/processed_masks/PY79_55_cp_masks.tif,PY79_55_cp_masks.tif,47,0.9002745623215678,3.2833414113061394,7.9158686408695145,1.5920483802227658
2945,5,/Users/reyesmatte/Desktop/copypasta/20260226/processed_masks/PY79_55_cp_masks.tif,PY79_55_cp_masks.tif,48,0.7527955530614165,4.239886674671751,8.130743754263465,1.4206580617316287
2946,5,/Users/reyesmatte/Desktop/copypasta/20260226/processed_masks/PY79_55_cp_masks.tif,PY79_55_cp_masks.tif,49,0.8980790383048507,3.434683567294101,7.8358993533967745,1.5782614413514224
2947,5,/Users/reyesmatte/Desktop/copypasta/20260226/processed_masks/PY79_55_cp_masks.tif,PY79_55_cp_masks.tif,50,0.7484784572989651,7.144461323772512,13.19261601572984,2.365501831283628
2948,5,/Users/reyesmatte/Desktop/copypasta/20260226/processed_masks/PY79_55_cp_masks.tif,PY79_55_cp_masks.tif,51,0.873878018738599,5.896360172723608,12.470255083528013,2.5556634009866164
2949,5,/Users/reyesmatte/Desktop/copypasta/20260226/processed_masks/PY79_55_cp_masks.tif,PY79_55_cp_masks.tif,52,0.7387273704840173,6.193522281553706,11.75996271594828,2.0707870999221245
2950,5,/Users/reyesmatte/Desktop/copypasta/20260226/processed_masks/PY79_55_cp_masks.tif,PY79_55_cp_masks.tif,53,0.785271728509145,6.838487006190897,12.65290424327837,2.3863035396547323
2951,5,/Users/reyesmatte/Desktop/copypasta/20260226/processed_masks/PY79_55_cp_masks.tif,PY79_55_cp_masks.tif,54,0.7235753522179446,4.894863054923581,9.150526503620345,1.5769338932668893
2952,5,/Users/reyesmatte/Desktop/copypasta/20260226/processed_masks/PY79_55_cp_masks.tif,PY79_55_cp_masks.tif,55,0.759429171427841,6.469821012422925,12.588257075958312,2.2953719149964047
2953,5,/Users/reyesmatte/Desktop/copypasta/20260226/processed_masks/PY79_55_cp_masks.tif,PY79_55_cp_masks.tif,56,0.6793527853622265,10.157492683322614,10.432920978471735,1.7764042481453561
2954,5,/Users/reyesmatte/Desktop/copypasta/20260226/processed_masks/PY79_55_cp_masks.tif,PY79_55_cp_masks.tif,57,0.713326827449555,4.638413268304159,9.480097587684401,1.6121305605990548
2955,5,/Users/reyesmatte/Desktop/copypasta/20260226/processed_masks/PY79_55_cp_masks.tif,PY79_55_cp_masks.tif,58,0.689273505456072,7.513176980536298,14.068953655316962,2.4084266324475467
2956,5,/Users/reyesmatte/Desktop/copypasta/20260226/processed_masks/PY79_55_cp_masks.tif,PY79_55_cp_masks.tif,59,0.6883268740310892,4.588111949796085,9.299643637607618,1.5328649560609124
2957,5,/Users/reyesmatte/Desktop/copypasta/20260226/processed_masks/PY79_55_cp_masks.tif,PY79_55_cp_masks.tif,60,0.6860714944025351,5.415445277255302,10.940727476191041,1.8101121086414727
2958,5,/Users/reyesmatte/Desktop/copypasta/20260226/processed_masks/PY79_55_cp_masks.tif,PY79_55_cp_masks.tif,61,0.7534342908071201,4.414892189608164,10.02981127177807,1.798128840306413
2959,5,/Users/reyesmatte/Desktop/copypasta/20260226/processed_masks/PY79_55_cp_masks.tif,PY79_55_cp_masks.tif,62,0.7451503508926474,4.608368752108164,10.385385093984956,1.8486906310505888
2960,5,/Users/reyesmatte/Desktop/copypasta/20260226/processed_masks/PY79_55_cp_masks.tif,PY79_55_cp_masks.tif,63,0.6585042182100754,5.791333292214519,11.211258933709605,1.7797750341949679
2961,5,/Users/reyesmatte/Desktop/copypasta/20260226/processed_masks/PY79_55_cp_masks.tif,PY79_55_cp_masks.tif,64,0.6497636192973832,5.126179669877652,10.051585088712088,1.576123377030929
2962,5,/Users/reyesmatte/Desktop/copypasta/20260226/processed_masks/PY79_55_cp_masks.tif,PY79_55_cp_masks.tif,65,0.6938554111728831,6.351090319329852,12.20708980195128,2.0669057784591645
2963,5,/Users/reyesmatte/Desktop/copypasta/20260226/processed_masks/PY79_55_cp_masks.tif,PY79_55_cp_masks.tif,66,0.7172961241522198,5.627743418816522,9.276878659995555,1.5948717826237055
2964,5,/Users/reyesmatte/Desktop/copypasta/20260226/processed_masks/PY79_55_cp_masks.tif,PY79_55_cp_masks.tif,67,0.7078203589972888,2.4331562235664776,4.668817745152426,0.776685285598025
2965,5,/Users/reyesmatte/Desktop/copypasta/20260226/processed_masks/PY79_55_cp_masks.tif,PY79_55_cp_masks.tif,68,0.7023840624163512,5.068107870086712,9.856832295271404,1.650810287520878
2966,5,/Users/reyesmatte/Desktop/copypasta/20260226/processed_masks/PY79_55_cp_masks.tif,PY79_55_cp_masks.tif,69,0.7400737538128236,5.126179669877652,11.384681723139364,2.0471907274641614
2967,5,/Users/reyesmatte/Desktop/copypasta/20260226/processed_masks/PY79_55_cp_masks.tif,PY79_55_cp_masks.tif,70,0.7282212657411988,4.88192452711331,9.247884901969025,1.5916360144912551
2968,5,/Users/reyesmatte/Desktop/copypasta/20260226/processed_masks/PY79_55_cp_masks.tif,PY79_55_cp_masks.tif,71,0.7007491927843377,6.749107779957019,7.1390538934752445,1.1671024894016018
2969,5,/Users/reyesmatte/Desktop/copypasta/20260226/processed_masks/PY79_55_cp_masks.tif,PY79_55_cp_masks.tif,72,0.6699313149062425,5.353601586950176,9.153078032616873,1.4593326620439964
2970,5,/Users/reyesmatte/Desktop/copypasta/20260226/processed_masks/PY79_55_cp_masks.tif,PY79_55_cp_masks.tif,73,0.694001271274246,5.486323449792087,11.221542377408428,1.8784123842040228
2971,5,/Users/reyesmatte/Desktop/copypasta/20260226/processed_masks/PY79_8_cp_masks.tif,PY79_8_cp_masks.tif,8,0.7858883694407446,6.285079168449274,12.564399665351145,2.3859225451736927
2972,5,/Users/reyesmatte/Desktop/copypasta/20260226/processed_masks/PY79_8_cp_masks.tif,PY79_8_cp_masks.tif,18,0.83410481121339,5.849994570832473,12.509217719315743,2.546204328609048
2973,5,/Users/reyesmatte/Desktop/copypasta/20260226/processed_masks/PY79_8_cp_masks.tif,PY79_8_cp_masks.tif,21,0.8008132263765735,10.586482083428018,12.082747822535996,2.365544491991047
2974,5,/Users/reyesmatte/Desktop/copypasta/20260226/processed_masks/PY79_8_cp_masks.tif,PY79_8_cp_masks.tif,25,0.8282197795050178,6.407714354075564,12.885147679477155,2.58793677258423
2975,5,/Users/reyesmatte/Desktop/copypasta/20260226/processed_masks/PY79_8_cp_masks.tif,PY79_8_cp_masks.tif,29,0.8201239632726507,5.267805163504916,13.031342382204953,2.5360229863265995
2976,5,/Users/reyesmatte/Desktop/copypasta/20260226/processed_masks/PY79_8_cp_masks.tif,PY79_8_cp_masks.tif,38,0.822865471577531,5.13092581647232,12.666083329512194,2.471770648624821
2977,5,/Users/reyesmatte/Desktop/copypasta/20260226/processed_masks/PY79_8_cp_masks.tif,PY79_8_cp_masks.tif,45,0.8454398531999828,4.917054678688825,13.012790650208492,2.6070221105371685
2978,5,/Users/reyesmatte/Desktop/copypasta/20260226/processed_masks/PY79_8_cp_masks.tif,PY79_8_cp_masks.tif,55,0.7952460499712304,7.1192813468781635,17.2449059578241,3.3112381527251857
2979,5,/Users/reyesmatte/Desktop/copypasta/20260226/processed_masks/PY79_8_cp_masks.tif,PY79_8_cp_masks.tif,60,0.7565042961864251,6.210572566810862,13.000700508566114,2.370721827673997
2980,5,/Users/reyesmatte/Desktop/copypasta/20260226/processed_masks/PY79_8_cp_masks.tif,PY79_8_cp_masks.tif,69,0.7998974733262809,5.55749465930373,12.593736001130937,2.4040418485186774
2981,5,/Users/reyesmatte/Desktop/copypasta/20260226/processed_masks/PY79_8_cp_masks.tif,PY79_8_cp_masks.tif,76,0.794926334667132,4.239773956675542,9.72971838037072,1.8111455685059736
2982,5,/Users/reyesmatte/Desktop/copypasta/20260226/processed_masks/PY79_8_cp_masks.tif,PY79_8_cp_masks.tif,90,0.8421520901655747,7.8044958098784285,18.63220886325329,3.832687665485491
2983,5,/Users/reyesmatte/Desktop/copypasta/20260226/processed_masks/PY79_8_cp_masks.tif,PY79_8_cp_masks.tif,107,0.7960978237931824,5.9323570333357845,13.098408509553197,2.483663781474511
2984,5,/Users/reyesmatte/Desktop/copypasta/20260226/processed_masks/PY79_8_cp_masks.tif,PY79_8_cp_masks.tif,112,0.7912549449941965,7.784210737584724,16.249097297348037,3.1766471463606263
2985,5,/Users/reyesmatte/Desktop/copypasta/20260226/processed_masks/PY79_8_cp_masks.tif,PY79_8_cp_masks.tif,121,0.7480330988764371,7.721454194882796,15.788203725585708,2.9222919207053564
2986,5,/Users/reyesmatte/Desktop/copypasta/20260226/processed_masks/PY79_8_cp_masks.tif,PY79_8_cp_masks.tif,129,0.7000786349352245,6.130431950622037,12.108981056272459,2.0521825459856924
2987,5,/Users/reyesmatte/Desktop/copypasta/20260226/processed_masks/PY79_53_cp_masks.tif,PY79_53_cp_masks.tif,19,0.7612434941402485,6.522978999059032,13.595696348449673,2.488311499758969
2988,5,/Users/reyesmatte/Desktop/copypasta/20260226/processed_masks/PY79_53_cp_masks.tif,PY79_53_cp_masks.tif,32,0.7430050961480642,5.350516448947786,11.68758859697992,2.1010531587768986
2989,5,/Users/reyesmatte/Desktop/copypasta/20260226/processed_masks/PY79_53_cp_masks.tif,PY79_53_cp_masks.tif,47,0.821143595354775,5.964903513365922,12.042341360682443,2.371698845968786
2990,5,/Users/reyesmatte/Desktop/copypasta/20260226/processed_masks/PY79_53_cp_masks.tif,PY79_53_cp_masks.tif,59,0.763480646235051,5.3465325990538854,11.287171940359503,2.04817520172362
2991,5,/Users/reyesmatte/Desktop/copypasta/20260226/processed_masks/PY79_53_cp_masks.tif,PY79_53_cp_masks.tif,60,0.7695988166294347,5.9912916461072605,13.857480313207063,2.5778086314405337
2992,5,/Users/reyesmatte/Desktop/copypasta/20260226/processed_masks/PY79_53_cp_masks.tif,PY79_53_cp_masks.tif,62,0.7311069652637314,5.718648723498916,12.163503249190176,2.1288885497528813
2993,5,/Users/reyesmatte/Desktop/copypasta/20260226/processed_masks/PY79_53_cp_masks.tif,PY79_53_cp_masks.tif,65,0.7733285949119346,3.981131551513104,8.749268346189627,1.577107851290387
2994,5,/Users/reyesmatte/Desktop/copypasta/20260226/processed_masks/PY79_53_cp_masks.tif,PY79_53_cp_masks.tif,66,0.7607394269762412,3.6879312256746393,7.884743018778926,1.393353615515544
2995,5,/Users/reyesmatte/Desktop/copypasta/20260226/processed_masks/PY79_53_cp_masks.tif,PY79_53_cp_masks.tif,67,0.7702742046148928,6.159540578272713,13.247389224119683,2.4404391071188214
2996,5,/Users/reyesmatte/Desktop/copypasta/20260226/processed_masks/PY79_53_cp_masks.tif,PY79_53_cp_masks.tif,69,0.7120330111962995,3.9984198186440443,8.521972683631393,1.5044396422921937
2997,5,/Users/reyesmatte/Desktop/copypasta/20260226/processed_masks/PY79_53_cp_masks.tif,PY79_53_cp_masks.tif,75,0.7398639092763252,4.463710893444127,9.420634546427458,1.6794941492190207
2998,5,/Users/reyesmatte/Desktop/copypasta/20260226/processed_masks/PY79_53_cp_masks.tif,PY79_53_cp_masks.tif,82,0.8095594460452517,6.409704456431536,12.654872570292536,2.4330066090542872
2999,5,/Users/reyesmatte/Desktop/copypasta/20260226/processed_masks/PY79_53_cp_masks.tif,PY79_53_cp_masks.tif,83,0.7689780856242556,3.1629648613499732,6.852630530850009,1.2035178289137844
3000,5,/Users/reyesmatte/Desktop/copypasta/20260226/processed_masks/PY79_53_cp_masks.tif,PY79_53_cp_masks.tif,89,0.8190869564407907,5.015854225363074,11.402379437794123,2.1980360598409274
3001,5,/Users/reyesmatte/Desktop/copypasta/20260226/processed_masks/PY79_53_cp_masks.tif,PY79_53_cp_masks.tif,91,0.771078347513272,2.9686102960800516,6.176400993553577,1.0943976537687872
3002,5,/Users/reyesmatte/Desktop/copypasta/20260226/processed_masks/PY79_53_cp_masks.tif,PY79_53_cp_masks.tif,92,0.7658297202651593,6.020690030740214,13.259152915164092,2.429224009330869
3003,5,/Users/reyesmatte/Desktop/copypasta/20260226/processed_masks/PY79_53_cp_masks.tif,PY79_53_cp_masks.tif,95,0.7544582625001143,6.20759124297907,13.41263206792847,2.436800186222982
3004,5,/Users/reyesmatte/Desktop/copypasta/20260226/processed_masks/PY79_53_cp_masks.tif,PY79_53_cp_masks.tif,107,0.8053027503289402,5.622773219962376,10.874531389876411,2.0720194226319264
3005,5,/Users/reyesmatte/Desktop/copypasta/20260226/processed_masks/PY79_53_cp_masks.tif,PY79_53_cp_masks.tif,123,0.778453585176723,5.8252993559086335,12.68410789627248,2.3508481609615055
3006,5,/Users/reyesmatte/Desktop/copypasta/20260226/processed_masks/PY79_53_cp_masks.tif,PY79_53_cp_masks.tif,133,0.7648138912151401,6.483164104572527,13.367220288401867,2.4570853327290547
3007,5,/Users/reyesmatte/Desktop/copypasta/20260226/processed_masks/PY79_53_cp_masks.tif,PY79_53_cp_masks.tif,144,0.8163435614987383,6.035561880922064,12.014197448352704,2.3322866502122355
3008,5,/Users/reyesmatte/Desktop/copypasta/20260226/processed_masks/PY79_53_cp_masks.tif,PY79_53_cp_masks.tif,158,0.8186629735812796,3.6208383306436343,8.174708553101734,1.531542137341945
3009,5,/Users/reyesmatte/Desktop/copypasta/20260226/processed_masks/PY79_53_cp_masks.tif,PY79_53_cp_masks.tif,168,0.8121737032709304,3.613399569061019,8.374691818278343,1.5814282746663715
3010,5,/Users/reyesmatte/Desktop/copypasta/20260226/processed_masks/PY79_53_cp_masks.tif,PY79_53_cp_masks.tif,181,0.7616478073860772,6.840397312035915,13.8299164307599,2.5703308968697605
3011,5,/Users/reyesmatte/Desktop/copypasta/20260226/processed_masks/PY79_53_cp_masks.tif,PY79_53_cp_masks.tif,204,0.7872601549116129,4.169025514647633,8.034728052180332,1.5228439196415366
3012,5,/Users/reyesmatte/Desktop/copypasta/20260226/processed_masks/PY79_53_cp_masks.tif,PY79_53_cp_masks.tif,218,0.7917877407202817,7.457851430332385,16.204235650386618,3.091602599880013
3013,5,/Users/reyesmatte/Desktop/copypasta/20260226/processed_masks/PY79_53_cp_masks.tif,PY79_53_cp_masks.tif,252,0.7605905978195233,4.052417303011854,8.667052588580791,1.5434695513394767
3014,5,/Users/reyesmatte/Desktop/copypasta/20260226/processed_masks/PY79_53_cp_masks.tif,PY79_53_cp_masks.tif,272,0.7577873788998771,3.7388112302019296,8.431288996869357,1.4858157291134044
3015,5,/Users/reyesmatte/Desktop/copypasta/20260226/processed_masks/PY79_53_cp_masks.tif,PY79_53_cp_masks.tif,298,0.7871951401844001,4.036361295361062,9.702098393557218,1.7920373200110449
3016,5,/Users/reyesmatte/Desktop/copypasta/20260226/processed_masks/PY79_53_cp_masks.tif,PY79_53_cp_masks.tif,323,0.7776933413640246,3.7357138199489475,7.6062766827802735,1.359963057127866
3017,5,/Users/reyesmatte/Desktop/copypasta/20260226/processed_masks/PY79_53_cp_masks.tif,PY79_53_cp_masks.tif,333,0.791878656901136,7.202831848979454,16.738784294776842,3.214855014540699
3018,5,/Users/reyesmatte/Desktop/copypasta/20260226/processed_masks/PY79_13_cp_masks.tif,PY79_13_cp_masks.tif,1,0.6829191130124134,6.656445268444128,13.267642922038803,2.291010918386073
3019,5,/Users/reyesmatte/Desktop/copypasta/20260226/processed_masks/PY79_13_cp_masks.tif,PY79_13_cp_masks.tif,5,0.682945395615223,8.512872943644046,17.93723681836048,2.998075150350036
3020,5,/Users/reyesmatte/Desktop/copypasta/20260226/processed_masks/PY79_13_cp_masks.tif,PY79_13_cp_masks.tif,9,0.789948101659319,5.101714336243871,11.072961595857763,2.1027385518017043
3021,5,/Users/reyesmatte/Desktop/copypasta/20260226/processed_masks/PY79_13_cp_masks.tif,PY79_13_cp_masks.tif,15,0.8099591684108918,5.5758893375795795,13.328159190912462,2.5726133312757047
3022,5,/Users/reyesmatte/Desktop/copypasta/20260226/processed_masks/PY79_13_cp_masks.tif,PY79_13_cp_masks.tif,22,0.7401153250404942,5.517928072905407,10.91612407574539,1.9518494800105752
3023,5,/Users/reyesmatte/Desktop/copypasta/20260226/processed_masks/PY79_13_cp_masks.tif,PY79_13_cp_masks.tif,29,0.7350817399843126,6.200004072946447,11.73988092370458,2.0741470230610193
3024,5,/Users/reyesmatte/Desktop/copypasta/20260226/processed_masks/PY79_13_cp_masks.tif,PY79_13_cp_masks.tif,56,0.6975185381835013,7.637578036888255,14.92111528029838,2.5339884127955816
3025,5,/Users/reyesmatte/Desktop/copypasta/20260226/processed_masks/PY79_13_cp_masks.tif,PY79_13_cp_masks.tif,58,0.7214696670576747,6.544946391193971,12.927202383784007,2.256989978776046
3026,5,/Users/reyesmatte/Desktop/copypasta/20260226/processed_masks/PY79_13_cp_masks.tif,PY79_13_cp_masks.tif,60,0.7441792746040276,6.835759310650362,13.977939479112528,2.513191906022941
3027,5,/Users/reyesmatte/Desktop/copypasta/20260226/processed_masks/PY79_13_cp_masks.tif,PY79_13_cp_masks.tif,62,0.7664358746625267,7.357479066806689,15.330146549959293,2.870505220081814
3028,5,/Users/reyesmatte/Desktop/copypasta/20260226/processed_masks/PY79_13_cp_masks.tif,PY79_13_cp_masks.tif,63,0.7600487188143367,10.00832745010394,19.89953578329489,3.750068455802359
3029,5,/Users/reyesmatte/Desktop/copypasta/20260226/processed_masks/PY79_13_cp_masks.tif,PY79_13_cp_masks.tif,70,0.7882059776117899,12.013377832860705,25.40056974330841,4.919963090341543
3030,5,/Users/reyesmatte/Desktop/copypasta/20260226/processed_masks/PY79_13_cp_masks.tif,PY79_13_cp_masks.tif,78,0.8125263888317987,8.517802795371926,10.170253921105402,1.9489393357500935
3031,5,/Users/reyesmatte/Desktop/copypasta/20260226/processed_masks/PY79_13_cp_masks.tif,PY79_13_cp_masks.tif,82,0.8127258195086005,9.46683760712639,19.50277324321882,3.830497821858299
3032,5,/Users/reyesmatte/Desktop/copypasta/20260226/processed_masks/PY79_13_cp_masks.tif,PY79_13_cp_masks.tif,91,0.798560303564736,5.367570765106111,11.243834446241038,2.1344485250949488
3033,5,/Users/reyesmatte/Desktop/copypasta/20260226/processed_masks/PY79_13_cp_masks.tif,PY79_13_cp_masks.tif,94,0.7962464347585825,4.231937627392908,9.570738011809645,1.7750656464315282
3034,5,/Users/reyesmatte/Desktop/copypasta/20260226/processed_masks/PY79_13_cp_masks.tif,PY79_13_cp_masks.tif,97,0.759855310451811,11.89408746686347,23.95533407083652,4.509645318381544
3035,5,/Users/reyesmatte/Desktop/copypasta/20260226/processed_masks/PY79_13_cp_masks.tif,PY79_13_cp_masks.tif,98,0.7977151195818812,6.460034123637771,14.378881452781169,2.7394572479314467
3036,5,/Users/reyesmatte/Desktop/copypasta/20260226/processed_masks/PY79_13_cp_masks.tif,PY79_13_cp_masks.tif,99,0.7713276545881699,9.468473928253527,10.91484463642366,2.0832173612332263
3037,5,/Users/reyesmatte/Desktop/copypasta/20260226/processed_masks/PY79_13_cp_masks.tif,PY79_13_cp_masks.tif,102,0.808936784987614,4.48458077233373,8.779474703420435,1.6552946761203244
3038,5,/Users/reyesmatte/Desktop/copypasta/20260226/processed_masks/PY79_13_cp_masks.tif,PY79_13_cp_masks.tif,106,0.7753609406528588,5.94016190517696,11.85724313527377,2.1823884571621095
3039,5,/Users/reyesmatte/Desktop/copypasta/20260226/processed_masks/PY79_13_cp_masks.tif,PY79_13_cp_masks.tif,109,0.7892563736864785,5.822155513772458,11.78542143902137,2.248886955676644
3040,5,/Users/reyesmatte/Desktop/copypasta/20260226/processed_masks/PY79_13_cp_masks.tif,PY79_13_cp_masks.tif,111,0.7719793342482459,6.6490392603871715,13.064278332712982,2.4078210953582486
3041,5,/Users/reyesmatte/Desktop/copypasta/20260226/processed_masks/PY79_13_cp_masks.tif,PY79_13_cp_masks.tif,113,0.6885916483229311,7.236520086696208,12.163057051355807,2.0602889760311425
3042,5,/Users/reyesmatte/Desktop/copypasta/20260226/processed_masks/PY79_13_cp_masks.tif,PY79_13_cp_masks.tif,125,0.6854791481447745,5.746129268853107,11.062872917010155,1.8210768410841802
3043,5,/Users/reyesmatte/Desktop/copypasta/20260226/processed_masks/PY79_13_cp_masks.tif,PY79_13_cp_masks.tif,135,0.733632203985301,5.472368628751721,9.73503134539231,1.6857693053193576
3044,5,/Users/reyesmatte/Desktop/copypasta/20260226/processed_masks/PY79_13_cp_masks.tif,PY79_13_cp_masks.tif,140,0.7933948290444154,4.715748219710707,9.362314902325535,1.732821188923509
3045,5,/Users/reyesmatte/Desktop/copypasta/20260226/processed_masks/PY79_13_cp_masks.tif,PY79_13_cp_masks.tif,143,0.7658032161329319,8.545905375285614,16.152849175198394,2.986980974598386
3046,5,/Users/reyesmatte/Desktop/copypasta/20260226/processed_masks/PY79_13_cp_masks.tif,PY79_13_cp_masks.tif,147,0.716705412265323,5.973332180324097,10.588539511714128,1.8606639065856128
3047,5,/Users/reyesmatte/Desktop/copypasta/20260226/processed_masks/PY79_13_cp_masks.tif,PY79_13_cp_masks.tif,149,0.7459060313355115,4.924534802619927,8.726658231801412,1.5557821191812025
3048,5,/Users/reyesmatte/Desktop/copypasta/20260226/processed_masks/PY79_13_cp_masks.tif,PY79_13_cp_masks.tif,153,0.7534089273431095,5.741377433817295,10.526045724663048,1.8744596682429968
3049,5,/Users/reyesmatte/Desktop/copypasta/20260226/processed_masks/PY79_13_cp_masks.tif,PY79_13_cp_masks.tif,157,0.7249623419604452,5.721145686480426,10.302595665309044,1.772201628494059
3050,6,/Users/reyesmatte/Desktop/copypasta/20260226/processed_masks/PY79_39_cp_masks.tif,PY79_39_cp_masks.tif,20,0.7695326216982751,4.165222254505213,8.778617618332653,1.5778345911865779
3051,6,/Users/reyesmatte/Desktop/copypasta/20260226/processed_masks/PY79_39_cp_masks.tif,PY79_39_cp_masks.tif,23,0.7832728735643221,4.515264553133856,9.880124635855465,1.8607692810616974
3052,6,/Users/reyesmatte/Desktop/copypasta/20260226/processed_masks/PY79_39_cp_masks.tif,PY79_39_cp_masks.tif,26,0.7879837402615066,4.025330587992556,8.4358835991126,1.549547584942116
3053,6,/Users/reyesmatte/Desktop/copypasta/20260226/processed_masks/PY79_39_cp_masks.tif,PY79_39_cp_masks.tif,29,0.7140156835982606,4.11203847571568,7.75220748658091,1.3177762850807793
3054,6,/Users/reyesmatte/Desktop/copypasta/20260226/processed_masks/PY79_39_cp_masks.tif,PY79_39_cp_masks.tif,43,0.6835132840757878,4.573249894265907,7.682134612592453,1.2797751035025688
3055,6,/Users/reyesmatte/Desktop/copypasta/20260226/processed_masks/PY79_39_cp_masks.tif,PY79_39_cp_masks.tif,47,0.7310590901614277,3.820626087505147,6.996296756687764,1.244630568542671
3056,6,/Users/reyesmatte/Desktop/copypasta/20260226/processed_masks/PY79_39_cp_masks.tif,PY79_39_cp_masks.tif,51,0.7409145103962954,4.267480563287999,8.283383560682335,1.501663315394823
3057,6,/Users/reyesmatte/Desktop/copypasta/20260226/processed_masks/PY79_39_cp_masks.tif,PY79_39_cp_masks.tif,52,0.7607584337065009,5.099730383357616,9.888671243495969,1.8158396828614392
3058,6,/Users/reyesmatte/Desktop/copypasta/20260226/processed_masks/PY79_39_cp_masks.tif,PY79_39_cp_masks.tif,59,0.7882518983035672,4.28275700068181,8.603793539604396,1.606231685012235
3059,6,/Users/reyesmatte/Desktop/copypasta/20260226/processed_masks/PY79_39_cp_masks.tif,PY79_39_cp_masks.tif,62,0.8209665191254635,3.736912757457232,7.943447367208767,1.552388753593235
3060,6,/Users/reyesmatte/Desktop/copypasta/20260226/processed_masks/PY79_39_cp_masks.tif,PY79_39_cp_masks.tif,65,0.8269693746580675,7.68862134949793,15.918976555527841,3.1507796267069255
3061,6,/Users/reyesmatte/Desktop/copypasta/20260226/processed_masks/PY79_39_cp_masks.tif,PY79_39_cp_masks.tif,74,0.7696579471856386,5.521886867824098,10.27530871492611,1.8690908717096422
3062,6,/Users/reyesmatte/Desktop/copypasta/20260226/processed_masks/PY79_39_cp_masks.tif,PY79_39_cp_masks.tif,80,0.815292063080366,4.834371613267361,9.906617387035032,1.879244788648235
3063,6,/Users/reyesmatte/Desktop/copypasta/20260226/processed_masks/PY79_39_cp_masks.tif,PY79_39_cp_masks.tif,82,0.7894736885414262,5.465326729677514,10.518203071640526,2.0320193493327166
3064,6,/Users/reyesmatte/Desktop/copypasta/20260226/processed_masks/PY79_39_cp_masks.tif,PY79_39_cp_masks.tif,85,0.8219836909867895,5.302047927260449,10.835354095783027,2.1134506728300813
3065,6,/Users/reyesmatte/Desktop/copypasta/20260226/processed_masks/PY79_39_cp_masks.tif,PY79_39_cp_masks.tif,90,0.82005611696141,5.018912950609579,10.504618042951925,2.021618940454571
3066,6,/Users/reyesmatte/Desktop/copypasta/20260226/processed_masks/PY79_39_cp_masks.tif,PY79_39_cp_masks.tif,91,0.6828542658519658,9.487123762683211,10.228821042642641,1.674490102516871
3067,6,/Users/reyesmatte/Desktop/copypasta/20260226/processed_masks/PY79_39_cp_masks.tif,PY79_39_cp_masks.tif,92,0.6806800690737321,6.378183367423581,11.933083467812335,1.9567091215231385
3068,6,/Users/reyesmatte/Desktop/copypasta/20260226/processed_masks/PY79_39_cp_masks.tif,PY79_39_cp_masks.tif,93,0.771821275181848,4.727630440019053,10.297448967775154,1.9286063503101323
3069,6,/Users/reyesmatte/Desktop/copypasta/20260226/processed_masks/PY79_39_cp_masks.tif,PY79_39_cp_masks.tif,96,0.7889830493539741,4.784900165680638,11.100886739168576,2.074364418620211
3070,6,/Users/reyesmatte/Desktop/copypasta/20260226/processed_masks/PY79_39_cp_masks.tif,PY79_39_cp_masks.tif,97,0.7569396961733893,9.509222689046027,11.294464098739967,2.0735652597264775
3071,6,/Users/reyesmatte/Desktop/copypasta/20260226/processed_masks/PY79_39_cp_masks.tif,PY79_39_cp_masks.tif,98,0.8197145255081331,5.652233008279009,11.403893251866759,2.325045066224314
3072,6,/Users/reyesmatte/Desktop/copypasta/20260226/processed_masks/PY79_39_cp_masks.tif,PY79_39_cp_masks.tif,101,0.8573115612988885,5.536049388117865,13.190458167635173,2.671097040190955
3073,6,/Users/reyesmatte/Desktop/copypasta/20260226/processed_masks/PY79_39_cp_masks.tif,PY79_39_cp_masks.tif,102,0.8115847432509462,5.942447887296085,14.349194138717012,2.8075838804890636
3074,6,/Users/reyesmatte/Desktop/copypasta/20260226/processed_masks/PY79_39_cp_masks.tif,PY79_39_cp_masks.tif,107,0.8256054803384159,5.616816811787897,13.70581451700756,2.700487927335582
3075,6,/Users/reyesmatte/Desktop/copypasta/20260226/processed_masks/PY79_39_cp_masks.tif,PY79_39_cp_masks.tif,108,0.8124969907640089,5.634000410302064,12.923786908422684,2.4894488137132242
3076,6,/Users/reyesmatte/Desktop/copypasta/20260226/processed_masks/PY79_39_cp_masks.tif,PY79_39_cp_masks.tif,110,0.7913568038766297,3.1815278061086096,6.630936031601826,1.2232844787119304
3077,6,/Users/reyesmatte/Desktop/copypasta/20260226/processed_masks/PY79_39_cp_masks.tif,PY79_39_cp_masks.tif,111,0.7583370316459642,3.355854707482183,7.063631100583369,1.2888651808310283
3078,6,/Users/reyesmatte/Desktop/copypasta/20260226/processed_masks/PY79_39_cp_masks.tif,PY79_39_cp_masks.tif,113,0.7513095371204622,6.2500718242411155,13.296869964532476,2.438087974630904
3079,6,/Users/reyesmatte/Desktop/copypasta/20260226/processed_masks/PY79_39_cp_masks.tif,PY79_39_cp_masks.tif,116,0.8440024441109386,5.256649953272711,11.894574100942444,2.3926863047493225
3080,6,/Users/reyesmatte/Desktop/copypasta/20260226/processed_masks/PY79_39_cp_masks.tif,PY79_39_cp_masks.tif,119,0.7677462270064208,3.2593452962549216,6.774610004565523,1.3069608529621766
3081,6,/Users/reyesmatte/Desktop/copypasta/20260226/processed_masks/PY79_29_cp_masks.tif,PY79_29_cp_masks.tif,5,0.661231667056643,6.69791558761933,7.234128408682315,1.1334268091819282
3082,6,/Users/reyesmatte/Desktop/copypasta/20260226/processed_masks/PY79_29_cp_masks.tif,PY79_29_cp_masks.tif,6,0.6706477863254693,6.808309887975871,11.607314608090585,1.8730966496338304
3083,6,/Users/reyesmatte/Desktop/copypasta/20260226/processed_masks/PY79_29_cp_masks.tif,PY79_29_cp_masks.tif,7,0.7470356251001103,3.986190173767253,7.622218596593532,1.326643036283186
3084,6,/Users/reyesmatte/Desktop/copypasta/20260226/processed_masks/PY79_29_cp_masks.tif,PY79_29_cp_masks.tif,8,0.7885007757052257,7.087959914661061,13.901311213390922,2.7072294994348054
3085,6,/Users/reyesmatte/Desktop/copypasta/20260226/processed_masks/PY79_29_cp_masks.tif,PY79_29_cp_masks.tif,9,0.7384788950260942,5.529471790369167,9.891977145027624,1.7640865573546929
3086,6,/Users/reyesmatte/Desktop/copypasta/20260226/processed_masks/PY79_29_cp_masks.tif,PY79_29_cp_masks.tif,12,0.8501339329932389,4.064895593692492,9.240581613405288,1.8324772784172174
3087,6,/Users/reyesmatte/Desktop/copypasta/20260226/processed_masks/PY79_29_cp_masks.tif,PY79_29_cp_masks.tif,14,0.7289927033462181,4.616100166153391,9.60165889892073,1.7288605280957692
3088,6,/Users/reyesmatte/Desktop/copypasta/20260226/processed_masks/PY79_29_cp_masks.tif,PY79_29_cp_masks.tif,15,0.8706596562725929,4.1368294652427124,10.812798806755902,2.190871811157181
3089,6,/Users/reyesmatte/Desktop/copypasta/20260226/processed_masks/PY79_29_cp_masks.tif,PY79_29_cp_masks.tif,16,0.8613402511048314,7.446916993053504,19.306921850672737,4.0097267352277965
3090,6,/Users/reyesmatte/Desktop/copypasta/20260226/processed_masks/PY79_29_cp_masks.tif,PY79_29_cp_masks.tif,18,0.8348624479273143,7.6930904914966725,16.22747908183584,3.3556864879977915
3091,6,/Users/reyesmatte/Desktop/copypasta/20260226/processed_masks/PY79_29_cp_masks.tif,PY79_29_cp_masks.tif,19,0.7601957833077289,7.456652492824097,14.790524143706556,2.707573901550548
3092,6,/Users/reyesmatte/Desktop/copypasta/20260226/processed_masks/PY79_29_cp_masks.tif,PY79_29_cp_masks.tif,20,0.7976769338427363,5.383912164473342,10.956166470286046,2.1011468694164424
3093,6,/Users/reyesmatte/Desktop/copypasta/20260226/processed_masks/PY79_29_cp_masks.tif,PY79_29_cp_masks.tif,21,0.8660488442217777,7.285338260464387,16.82631944785173,3.486730451059559
3094,6,/Users/reyesmatte/Desktop/copypasta/20260226/processed_masks/PY79_29_cp_masks.tif,PY79_29_cp_masks.tif,24,0.8318665166109092,5.381971862031781,11.471488737349837,2.2697856279843283
3095,6,/Users/reyesmatte/Desktop/copypasta/20260226/processed_masks/PY79_29_cp_masks.tif,PY79_29_cp_masks.tif,25,0.8612623528666566,18.211900032560806,23.458747248820536,4.9081016476577135
3096,6,/Users/reyesmatte/Desktop/copypasta/20260226/processed_masks/PY79_29_cp_masks.tif,PY79_29_cp_masks.tif,26,0.8218197781936771,3.543273367010605,7.2158134924538375,1.4092694675751507
3097,6,/Users/reyesmatte/Desktop/copypasta/20260226/processed_masks/PY79_29_cp_masks.tif,PY79_29_cp_masks.tif,27,0.844684355813174,4.841048452920802,10.646832193916797,2.172501447108762
3098,6,/Users/reyesmatte/Desktop/copypasta/20260226/processed_masks/PY79_29_cp_masks.tif,PY79_29_cp_masks.tif,28,0.8528396680640644,3.348366454864016,7.504197065309387,1.4410426021987162
3099,6,/Users/reyesmatte/Desktop/copypasta/20260226/processed_masks/PY79_29_cp_masks.tif,PY79_29_cp_masks.tif,29,0.8688067102819047,10.89174862446784,26.1265206253088,5.565028646818475
3100,6,/Users/reyesmatte/Desktop/copypasta/20260226/processed_masks/PY79_29_cp_masks.tif,PY79_29_cp_masks.tif,30,0.7904375188417262,3.421336187200875,7.303882652558657,1.333040206266666
3101,6,/Users/reyesmatte/Desktop/copypasta/20260226/processed_masks/PY79_29_cp_masks.tif,PY79_29_cp_masks.tif,31,0.8238228711873348,5.5304299599081626,12.449398484109423,2.4234460557803517
3102,6,/Users/reyesmatte/Desktop/copypasta/20260226/processed_masks/PY79_29_cp_masks.tif,PY79_29_cp_masks.tif,32,0.7481849389650055,3.335585881396103,6.533858291965505,1.136305758786105
3103,6,/Users/reyesmatte/Desktop/copypasta/20260226/processed_masks/PY79_29_cp_masks.tif,PY79_29_cp_masks.tif,33,0.8338313848440838,5.182316648215423,12.850624530567096,2.5456006468078036
3104,6,/Users/reyesmatte/Desktop/copypasta/20260226/processed_masks/PY79_29_cp_masks.tif,PY79_29_cp_masks.tif,34,0.7989023953149684,5.704710884632953,12.960884173471054,2.476404151114716
3105,6,/Users/reyesmatte/Desktop/copypasta/20260226/processed_masks/PY79_29_cp_masks.tif,PY79_29_cp_masks.tif,35,0.7952610246104834,6.963257777255302,16.39577861363792,3.262149782084912
3106,6,/Users/reyesmatte/Desktop/copypasta/20260226/processed_masks/PY79_29_cp_masks.tif,PY79_29_cp_masks.tif,38,0.9064666738067441,7.9481874911888255,22.423661808577204,4.897471231248306
3107,6,/Users/reyesmatte/Desktop/copypasta/20260226/processed_masks/PY79_29_cp_masks.tif,PY79_29_cp_masks.tif,39,0.7488156154361982,6.6964848746967,13.83158938614606,2.543078490124042
3108,6,/Users/reyesmatte/Desktop/copypasta/20260226/processed_masks/PY79_29_cp_masks.tif,PY79_29_cp_masks.tif,40,0.7670027441479984,7.013877201443814,13.943617242144049,2.5822386522871303
3109,6,/Users/reyesmatte/Desktop/copypasta/20260226/processed_masks/PY79_29_cp_masks.tif,PY79_29_cp_masks.tif,41,0.7203624376237383,4.838536918767714,9.105199666046063,1.544010774074248
3110,6,/Users/reyesmatte/Desktop/copypasta/20260226/processed_masks/PY79_29_cp_masks.tif,PY79_29_cp_masks.tif,42,0.7662181773900033,4.676130513390871,8.729035336635773,1.5845702942507838
3111,6,/Users/reyesmatte/Desktop/copypasta/20260226/processed_masks/PY79_29_cp_masks.tif,PY79_29_cp_masks.tif,44,0.7846144088297429,6.912586744034781,13.416634087041578,2.5932738504961153
3112,6,/Users/reyesmatte/Desktop/copypasta/20260226/processed_masks/PY79_29_cp_masks.tif,PY79_29_cp_masks.tif,47,0.7923274157435254,4.945992096151405,10.05752558900269,1.896418012973539
3113,6,/Users/reyesmatte/Desktop/copypasta/20260226/processed_masks/PY79_29_cp_masks.tif,PY79_29_cp_masks.tif,48,0.8578640939417527,6.526511621804702,14.188105998287766,2.886969125113158
3114,6,/Users/reyesmatte/Desktop/copypasta/20260226/processed_masks/PY79_29_cp_masks.tif,PY79_29_cp_masks.tif,50,0.7375916877994291,5.056179947065393,10.164597598591078,1.7749560145436545
3115,6,/Users/reyesmatte/Desktop/copypasta/20260226/processed_masks/PY79_29_cp_masks.tif,PY79_29_cp_masks.tif,51,0.8682727116504912,7.023891615582225,14.486573443531368,3.052495486484403
3116,6,/Users/reyesmatte/Desktop/copypasta/20260226/processed_masks/PY79_29_cp_masks.tif,PY79_29_cp_masks.tif,53,0.845572193205512,7.222799273572595,14.33858590830075,2.896358776039555
3117,6,/Users/reyesmatte/Desktop/copypasta/20260226/processed_masks/PY79_29_cp_masks.tif,PY79_29_cp_masks.tif,55,0.787899620205825,6.756888830305175,13.56107858532145,2.5489026970869446
3118,6,/Users/reyesmatte/Desktop/copypasta/20260226/processed_masks/PY79_29_cp_masks.tif,PY79_29_cp_masks.tif,57,0.6949099706335619,6.916189683821465,12.168092835364355,2.0378567052748418
3119,6,/Users/reyesmatte/Desktop/copypasta/20260226/processed_masks/PY79_9_cp_masks.tif,PY79_9_cp_masks.tif,86,0.7304625737587838,9.660769089277572,17.020280545254206,3.0416768768441442
3120,6,/Users/reyesmatte/Desktop/copypasta/20260226/processed_masks/PY79_9_cp_masks.tif,PY79_9_cp_masks.tif,95,0.7789118044093398,5.072691188734755,10.487018434798616,1.9440686738370947
3121,6,/Users/reyesmatte/Desktop/copypasta/20260226/processed_masks/PY79_9_cp_masks.tif,PY79_9_cp_masks.tif,109,0.7940131620803881,8.880063936472139,18.51606197184408,3.5741468151382176
3122,6,/Users/reyesmatte/Desktop/copypasta/20260226/processed_masks/PY79_9_cp_masks.tif,PY79_9_cp_masks.tif,118,0.8131204646045297,5.311951905726117,12.001488040050004,2.3141272702689615
3123,6,/Users/reyesmatte/Desktop/copypasta/20260226/processed_masks/PY79_9_cp_masks.tif,PY79_9_cp_masks.tif,135,0.8109526240398253,5.643991034601745,12.430796834964212,2.3910685455773266
3124,6,/Users/reyesmatte/Desktop/copypasta/20260226/processed_masks/PY79_9_cp_masks.tif,PY79_9_cp_masks.tif,149,0.8166123066975053,5.2625950373756645,11.564709273984965,2.2557594426122063
3125,6,/Users/reyesmatte/Desktop/copypasta/20260226/processed_masks/PY79_9_cp_masks.tif,PY79_9_cp_masks.tif,166,0.8201544673949017,5.125694377772808,11.398161029619725,2.22801608271501
3126,6,/Users/reyesmatte/Desktop/copypasta/20260226/processed_masks/PY79_9_cp_masks.tif,PY79_9_cp_masks.tif,181,0.7593606403164551,5.3875874837549205,11.77454079183483,2.128967240634891
3127,6,/Users/reyesmatte/Desktop/copypasta/20260226/processed_masks/PY79_9_cp_masks.tif,PY79_9_cp_masks.tif,199,0.7568557755031493,9.168817891535216,18.514366293277593,3.3988321939440835
3128,6,/Users/reyesmatte/Desktop/copypasta/20260226/processed_masks/PY79_9_cp_masks.tif,PY79_9_cp_masks.tif,208,0.775516654229094,7.159035793730995,13.221456140891108,2.4679607887091044
3129,6,/Users/reyesmatte/Desktop/copypasta/20260226/processed_masks/PY79_9_cp_masks.tif,PY79_9_cp_masks.tif,210,0.7657236728075627,8.040667895046132,18.83438139780207,3.520433313464379
3130,6,/Users/reyesmatte/Desktop/copypasta/20260226/processed_masks/PY79_9_cp_masks.tif,PY79_9_cp_masks.tif,212,0.7968158347228846,6.831287884899761,13.454828389376498,2.6472860259710904
3131,6,/Users/reyesmatte/Desktop/copypasta/20260226/processed_masks/PY79_9_cp_masks.tif,PY79_9_cp_masks.tif,219,0.8399412508139686,4.161272057991403,8.688130499473024,1.671826391729047
3132,6,/Users/reyesmatte/Desktop/copypasta/20260226/processed_masks/PY79_9_cp_masks.tif,PY79_9_cp_masks.tif,221,0.7790260332786886,3.920344679891225,8.95709345601086,1.6230492658828861
3133,6,/Users/reyesmatte/Desktop/copypasta/20260226/processed_masks/PY79_9_cp_masks.tif,PY79_9_cp_masks.tif,228,0.8172453328638947,3.6584463823827993,7.624650988103838,1.438761659943975
3134,6,/Users/reyesmatte/Desktop/copypasta/20260226/processed_masks/PY79_9_cp_masks.tif,PY79_9_cp_masks.tif,239,0.7613413768115918,11.15145301926591,24.12861815426831,4.534830832077582
3135,6,/Users/reyesmatte/Desktop/copypasta/20260226/processed_masks/PY79_9_cp_masks.tif,PY79_9_cp_masks.tif,247,0.8534679773702208,4.427418153068797,9.787538695154225,1.9300759141512844
3136,6,/Users/reyesmatte/Desktop/copypasta/20260226/processed_masks/PY79_9_cp_masks.tif,PY79_9_cp_masks.tif,253,0.6783166565794874,4.96333909231748,8.342786464401991,1.3607107640261686
3137,6,/Users/reyesmatte/Desktop/copypasta/20260226/processed_masks/PY79_9_cp_masks.tif,PY79_9_cp_masks.tif,259,0.746492900597064,3.561631696577986,6.402301452192501,1.0925109605877015
3138,6,/Users/reyesmatte/Desktop/copypasta/20260226/processed_masks/PY79_9_cp_masks.tif,PY79_9_cp_masks.tif,264,0.8274255180336003,4.476261911879972,9.196737406527122,1.8572931205360008
3139,6,/Users/reyesmatte/Desktop/copypasta/20260226/processed_masks/PY79_9_cp_masks.tif,PY79_9_cp_masks.tif,271,0.7671450695651246,4.434475086852821,7.987409082214041,1.4490852859780008
3140,6,/Users/reyesmatte/Desktop/copypasta/20260226/processed_masks/PY79_9_cp_masks.tif,PY79_9_cp_masks.tif,279,0.8583726714192021,3.950335002280562,9.129643068703503,1.8005211320567214
3141,6,/Users/reyesmatte/Desktop/copypasta/20260226/processed_masks/PY79_9_cp_masks.tif,PY79_9_cp_masks.tif,284,0.7649002635402574,5.090661978589441,10.70240203192282,2.00880890126059
3142,6,/Users/reyesmatte/Desktop/copypasta/20260226/processed_masks/PY79_9_cp_masks.tif,PY79_9_cp_masks.tif,292,0.7963090632967678,12.2285271434241,18.250669671996445,3.5075102873801116
3143,6,/Users/reyesmatte/Desktop/copypasta/20260226/processed_masks/PY79_9_cp_masks.tif,PY79_9_cp_masks.tif,293,0.78466767396227,3.8170533736460577,7.665868139637813,1.4037932685728536
3144,6,/Users/reyesmatte/Desktop/copypasta/20260226/processed_masks/PY79_9_cp_masks.tif,PY79_9_cp_masks.tif,297,0.762144395302139,8.311001339867525,17.779366863357428,3.2972776380350752
3145,6,/Users/reyesmatte/Desktop/copypasta/20260226/processed_masks/PY79_9_cp_masks.tif,PY79_9_cp_masks.tif,298,0.7199712385624254,2.552350166153391,4.8422831977652665,0.8055460493396367
3146,6,/Users/reyesmatte/Desktop/copypasta/20260226/processed_masks/PY79_9_cp_masks.tif,PY79_9_cp_masks.tif,300,0.8429556285042014,6.779297584402516,14.129882542502383,2.8864463083364207
3147,6,/Users/reyesmatte/Desktop/copypasta/20260226/processed_masks/PY79_9_cp_masks.tif,PY79_9_cp_masks.tif,302,0.7625016391327503,2.6336017054994594,5.724855268064589,0.9817195672422205
3148,6,/Users/reyesmatte/Desktop/copypasta/20260226/processed_masks/PY79_9_cp_masks.tif,PY79_9_cp_masks.tif,304,0.877396374328047,4.132869691806691,9.232975775324126,1.982052191882834
3149,6,/Users/reyesmatte/Desktop/copypasta/20260226/processed_masks/PY79_9_cp_masks.tif,PY79_9_cp_masks.tif,305,0.7569901813806842,4.483257691885296,9.693307507189425,1.7349408176707586
3150,6,/Users/reyesmatte/Desktop/copypasta/20260226/processed_masks/PY79_9_cp_masks.tif,PY79_9_cp_masks.tif,309,0.7982357159090282,4.214812974384257,8.287148544894274,1.5410528804053871
3151,6,/Users/reyesmatte/Desktop/copypasta/20260226/processed_masks/PY79_9_cp_masks.tif,PY79_9_cp_masks.tif,310,0.7711659161273707,4.7107773613499715,10.368846918642568,1.9085684795022027
3152,6,/Users/reyesmatte/Desktop/copypasta/20260226/processed_masks/PY79_9_cp_masks.tif,PY79_9_cp_masks.tif,317,0.8246984162037567,7.571288800906503,15.11263071780003,2.9947721037131245
3153,6,/Users/reyesmatte/Desktop/copypasta/20260226/processed_masks/PY79_9_cp_masks.tif,PY79_9_cp_masks.tif,332,0.8659632518684816,9.033748532414247,21.608708638697145,4.5308562688592335
3154,6,/Users/reyesmatte/Desktop/copypasta/20260226/processed_masks/PY79_9_cp_masks.tif,PY79_9_cp_masks.tif,345,0.8432471077465988,5.896915781869463,15.101302526591397,3.0398137229964903
3155,6,/Users/reyesmatte/Desktop/copypasta/20260226/processed_masks/PY79_9_cp_masks.tif,PY79_9_cp_masks.tif,346,0.8211167499729993,7.376924440984911,17.943161719522152,3.5727523137509154
3156,6,/Users/reyesmatte/Desktop/copypasta/20260226/processed_masks/PY79_9_cp_masks.tif,PY79_9_cp_masks.tif,347,0.7792285512249735,4.899507777255302,11.01778395190981,2.0519660077011115
3157,6,/Users/reyesmatte/Desktop/copypasta/20260226/processed_masks/PY79_26_cp_masks.tif,PY79_26_cp_masks.tif,4,0.7939253037548922,4.629492490390373,10.380819003447817,1.932479832154599
3158,6,/Users/reyesmatte/Desktop/copypasta/20260226/processed_masks/PY79_26_cp_masks.tif,PY79_26_cp_masks.tif,7,0.6823914057631133,7.085698957178882,12.692735440567198,2.0994057309566996
3159,6,/Users/reyesmatte/Desktop/copypasta/20260226/processed_masks/PY79_26_cp_masks.tif,PY79_26_cp_masks.tif,11,0.7909373100361886,4.538069253476626,10.191933489980146,1.8960571601065352
3160,6,/Users/reyesmatte/Desktop/copypasta/20260226/processed_masks/PY79_26_cp_masks.tif,PY79_26_cp_masks.tif,13,0.718471073232842,4.4900085741011475,8.771673481742049,1.4914394421640187
3161,6,/Users/reyesmatte/Desktop/copypasta/20260226/processed_masks/PY79_26_cp_masks.tif,PY79_26_cp_masks.tif,15,0.7957988471835633,4.674835781640598,9.79543626619718,1.8360643991591084
3162,6,/Users/reyesmatte/Desktop/copypasta/20260226/processed_masks/PY79_26_cp_masks.tif,PY79_26_cp_masks.tif,17,0.6327541801875344,4.37244376353084,6.728588746194114,1.0529611721473404
3163,6,/Users/reyesmatte/Desktop/copypasta/20260226/processed_masks/PY79_26_cp_masks.tif,PY79_26_cp_masks.tif,19,0.7403947378288935,3.304851415451774,6.2115186767857935,1.0531993391367958
3164,6,/Users/reyesmatte/Desktop/copypasta/20260226/processed_masks/PY79_26_cp_masks.tif,PY79_26_cp_masks.tif,22,0.7157310338705919,4.906778954170897,9.128137505521472,1.5774238744242692
3165,6,/Users/reyesmatte/Desktop/copypasta/20260226/processed_masks/PY79_26_cp_masks.tif,PY79_26_cp_masks.tif,23,0.6695657864420903,4.558876143204778,7.540840755318279,1.204141499706218
3166,6,/Users/reyesmatte/Desktop/copypasta/20260226/processed_masks/PY79_26_cp_masks.tif,PY79_26_cp_masks.tif,24,0.7266859171937369,3.445161960967094,6.081800770490635,1.1018581376507866
3167,6,/Users/reyesmatte/Desktop/copypasta/20260226/processed_masks/PY79_26_cp_masks.tif,PY79_26_cp_masks.tif,25,0.8164501989017131,4.646122345903345,10.814249371596675,2.073876117023587
3168,6,/Users/reyesmatte/Desktop/copypasta/20260226/processed_masks/PY79_26_cp_masks.tif,PY79_26_cp_masks.tif,28,0.7338588318840222,6.292571564630966,12.16072818950822,2.1512650750742437
3169,6,/Users/reyesmatte/Desktop/copypasta/20260226/processed_masks/PY79_26_cp_masks.tif,PY79_26_cp_masks.tif,29,0.7431980638015909,4.25216998222104,9.671830208247544,1.704174702305508
3170,6,/Users/reyesmatte/Desktop/copypasta/20260226/processed_masks/PY79_26_cp_masks.tif,PY79_26_cp_masks.tif,31,0.759015974202718,6.82969008360726,15.570268403072605,2.920505213151055
3171,6,/Users/reyesmatte/Desktop/copypasta/20260226/processed_masks/PY79_26_cp_masks.tif,PY79_26_cp_masks.tif,32,0.7700054790382393,3.6005988142221654,7.183545840412578,1.2781993079483758
3172,6,/Users/reyesmatte/Desktop/copypasta/20260226/processed_masks/PY79_26_cp_masks.tif,PY79_26_cp_masks.tif,35,0.7751168008415845,4.2574335761052735,8.948867411735371,1.6178490456339123
3173,6,/Users/reyesmatte/Desktop/copypasta/20260226/processed_masks/PY79_26_cp_masks.tif,PY79_26_cp_masks.tif,36,0.7313678732386721,5.804139664960364,10.807770548435938,1.8935068830929194
3174,6,/Users/reyesmatte/Desktop/copypasta/20260226/processed_masks/PY79_26_cp_masks.tif,PY79_26_cp_masks.tif,37,0.7369829755190535,4.292303147342014,7.417463019616742,1.347573037861765
3175,6,/Users/reyesmatte/Desktop/copypasta/20260226/processed_masks/PY79_26_cp_masks.tif,PY79_26_cp_masks.tif,40,0.772783011005761,4.891290341064491,10.336265997248441,1.8790849644788175
3176,6,/Users/reyesmatte/Desktop/copypasta/20260226/processed_masks/PY79_26_cp_masks.tif,PY79_26_cp_masks.tif,41,0.7852487379621815,4.401903551847473,8.967195038033799,1.6432690620964128
3177,6,/Users/reyesmatte/Desktop/copypasta/20260226/processed_masks/PY79_26_cp_masks.tif,PY79_26_cp_masks.tif,43,0.708553340988267,3.941291602051388,7.361565815198471,1.2721908348909425
3178,6,/Users/reyesmatte/Desktop/copypasta/20260226/processed_masks/PY79_26_cp_masks.tif,PY79_26_cp_masks.tif,45,0.7228874996559618,5.461303518710937,9.341451590407887,1.6264996506136855
3179,6,/Users/reyesmatte/Desktop/copypasta/20260226/processed_masks/PY79_26_cp_masks.tif,PY79_26_cp_masks.tif,46,0.7993515854331442,3.9957330267045057,8.897935834683564,1.6511452522325265
3180,6,/Users/reyesmatte/Desktop/copypasta/20260226/processed_masks/PY79_26_cp_masks.tif,PY79_26_cp_masks.tif,47,0.7590670287882106,4.43699735471452,9.611496807088109,1.721348076001699
3181,6,/Users/reyesmatte/Desktop/copypasta/20260226/processed_masks/PY79_26_cp_masks.tif,PY79_26_cp_masks.tif,50,0.7949944888255839,4.431282120148862,9.34319331278042,1.730749522585151
3182,6,/Users/reyesmatte/Desktop/copypasta/20260226/processed_masks/PY79_26_cp_masks.tif,PY79_26_cp_masks.tif,51,0.809118111301599,5.111317614347473,10.593902399533059,2.1056176856574313
3183,6,/Users/reyesmatte/Desktop/copypasta/20260226/processed_masks/PY79_26_cp_masks.tif,PY79_26_cp_masks.tif,52,0.7766143782335274,5.14219058330396,10.61416025458374,1.956771296510746
3184,6,/Users/reyesmatte/Desktop/copypasta/20260226/processed_masks/PY79_26_cp_masks.tif,PY79_26_cp_masks.tif,53,0.6785694944383655,4.090759044840646,6.650349870574592,1.0865138624166393
3185,6,/Users/reyesmatte/Desktop/copypasta/20260226/processed_masks/PY79_26_cp_masks.tif,PY79_26_cp_masks.tif,54,0.6889503153826927,5.728485568815922,9.220404067861104,1.5369186477670902
3186,6,/Users/reyesmatte/Desktop/copypasta/20260226/processed_masks/PY79_26_cp_masks.tif,PY79_26_cp_masks.tif,55,0.8129529893727933,5.317038158159996,10.737143030336108,2.0887337969497293
3187,6,/Users/reyesmatte/Desktop/copypasta/20260226/processed_masks/PY79_26_cp_masks.tif,PY79_26_cp_masks.tif,56,0.7341907611995208,4.4895596307047745,8.420677873470352,1.4632650396519227
3188,6,/Users/reyesmatte/Desktop/copypasta/20260226/processed_masks/PY79_26_cp_masks.tif,PY79_26_cp_masks.tif,57,0.8369711349777945,4.271045759077985,8.832526983238415,1.8088029961301835
3189,6,/Users/reyesmatte/Desktop/copypasta/20260226/processed_masks/PY79_26_cp_masks.tif,PY79_26_cp_masks.tif,58,0.7982076596002811,4.481620279615136,9.09059746534383,1.6938308528405877
3190,6,/Users/reyesmatte/Desktop/copypasta/20260226/processed_masks/PY79_26_cp_masks.tif,PY79_26_cp_masks.tif,59,0.8948036326393346,5.096368720895061,12.576336096295742,2.651955931731955
3191,6,/Users/reyesmatte/Desktop/copypasta/20260226/processed_masks/PY79_26_cp_masks.tif,PY79_26_cp_masks.tif,60,0.81047623720506,4.372703428246889,9.301045588933416,1.7668352632722393
3192,6,/Users/reyesmatte/Desktop/copypasta/20260226/processed_masks/PY79_26_cp_masks.tif,PY79_26_cp_masks.tif,61,0.8586408837987493,5.810391157018312,14.15490148391889,2.8902535275805623
3193,6,/Users/reyesmatte/Desktop/copypasta/20260226/processed_masks/PY79_26_cp_masks.tif,PY79_26_cp_masks.tif,62,0.7900016549176082,6.439618615181685,12.478265039237128,2.3497187754168105
3194,6,/Users/reyesmatte/Desktop/copypasta/20260226/processed_masks/PY79_26_cp_masks.tif,PY79_26_cp_masks.tif,63,0.8272379339048479,5.356997123733522,12.03339564148551,2.388445949937435
3195,6,/Users/reyesmatte/Desktop/copypasta/20260226/processed_masks/PY79_26_cp_masks.tif,PY79_26_cp_masks.tif,64,0.8202073506308709,4.534332182251057,9.202929550779409,1.7539481241428063
3196,6,/Users/reyesmatte/Desktop/copypasta/20260226/processed_masks/PY79_26_cp_masks.tif,PY79_26_cp_masks.tif,65,0.793375075116272,5.497373782693787,12.188953627693097,2.3608100960751894
3197,6,/Users/reyesmatte/Desktop/copypasta/20260226/processed_masks/PY79_26_cp_masks.tif,PY79_26_cp_masks.tif,68,0.8002067991461449,5.7415081065791975,13.042326291484356,2.477704475679288
3198,6,/Users/reyesmatte/Desktop/copypasta/20260226/processed_masks/PY79_26_cp_masks.tif,PY79_26_cp_masks.tif,70,0.8229175756557761,6.92042184180355,13.405815623908193,2.63450802353252
3199,6,/Users/reyesmatte/Desktop/copypasta/20260226/processed_masks/PY79_26_cp_masks.tif,PY79_26_cp_masks.tif,71,0.790555415129021,4.382946482138301,8.903928156678202,1.7117256990102439
3200,6,/Users/reyesmatte/Desktop/copypasta/20260226/processed_masks/PY79_26_cp_masks.tif,PY79_26_cp_masks.tif,75,0.8161060675587497,4.413831025071294,10.036002029337288,1.9094011832145696
3201,6,/Users/reyesmatte/Desktop/copypasta/20260226/processed_masks/PY79_26_cp_masks.tif,PY79_26_cp_masks.tif,78,0.7881182361817546,4.528624531079368,9.279106800465282,1.7037832341882577
3202,6,/Users/reyesmatte/Desktop/copypasta/20260226/processed_masks/PY79_26_cp_masks.tif,PY79_26_cp_masks.tif,79,0.7783350733858642,4.436220776207546,8.29849878560882,1.5737123850180763
3203,6,/Users/reyesmatte/Desktop/copypasta/20260226/processed_masks/PY79_26_cp_masks.tif,PY79_26_cp_masks.tif,80,0.7067995706600185,5.476303347212532,9.951133651482806,1.6812468999833026
3204,6,/Users/reyesmatte/Desktop/copypasta/20260226/processed_masks/PY79_26_cp_masks.tif,PY79_26_cp_masks.tif,81,0.780838292273994,4.146807530672654,7.974566344289878,1.4387201060948895
3205,6,/Users/reyesmatte/Desktop/copypasta/20260226/processed_masks/PY79_26_cp_masks.tif,PY79_26_cp_masks.tif,85,0.7086512359076061,5.265319974392429,9.947201003699691,1.6856095630904229
3206,6,/Users/reyesmatte/Desktop/copypasta/20260226/processed_masks/PY79_26_cp_masks.tif,PY79_26_cp_masks.tif,86,0.7336834280940628,4.143440162045563,7.977942636456911,1.3639010956393545
3207,6,/Users/reyesmatte/Desktop/copypasta/20260226/processed_masks/PY79_26_cp_masks.tif,PY79_26_cp_masks.tif,87,0.733724125462052,4.960558403793878,9.659384030588496,1.7246346594193867
3208,6,/Users/reyesmatte/Desktop/copypasta/20260226/processed_masks/PY79_26_cp_masks.tif,PY79_26_cp_masks.tif,88,0.7662386887189878,4.664979479836743,10.394054025740793,1.8755978175674013
3209,6,/Users/reyesmatte/Desktop/copypasta/20260226/processed_masks/PY79_26_cp_masks.tif,PY79_26_cp_masks.tif,90,0.7782759275730669,4.095880678464133,9.475728236642329,1.7253489413949903
3210,6,/Users/reyesmatte/Desktop/copypasta/20260226/processed_masks/PY79_26_cp_masks.tif,PY79_26_cp_masks.tif,91,0.778071260256552,7.430502486349683,9.661775494254032,1.7685390806962629
3211,6,/Users/reyesmatte/Desktop/copypasta/20260226/processed_masks/PY79_26_cp_masks.tif,PY79_26_cp_masks.tif,93,0.7956096134349471,4.269007044737681,9.815178581058134,1.8314604202890137
3212,6,/Users/reyesmatte/Desktop/copypasta/20260226/processed_masks/PY79_26_cp_masks.tif,PY79_26_cp_masks.tif,94,0.770155624168543,4.674734357377652,10.956520550514776,1.997471633232389
3213,6,/Users/reyesmatte/Desktop/copypasta/20260226/processed_masks/PY79_26_cp_masks.tif,PY79_26_cp_masks.tif,95,0.7512425604939711,5.348231895143488,11.999707805990159,2.2209829052247065
3214,6,/Users/reyesmatte/Desktop/copypasta/20260226/processed_masks/PY79_26_cp_masks.tif,PY79_26_cp_masks.tif,97,0.7744287129639771,5.066270801025693,11.636088691701834,2.138201950803677
3215,6,/Users/reyesmatte/Desktop/copypasta/20260226/processed_masks/PY79_26_cp_masks.tif,PY79_26_cp_masks.tif,98,0.805452905216132,4.539961005275156,8.996399580307113,1.6943845587960091
3216,6,/Users/reyesmatte/Desktop/copypasta/20260226/processed_masks/PY79_26_cp_masks.tif,PY79_26_cp_masks.tif,101,0.7859746114632733,9.170284013288999,11.717184202103162,2.2334266567052063
3217,6,/Users/reyesmatte/Desktop/copypasta/20260226/processed_masks/PY79_26_cp_masks.tif,PY79_26_cp_masks.tif,102,0.7762009068128166,4.504873923354277,9.692098116513714,1.7609448192846004
3218,6,/Users/reyesmatte/Desktop/copypasta/20260226/processed_masks/PY79_26_cp_masks.tif,PY79_26_cp_masks.tif,104,0.7662558980507472,4.388153595903346,9.296599718113194,1.73904470276216
3219,6,/Users/reyesmatte/Desktop/copypasta/20260226/processed_masks/PY79_26_cp_masks.tif,PY79_26_cp_masks.tif,105,0.7569964602065737,5.014813394646528,10.46709671105273,1.8803526010032445
3220,6,/Users/reyesmatte/Desktop/copypasta/20260226/processed_masks/PY79_26_cp_masks.tif,PY79_26_cp_masks.tif,109,0.82123484448254,4.953851900635069,12.337964225384356,2.400176396538219
3221,6,/Users/reyesmatte/Desktop/copypasta/20260226/processed_masks/PY79_26_cp_masks.tif,PY79_26_cp_masks.tif,113,0.7735905348414228,4.353262712096344,9.665799064353712,1.774092696892729
3222,6,/Users/reyesmatte/Desktop/copypasta/20260226/processed_masks/PY79_26_cp_masks.tif,PY79_26_cp_masks.tif,115,0.7974852052751792,4.918891747749844,11.19377377525117,2.1311472995905425
3223,6,/Users/reyesmatte/Desktop/copypasta/20260226/processed_masks/PY79_26_cp_masks.tif,PY79_26_cp_masks.tif,116,0.6944622101109946,4.73274475348491,9.754946795352424,1.6140447200890604
3224,6,/Users/reyesmatte/Desktop/copypasta/20260226/processed_masks/PY79_26_cp_masks.tif,PY79_26_cp_masks.tif,121,0.7802656585630043,3.840919238525694,8.501610606447235,1.5682582095818354
3225,6,/Users/reyesmatte/Desktop/copypasta/20260226/processed_masks/PY79_26_cp_masks.tif,PY79_26_cp_masks.tif,122,0.694301718570967,9.356736879306691,18.593094701414916,3.204846419241513
3226,6,/Users/reyesmatte/Desktop/copypasta/20260226/processed_masks/PY79_26_cp_masks.tif,PY79_26_cp_masks.tif,125,0.7532960952655456,5.070254650919594,10.68259811648652,1.9410799425107557
3227,6,/Users/reyesmatte/Desktop/copypasta/20260226/processed_masks/PY79_26_cp_masks.tif,PY79_26_cp_masks.tif,147,0.7736379845123599,4.971032123807362,10.894375026154371,1.9906863217188024
3228,6,/Users/reyesmatte/Desktop/copypasta/20260226/processed_masks/PY79_26_cp_masks.tif,PY79_26_cp_masks.tif,148,0.7254902756874971,4.499616124445031,8.966482146396926,1.5436344935607313
3229,6,/Users/reyesmatte/Desktop/copypasta/20260226/processed_masks/PY79_1_cp_masks.tif,PY79_1_cp_masks.tif,2,0.8215046593300926,4.367569158480666,8.630181389400917,1.706476220610775
3230,6,/Users/reyesmatte/Desktop/copypasta/20260226/processed_masks/PY79_1_cp_masks.tif,PY79_1_cp_masks.tif,10,0.8189689786199768,3.9428572481591693,7.864200327153728,1.4723211403115972
3231,6,/Users/reyesmatte/Desktop/copypasta/20260226/processed_masks/PY79_1_cp_masks.tif,PY79_1_cp_masks.tif,12,0.7543019267812707,4.0130792928298415,8.008923861985325,1.439602021552707
3232,6,/Users/reyesmatte/Desktop/copypasta/20260226/processed_masks/PY79_1_cp_masks.tif,PY79_1_cp_masks.tif,16,0.8053480615592042,6.213102134980393,14.712746553310682,2.8642384569393826
3233,6,/Users/reyesmatte/Desktop/copypasta/20260226/processed_masks/PY79_1_cp_masks.tif,PY79_1_cp_masks.tif,17,0.7776091918172846,4.014164053688826,9.55153028993002,1.7567413295226215
3234,6,/Users/reyesmatte/Desktop/copypasta/20260226/processed_masks/PY79_1_cp_masks.tif,PY79_1_cp_masks.tif,18,0.7935788341304746,5.9711310971057445,13.140572256786514,2.5098468957682263
3235,6,/Users/reyesmatte/Desktop/copypasta/20260226/processed_masks/PY79_1_cp_masks.tif,PY79_1_cp_masks.tif,19,0.7233954726433838,3.968030195756205,8.587258406025816,1.4630165272075188
3236,6,/Users/reyesmatte/Desktop/copypasta/20260226/processed_masks/PY79_1_cp_masks.tif,PY79_1_cp_masks.tif,20,0.7807588739649471,5.9284804722144,7.844644661081529,1.4227312944078714
3237,6,/Users/reyesmatte/Desktop/copypasta/20260226/processed_masks/PY79_1_cp_masks.tif,PY79_1_cp_masks.tif,21,0.8212362014272709,4.733693954590184,10.015487526743714,1.9178681358497995
3238,6,/Users/reyesmatte/Desktop/copypasta/20260226/processed_masks/PY79_1_cp_masks.tif,PY79_1_cp_masks.tif,22,0.7630488418645819,5.096719881561018,11.512460261750416,2.092945057694944
3239,6,/Users/reyesmatte/Desktop/copypasta/20260226/processed_masks/PY79_1_cp_masks.tif,PY79_1_cp_masks.tif,23,0.8036964236589306,5.059860207968307,10.04950373681981,1.889914024387861
3240,6,/Users/reyesmatte/Desktop/copypasta/20260226/processed_masks/PY79_1_cp_masks.tif,PY79_1_cp_masks.tif,25,0.8186746646058086,7.307840335391625,10.367109631382556,1.987113327713733
3241,6,/Users/reyesmatte/Desktop/copypasta/20260226/processed_masks/PY79_1_cp_masks.tif,PY79_1_cp_masks.tif,26,0.6900992103419735,4.962040088326925,8.027165629956885,1.3069901104604869
3242,6,/Users/reyesmatte/Desktop/copypasta/20260226/processed_masks/PY79_1_cp_masks.tif,PY79_1_cp_masks.tif,27,0.7733701474760057,5.165301323239104,8.959047789659826,1.6893256085303878
3243,6,/Users/reyesmatte/Desktop/copypasta/20260226/processed_masks/PY79_1_cp_masks.tif,PY79_1_cp_masks.tif,28,0.780330877455713,7.399942458488068,14.217412733334811,2.6686485534131936
3244,6,/Users/reyesmatte/Desktop/copypasta/20260226/processed_masks/PY79_1_cp_masks.tif,PY79_1_cp_masks.tif,29,0.859716680790256,5.686281803684826,14.858372160461725,3.055097614355967
3245,6,/Users/reyesmatte/Desktop/copypasta/20260226/processed_masks/PY79_1_cp_masks.tif,PY79_1_cp_masks.tif,35,0.8045886863209674,5.005921019125938,10.06349199612938,1.9256136632129415
3246,6,/Users/reyesmatte/Desktop/copypasta/20260226/processed_masks/PY79_1_cp_masks.tif,PY79_1_cp_masks.tif,37,0.6948001536373041,5.870637455632544,10.185418603788358,1.747843888453116
3247,6,/Users/reyesmatte/Desktop/copypasta/20260226/processed_masks/PY79_1_cp_masks.tif,PY79_1_cp_masks.tif,38,0.7429674275688145,6.9437509993934,12.519170085080148,2.3055854776579476
3248,6,/Users/reyesmatte/Desktop/copypasta/20260226/processed_masks/PY79_1_cp_masks.tif,PY79_1_cp_masks.tif,39,0.7826140587905576,8.252152255615878,17.051475439088495,3.2183997586138093
3249,6,/Users/reyesmatte/Desktop/copypasta/20260226/processed_masks/PY79_1_cp_masks.tif,PY79_1_cp_masks.tif,43,0.8416203795970814,5.110435434832869,12.587063357729791,2.5261651034044
3250,6,/Users/reyesmatte/Desktop/copypasta/20260226/processed_masks/PY79_1_cp_masks.tif,PY79_1_cp_masks.tif,45,0.8457933175561004,3.8631508828702077,8.094418873986987,1.5832554454382326
3251,6,/Users/reyesmatte/Desktop/copypasta/20260226/processed_masks/PY79_1_cp_masks.tif,PY79_1_cp_masks.tif,48,0.7640971897843117,6.509664255607592,12.306290414905767,2.240580912588918
3252,6,/Users/reyesmatte/Desktop/copypasta/20260226/processed_masks/PY79_1_cp_masks.tif,PY79_1_cp_masks.tif,53,0.8656679150946804,4.618923515068894,9.89733481810494,1.9917801604047254
3253,6,/Users/reyesmatte/Desktop/copypasta/20260226/processed_masks/PY79_1_cp_masks.tif,PY79_1_cp_masks.tif,55,0.8218784364217596,5.516868336683367,13.959105618473885,2.75755170714338
3254,6,/Users/reyesmatte/Desktop/copypasta/20260226/processed_masks/PY79_1_cp_masks.tif,PY79_1_cp_masks.tif,57,0.7068916531321054,10.438267066251727,20.45972804271283,3.5371735430685733
3255,6,/Users/reyesmatte/Desktop/copypasta/20260226/processed_masks/PY79_1_cp_masks.tif,PY79_1_cp_masks.tif,58,0.7038934983445608,3.4455858493882574,6.074923396779696,1.0331567871166976
3256,6,/Users/reyesmatte/Desktop/copypasta/20260226/processed_masks/PY79_1_cp_masks.tif,PY79_1_cp_masks.tif,59,0.7085587729621501,4.4050767022198665,8.78466771373794,1.4830849082223012
3257,6,/Users/reyesmatte/Desktop/copypasta/20260226/processed_masks/PY79_1_cp_masks.tif,PY79_1_cp_masks.tif,60,0.8413198019371263,3.475773869449045,7.519194723139518,1.4329332515911766
3258,6,/Users/reyesmatte/Desktop/copypasta/20260226/processed_masks/PY79_1_cp_masks.tif,PY79_1_cp_masks.tif,66,0.7348642727043398,4.7594582922145205,10.561545069747956,1.8443926297232418
3259,6,/Users/reyesmatte/Desktop/copypasta/20260226/processed_masks/PY79_1_cp_masks.tif,PY79_1_cp_masks.tif,68,0.7717772294913513,5.530583889955219,13.191524215007577,2.4365583742522237
3260,6,/Users/reyesmatte/Desktop/copypasta/20260226/processed_masks/PY79_1_cp_masks.tif,PY79_1_cp_masks.tif,74,0.798370651002271,5.141828098566477,12.270054828004659,2.3328648451687517
3261,6,/Users/reyesmatte/Desktop/copypasta/20260226/processed_masks/PY79_1_cp_masks.tif,PY79_1_cp_masks.tif,77,0.768915598930517,4.705618650405666,8.89208350305638,1.5963489634392802
3262,6,/Users/reyesmatte/Desktop/copypasta/20260226/processed_masks/PY79_1_cp_masks.tif,PY79_1_cp_masks.tif,83,0.7888878347691667,4.405700497336868,10.51269390452624,1.9483143366755526
3263,6,/Users/reyesmatte/Desktop/copypasta/20260226/processed_masks/PY79_1_cp_masks.tif,PY79_1_cp_masks.tif,87,0.7848231807411401,6.476396197730037,13.03633016919611,2.439955583912667
3264,6,/Users/reyesmatte/Desktop/copypasta/20260226/processed_masks/PY79_1_cp_masks.tif,PY79_1_cp_masks.tif,88,0.786128800162251,5.71135550397232,13.487573651071907,2.534411089380105
3265,6,/Users/reyesmatte/Desktop/copypasta/20260226/processed_masks/PY79_1_cp_masks.tif,PY79_1_cp_masks.tif,92,0.771855772351837,4.736154189599878,11.029870409634439,2.0146918511939282
3266,6,/Users/reyesmatte/Desktop/copypasta/20260226/processed_masks/PY79_1_cp_masks.tif,PY79_1_cp_masks.tif,98,0.7972940971203811,4.319078089755302,9.994122688037612,1.8702244598595488
3267,6,/Users/reyesmatte/Desktop/copypasta/20260226/processed_masks/PY79_1_cp_masks.tif,PY79_1_cp_masks.tif,99,0.7796056348087165,3.9264796564716278,8.14981899723375,1.4749096600572087
3268,6,/Users/reyesmatte/Desktop/copypasta/20260226/processed_masks/PY79_1_cp_masks.tif,PY79_1_cp_masks.tif,102,0.7197345722733505,4.764066665837772,10.452292688165038,1.795319851931737
3269,6,/Users/reyesmatte/Desktop/copypasta/20260226/processed_masks/PY79_1_cp_masks.tif,PY79_1_cp_masks.tif,103,0.8288719695500898,5.877955699796085,14.988344399122292,2.969943408545359
3270,6,/Users/reyesmatte/Desktop/copypasta/20260226/processed_masks/PY79_1_cp_masks.tif,PY79_1_cp_masks.tif,106,0.7895783790237698,5.640218697132953,12.792383496962643,2.4078648347726115
3271,6,/Users/reyesmatte/Desktop/copypasta/20260226/processed_masks/PY79_1_cp_masks.tif,PY79_1_cp_masks.tif,112,0.6686686682926328,5.1608325596969,10.345840611639426,1.67224291181713
3272,6,/Users/reyesmatte/Desktop/copypasta/20260226/processed_masks/PY79_1_cp_masks.tif,PY79_1_cp_masks.tif,114,0.8476036563204702,6.22729300397232,15.795573306635571,3.2169952644264703
3273,6,/Users/reyesmatte/Desktop/copypasta/20260226/processed_masks/PY79_1_cp_masks.tif,PY79_1_cp_masks.tif,122,0.8005868611750214,4.975065074796086,11.917607113397008,2.2856738404741885
3274,6,/Users/reyesmatte/Desktop/copypasta/20260226/processed_masks/PY79_1_cp_masks.tif,PY79_1_cp_masks.tif,124,0.7919760999235647,4.003037539964365,7.9153532430612135,1.4603608757178188
3275,6,/Users/reyesmatte/Desktop/copypasta/20260226/processed_masks/PY79_1_cp_masks.tif,PY79_1_cp_masks.tif,126,0.783551526191492,3.8417306666595503,7.52615606386489,1.3767805841049532
3276,6,/Users/reyesmatte/Desktop/copypasta/20260226/processed_masks/PY79_1_cp_masks.tif,PY79_1_cp_masks.tif,131,0.7872552981877757,4.233267110307593,8.17076144137167,1.5380165168113789
3277,6,/Users/reyesmatte/Desktop/copypasta/20260226/processed_masks/PY79_1_cp_masks.tif,PY79_1_cp_masks.tif,137,0.8547499816810404,5.173287783890753,12.912808060916344,2.609130180146497
3278,6,/Users/reyesmatte/Desktop/copypasta/20260226/processed_masks/PY79_1_cp_masks.tif,PY79_1_cp_masks.tif,138,0.8170187813599232,4.750433170294799,12.284077500463715,2.3776616670069513
3279,6,/Users/reyesmatte/Desktop/copypasta/20260226/processed_masks/PY79_1_cp_masks.tif,PY79_1_cp_masks.tif,140,0.727840592704345,3.7459165668066916,6.7983900637516435,1.1384938511670624
3280,6,/Users/reyesmatte/Desktop/copypasta/20260226/processed_masks/PY79_1_cp_masks.tif,PY79_1_cp_masks.tif,154,0.7427772590557314,5.085241539384203,11.184217679103778,2.0410818419134005
3281,6,/Users/reyesmatte/Desktop/copypasta/20260226/processed_masks/PY79_1_cp_masks.tif,PY79_1_cp_masks.tif,155,0.7974086519940139,5.5055318036893475,13.357226397439511,2.5408603180385
3282,6,/Users/reyesmatte/Desktop/copypasta/20260226/processed_masks/PY79_1_cp_masks.tif,PY79_1_cp_masks.tif,164,0.7637522524133065,4.358686289517608,8.640778566288015,1.5797531922108268
3283,6,/Users/reyesmatte/Desktop/copypasta/20260226/processed_masks/PY79_1_cp_masks.tif,PY79_1_cp_masks.tif,166,0.7699962534712713,5.792087510188444,13.476837114578704,2.482899775844118
3284,6,/Users/reyesmatte/Desktop/copypasta/20260226/processed_masks/PY79_1_cp_masks.tif,PY79_1_cp_masks.tif,174,0.7680085072763885,4.161333461675083,9.503842583681372,1.7269238796745732
3285,6,/Users/reyesmatte/Desktop/copypasta/20260226/processed_masks/PY79_1_cp_masks.tif,PY79_1_cp_masks.tif,185,0.7018133804728759,6.662503171415706,14.199339896346995,2.4734155784320664
3286,6,/Users/reyesmatte/Desktop/copypasta/20260226/processed_masks/PY79_1_cp_masks.tif,PY79_1_cp_masks.tif,187,0.788671671295594,7.930640589755302,18.851594736140225,3.611235454483983
3287,6,/Users/reyesmatte/Desktop/copypasta/20260226/processed_masks/PY79_1_cp_masks.tif,PY79_1_cp_masks.tif,203,0.7603523236377729,4.169861967418434,9.758971600082198,1.7539323411479448
3288,6,/Users/reyesmatte/Desktop/copypasta/20260226/processed_masks/PY79_1_cp_masks.tif,PY79_1_cp_masks.tif,212,0.7270939917517323,3.994743734485813,8.394442455638893,1.4458816981219924
3289,6,/Users/reyesmatte/Desktop/copypasta/20260226/processed_masks/PY79_1_cp_masks.tif,PY79_1_cp_masks.tif,219,0.8133087471794093,4.007845090242712,9.545814841651863,1.8352538829231486
3290,6,/Users/reyesmatte/Desktop/copypasta/20260226/processed_masks/PY79_1_cp_masks.tif,PY79_1_cp_masks.tif,225,0.7323660935213128,4.254170044182713,8.621299485438138,1.4922821386764213
3291,6,/Users/reyesmatte/Desktop/copypasta/20260226/processed_masks/PY79_1_cp_masks.tif,PY79_1_cp_masks.tif,239,0.8183131220730847,3.358177068648043,8.1043387975841,1.5418537188598767
3292,6,/Users/reyesmatte/Desktop/copypasta/20260226/processed_masks/PY79_1_cp_masks.tif,PY79_1_cp_masks.tif,243,0.7160815271277982,4.953746282848376,9.370086609069284,1.661796514892208
3293,6,/Users/reyesmatte/Desktop/copypasta/20260226/processed_masks/PY79_1_cp_masks.tif,PY79_1_cp_masks.tif,246,0.7682970458627671,2.003841131148043,4.340393510332854,0.74157293091457
3294,6,/Users/reyesmatte/Desktop/copypasta/20260226/processed_masks/PY79_1_cp_masks.tif,PY79_1_cp_masks.tif,256,0.7749190079739298,2.28792395112351,4.83978843653373,0.8624284066350177
3295,6,/Users/reyesmatte/Desktop/copypasta/20260226/processed_masks/PY79_1_cp_masks.tif,PY79_1_cp_masks.tif,258,0.6682005203371598,4.641098114207504,7.964008463761186,1.290011176596878
3296,6,/Users/reyesmatte/Desktop/copypasta/20260226/processed_masks/PY79_1_cp_masks.tif,PY79_1_cp_masks.tif,263,0.8333202419318518,7.151201749467833,15.505167754835547,3.086939102678953
3297,6,/Users/reyesmatte/Desktop/copypasta/20260226/processed_masks/PY79_1_cp_masks.tif,PY79_1_cp_masks.tif,284,0.7707709452279679,4.022131753476627,8.752199639698947,1.5733462539141296
3298,6,/Users/reyesmatte/Desktop/copypasta/20260226/processed_masks/PY79_1_cp_masks.tif,PY79_1_cp_masks.tif,294,0.7053488646170308,4.010942488381726,7.9833851309816,1.334082569564004
3299,6,/Users/reyesmatte/Desktop/copypasta/20260226/processed_masks/PY79_1_cp_masks.tif,PY79_1_cp_masks.tif,301,0.7493786534461562,5.061687482377651,11.302613329291727,2.088201957734437
3300,6,/Users/reyesmatte/Desktop/copypasta/20260226/processed_masks/PY79_1_cp_masks.tif,PY79_1_cp_masks.tif,316,0.8209922135905151,4.490750088066989,10.759409676861114,2.0707888864680863
3301,6,/Users/reyesmatte/Desktop/copypasta/20260226/processed_masks/PY79_1_cp_masks.tif,PY79_1_cp_masks.tif,327,0.8149164223868369,3.966733475517507,9.381580821376362,1.7749262578797071
3302,6,/Users/reyesmatte/Desktop/copypasta/20260226/processed_masks/PY79_1_cp_masks.tif,PY79_1_cp_masks.tif,340,0.8190946995080375,4.1472715102072355,9.246385039456847,1.7804000332695094
3303,6,/Users/reyesmatte/Desktop/copypasta/20260226/processed_masks/PY79_1_cp_masks.tif,PY79_1_cp_masks.tif,351,0.8372510513316684,6.590299553172839,15.350788653512161,3.087198972245462
3304,6,/Users/reyesmatte/Desktop/copypasta/20260226/processed_masks/PY79_1_cp_masks.tif,PY79_1_cp_masks.tif,366,0.7739433217551395,6.4794035077915995,12.518394113001268,2.3401682149429104
3305,6,/Users/reyesmatte/Desktop/copypasta/20260226/processed_masks/PY79_50_cp_masks.tif,PY79_50_cp_masks.tif,5,0.7353054415923432,4.498743292627496,9.071879691398758,1.5783383874542276
3306,6,/Users/reyesmatte/Desktop/copypasta/20260226/processed_masks/PY79_50_cp_masks.tif,PY79_50_cp_masks.tif,14,0.7551774769264773,5.022336016755815,11.110377003683999,1.9890473247650031
3307,6,/Users/reyesmatte/Desktop/copypasta/20260226/processed_masks/PY79_50_cp_masks.tif,PY79_50_cp_masks.tif,17,0.7695640325259279,4.424704958467291,10.272502644027451,1.8739282771188954
3308,6,/Users/reyesmatte/Desktop/copypasta/20260226/processed_masks/PY79_50_cp_masks.tif,PY79_50_cp_masks.tif,19,0.7823461803450882,4.413018771838675,10.550785853997082,1.9459770104904404
3309,6,/Users/reyesmatte/Desktop/copypasta/20260226/processed_masks/PY79_50_cp_masks.tif,PY79_50_cp_masks.tif,34,0.7501782746266981,6.7329517670901815,13.532734054395336,2.43384930556669
3310,6,/Users/reyesmatte/Desktop/copypasta/20260226/processed_masks/PY79_50_cp_masks.tif,PY79_50_cp_masks.tif,35,0.749272974860598,5.588332210806308,11.06353596712173,1.9666185754893117
3311,6,/Users/reyesmatte/Desktop/copypasta/20260226/processed_masks/PY79_50_cp_masks.tif,PY79_50_cp_masks.tif,39,0.747622645992696,6.134725512287801,13.801138330589506,2.480607640876695
3312,6,/Users/reyesmatte/Desktop/copypasta/20260226/processed_masks/PY79_50_cp_masks.tif,PY79_50_cp_masks.tif,40,0.7700497187394106,5.692609665030511,12.543112870694413,2.298726971944719
3313,6,/Users/reyesmatte/Desktop/copypasta/20260226/processed_masks/PY79_50_cp_masks.tif,PY79_50_cp_masks.tif,48,0.7562179082684356,4.699161913988134,8.851130048448328,1.5655346100831717
3314,6,/Users/reyesmatte/Desktop/copypasta/20260226/processed_masks/PY79_50_cp_masks.tif,PY79_50_cp_masks.tif,49,0.7325094793103022,6.414287775079579,13.860094479289922,2.448456045115007
3315,6,/Users/reyesmatte/Desktop/copypasta/20260226/processed_masks/PY79_50_cp_masks.tif,PY79_50_cp_masks.tif,51,0.7725339600396547,4.746458360720569,8.950094574694587,1.6261865714997747
3316,6,/Users/reyesmatte/Desktop/copypasta/20260226/processed_masks/PY79_50_cp_masks.tif,PY79_50_cp_masks.tif,52,0.7167915015547424,5.537947860862562,11.199707309517596,1.9528087180750344
3317,6,/Users/reyesmatte/Desktop/copypasta/20260226/processed_masks/PY79_50_cp_masks.tif,PY79_50_cp_masks.tif,53,0.7306137910668269,7.444912902522109,14.289662557718593,2.5175107630610403
3318,6,/Users/reyesmatte/Desktop/copypasta/20260226/processed_masks/PY79_50_cp_masks.tif,PY79_50_cp_masks.tif,57,0.7392382320100098,8.735509394463664,15.458920313131273,2.7582874628418144
3319,6,/Users/reyesmatte/Desktop/copypasta/20260226/processed_masks/PY79_50_cp_masks.tif,PY79_50_cp_masks.tif,59,0.7163712212129473,7.614848348052548,14.720514273658598,2.611585467546013
3320,6,/Users/reyesmatte/Desktop/copypasta/20260226/processed_masks/PY79_50_cp_masks.tif,PY79_50_cp_masks.tif,60,0.7545284006007312,6.596536399592171,14.300922857616255,2.597752448900737
3321,6,/Users/reyesmatte/Desktop/copypasta/20260226/processed_masks/PY79_50_cp_masks.tif,PY79_50_cp_masks.tif,61,0.7429248350504621,6.516038916572852,13.910854731125044,2.485576549718648
3322,6,/Users/reyesmatte/Desktop/copypasta/20260226/processed_masks/PY79_50_cp_masks.tif,PY79_50_cp_masks.tif,62,0.7681570621954736,6.941105558016375,13.055352659990977,2.4526290644594617
3323,6,/Users/reyesmatte/Desktop/copypasta/20260226/processed_masks/PY79_50_cp_masks.tif,PY79_50_cp_masks.tif,63,0.8091157115233282,5.9475970503888265,11.990330705075174,2.306226055703841
3324,6,/Users/reyesmatte/Desktop/copypasta/20260226/processed_masks/PY79_50_cp_masks.tif,PY79_50_cp_masks.tif,68,0.6768093224370927,5.684691096675799,10.480968663475137,1.7175798495625632
3325,6,/Users/reyesmatte/Desktop/copypasta/20260226/processed_masks/PY79_50_cp_masks.tif,PY79_50_cp_masks.tif,70,0.7805724025444635,6.735749431862152,13.584723190836808,2.532584788718925
3326,6,/Users/reyesmatte/Desktop/copypasta/20260226/processed_masks/PY79_50_cp_masks.tif,PY79_50_cp_masks.tif,74,0.7187048789628971,5.160324201105273,10.043593844527955,1.724860639798366
3327,6,/Users/reyesmatte/Desktop/copypasta/20260226/processed_masks/PY79_50_cp_masks.tif,PY79_50_cp_masks.tif,76,0.7613526241800754,5.817742609387176,10.87535253132795,1.9615366808656938
3328,6,/Users/reyesmatte/Desktop/copypasta/20260226/processed_masks/PY79_50_cp_masks.tif,PY79_50_cp_masks.tif,78,0.6873746878725435,5.405191595348376,9.949865419763825,1.6405445924870676
3329,6,/Users/reyesmatte/Desktop/copypasta/20260226/processed_masks/PY79_50_cp_masks.tif,PY79_50_cp_masks.tif,81,0.7697078388128613,6.065051895166292,12.17168597964794,2.2388733320877043
3330,6,/Users/reyesmatte/Desktop/copypasta/20260226/processed_masks/PY79_50_cp_masks.tif,PY79_50_cp_masks.tif,82,0.7441215970909565,4.932703107377652,11.243098633285413,1.9941008471827775
3331,6,/Users/reyesmatte/Desktop/copypasta/20260226/processed_masks/PY79_50_cp_masks.tif,PY79_50_cp_masks.tif,84,0.7721485219707892,5.2819790078702065,11.039238284403709,2.0239393253539535
3332,6,/Users/reyesmatte/Desktop/copypasta/20260226/processed_masks/PY79_50_cp_masks.tif,PY79_50_cp_masks.tif,86,0.7527961412486373,4.792653622336868,11.032956341174788,1.9710671425104307
3333,6,/Users/reyesmatte/Desktop/copypasta/20260226/processed_masks/PY79_50_cp_masks.tif,PY79_50_cp_masks.tif,89,0.7496152405925338,5.500073405736213,11.340467579067811,2.0202662971251804
3334,6,/Users/reyesmatte/Desktop/copypasta/20260226/processed_masks/PY79_50_cp_masks.tif,PY79_50_cp_masks.tif,91,0.7635097950895366,4.852284406087652,10.305011027871995,1.869013875791533
3335,6,/Users/reyesmatte/Desktop/copypasta/20260226/processed_masks/PY79_50_cp_masks.tif,PY79_50_cp_masks.tif,92,0.7347222211477955,6.894872837909952,13.57345024878207,2.3949962092177297
3336,6,/Users/reyesmatte/Desktop/copypasta/20260226/processed_masks/PY79_50_cp_masks.tif,PY79_50_cp_masks.tif,93,0.7515292438470078,4.125503294727392,9.390362413596677,1.6570248988782523
3337,6,/Users/reyesmatte/Desktop/copypasta/20260226/processed_masks/PY79_50_cp_masks.tif,PY79_50_cp_masks.tif,94,0.769530690367038,4.31521039288516,8.453425591821556,1.516429164384283
3338,6,/Users/reyesmatte/Desktop/copypasta/20260226/processed_masks/PY79_50_cp_masks.tif,PY79_50_cp_masks.tif,95,0.7764576677764918,5.391579412375666,11.374931806266236,2.113343732016112
3339,6,/Users/reyesmatte/Desktop/copypasta/20260226/processed_masks/PY79_50_cp_masks.tif,PY79_50_cp_masks.tif,96,0.7701693373762983,6.0905197548621794,13.061369662390016,2.440484051386504
3340,6,/Users/reyesmatte/Desktop/copypasta/20260226/processed_masks/PY79_50_cp_masks.tif,PY79_50_cp_masks.tif,97,0.721696820506083,3.550454693639759,7.8349972673692925,1.3244280258598875
3341,6,/Users/reyesmatte/Desktop/copypasta/20260226/processed_masks/PY79_50_cp_masks.tif,PY79_50_cp_masks.tif,98,0.7365425483558005,5.231298179998014,10.943325560187422,1.9183999388135704
3342,6,/Users/reyesmatte/Desktop/copypasta/20260226/processed_masks/PY79_50_cp_masks.tif,PY79_50_cp_masks.tif,99,0.7742907349792276,3.721801036058192,8.418113202684799,1.5115066516133357
3343,6,/Users/reyesmatte/Desktop/copypasta/20260226/processed_masks/PY79_50_cp_masks.tif,PY79_50_cp_masks.tif,102,0.7833186109219193,5.0352609145348195,10.660828225449231,1.9662718766734093
3344,6,/Users/reyesmatte/Desktop/copypasta/20260226/processed_masks/PY79_50_cp_masks.tif,PY79_50_cp_masks.tif,104,0.7781039556875874,5.117962233686838,11.130693750511549,2.0436808203241377
3345,6,/Users/reyesmatte/Desktop/copypasta/20260226/processed_masks/PY79_50_cp_masks.tif,PY79_50_cp_masks.tif,105,0.7403127108445959,8.169306858906515,12.060729957131077,2.139140028992129
3346,6,/Users/reyesmatte/Desktop/copypasta/20260226/processed_masks/PY79_50_cp_masks.tif,PY79_50_cp_masks.tif,106,0.7685220134065223,6.293259525890872,12.280320179431564,2.3004896623424176
3347,6,/Users/reyesmatte/Desktop/copypasta/20260226/processed_masks/PY79_50_cp_masks.tif,PY79_50_cp_masks.tif,108,0.7745814369463329,5.061687482377652,11.951942126144795,2.198876099696687
3348,6,/Users/reyesmatte/Desktop/copypasta/20260226/processed_masks/PY79_50_cp_masks.tif,PY79_50_cp_masks.tif,109,0.7713505052679949,4.476674476229609,10.814764187869015,1.9705053448354963
3349,6,/Users/reyesmatte/Desktop/copypasta/20260226/processed_masks/PY79_50_cp_masks.tif,PY79_50_cp_masks.tif,110,0.7377912782842886,5.022173188809187,10.574582584967082,1.868119046906862
3350,6,/Users/reyesmatte/Desktop/copypasta/20260226/processed_masks/PY79_50_cp_masks.tif,PY79_50_cp_masks.tif,111,0.757494242224911,6.3132672915024175,12.993536976919422,2.371315805625375
3351,6,/Users/reyesmatte/Desktop/copypasta/20260226/processed_masks/PY79_50_cp_masks.tif,PY79_50_cp_masks.tif,115,0.801870102863542,4.664480675470725,10.14686692991905,1.9062748927314543
3352,6,/Users/reyesmatte/Desktop/copypasta/20260226/processed_masks/PY79_50_cp_masks.tif,PY79_50_cp_masks.tif,116,0.753357756742383,8.678907823926329,10.351991494688164,1.8803368180083833
3353,6,/Users/reyesmatte/Desktop/copypasta/20260226/processed_masks/PY79_50_cp_masks.tif,PY79_50_cp_masks.tif,118,0.7599555346371855,6.8315271526682775,14.952360508248496,2.7600797966805892
3354,6,/Users/reyesmatte/Desktop/copypasta/20260226/processed_masks/PY79_50_cp_masks.tif,PY79_50_cp_masks.tif,119,0.7103650844249748,5.0486624959084905,8.634775979176245,1.5206577365309615
3355,6,/Users/reyesmatte/Desktop/copypasta/20260226/processed_masks/PY79_50_cp_masks.tif,PY79_50_cp_masks.tif,121,0.6998479140033861,4.652604137296086,9.672564406836592,1.6109548328769163
3356,6,/Users/reyesmatte/Desktop/copypasta/20260226/processed_masks/PY79_50_cp_masks.tif,PY79_50_cp_masks.tif,124,0.7913338777064071,7.0007866896226805,14.760320938828425,2.7950752177500386
3357,6,/Users/reyesmatte/Desktop/copypasta/20260226/processed_masks/PY79_50_cp_masks.tif,PY79_50_cp_masks.tif,126,0.7333591593239389,5.246808835715422,11.279748553070252,1.9868928590846673
3358,6,/Users/reyesmatte/Desktop/copypasta/20260226/processed_masks/PY79_50_cp_masks.tif,PY79_50_cp_masks.tif,128,0.7420071592627508,6.98152964816379,12.412474083054734,2.3551571678581906
3359,6,/Users/reyesmatte/Desktop/copypasta/20260226/processed_masks/PY79_50_cp_masks.tif,PY79_50_cp_masks.tif,129,0.7426820401024153,5.196204377130966,9.954897032812703,1.74705164795831
3360,6,/Users/reyesmatte/Desktop/copypasta/20260226/processed_masks/PY79_41_cp_masks.tif,PY79_41_cp_masks.tif,4,0.7671066626895566,1.358919256148043,2.9131519356548905,0.4606740934469298
3361,6,/Users/reyesmatte/Desktop/copypasta/20260226/processed_masks/PY79_41_cp_masks.tif,PY79_41_cp_masks.tif,5,0.8255342535605911,3.3304821030942886,8.044083377733187,1.517030451539959
3362,6,/Users/reyesmatte/Desktop/copypasta/20260226/processed_masks/PY79_41_cp_masks.tif,PY79_41_cp_masks.tif,6,0.7822175991895322,3.6819102221885274,7.484160351004284,1.3688549864474568
3363,6,/Users/reyesmatte/Desktop/copypasta/20260226/processed_masks/PY79_41_cp_masks.tif,PY79_41_cp_masks.tif,7,0.8083334793173902,6.880392659498544,14.440003519281683,2.792838019850333
3364,6,/Users/reyesmatte/Desktop/copypasta/20260226/processed_masks/PY79_41_cp_masks.tif,PY79_41_cp_masks.tif,8,0.7822152209072112,6.9817538797940975,15.070253430674812,2.872051492016209
3365,6,/Users/reyesmatte/Desktop/copypasta/20260226/processed_masks/PY79_41_cp_masks.tif,PY79_41_cp_masks.tif,10,0.8120118411079776,6.460188053684828,16.098045374084954,3.1494796237450933
3366,6,/Users/reyesmatte/Desktop/copypasta/20260226/processed_masks/PY79_41_cp_masks.tif,PY79_41_cp_masks.tif,11,0.8598784736480848,6.7357381077906275,17.02987377672369,3.5477201369398523
3367,6,/Users/reyesmatte/Desktop/copypasta/20260226/processed_masks/PY79_41_cp_masks.tif,PY79_41_cp_masks.tif,12,0.8005429891240553,5.80652075373297,12.582023820641808,2.4247887262501697
3368,6,/Users/reyesmatte/Desktop/copypasta/20260226/processed_masks/PY79_41_cp_masks.tif,PY79_41_cp_masks.tif,13,0.88511855155703,3.4447994762296092,6.68570440183954,1.3022470104999797
3369,6,/Users/reyesmatte/Desktop/copypasta/20260226/processed_masks/PY79_41_cp_masks.tif,PY79_41_cp_masks.tif,14,0.7320939907402357,10.850335928688825,13.747855493051633,2.431179438282425
3370,6,/Users/reyesmatte/Desktop/copypasta/20260226/processed_masks/PY79_41_cp_masks.tif,PY79_41_cp_masks.tif,15,0.8530276921308714,9.182705690984912,20.022859832010983,4.12808931542444
3371,6,/Users/reyesmatte/Desktop/copypasta/20260226/processed_masks/PY79_41_cp_masks.tif,PY79_41_cp_masks.tif,16,0.7149823389778025,6.901517457249317,13.591482979210598,2.340632749585346
3372,6,/Users/reyesmatte/Desktop/copypasta/20260226/processed_masks/PY79_41_cp_masks.tif,PY79_41_cp_masks.tif,17,0.8457848928345492,3.920364579604422,8.48076778753703,1.7093802596578658
3373,6,/Users/reyesmatte/Desktop/copypasta/20260226/processed_masks/PY79_41_cp_masks.tif,PY79_41_cp_masks.tif,19,0.755573310578933,12.445297964112454,15.629429336918504,2.8484095935979195
3374,6,/Users/reyesmatte/Desktop/copypasta/20260226/processed_masks/PY79_41_cp_masks.tif,PY79_41_cp_masks.tif,20,0.82156743857366,3.895335608203603,8.798346645160459,1.748342182849776
3375,6,/Users/reyesmatte/Desktop/copypasta/20260226/processed_masks/PY79_41_cp_masks.tif,PY79_41_cp_masks.tif,22,0.7320728879946534,5.713877521929038,11.428008600140334,2.0539322995633844
3376,6,/Users/reyesmatte/Desktop/copypasta/20260226/processed_masks/PY79_41_cp_masks.tif,PY79_41_cp_masks.tif,23,0.8449938161284961,4.671564219369463,11.69508769234931,2.3552632560878513
3377,6,/Users/reyesmatte/Desktop/copypasta/20260226/processed_masks/PY79_41_cp_masks.tif,PY79_41_cp_masks.tif,24,0.8492482742070151,7.669868082443859,10.933491787141046,2.178079592924046
3378,6,/Users/reyesmatte/Desktop/copypasta/20260226/processed_masks/PY79_41_cp_masks.tif,PY79_41_cp_masks.tif,25,0.8242091344901323,6.654931267353029,9.676623776709265,1.9852965939788811
3379,6,/Users/reyesmatte/Desktop/copypasta/20260226/processed_masks/PY79_41_cp_masks.tif,PY79_41_cp_masks.tif,27,0.8679083629001991,3.238522158890755,7.808071707333377,1.5321640372955647
3380,6,/Users/reyesmatte/Desktop/copypasta/20260226/processed_masks/PY79_41_cp_masks.tif,PY79_41_cp_masks.tif,29,0.8624126652024566,3.6377907466247676,8.423545859013325,1.6516416629425776
3381,6,/Users/reyesmatte/Desktop/copypasta/20260226/processed_masks/PY79_41_cp_masks.tif,PY79_41_cp_masks.tif,30,0.7895109877604055,6.016657079751489,12.6837329087703,2.3816975034737577
3382,6,/Users/reyesmatte/Desktop/copypasta/20260226/processed_masks/PY79_41_cp_masks.tif,PY79_41_cp_masks.tif,33,0.8049858843171487,8.952962133374152,11.106007418430828,2.110349226480017
3383,6,/Users/reyesmatte/Desktop/copypasta/20260226/processed_masks/PY79_41_cp_masks.tif,PY79_41_cp_masks.tif,34,0.7757229704797193,5.706557824422614,12.85685331075993,2.374041483525371
3384,6,/Users/reyesmatte/Desktop/copypasta/20260226/processed_masks/PY79_41_cp_masks.tif,PY79_41_cp_masks.tif,35,0.7999005368445353,3.6816122622285263,7.9669866194126975,1.4665290910041864
3385,6,/Users/reyesmatte/Desktop/copypasta/20260226/processed_masks/PY79_41_cp_masks.tif,PY79_41_cp_masks.tif,36,0.7662295255459689,6.561736779636717,13.421946936649112,2.479906722111347
3386,6,/Users/reyesmatte/Desktop/copypasta/20260226/processed_masks/PY79_41_cp_masks.tif,PY79_41_cp_masks.tif,37,0.7750363600057165,3.4111431789368853,7.038326824931081,1.2736652903077808
3387,6,/Users/reyesmatte/Desktop/copypasta/20260226/processed_masks/PY79_41_cp_masks.tif,PY79_41_cp_masks.tif,38,0.7900675215112167,6.074859493073033,12.449764811140433,2.3455210758496565
3388,6,/Users/reyesmatte/Desktop/copypasta/20260226/processed_masks/PY79_41_cp_masks.tif,PY79_41_cp_masks.tif,39,0.7495123645276234,4.129148736341687,8.16001429844848,1.4282214746325024
3389,6,/Users/reyesmatte/Desktop/copypasta/20260226/processed_masks/PY79_41_cp_masks.tif,PY79_41_cp_masks.tif,42,0.731006881361234,4.1505794211868405,8.206722999370125,1.4018269767105798
3390,6,/Users/reyesmatte/Desktop/copypasta/20260226/processed_masks/PY79_41_cp_masks.tif,PY79_41_cp_masks.tif,56,0.7071933962701623,4.145833274592171,7.9490569772870385,1.3272470070345999
3391,6,/Users/reyesmatte/Desktop/copypasta/20260226/processed_masks/PY79_41_cp_masks.tif,PY79_41_cp_masks.tif,57,0.7549074857652898,4.05996508498453,8.506073336871115,1.4986302493575068
3392,6,/Users/reyesmatte/Desktop/copypasta/20260226/processed_masks/PY79_41_cp_masks.tif,PY79_41_cp_masks.tif,58,0.7308980268083135,3.6676744233625627,6.855513281441762,1.2542133092930132
3393,6,/Users/reyesmatte/Desktop/copypasta/20260226/processed_masks/PY79_41_cp_masks.tif,PY79_41_cp_masks.tif,59,0.7945766283791356,3.740235770180385,7.927039759398989,1.4597890852428475
3394,6,/Users/reyesmatte/Desktop/copypasta/20260226/processed_masks/PY79_41_cp_masks.tif,PY79_41_cp_masks.tif,60,0.7934843534053432,4.241785147416449,8.937119539538077,1.6521078408942476
3395,6,/Users/reyesmatte/Desktop/copypasta/20260226/processed_masks/PY79_41_cp_masks.tif,PY79_41_cp_masks.tif,61,0.7970022778848226,4.420355666101226,8.903601600374747,1.6451011529524175
3396,6,/Users/reyesmatte/Desktop/copypasta/20260226/processed_masks/PY79_41_cp_masks.tif,PY79_41_cp_masks.tif,63,0.8119501431986641,3.6436300909494177,7.7100597265883914,1.426410086855502
3397,6,/Users/reyesmatte/Desktop/copypasta/20260226/processed_masks/PY79_41_cp_masks.tif,PY79_41_cp_masks.tif,64,0.8154072574890135,3.8833774592546906,7.942033034036566,1.48325702650005
3398,6,/Users/reyesmatte/Desktop/copypasta/20260226/processed_masks/PY79_41_cp_masks.tif,PY79_41_cp_masks.tif,65,0.7788512354815255,6.39450542510488,9.115340597867803,1.6543086355229815
3399,6,/Users/reyesmatte/Desktop/copypasta/20260226/processed_masks/PY79_41_cp_masks.tif,PY79_41_cp_masks.tif,66,0.8212244552068351,3.938840782430023,8.116308121657273,1.5237528551663968
3400,6,/Users/reyesmatte/Desktop/copypasta/20260226/processed_masks/PY79_41_cp_masks.tif,PY79_41_cp_masks.tif,67,0.7663765715082494,3.584915982861063,8.400060613493864,1.4962508441576197
3401,6,/Users/reyesmatte/Desktop/copypasta/20260226/processed_masks/PY79_41_cp_masks.tif,PY79_41_cp_masks.tif,68,0.7677614434403607,3.6918659441354524,8.852937376517742,1.5863775129268196
3402,6,/Users/reyesmatte/Desktop/copypasta/20260226/processed_masks/PY79_41_cp_masks.tif,PY79_41_cp_masks.tif,69,0.6802851207839465,3.79855727110726,7.687368811390988,1.2396065697446959
3403,6,/Users/reyesmatte/Desktop/copypasta/20260226/processed_masks/PY79_41_cp_masks.tif,PY79_41_cp_masks.tif,70,0.8007295990888871,3.9004754172918408,7.691506078768854,1.4810157686537548
3404,6,/Users/reyesmatte/Desktop/copypasta/20260226/processed_masks/PY79_41_cp_masks.tif,PY79_41_cp_masks.tif,72,0.8258886555475392,7.689340667884752,15.179208887902297,2.990887483259882
3405,6,/Users/reyesmatte/Desktop/copypasta/20260226/processed_masks/PY79_41_cp_masks.tif,PY79_41_cp_masks.tif,74,0.7862372333744128,7.28676371010256,14.123915389502887,2.6612255933683877
3406,6,/Users/reyesmatte/Desktop/copypasta/20260226/processed_masks/PY79_41_cp_masks.tif,PY79_41_cp_masks.tif,75,0.6710081403496319,3.6501275219290394,5.919039387139232,1.0067414334840226
3407,6,/Users/reyesmatte/Desktop/copypasta/20260226/processed_masks/PY79_41_cp_masks.tif,PY79_41_cp_masks.tif,77,0.7163697614639611,4.519985644753317,8.23570785252933,1.4116584360219475
3408,6,/Users/reyesmatte/Desktop/copypasta/20260226/processed_masks/PY79_41_cp_masks.tif,PY79_41_cp_masks.tif,79,0.8056839142470376,7.975437666674067,15.972344645607611,3.0849628180166446
3409,6,/Users/reyesmatte/Desktop/copypasta/20260226/processed_masks/PY79_41_cp_masks.tif,PY79_41_cp_masks.tif,82,0.7965230014110337,7.396512211833836,15.537642203718216,2.9663232896480025
3410,6,/Users/reyesmatte/Desktop/copypasta/20260226/processed_masks/PY79_41_cp_masks.tif,PY79_41_cp_masks.tif,83,0.7880159859779196,6.973310854192305,14.239001909642337,2.723373212058098
3411,6,/Users/reyesmatte/Desktop/copypasta/20260226/processed_masks/PY79_41_cp_masks.tif,PY79_41_cp_masks.tif,85,0.708295033974403,6.010411293858076,9.942273050599159,1.7196626829768935
3412,6,/Users/reyesmatte/Desktop/copypasta/20260226/processed_masks/PY79_41_cp_masks.tif,PY79_41_cp_masks.tif,86,0.7741901570984303,3.1270846853242777,7.476191666952308,1.3257033917568493
3413,6,/Users/reyesmatte/Desktop/copypasta/20260226/processed_masks/PY79_41_cp_masks.tif,PY79_41_cp_masks.tif,87,0.7592369790316854,5.371971210250818,9.8687448750169,1.7809094924555555
3414,6,/Users/reyesmatte/Desktop/copypasta/20260226/processed_masks/PY79_41_cp_masks.tif,PY79_41_cp_masks.tif,89,0.7726341309362819,4.078656241188826,9.734314519772123,1.765730092321586
3415,6,/Users/reyesmatte/Desktop/copypasta/20260226/processed_masks/PY79_41_cp_masks.tif,PY79_41_cp_masks.tif,90,0.6799291271321383,5.199397581625937,9.05664372842941,1.493943732598385
3416,6,/Users/reyesmatte/Desktop/copypasta/20260226/processed_masks/PY79_41_cp_masks.tif,PY79_41_cp_masks.tif,91,0.7586816000537178,3.8889891163987516,8.972455479559079,1.5926049781891316
3417,6,/Users/reyesmatte/Desktop/copypasta/20260226/processed_masks/PY79_41_cp_masks.tif,PY79_41_cp_masks.tif,92,0.6635618046518219,5.739967265541646,9.556483515415573,1.5525276407392983
3418,6,/Users/reyesmatte/Desktop/copypasta/20260226/processed_masks/PY79_41_cp_masks.tif,PY79_41_cp_masks.tif,93,0.7162067929766321,2.5452932323693673,5.212926735152801,0.8991471859338801
3419,6,/Users/reyesmatte/Desktop/copypasta/20260226/processed_masks/PY79_24_cp_masks.tif,PY79_24_cp_masks.tif,3,0.7394018418654894,6.660366909508729,11.486676317608717,2.116221696000151
3420,6,/Users/reyesmatte/Desktop/copypasta/20260226/processed_masks/PY79_24_cp_masks.tif,PY79_24_cp_masks.tif,5,0.6975188170599939,4.337411364347473,7.990456426655117,1.3078758501600496
3421,6,/Users/reyesmatte/Desktop/copypasta/20260226/processed_masks/PY79_24_cp_masks.tif,PY79_24_cp_masks.tif,6,0.7503443596665497,5.766160344617482,11.235841187760787,2.0427312975323257
3422,6,/Users/reyesmatte/Desktop/copypasta/20260226/processed_masks/PY79_24_cp_masks.tif,PY79_24_cp_masks.tif,7,0.8070400591250847,3.7668729043551807,8.18020085780667,1.520028998413414
3423,6,/Users/reyesmatte/Desktop/copypasta/20260226/processed_masks/PY79_24_cp_masks.tif,PY79_24_cp_masks.tif,8,0.7925900656356576,4.770200938097085,10.093791524885335,1.877877010139919
3424,6,/Users/reyesmatte/Desktop/copypasta/20260226/processed_masks/PY79_24_cp_masks.tif,PY79_24_cp_masks.tif,9,0.7495463894581249,5.925593800152807,11.67308391888362,2.0911421224405857
3425,6,/Users/reyesmatte/Desktop/copypasta/20260226/processed_masks/PY79_24_cp_masks.tif,PY79_24_cp_masks.tif,10,0.7849658821028782,4.6581617120246115,9.598422789907994,1.764000959882417
3426,6,/Users/reyesmatte/Desktop/copypasta/20260226/processed_masks/PY79_24_cp_masks.tif,PY79_24_cp_masks.tif,11,0.7660123879739634,6.352384627126968,12.74242457950279,2.3313630879489144
3427,6,/Users/reyesmatte/Desktop/copypasta/20260226/processed_masks/PY79_24_cp_masks.tif,PY79_24_cp_masks.tif,12,0.7760906669291249,7.244331003417352,16.26993296565201,3.040686176172842
3428,6,/Users/reyesmatte/Desktop/copypasta/20260226/processed_masks/PY79_24_cp_masks.tif,PY79_24_cp_masks.tif,14,0.7204799900273594,6.012899206820139,8.92350512565087,1.5216708606201197
3429,6,/Users/reyesmatte/Desktop/copypasta/20260226/processed_masks/PY79_24_cp_masks.tif,PY79_24_cp_masks.tif,15,0.7679950748646404,7.767862144491161,17.435817228225645,3.258169180945652
3430,6,/Users/reyesmatte/Desktop/copypasta/20260226/processed_masks/PY79_24_cp_masks.tif,PY79_24_cp_masks.tif,16,0.7537330846365277,3.9702211906921026,8.88023813042732,1.5667495457717309
3431,6,/Users/reyesmatte/Desktop/copypasta/20260226/processed_masks/PY79_24_cp_masks.tif,PY79_24_cp_masks.tif,17,0.7434517127514616,4.3651755989794525,9.042482418629946,1.6210350107493086
3432,6,/Users/reyesmatte/Desktop/copypasta/20260226/processed_masks/PY79_24_cp_masks.tif,PY79_24_cp_masks.tif,18,0.768379023144201,4.080113800885725,9.037271914425563,1.6399395455083514
3433,6,/Users/reyesmatte/Desktop/copypasta/20260226/processed_masks/PY79_24_cp_masks.tif,PY79_24_cp_masks.tif,19,0.7447482006919376,4.99545965007958,10.05840509070766,1.7872201817161817
3434,6,/Users/reyesmatte/Desktop/copypasta/20260226/processed_masks/PY79_24_cp_masks.tif,PY79_24_cp_masks.tif,20,0.7860213980536619,6.858098766385112,9.264473574865667,1.7008843189244736
3435,6,/Users/reyesmatte/Desktop/copypasta/20260226/processed_masks/PY79_24_cp_masks.tif,PY79_24_cp_masks.tif,21,0.7534130455957772,13.354365205481752,16.35283802605153,2.978184856507969
3436,6,/Users/reyesmatte/Desktop/copypasta/20260226/processed_masks/PY79_24_cp_masks.tif,PY79_24_cp_masks.tif,22,0.7242170667127243,7.882608259077983,15.995960703523659,2.819477013338752
3437,6,/Users/reyesmatte/Desktop/copypasta/20260226/processed_masks/PY79_24_cp_masks.tif,PY79_24_cp_masks.tif,23,0.749907921684605,7.293679693596933,13.94847096202647,2.5244406235128856
3438,6,/Users/reyesmatte/Desktop/copypasta/20260226/processed_masks/PY79_24_cp_masks.tif,PY79_24_cp_masks.tif,26,0.8404035061254209,6.279872243918491,9.569998365362327,1.864922333415309
3439,6,/Users/reyesmatte/Desktop/copypasta/20260226/processed_masks/PY79_24_cp_masks.tif,PY79_24_cp_masks.tif,27,0.7608687661125714,4.717792242043051,9.027783883603774,1.6511033810347173
3440,6,/Users/reyesmatte/Desktop/copypasta/20260226/processed_masks/PY79_24_cp_masks.tif,PY79_24_cp_masks.tif,28,0.7649986209617023,3.9738874634195938,8.176905438230891,1.4857429269757114
3441,6,/Users/reyesmatte/Desktop/copypasta/20260226/processed_masks/PY79_24_cp_masks.tif,PY79_24_cp_masks.tif,29,0.8050759209755929,14.822868646469967,32.602215065509256,6.4821202783828245
3442,6,/Users/reyesmatte/Desktop/copypasta/20260226/processed_masks/PY79_24_cp_masks.tif,PY79_24_cp_masks.tif,30,0.7695348591000368,3.451382691885297,7.335931895895989,1.306850989370075
3443,6,/Users/reyesmatte/Desktop/copypasta/20260226/processed_masks/PY79_24_cp_masks.tif,PY79_24_cp_masks.tif,31,0.8473371009754459,4.428617090577081,9.319615025215086,1.8323031168014168
3444,6,/Users/reyesmatte/Desktop/copypasta/20260226/processed_masks/PY79_24_cp_masks.tif,PY79_24_cp_masks.tif,32,0.7938570955741239,3.6173834189549194,7.7250634887505925,1.421732289166
3445,6,/Users/reyesmatte/Desktop/copypasta/20260226/processed_masks/PY79_24_cp_masks.tif,PY79_24_cp_masks.tif,33,0.8506414322115005,3.6979351711785564,7.966005451900943,1.5386147177572849
3446,6,/Users/reyesmatte/Desktop/copypasta/20260226/processed_masks/PY79_24_cp_masks.tif,PY79_24_cp_masks.tif,34,0.7500138217988959,3.7166810101203636,7.831217188417567,1.4338494441818912
3447,6,/Users/reyesmatte/Desktop/copypasta/20260226/processed_masks/PY79_24_cp_masks.tif,PY79_24_cp_masks.tif,35,0.7396815739750419,7.422670789543102,15.700690461948712,2.8351019737608554
3448,6,/Users/reyesmatte/Desktop/copypasta/20260226/processed_masks/PY79_24_cp_masks.tif,PY79_24_cp_masks.tif,36,0.8421913767509625,3.402671535093155,7.4203123860447375,1.4099888259920026
3449,6,/Users/reyesmatte/Desktop/copypasta/20260226/processed_masks/PY79_24_cp_masks.tif,PY79_24_cp_masks.tif,37,0.8178556263804495,4.0718519856378705,8.692699572168593,1.6377085041050863
3450,6,/Users/reyesmatte/Desktop/copypasta/20260226/processed_masks/PY79_24_cp_masks.tif,PY79_24_cp_masks.tif,38,0.8228392532899254,8.059926045809105,16.66687322059554,3.2971170581168487
3451,6,/Users/reyesmatte/Desktop/copypasta/20260226/processed_masks/PY79_24_cp_masks.tif,PY79_24_cp_masks.tif,39,0.7743110389918344,7.749178338401357,16.13186705860123,3.013062708424964
3452,6,/Users/reyesmatte/Desktop/copypasta/20260226/processed_masks/PY79_24_cp_masks.tif,PY79_24_cp_masks.tif,40,0.731427597129415,4.424884561135572,8.25453259868924,1.4322313557299422
3453,6,/Users/reyesmatte/Desktop/copypasta/20260226/processed_masks/PY79_24_cp_masks.tif,PY79_24_cp_masks.tif,42,0.7736555011523869,3.8177529088824707,8.360518972931606,1.497755258034101
3454,6,/Users/reyesmatte/Desktop/copypasta/20260226/processed_masks/PY79_24_cp_masks.tif,PY79_24_cp_masks.tif,44,0.7908992683850827,7.7416224777018385,17.08586950017925,3.261225510199267
3455,6,/Users/reyesmatte/Desktop/copypasta/20260226/processed_masks/PY79_24_cp_masks.tif,PY79_24_cp_masks.tif,45,0.8807368416609876,3.808754558749007,9.54329698050753,1.9555481459045052
3456,6,/Users/reyesmatte/Desktop/copypasta/20260226/processed_masks/PY79_24_cp_masks.tif,PY79_24_cp_masks.tif,46,0.787823445565693,5.190671857377651,10.692440832171593,1.9941008471827781
3457,6,/Users/reyesmatte/Desktop/copypasta/20260226/processed_masks/PY79_24_cp_masks.tif,PY79_24_cp_masks.tif,47,0.7925404369299006,4.355385166566367,9.372882968048534,1.7813564304257758
3458,6,/Users/reyesmatte/Desktop/copypasta/20260226/processed_masks/PY79_24_cp_masks.tif,PY79_24_cp_masks.tif,48,0.9151066267662357,3.6785426390717144,8.556288119272923,1.7979885438884147
3459,6,/Users/reyesmatte/Desktop/copypasta/20260226/processed_masks/PY79_24_cp_masks.tif,PY79_24_cp_masks.tif,49,0.7914503630437393,5.656132354089179,11.05503553132092,2.120505324043216
3460,6,/Users/reyesmatte/Desktop/copypasta/20260226/processed_masks/PY79_24_cp_masks.tif,PY79_24_cp_masks.tif,50,0.8004470847306493,4.084652740476724,8.740679133273138,1.7136903113117616
3461,6,/Users/reyesmatte/Desktop/copypasta/20260226/processed_masks/PY79_24_cp_masks.tif,PY79_24_cp_masks.tif,52,0.8065341316545948,7.673611079941179,9.68656094642685,1.9166681497177578
3462,6,/Users/reyesmatte/Desktop/copypasta/20260226/processed_masks/PY79_24_cp_masks.tif,PY79_24_cp_masks.tif,54,0.88499453239238,8.133283789551388,21.2090043035779,4.517134205317122
3463,6,/Users/reyesmatte/Desktop/copypasta/20260226/processed_masks/PY79_24_cp_masks.tif,PY79_24_cp_masks.tif,55,0.6579035160021365,5.260533736684341,8.726900064120601,1.3882736373382842
3464,6,/Users/reyesmatte/Desktop/copypasta/20260226/processed_masks/PY79_24_cp_masks.tif,PY79_24_cp_masks.tif,57,0.8902398337488889,4.328269782026597,11.258267193686285,2.340263596618959
3465,6,/Users/reyesmatte/Desktop/copypasta/20260226/processed_masks/PY79_24_cp_masks.tif,PY79_24_cp_masks.tif,58,0.9039675695337308,4.504873923354278,10.776952489049943,2.2503005888643943
3466,6,/Users/reyesmatte/Desktop/copypasta/20260226/processed_masks/PY79_24_cp_masks.tif,PY79_24_cp_masks.tif,59,0.8466951669457699,4.399372258835237,9.734247890171709,1.904798854936581
3467,6,/Users/reyesmatte/Desktop/copypasta/20260226/processed_masks/PY79_24_cp_masks.tif,PY79_24_cp_masks.tif,62,0.6629441320999159,5.234870893857105,9.772344003838137,1.5488440095201248
3468,6,/Users/reyesmatte/Desktop/copypasta/20260226/processed_masks/PY79_24_cp_masks.tif,PY79_24_cp_masks.tif,63,0.8381204694685875,3.493877261322763,7.56372887903483,1.4344270248516873
3469,6,/Users/reyesmatte/Desktop/copypasta/20260226/processed_masks/PY79_24_cp_masks.tif,PY79_24_cp_masks.tif,65,0.7273623989965795,4.084859947480394,8.553906888046768,1.4771599975241756
3470,6,/Users/reyesmatte/Desktop/copypasta/20260226/processed_masks/PY79_24_cp_masks.tif,PY79_24_cp_masks.tif,70,0.7584694410436156,4.572626349053886,9.666608145068253,1.7276696281730424
3471,6,/Users/reyesmatte/Desktop/copypasta/20260226/processed_masks/PY79_24_cp_masks.tif,PY79_24_cp_masks.tif,71,0.7586475510586775,4.118271959020236,8.86140811286057,1.581709173503839
3472,6,/Users/reyesmatte/Desktop/copypasta/20260226/processed_masks/PY79_24_cp_masks.tif,PY79_24_cp_masks.tif,72,0.6901411828752224,7.365859330944128,15.0542899517708,2.535673805820387
3473,6,/Users/reyesmatte/Desktop/copypasta/20260226/processed_masks/PY79_24_cp_masks.tif,PY79_24_cp_masks.tif,79,0.7447326936035363,4.294364448033339,8.80475558454151,1.5411206198180867
3474,6,/Users/reyesmatte/Desktop/copypasta/20260226/processed_masks/PY79_24_cp_masks.tif,PY79_24_cp_masks.tif,81,0.7114657282239831,4.606608052334883,8.74930300135688,1.4684000011904106
3475,6,/Users/reyesmatte/Desktop/copypasta/20260226/processed_masks/PY79_24_cp_masks.tif,PY79_24_cp_masks.tif,85,0.6691341134716701,6.206898428688826,12.965860492989453,2.1005615065830128
3476,6,/Users/reyesmatte/Desktop/copypasta/20260226/processed_masks/PY79_24_cp_masks.tif,PY79_24_cp_masks.tif,88,0.7281603036220616,5.726841104714519,12.363910880010291,2.1609547566385556
3477,6,/Users/reyesmatte/Desktop/copypasta/20260226/processed_masks/PY79_24_cp_masks.tif,PY79_24_cp_masks.tif,89,0.7244863411923836,4.565703644613347,8.52535395867267,1.4586206742513115
3478,6,/Users/reyesmatte/Desktop/copypasta/20260226/processed_masks/PY79_24_cp_masks.tif,PY79_24_cp_masks.tif,90,0.6914004496939765,6.505330673362561,12.935703260872895,2.1837075624734346
3479,6,/Users/reyesmatte/Desktop/copypasta/20260226/processed_masks/PY79_24_cp_masks.tif,PY79_24_cp_masks.tif,92,0.7955366873237898,4.324723428377242,8.233118404646047,1.5322931655859413
3480,6,/Users/reyesmatte/Desktop/copypasta/20260226/processed_masks/PY79_24_cp_masks.tif,PY79_24_cp_masks.tif,93,0.7709241028046132,7.4030912839259955,14.350501870262296,2.6762984470369213
3481,6,/Users/reyesmatte/Desktop/copypasta/20260226/processed_masks/PY79_24_cp_masks.tif,PY79_24_cp_masks.tif,94,0.7370403260942171,5.9488338723328695,13.010427613153514,2.3371201857886783
3482,6,/Users/reyesmatte/Desktop/copypasta/20260226/processed_masks/PY79_24_cp_masks.tif,PY79_24_cp_masks.tif,95,0.7697841417036946,4.341994682995516,7.932235432411625,1.4912919281157018
3483,6,/Users/reyesmatte/Desktop/copypasta/20260226/processed_masks/PY79_24_cp_masks.tif,PY79_24_cp_masks.tif,96,0.812767613256775,4.296620234563135,8.910285147112528,1.6770772243527214
3484,6,/Users/reyesmatte/Desktop/copypasta/20260226/processed_masks/PY79_24_cp_masks.tif,PY79_24_cp_masks.tif,97,0.7509134324833978,5.448404351973344,10.530352927049275,1.892158134340518
3485,6,/Users/reyesmatte/Desktop/copypasta/20260226/processed_masks/PY79_24_cp_masks.tif,PY79_24_cp_masks.tif,98,0.8001430969130996,3.424917461243873,6.986024139298452,1.3106038301429594
3486,6,/Users/reyesmatte/Desktop/copypasta/20260226/processed_masks/PY79_24_cp_masks.tif,PY79_24_cp_masks.tif,101,0.8020087732097605,3.9496104625051465,7.907581157611954,1.5232822153105698
3487,6,/Users/reyesmatte/Desktop/copypasta/20260226/processed_masks/PY79_24_cp_masks.tif,PY79_24_cp_masks.tif,102,0.7616021209052382,5.1759726297940984,10.491659742997554,1.8897482573918711
3488,6,/Users/reyesmatte/Desktop/copypasta/20260226/processed_masks/PY79_24_cp_masks.tif,PY79_24_cp_masks.tif,104,0.8428428341242437,6.0829612813372975,12.310541176494654,2.4433263699622785
3489,6,/Users/reyesmatte/Desktop/copypasta/20260226/processed_masks/PY79_24_cp_masks.tif,PY79_24_cp_masks.tif,105,0.7048307871758531,4.012428408890755,8.161279756497413,1.3633438359775132
3490,6,/Users/reyesmatte/Desktop/copypasta/20260226/processed_masks/PY79_24_cp_masks.tif,PY79_24_cp_masks.tif,106,0.7328480738242091,3.7028394245649623,6.888357805098904,1.3168695330431583
3491,6,/Users/reyesmatte/Desktop/copypasta/20260226/processed_masks/PY79_2_cp_masks.tif,PY79_2_cp_masks.tif,2,0.7231891663214309,7.199907735307591,14.451837436763277,2.527623121209875
3492,6,/Users/reyesmatte/Desktop/copypasta/20260226/processed_masks/PY79_2_cp_masks.tif,PY79_2_cp_masks.tif,3,0.7432214615498454,3.202479154918434,7.09477486089702,1.2345503906702784
3493,6,/Users/reyesmatte/Desktop/copypasta/20260226/processed_masks/PY79_2_cp_masks.tif,PY79_2_cp_masks.tif,4,0.7693033811774661,3.5642046495838873,7.154014429855215,1.2648774723167482
3494,6,/Users/reyesmatte/Desktop/copypasta/20260226/processed_masks/PY79_2_cp_masks.tif,PY79_2_cp_masks.tif,6,0.7204104482244804,3.4441386037917874,6.038596549090379,1.0236321590650004
3495,6,/Users/reyesmatte/Desktop/copypasta/20260226/processed_masks/PY79_2_cp_masks.tif,PY79_2_cp_masks.tif,9,0.8206790876669793,6.913489801779911,14.948501123524188,2.9328210225852676
3496,6,/Users/reyesmatte/Desktop/copypasta/20260226/processed_masks/PY79_2_cp_masks.tif,PY79_2_cp_masks.tif,15,0.8349805673509115,6.35199514137808,13.06083307735354,2.5790005084591483
3497,6,/Users/reyesmatte/Desktop/copypasta/20260226/processed_masks/PY79_2_cp_masks.tif,PY79_2_cp_masks.tif,16,0.830436629014477,6.243661231183728,12.261032160428009,2.4051670110688455
3498,6,/Users/reyesmatte/Desktop/copypasta/20260226/processed_masks/PY79_2_cp_masks.tif,PY79_2_cp_masks.tif,18,0.7246910702139153,12.167708021118674,11.92300978167302,2.207355197192985
3499,6,/Users/reyesmatte/Desktop/copypasta/20260226/processed_masks/PY79_2_cp_masks.tif,PY79_2_cp_masks.tif,19,0.8064902815712549,4.9662238434882715,9.72514418634178,1.860182062940213
3500,6,/Users/reyesmatte/Desktop/copypasta/20260226/processed_masks/PY79_2_cp_masks.tif,PY79_2_cp_masks.tif,20,0.7491599029269944,4.481221446169181,9.476971220037258,1.6775910587563532
3501,6,/Users/reyesmatte/Desktop/copypasta/20260226/processed_masks/PY79_2_cp_masks.tif,PY79_2_cp_masks.tif,21,0.8397853595605105,3.9706743470974604,8.412249730918703,1.6126460160965472
3502,6,/Users/reyesmatte/Desktop/copypasta/20260226/processed_masks/PY79_2_cp_masks.tif,PY79_2_cp_masks.tif,23,0.8301657921589575,5.295211681478798,11.630431032279542,2.302956183608031
3503,6,/Users/reyesmatte/Desktop/copypasta/20260226/processed_masks/PY79_2_cp_masks.tif,PY79_2_cp_masks.tif,25,0.8379017868243263,4.205532498154535,9.351491472418667,1.8066578337135142
3504,6,/Users/reyesmatte/Desktop/copypasta/20260226/processed_masks/PY79_2_cp_masks.tif,PY79_2_cp_masks.tif,27,0.7742129178240462,3.986306260188444,9.280238143964981,1.6812144937114728
3505,6,/Users/reyesmatte/Desktop/copypasta/20260226/processed_masks/PY79_2_cp_masks.tif,PY79_2_cp_masks.tif,31,0.8400429465706634,4.6717511237739675,9.436710944202373,1.8887592626634637
3506,6,/Users/reyesmatte/Desktop/copypasta/20260226/processed_masks/PY79_2_cp_masks.tif,PY79_2_cp_masks.tif,33,0.755191990725019,4.1319875122920875,9.117659722623543,1.6157719711717788
3507,6,/Users/reyesmatte/Desktop/copypasta/20260226/processed_masks/PY79_2_cp_masks.tif,PY79_2_cp_masks.tif,34,0.8251528380688523,7.2983409315264955,14.989865664343528,2.9474772917427736
3508,6,/Users/reyesmatte/Desktop/copypasta/20260226/processed_masks/PY79_2_cp_masks.tif,PY79_2_cp_masks.tif,37,0.7504298623999635,5.442321643931537,12.1017338538636,2.1832875425455542
3509,6,/Users/reyesmatte/Desktop/copypasta/20260226/processed_masks/PY79_2_cp_masks.tif,PY79_2_cp_masks.tif,38,0.7720638297235192,4.175231659225125,7.8243087797098,1.4160219025850913
3510,6,/Users/reyesmatte/Desktop/copypasta/20260226/processed_masks/PY79_2_cp_masks.tif,PY79_2_cp_masks.tif,39,0.8063983911706203,4.044261973558193,9.050894892986232,1.698866176204252
3511,6,/Users/reyesmatte/Desktop/copypasta/20260226/processed_masks/PY79_2_cp_masks.tif,PY79_2_cp_masks.tif,40,0.7420706813825027,8.448885785583881,10.053074115886446,1.808187674837112
3512,6,/Users/reyesmatte/Desktop/copypasta/20260226/processed_masks/PY79_2_cp_masks.tif,PY79_2_cp_masks.tif,41,0.7159957295237538,5.02675650745723,10.079993817136963,1.7907754773608617
3513,6,/Users/reyesmatte/Desktop/copypasta/20260226/processed_masks/PY79_2_cp_masks.tif,PY79_2_cp_masks.tif,42,0.7565890209657189,4.089696743209006,7.57599321917602,1.327585546924841
3514,6,/Users/reyesmatte/Desktop/copypasta/20260226/processed_masks/PY79_2_cp_masks.tif,PY79_2_cp_masks.tif,44,0.7777801475955778,4.485916853645106,9.894633949891887,1.8310977121339551
3515,6,/Users/reyesmatte/Desktop/copypasta/20260226/processed_masks/PY79_2_cp_masks.tif,PY79_2_cp_masks.tif,46,0.7698032649978728,4.517837506139758,10.32670074127413,1.91094479849232
3516,6,/Users/reyesmatte/Desktop/copypasta/20260226/processed_masks/PY79_2_cp_masks.tif,PY79_2_cp_masks.tif,49,0.8695983138111968,4.234516982865061,11.343467912039205,2.3091302217310568
3517,6,/Users/reyesmatte/Desktop/copypasta/20260226/processed_masks/PY79_2_cp_masks.tif,PY79_2_cp_masks.tif,52,0.7976726469681675,3.6287439589613606,7.616521915994343,1.3889214131819294
3518,6,/Users/reyesmatte/Desktop/copypasta/20260226/processed_masks/PY79_2_cp_masks.tif,PY79_2_cp_masks.tif,53,0.8706965332090001,8.4524604123939,22.201515067087186,4.778719998608858
3519,6,/Users/reyesmatte/Desktop/copypasta/20260226/processed_masks/PY79_2_cp_masks.tif,PY79_2_cp_masks.tif,54,0.7824262198538684,3.8233359883837013,7.304517463500193,1.3219731305223206
3520,6,/Users/reyesmatte/Desktop/copypasta/20260226/processed_masks/PY79_2_cp_masks.tif,PY79_2_cp_masks.tif,56,0.7330286387460979,4.147731747336868,9.029579699148536,1.5629211316699496
3521,6,/Users/reyesmatte/Desktop/copypasta/20260226/processed_masks/PY79_2_cp_masks.tif,PY79_2_cp_masks.tif,57,0.7049340464222814,1.8968911698736537,3.334168837500586,0.5034125747999237
3522,6,/Users/reyesmatte/Desktop/copypasta/20260226/processed_masks/PY79_2_cp_masks.tif,PY79_2_cp_masks.tif,58,0.7697974451380701,4.296972924648946,10.14536427697893,1.8399827670890916
3523,6,/Users/reyesmatte/Desktop/copypasta/20260226/processed_masks/PY79_2_cp_masks.tif,PY79_2_cp_masks.tif,59,0.7937668927347852,11.405716900342401,24.3225343650775,4.708382574218222
3524,6,/Users/reyesmatte/Desktop/copypasta/20260226/processed_masks/PY79_2_cp_masks.tif,PY79_2_cp_masks.tif,60,0.8533651945429459,7.739848873158646,18.819611651980306,3.8609545209927134
3525,6,/Users/reyesmatte/Desktop/copypasta/20260226/processed_masks/PY79_2_cp_masks.tif,PY79_2_cp_masks.tif,61,0.8072061015314532,5.465727271681541,13.709215843655999,2.6438417438431663
3526,6,/Users/reyesmatte/Desktop/copypasta/20260226/processed_masks/PY79_2_cp_masks.tif,PY79_2_cp_masks.tif,62,0.7941745098360816,5.40012250445973,13.201407739172126,2.497193321743964
3527,6,/Users/reyesmatte/Desktop/copypasta/20260226/processed_masks/PY79_2_cp_masks.tif,PY79_2_cp_masks.tif,63,0.8295331430229299,5.7687036698610825,14.191717755705696,2.7988560309274946
3528,6,/Users/reyesmatte/Desktop/copypasta/20260226/processed_masks/PY79_2_cp_masks.tif,PY79_2_cp_masks.tif,64,0.7990219388929456,5.841151307106176,12.978584051608454,2.466809851226453
3529,6,/Users/reyesmatte/Desktop/copypasta/20260226/processed_masks/PY79_2_cp_masks.tif,PY79_2_cp_masks.tif,67,0.8202391214065072,4.799422384616384,10.7323953766471,2.057283100012925
3530,6,/Users/reyesmatte/Desktop/copypasta/20260226/processed_masks/PY79_2_cp_masks.tif,PY79_2_cp_masks.tif,70,0.798328125129839,5.411648331765907,11.2516807955911,2.200280593884025
3531,6,/Users/reyesmatte/Desktop/copypasta/20260226/processed_masks/PY79_2_cp_masks.tif,PY79_2_cp_masks.tif,71,0.7914437084367708,5.601979081192186,11.811560724961652,2.242766279571139
3532,6,/Users/reyesmatte/Desktop/copypasta/20260226/processed_masks/PY79_2_cp_masks.tif,PY79_2_cp_masks.tif,73,0.6644662775434015,4.24352079221452,7.971459427607105,1.2651683639542515
3533,6,/Users/reyesmatte/Desktop/copypasta/20260226/processed_masks/PY79_2_cp_masks.tif,PY79_2_cp_masks.tif,74,0.7724363353231161,6.709484836528914,12.91483345495806,2.3998041573620634
3534,6,/Users/reyesmatte/Desktop/copypasta/20260226/processed_masks/PY79_2_cp_masks.tif,PY79_2_cp_masks.tif,75,0.7380050096583187,4.988977858686838,10.21436360937157,1.7869392828787147
3535,6,/Users/reyesmatte/Desktop/copypasta/20260226/processed_masks/PY79_2_cp_masks.tif,PY79_2_cp_masks.tif,76,0.7434379744420612,3.6187371056829867,7.815915422352593,1.3564632573224378
3536,6,/Users/reyesmatte/Desktop/copypasta/20260226/processed_masks/PY79_2_cp_masks.tif,PY79_2_cp_masks.tif,77,0.7724303324792708,5.231921725210035,9.548337248159996,1.8033813994529666
3537,6,/Users/reyesmatte/Desktop/copypasta/20260226/processed_masks/PY79_2_cp_masks.tif,PY79_2_cp_masks.tif,78,0.7042016965468456,3.453870307169739,6.555356883035336,1.1562214730747196
3538,6,/Users/reyesmatte/Desktop/copypasta/20260226/processed_masks/PY79_2_cp_masks.tif,PY79_2_cp_masks.tif,79,0.7774023448574076,4.261067693648043,10.22952489966209,1.8657300784600659
3539,6,/Users/reyesmatte/Desktop/copypasta/20260226/processed_masks/PY79_2_cp_masks.tif,PY79_2_cp_masks.tif,80,0.753568180732735,3.5534907002090623,7.130482139300493,1.2488440511046854
3540,6,/Users/reyesmatte/Desktop/copypasta/20260226/processed_masks/PY79_2_cp_masks.tif,PY79_2_cp_masks.tif,81,0.7217964055405414,4.375861199656116,9.198184459532426,1.592186743138853
3541,6,/Users/reyesmatte/Desktop/copypasta/20260226/processed_masks/PY79_2_cp_masks.tif,PY79_2_cp_masks.tif,82,0.7250816495128595,6.689742022829423,13.457610610341547,2.3576935403365162
3542,6,/Users/reyesmatte/Desktop/copypasta/20260226/processed_masks/PY79_38_cp_masks.tif,PY79_38_cp_masks.tif,1,0.6872700315635077,4.147670343653189,7.023959341830529,1.1550238393904937
3543,6,/Users/reyesmatte/Desktop/copypasta/20260226/processed_masks/PY79_38_cp_masks.tif,PY79_38_cp_masks.tif,2,0.8402432010312788,6.370650880128468,13.30112717543639,2.680928499502323
3544,6,/Users/reyesmatte/Desktop/copypasta/20260226/processed_masks/PY79_38_cp_masks.tif,PY79_38_cp_masks.tif,4,0.8083307660904466,4.50849664629137,9.004062574571336,1.7155909781619345
3545,6,/Users/reyesmatte/Desktop/copypasta/20260226/processed_masks/PY79_38_cp_masks.tif,PY79_38_cp_masks.tif,5,0.8208778542382427,4.158868055713005,8.726709527261093,1.6505882148654318
3546,6,/Users/reyesmatte/Desktop/copypasta/20260226/processed_masks/PY79_38_cp_masks.tif,PY79_38_cp_masks.tif,6,0.7753263514655893,4.0122655809441286,8.742041824501191,1.596628992166067
3547,6,/Users/reyesmatte/Desktop/copypasta/20260226/processed_masks/PY79_38_cp_masks.tif,PY79_38_cp_masks.tif,7,0.7811630118714901,8.854555403693896,10.113108082106603,1.8667031081161642
3548,6,/Users/reyesmatte/Desktop/copypasta/20260226/processed_masks/PY79_38_cp_masks.tif,PY79_38_cp_masks.tif,8,0.6731440874960695,5.1036128089885695,10.287626257502696,1.6771768130382299
3549,6,/Users/reyesmatte/Desktop/copypasta/20260226/processed_masks/PY79_38_cp_masks.tif,PY79_38_cp_masks.tif,9,0.7260728885039286,4.0875447933837386,7.511346726631897,1.276598227572281
3550,6,/Users/reyesmatte/Desktop/copypasta/20260226/processed_masks/PY79_38_cp_masks.tif,PY79_38_cp_masks.tif,10,0.7868161746921408,5.130350424176056,9.44992792060559,1.8262612935958535
3551,6,/Users/reyesmatte/Desktop/copypasta/20260226/processed_masks/PY79_38_cp_masks.tif,PY79_38_cp_masks.tif,11,0.7936943037964882,3.5836433028159402,6.957102168767105,1.2662947304953251
3552,6,/Users/reyesmatte/Desktop/copypasta/20260226/processed_masks/PY79_38_cp_masks.tif,PY79_38_cp_masks.tif,13,0.7858502555677442,3.616050012292088,7.944044925654054,1.4688618791762031
3553,6,/Users/reyesmatte/Desktop/copypasta/20260226/processed_masks/PY79_38_cp_masks.tif,PY79_38_cp_masks.tif,14,0.8388226682938643,11.145810269636797,12.065928251471643,2.4053154278696773
3554,6,/Users/reyesmatte/Desktop/copypasta/20260226/processed_masks/PY79_38_cp_masks.tif,PY79_38_cp_masks.tif,15,0.7511347132953364,4.824899680819792,8.846793971539,1.5568831349927175
3555,6,/Users/reyesmatte/Desktop/copypasta/20260226/processed_masks/PY79_38_cp_masks.tif,PY79_38_cp_masks.tif,16,0.8076385288501385,4.078727439524179,8.393996115753502,1.5598470274526672
3556,6,/Users/reyesmatte/Desktop/copypasta/20260226/processed_masks/PY79_38_cp_masks.tif,PY79_38_cp_masks.tif,17,0.9009953295707265,4.213010307995518,9.770329632920697,2.0230784195086917
3557,6,/Users/reyesmatte/Desktop/copypasta/20260226/processed_masks/PY79_38_cp_masks.tif,PY79_38_cp_masks.tif,18,0.7997534705448656,4.945391073686147,9.941633856018436,1.8676062348369689
3558,6,/Users/reyesmatte/Desktop/copypasta/20260226/processed_masks/PY79_38_cp_masks.tif,PY79_38_cp_masks.tif,19,0.7424698066045442,4.113309131008074,9.136073755682192,1.6233665140977607
3559,6,/Users/reyesmatte/Desktop/copypasta/20260226/processed_masks/PY79_38_cp_masks.tif,PY79_38_cp_masks.tif,21,0.7288480710411592,3.7763656473420157,6.822742638561629,1.1505403209017284
3560,6,/Users/reyesmatte/Desktop/copypasta/20260226/processed_masks/PY79_38_cp_masks.tif,PY79_38_cp_masks.tif,24,0.8741709123154984,4.6157746896309675,9.689116363840645,1.9698044260701495
3561,6,/Users/reyesmatte/Desktop/copypasta/20260226/processed_masks/PY79_38_cp_masks.tif,PY79_38_cp_masks.tif,26,0.701499027170946,4.361378653490058,7.287564084823796,1.1957541708233015
3562,6,/Users/reyesmatte/Desktop/copypasta/20260226/processed_masks/PY79_38_cp_masks.tif,PY79_38_cp_masks.tif,28,0.7326242862189348,4.798226233203604,9.803036419925498,1.7134185479997193
3563,6,/Users/reyesmatte/Desktop/copypasta/20260226/processed_masks/PY79_38_cp_masks.tif,PY79_38_cp_masks.tif,29,0.8139630546578662,3.33241273102371,6.67226437872048,1.2209389882921364
3564,6,/Users/reyesmatte/Desktop/copypasta/20260226/processed_masks/PY79_38_cp_masks.tif,PY79_38_cp_masks.tif,30,0.7801154132418028,4.37509420676191,8.129281716562849,1.4761652489503618
3565,6,/Users/reyesmatte/Desktop/copypasta/20260226/processed_masks/PY79_38_cp_masks.tif,PY79_38_cp_masks.tif,31,0.7367786124660122,4.750230251234755,9.236976320026958,1.6112035514379415
3566,6,/Users/reyesmatte/Desktop/copypasta/20260226/processed_masks/PY79_38_cp_masks.tif,PY79_38_cp_masks.tif,32,0.7045990919007046,7.387089410819355,12.154286528922684,2.076568563846207
3567,6,/Users/reyesmatte/Desktop/copypasta/20260226/processed_masks/PY79_38_cp_masks.tif,PY79_38_cp_masks.tif,33,0.7365655703333113,3.578579129257366,6.6900983375031515,1.1597147583518301
3568,6,/Users/reyesmatte/Desktop/copypasta/20260226/processed_masks/PY79_38_cp_masks.tif,PY79_38_cp_masks.tif,34,0.7591716193177106,5.235144256920499,6.248887288532449,1.1167372362192807
3569,6,/Users/reyesmatte/Desktop/copypasta/20260226/processed_masks/PY79_38_cp_masks.tif,PY79_38_cp_masks.tif,35,0.8165209571573637,3.7162077907973394,8.44675977941067,1.6232208145243638
3570,6,/Users/reyesmatte/Desktop/copypasta/20260226/processed_masks/PY79_38_cp_masks.tif,PY79_38_cp_masks.tif,36,0.8197988268460051,5.533752081927212,12.183192472636714,2.4535671426479126
3571,6,/Users/reyesmatte/Desktop/copypasta/20260226/processed_masks/PY79_38_cp_masks.tif,PY79_38_cp_masks.tif,37,0.8507147836180408,3.4748973960989757,8.358524954506503,1.6233043889254566
3572,6,/Users/reyesmatte/Desktop/copypasta/20260226/processed_masks/PY79_38_cp_masks.tif,PY79_38_cp_masks.tif,38,0.8317740125229106,7.239722629794097,16.827985944871916,3.3574446831602907
3573,6,/Users/reyesmatte/Desktop/copypasta/20260226/processed_masks/PY79_38_cp_masks.tif,PY79_38_cp_masks.tif,39,0.7545997071701381,5.644202547026853,11.534518870596651,2.1334956461760894
3574,6,/Users/reyesmatte/Desktop/copypasta/20260226/processed_masks/PY79_38_cp_masks.tif,PY79_38_cp_masks.tif,40,0.8930953154382433,6.572507706765907,16.017737587554613,3.4784002990729532
3575,6,/Users/reyesmatte/Desktop/copypasta/20260226/processed_masks/PY79_38_cp_masks.tif,PY79_38_cp_masks.tif,41,0.7872678906784939,5.086441144678883,9.629864611781905,1.7923833016045687
3576,6,/Users/reyesmatte/Desktop/copypasta/20260226/processed_masks/PY79_38_cp_masks.tif,PY79_38_cp_masks.tif,42,0.7128599046377478,3.822877697290261,7.243506836412902,1.2442976473497218
3577,6,/Users/reyesmatte/Desktop/copypasta/20260226/processed_masks/PY79_38_cp_masks.tif,PY79_38_cp_masks.tif,43,0.710522066059578,4.048554703330013,7.352434053078854,1.2575840953426252
3578,6,/Users/reyesmatte/Desktop/copypasta/20260226/processed_masks/PY79_38_cp_masks.tif,PY79_38_cp_masks.tif,44,0.735432191502709,7.507529203628435,15.846303743314754,2.8209279035970978
3579,6,/Users/reyesmatte/Desktop/copypasta/20260226/processed_masks/PY79_38_cp_masks.tif,PY79_38_cp_masks.tif,45,0.883628464931257,2.9810901161805416,7.715101455759567,1.5317313679110058
3580,6,/Users/reyesmatte/Desktop/copypasta/20260226/processed_masks/PY79_38_cp_masks.tif,PY79_38_cp_masks.tif,46,0.8271035041237176,3.764763200843119,8.214271422887313,1.6051513389661443
3581,6,/Users/reyesmatte/Desktop/copypasta/20260226/processed_masks/PY79_38_cp_masks.tif,PY79_38_cp_masks.tif,47,0.7331773052627993,5.398847576927052,9.563441044442301,1.658006716481068
3582,6,/Users/reyesmatte/Desktop/copypasta/20260226/processed_masks/PY79_38_cp_masks.tif,PY79_38_cp_masks.tif,48,0.8034102541409663,5.196831184612175,12.156734357606899,2.3127084105398255
3583,6,/Users/reyesmatte/Desktop/copypasta/20260226/processed_masks/PY79_38_cp_masks.tif,PY79_38_cp_masks.tif,49,0.7095558582444563,3.614247345903345,6.809014793004579,1.196909946449615
3584,6,/Users/reyesmatte/Desktop/copypasta/20260226/processed_masks/PY79_38_cp_masks.tif,PY79_38_cp_masks.tif,51,0.8369971239153042,4.715136448367709,9.329306971008824,1.8305964064108846
3585,6,/Users/reyesmatte/Desktop/copypasta/20260226/processed_masks/PY79_38_cp_masks.tif,PY79_38_cp_masks.tif,52,0.7587624083836637,3.4750343439716285,6.896332344489845,1.2001905970138567
3586,6,/Users/reyesmatte/Desktop/copypasta/20260226/processed_masks/PY79_38_cp_masks.tif,PY79_38_cp_masks.tif,53,0.8378818895275032,4.2253500956639956,8.21421007931762,1.682231321076142
3587,6,/Users/reyesmatte/Desktop/copypasta/20260226/processed_masks/PY79_38_cp_masks.tif,PY79_38_cp_masks.tif,55,0.7458771978134002,2.95194139741645,5.480102049287583,0.9600446879471882
3588,6,/Users/reyesmatte/Desktop/copypasta/20260226/processed_masks/PY79_38_cp_masks.tif,PY79_38_cp_masks.tif,57,0.8663231541578947,4.505188005271023,9.828948444722233,2.0295640619332
3589,6,/Users/reyesmatte/Desktop/copypasta/20260226/processed_masks/PY79_38_cp_masks.tif,PY79_38_cp_masks.tif,58,0.7192954584425287,3.4658426517003345,6.359132105160225,1.085560072224217
3590,6,/Users/reyesmatte/Desktop/copypasta/20260226/processed_masks/PY79_38_cp_masks.tif,PY79_38_cp_masks.tif,60,0.7775377377688965,4.797562596878163,10.599052144782442,1.939328230533231
3591,6,/Users/reyesmatte/Desktop/copypasta/20260226/processed_masks/PY79_38_cp_masks.tif,PY79_38_cp_masks.tif,61,0.7547572089603375,5.442321643931537,12.163983517189314,2.20519765186803
3592,6,/Users/reyesmatte/Desktop/copypasta/20260226/processed_masks/PY79_38_cp_masks.tif,PY79_38_cp_masks.tif,62,0.8658463298779839,4.748740027324339,10.361891378498163,2.07781449094296
3593,6,/Users/reyesmatte/Desktop/copypasta/20260226/processed_masks/PY79_38_cp_masks.tif,PY79_38_cp_masks.tif,63,0.6751386554774894,3.455203713832571,5.845177481755153,0.932620935725485
3594,6,/Users/reyesmatte/Desktop/copypasta/20260226/processed_masks/PY79_38_cp_masks.tif,PY79_38_cp_masks.tif,64,0.7612764807670094,3.8235602200140066,8.895716930129803,1.5819785132033857
3595,6,/Users/reyesmatte/Desktop/copypasta/20260226/processed_masks/PY79_38_cp_masks.tif,PY79_38_cp_masks.tif,66,0.8540113199998961,3.048893957065094,8.1043387975841,1.574073596290308
3596,6,/Users/reyesmatte/Desktop/copypasta/20260226/processed_masks/PY79_38_cp_masks.tif,PY79_38_cp_masks.tif,68,0.8371228333871082,3.4309881166018017,8.24778165882469,1.5999675979392352
3597,6,/Users/reyesmatte/Desktop/copypasta/20260226/processed_masks/PY79_38_cp_masks.tif,PY79_38_cp_masks.tif,69,0.7606951443169643,3.7335453888301413,7.879012837334715,1.4115585163328048
3598,6,/Users/reyesmatte/Desktop/copypasta/20260226/processed_masks/PY79_38_cp_masks.tif,PY79_38_cp_masks.tif,72,0.8049854161542972,4.585014539543103,9.977864995432595,1.8738661519465916
3599,6,/Users/reyesmatte/Desktop/copypasta/20260226/processed_masks/PY79_38_cp_masks.tif,PY79_38_cp_masks.tif,74,0.812202719374192,4.776592629298405,9.54236950553807,1.8876301949825056
3600,6,/Users/reyesmatte/Desktop/copypasta/20260226/processed_masks/PY79_38_cp_masks.tif,PY79_38_cp_masks.tif,75,0.8164950910484482,4.3069259351036795,8.681673348536803,1.6397318906858291
3601,6,/Users/reyesmatte/Desktop/copypasta/20260226/processed_masks/PY79_38_cp_masks.tif,PY79_38_cp_masks.tif,76,0.6951172752902957,7.110828979799462,11.070852671140209,1.8623592924104544
3602,6,/Users/reyesmatte/Desktop/copypasta/20260226/processed_masks/PY79_38_cp_masks.tif,PY79_38_cp_masks.tif,77,0.7188016470195387,5.370760948671006,10.911220135480024,1.9149589575901091
3603,6,/Users/reyesmatte/Desktop/copypasta/20260226/processed_masks/PY79_38_cp_masks.tif,PY79_38_cp_masks.tif,78,0.7707776369889283,4.37399107560958,8.41379564893426,1.5109448539384007
3604,6,/Users/reyesmatte/Desktop/copypasta/20260226/processed_masks/PY79_38_cp_masks.tif,PY79_38_cp_masks.tif,79,0.7708458350525259,5.061687482377652,11.770702620442256,2.158707565938814
3605,6,/Users/reyesmatte/Desktop/copypasta/20260226/processed_masks/PY79_38_cp_masks.tif,PY79_38_cp_masks.tif,80,0.7644832242490456,4.879276029918434,11.294241616076574,2.0662918484119603
3606,6,/Users/reyesmatte/Desktop/copypasta/20260226/processed_masks/PY79_38_cp_masks.tif,PY79_38_cp_masks.tif,82,0.8100646753070135,3.655490113526216,8.289826387497465,1.546478433403054
3607,6,/Users/reyesmatte/Desktop/copypasta/20260226/processed_masks/PY79_38_cp_masks.tif,PY79_38_cp_masks.tif,83,0.8372347646713874,3.0033902192922493,7.048959059453155,1.3262459171264522
3608,6,/Users/reyesmatte/Desktop/copypasta/20260226/processed_masks/PY79_38_cp_masks.tif,PY79_38_cp_masks.tif,84,0.8009743465303467,3.789492058074122,8.227123823521403,1.5326936546940575
3609,6,/Users/reyesmatte/Desktop/copypasta/20260226/processed_masks/PY79_38_cp_masks.tif,PY79_38_cp_masks.tif,86,0.8239636395288252,3.5844614518959634,7.980042685753041,1.5048604611901617
3610,6,/Users/reyesmatte/Desktop/copypasta/20260226/processed_masks/PY79_38_cp_masks.tif,PY79_38_cp_masks.tif,88,0.7824495965246413,6.400313587505146,13.987388787058096,2.6272146465583956
3611,6,/Users/reyesmatte/Desktop/copypasta/20260226/processed_masks/PY79_38_cp_masks.tif,PY79_38_cp_masks.tif,89,0.743309732865251,6.777436919019382,13.039778859637027,2.321454237419344
3612,6,/Users/reyesmatte/Desktop/copypasta/20260226/processed_masks/PY79_38_cp_masks.tif,PY79_38_cp_masks.tif,90,0.7226889126596298,6.850614645234372,13.64268054545166,2.381182216404389
3613,6,/Users/reyesmatte/Desktop/copypasta/20260226/processed_masks/PY79_38_cp_masks.tif,PY79_38_cp_masks.tif,91,0.7257520661794656,3.0208540756178675,5.642699836537607,0.9238980022525023
3614,6,/Users/reyesmatte/Desktop/copypasta/20260226/processed_masks/PY79_38_cp_masks.tif,PY79_38_cp_masks.tif,92,0.6480830816367968,5.657341710145313,9.58156335570577,1.5234157101165078
3615,6,/Users/reyesmatte/Desktop/copypasta/20260226/processed_masks/PY79_38_cp_masks.tif,PY79_38_cp_masks.tif,93,0.6779168403656415,6.296205682173736,10.960772801133574,1.7983143574678322
3616,6,/Users/reyesmatte/Desktop/copypasta/20260226/processed_masks/PY79_38_cp_masks.tif,PY79_38_cp_masks.tif,94,0.6609324889483323,3.338016519646528,5.774728087894786,0.8972066698665038
3617,6,/Users/reyesmatte/Desktop/copypasta/20260226/processed_masks/PY79_38_cp_masks.tif,PY79_38_cp_masks.tif,95,0.6857411040608291,4.201672801294701,7.358022623835421,1.1935591124958285
3618,6,/Users/reyesmatte/Desktop/copypasta/20260226/processed_masks/PY79_38_cp_masks.tif,PY79_38_cp_masks.tif,96,0.708232537909943,3.2959458386302254,6.093265862456794,1.034651732922814
3619,6,/Users/reyesmatte/Desktop/copypasta/20260226/processed_masks/PY79_38_cp_masks.tif,PY79_38_cp_masks.tif,97,0.759514851469051,5.631577372520978,11.236551284776956,2.0271077889135474
3620,6,/Users/reyesmatte/Desktop/copypasta/20260226/processed_masks/PY79_38_cp_masks.tif,PY79_38_cp_masks.tif,99,0.707547745668081,3.6003721092083296,7.00807603870399,1.1540754968311389
3621,6,/Users/reyesmatte/Desktop/copypasta/20260226/processed_masks/PY79_38_cp_masks.tif,PY79_38_cp_masks.tif,100,0.6923501005464987,3.41974742622804,6.117173672508367,1.0486643358760632
3622,6,/Users/reyesmatte/Desktop/copypasta/20260226/processed_masks/PY79_38_cp_masks.tif,PY79_38_cp_masks.tif,101,0.739812327310757,2.7006172667558164,5.524364480400941,0.9162946644760857
3623,6,/Users/reyesmatte/Desktop/copypasta/20260226/processed_masks/PY79_38_cp_masks.tif,PY79_38_cp_masks.tif,102,0.7737897138938578,6.702278454924552,11.993503618338838,2.263835313724919
3624,6,/Users/reyesmatte/Desktop/copypasta/20260226/processed_masks/PY79_38_cp_masks.tif,PY79_38_cp_masks.tif,103,0.705023082125462,3.022752548362564,5.591967847186688,0.8980335833840457
3625,6,/Users/reyesmatte/Desktop/copypasta/20260226/processed_masks/PY79_38_cp_masks.tif,PY79_38_cp_masks.tif,104,0.7902752210581012,4.066666914483829,8.05104630384946,1.4673717875165888
3626,6,/Users/reyesmatte/Desktop/copypasta/20260226/processed_masks/PY79_38_cp_masks.tif,PY79_38_cp_masks.tif,105,0.7824334648194043,7.673820697651433,14.830306589339376,2.7828865086133447
3627,6,/Users/reyesmatte/Desktop/copypasta/20260226/processed_masks/PY79_38_cp_masks.tif,PY79_38_cp_masks.tif,106,0.8086932268565539,3.5578856861377735,7.176995119747402,1.3153001419705108
3628,6,/Users/reyesmatte/Desktop/copypasta/20260226/processed_masks/PY79_38_cp_masks.tif,PY79_38_cp_masks.tif,107,0.7365074826344047,6.726332202726026,13.348993042601444,2.3607692117540964
3629,6,/Users/reyesmatte/Desktop/copypasta/20260226/processed_masks/PY79_38_cp_masks.tif,PY79_38_cp_masks.tif,108,0.77244590202463,6.8239583166646955,13.01832071903425,2.411579721059297
3630,7,/Users/reyesmatte/Desktop/copypasta/20260226/processed_masks/PY79_11_cp_masks.tif,PY79_11_cp_masks.tif,4,0.7057991722203746,5.895873116315666,10.926178077942026,1.8495854599352592
3631,7,/Users/reyesmatte/Desktop/copypasta/20260226/processed_masks/PY79_11_cp_masks.tif,PY79_11_cp_masks.tif,6,0.6813860840572302,6.248624578644647,12.048774091135034,1.9818044997338073
3632,7,/Users/reyesmatte/Desktop/copypasta/20260226/processed_masks/PY79_11_cp_masks.tif,PY79_11_cp_masks.tif,7,0.7379942006379565,6.258365629719664,11.941701823857906,2.111765279805276
3633,7,/Users/reyesmatte/Desktop/copypasta/20260226/processed_masks/PY79_11_cp_masks.tif,PY79_11_cp_masks.tif,8,0.7407102537683768,7.052565030740213,14.610210361727166,2.653370418719329
3634,7,/Users/reyesmatte/Desktop/copypasta/20260226/processed_masks/PY79_11_cp_masks.tif,PY79_11_cp_masks.tif,9,0.7096813299805153,2.7979083771041644,5.176015894783109,0.8852076185365829
3635,7,/Users/reyesmatte/Desktop/copypasta/20260226/processed_masks/PY79_11_cp_masks.tif,PY79_11_cp_masks.tif,18,0.6743234904284421,4.91265054167939,8.826911620477697,1.419911443122478
3636,7,/Users/reyesmatte/Desktop/copypasta/20260226/processed_masks/PY79_11_cp_masks.tif,PY79_11_cp_masks.tif,19,0.746706325563383,4.646805812496524,9.758215568294457,1.724575202947804
3637,7,/Users/reyesmatte/Desktop/copypasta/20260226/processed_masks/PY79_11_cp_masks.tif,PY79_11_cp_masks.tif,20,0.7431981284186244,5.230744548954007,10.851568172118562,1.9164826325563384
3638,7,/Users/reyesmatte/Desktop/copypasta/20260226/processed_masks/PY79_11_cp_masks.tif,PY79_11_cp_masks.tif,21,0.770878521627795,5.142582316540401,12.24093210605933,2.245259359346494
3639,7,/Users/reyesmatte/Desktop/copypasta/20260226/processed_masks/PY79_11_cp_masks.tif,PY79_11_cp_masks.tif,22,0.7504239012378042,9.116901222290908,10.759403186886647,1.9271599351473343
3640,7,/Users/reyesmatte/Desktop/copypasta/20260226/processed_masks/PY79_11_cp_masks.tif,PY79_11_cp_masks.tif,24,0.8820459368048787,1.9277156533358153,4.008426872782076,0.7092695646057914
3641,7,/Users/reyesmatte/Desktop/copypasta/20260226/processed_masks/PY79_11_cp_masks.tif,PY79_11_cp_masks.tif,25,0.8785379200141669,9.374283780740212,24.11520308928987,5.13511164774593
3642,7,/Users/reyesmatte/Desktop/copypasta/20260226/processed_masks/PY79_11_cp_masks.tif,PY79_11_cp_masks.tif,26,0.7832674469273624,4.716497584654293,10.456892095281658,1.9411063485774422
3643,7,/Users/reyesmatte/Desktop/copypasta/20260226/processed_masks/PY79_11_cp_masks.tif,PY79_11_cp_masks.tif,27,0.7353512282420137,5.039557262296085,10.904684485749506,1.92471883432827
3644,7,/Users/reyesmatte/Desktop/copypasta/20260226/processed_masks/PY79_11_cp_masks.tif,PY79_11_cp_masks.tif,28,0.7006061705694053,6.145116142067381,13.099675639060008,2.229589454656708
3645,7,/Users/reyesmatte/Desktop/copypasta/20260226/processed_masks/PY79_11_cp_masks.tif,PY79_11_cp_masks.tif,29,0.776318249531127,9.115467699323302,12.000811626200338,2.2081484179897624
3646,7,/Users/reyesmatte/Desktop/copypasta/20260226/processed_masks/PY79_11_cp_masks.tif,PY79_11_cp_masks.tif,31,0.758395433855671,8.433614506969821,18.49641392555378,3.401404022895655
3647,7,/Users/reyesmatte/Desktop/copypasta/20260226/processed_masks/PY79_11_cp_masks.tif,PY79_11_cp_masks.tif,32,0.7090818633709357,7.574984322132953,15.68610797092966,2.7306175990229304
3648,7,/Users/reyesmatte/Desktop/copypasta/20260226/processed_masks/PY79_11_cp_masks.tif,PY79_11_cp_masks.tif,33,0.6500656579780012,13.516658149598028,14.059393997204404,2.2393255322920274
3649,7,/Users/reyesmatte/Desktop/copypasta/20260226/processed_masks/PY79_11_cp_masks.tif,PY79_11_cp_masks.tif,34,0.7495801123582795,4.751078028077082,9.386892854898036,1.65422411675765
3650,7,/Users/reyesmatte/Desktop/copypasta/20260226/processed_masks/PY79_11_cp_masks.tif,PY79_11_cp_masks.tif,35,0.7309236423287137,4.095091043036299,7.561333056122566,1.282594954787962
3651,7,/Users/reyesmatte/Desktop/copypasta/20260226/processed_masks/PY79_11_cp_masks.tif,PY79_11_cp_masks.tif,39,0.8757758664172434,16.59170431499235,23.404025585499458,4.9752802092268436
3652,7,/Users/reyesmatte/Desktop/copypasta/20260226/processed_masks/PY79_11_cp_masks.tif,PY79_11_cp_masks.tif,42,0.9094867489706696,5.756103998699521,15.35405481397935,3.2963351232172498
3653,7,/Users/reyesmatte/Desktop/copypasta/20260226/processed_masks/PY79_11_cp_masks.tif,PY79_11_cp_masks.tif,44,0.8201590574178924,11.138556458071106,24.831928420768122,4.973216654332069
3654,7,/Users/reyesmatte/Desktop/copypasta/20260226/processed_masks/PY79_11_cp_masks.tif,PY79_11_cp_masks.tif,45,0.8288812395831466,4.182412985854278,9.30043283127423,1.9300459194401198
3655,7,/Users/reyesmatte/Desktop/copypasta/20260226/processed_masks/PY79_11_cp_masks.tif,PY79_11_cp_masks.tif,46,0.90041015625,4.180927077459217,11.707713823678514,2.4502805592302246
3656,7,/Users/reyesmatte/Desktop/copypasta/20260226/processed_masks/PY79_11_cp_masks.tif,PY79_11_cp_masks.tif,49,0.8335597507726921,5.259747363525694,13.03820015806591,2.6705052478048548
3657,7,/Users/reyesmatte/Desktop/copypasta/20260226/processed_masks/PY79_11_cp_masks.tif,PY79_11_cp_masks.tif,52,0.8508571255022785,7.374043979618732,12.308482142209122,2.480371686306909
3658,7,/Users/reyesmatte/Desktop/copypasta/20260226/processed_masks/PY79_11_cp_masks.tif,PY79_11_cp_masks.tif,53,0.8105135868552148,5.353085588781981,11.977214500273423,2.293977467502667
3659,7,/Users/reyesmatte/Desktop/copypasta/20260226/processed_masks/PY79_11_cp_masks.tif,PY79_11_cp_masks.tif,54,0.7882424720383473,5.30669264959217,11.815210651321216,2.2098311543579254
3660,7,/Users/reyesmatte/Desktop/copypasta/20260226/processed_masks/PY79_11_cp_masks.tif,PY79_11_cp_masks.tif,56,0.8237942406104439,4.58431500430669,9.887236788031805,1.952276915111264
3661,7,/Users/reyesmatte/Desktop/copypasta/20260226/processed_masks/PY79_11_cp_masks.tif,PY79_11_cp_masks.tif,57,0.8459428575569863,4.809088424184342,10.358349030935226,2.049467912875067
3662,7,/Users/reyesmatte/Desktop/copypasta/20260226/processed_masks/PY79_11_cp_masks.tif,PY79_11_cp_masks.tif,58,0.8162796234891788,6.977078931534781,14.128666943121388,2.7533861878526706
3663,7,/Users/reyesmatte/Desktop/copypasta/20260226/processed_masks/PY79_11_cp_masks.tif,PY79_11_cp_masks.tif,59,0.7920262491505606,3.7101992187276234,7.70304241172391,1.4445236000056614
3664,7,/Users/reyesmatte/Desktop/copypasta/20260226/processed_masks/PY79_11_cp_masks.tif,PY79_11_cp_masks.tif,61,0.7679409680729808,4.269797690136612,9.010238038796171,1.6183999803981304
3665,7,/Users/reyesmatte/Desktop/copypasta/20260226/processed_masks/PY79_11_cp_masks.tif,PY79_11_cp_masks.tif,62,0.7997962229238935,4.89499148019793,10.903864792765084,2.0571639645225845
3666,7,/Users/reyesmatte/Desktop/copypasta/20260226/processed_masks/PY79_11_cp_masks.tif,PY79_11_cp_masks.tif,63,0.807269973380453,7.659708256969821,17.40804156118653,3.4452242415406062
3667,7,/Users/reyesmatte/Desktop/copypasta/20260226/processed_masks/PY79_11_cp_masks.tif,PY79_11_cp_masks.tif,64,0.7862830303312335,5.124219793449274,9.702704094530448,1.8221585783761394
3668,7,/Users/reyesmatte/Desktop/copypasta/20260226/processed_masks/PY79_11_cp_masks.tif,PY79_11_cp_masks.tif,65,0.8443937498755049,6.792509842038914,16.104867678229027,3.2472382421610098
3669,7,/Users/reyesmatte/Desktop/copypasta/20260226/processed_masks/PY79_11_cp_masks.tif,PY79_11_cp_masks.tif,67,0.7905478380923,9.779670246814655,21.324725345667446,4.126113030762132
3670,7,/Users/reyesmatte/Desktop/copypasta/20260226/processed_masks/PY79_11_cp_masks.tif,PY79_11_cp_masks.tif,68,0.7463131327312551,4.7124516024643635,9.190082851022058,1.6213159095867762
3671,7,/Users/reyesmatte/Desktop/copypasta/20260226/processed_masks/PY79_11_cp_masks.tif,PY79_11_cp_masks.tif,69,0.7282582925276629,4.651980342179084,9.10837490756241,1.5822313349376615
3672,7,/Users/reyesmatte/Desktop/copypasta/20260226/processed_masks/PY79_11_cp_masks.tif,PY79_11_cp_masks.tif,70,0.779312305899413,4.494946347138101,8.306313263102407,1.5128998212349838
3673,7,/Users/reyesmatte/Desktop/copypasta/20260226/processed_masks/PY79_11_cp_masks.tif,PY79_11_cp_masks.tif,71,0.789273885737019,4.610771891173281,9.595075668729383,1.767660082367338
3674,7,/Users/reyesmatte/Desktop/copypasta/20260226/processed_masks/PY79_11_cp_masks.tif,PY79_11_cp_masks.tif,73,0.7074417913696097,5.142578123016654,8.590539472434628,1.4348944631843121
3675,7,/Users/reyesmatte/Desktop/copypasta/20260226/processed_masks/PY79_11_cp_masks.tif,PY79_11_cp_masks.tif,74,0.8050761835364022,4.143435399575601,8.778379096743535,1.63172136124945
3676,7,/Users/reyesmatte/Desktop/copypasta/20260226/processed_masks/PY79_11_cp_masks.tif,PY79_11_cp_masks.tif,75,0.753987809615369,4.6214941843229385,8.462363341415042,1.5972597654503646
3677,7,/Users/reyesmatte/Desktop/copypasta/20260226/processed_masks/PY79_11_cp_masks.tif,PY79_11_cp_masks.tif,76,0.7670994129451456,4.442438764305319,8.632050333319272,1.5933793140980856
3678,7,/Users/reyesmatte/Desktop/copypasta/20260226/processed_masks/PY79_11_cp_masks.tif,PY79_11_cp_masks.tif,77,0.7760339473219824,4.610343594140598,9.429969855848057,1.7231430664971177
3679,7,/Users/reyesmatte/Desktop/copypasta/20260226/processed_masks/PY79_11_cp_masks.tif,PY79_11_cp_masks.tif,78,0.7357725603524051,4.510219538703089,8.901688890851384,1.5642554803762385
3680,7,/Users/reyesmatte/Desktop/copypasta/20260226/processed_masks/PY79_11_cp_masks.tif,PY79_11_cp_masks.tif,79,0.6567646088205505,4.612927015780996,8.105021731812,1.2839885860645832
3681,7,/Users/reyesmatte/Desktop/copypasta/20260226/processed_masks/PY79_52_cp_masks.tif,PY79_52_cp_masks.tif,2,0.7850855710564021,6.792860635942143,14.554511135381652,2.7389054430565474
3682,7,/Users/reyesmatte/Desktop/copypasta/20260226/processed_masks/PY79_52_cp_masks.tif,PY79_52_cp_masks.tif,6,0.7508724696799259,3.540751349053887,8.000512368388312,1.4105348406720766
3683,7,/Users/reyesmatte/Desktop/copypasta/20260226/processed_masks/PY79_52_cp_masks.tif,PY79_52_cp_masks.tif,7,0.7638752512942524,3.5538477636393155,7.335394541449267,1.2861945548636584
3684,7,/Users/reyesmatte/Desktop/copypasta/20260226/processed_masks/PY79_52_cp_masks.tif,PY79_52_cp_masks.tif,8,0.7440309919745365,5.778973438309496,11.975577280504169,2.128683255587654
3685,7,/Users/reyesmatte/Desktop/copypasta/20260226/processed_masks/PY79_52_cp_masks.tif,PY79_52_cp_masks.tif,10,0.7314654262331448,5.6513852314366835,10.74785312268106,1.8781992247792547
3686,7,/Users/reyesmatte/Desktop/copypasta/20260226/processed_masks/PY79_52_cp_masks.tif,PY79_52_cp_masks.tif,12,0.7603405007859969,5.55817960819943,11.392895744688811,2.0764042065607957
3687,7,/Users/reyesmatte/Desktop/copypasta/20260226/processed_masks/PY79_52_cp_masks.tif,PY79_52_cp_masks.tif,13,0.7049991289772273,6.210369647750815,10.664205839112023,1.8606738993856482
3688,7,/Users/reyesmatte/Desktop/copypasta/20260226/processed_masks/PY79_52_cp_masks.tif,PY79_52_cp_masks.tif,17,0.7522791101283265,7.082662950609578,14.654185608763179,2.664596379417999
3689,7,/Users/reyesmatte/Desktop/copypasta/20260226/processed_masks/PY79_52_cp_masks.tif,PY79_52_cp_masks.tif,23,0.7875033568513681,6.215052022910036,14.187926417917495,2.671264455438911
3690,7,/Users/reyesmatte/Desktop/copypasta/20260226/processed_masks/PY79_52_cp_masks.tif,PY79_52_cp_masks.tif,24,0.8017693815023795,6.298845320353921,13.038037847708495,2.485253792823268
3691,7,/Users/reyesmatte/Desktop/copypasta/20260226/processed_masks/PY79_52_cp_masks.tif,PY79_52_cp_masks.tif,26,0.7824435727959116,6.061316353360574,12.248657393528378,2.353231339213478
3692,7,/Users/reyesmatte/Desktop/copypasta/20260226/processed_masks/PY79_52_cp_masks.tif,PY79_52_cp_masks.tif,29,0.7935714409332851,5.136135692696591,10.358854509182665,1.9622139659530673
3693,7,/Users/reyesmatte/Desktop/copypasta/20260226/processed_masks/PY79_52_cp_masks.tif,PY79_52_cp_masks.tif,36,0.7902444737987201,4.383733105201928,10.187803910395305,1.9007033120531094
3694,7,/Users/reyesmatte/Desktop/copypasta/20260226/processed_masks/PY79_52_cp_masks.tif,PY79_52_cp_masks.tif,38,0.8573566730720917,5.310790676135371,11.689158824061227,2.345180892650181
3695,7,/Users/reyesmatte/Desktop/copypasta/20260226/processed_masks/PY79_52_cp_masks.tif,PY79_52_cp_masks.tif,44,0.8583418762536995,6.069533789551387,14.732669456043725,3.0730332818959836
3696,7,/Users/reyesmatte/Desktop/copypasta/20260226/processed_masks/PY79_52_cp_masks.tif,PY79_52_cp_masks.tif,49,0.7875199497519555,7.0780069042063305,16.508664966896454,3.135319327735488
3697,7,/Users/reyesmatte/Desktop/copypasta/20260226/processed_masks/PY79_52_cp_masks.tif,PY79_52_cp_masks.tif,52,0.7663592343814054,5.6474868616843406,10.825853554607948,2.0176963495300595
3698,7,/Users/reyesmatte/Desktop/copypasta/20260226/processed_masks/PY79_52_cp_masks.tif,PY79_52_cp_masks.tif,60,0.8178746549428711,7.35747906680669,16.316609834743872,3.242696179726438
3699,7,/Users/reyesmatte/Desktop/copypasta/20260226/processed_masks/PY79_52_cp_masks.tif,PY79_52_cp_masks.tif,62,0.8461543965971535,5.7992672397787235,10.915533917005886,2.1625010285729487
3700,7,/Users/reyesmatte/Desktop/copypasta/20260226/processed_masks/PY79_52_cp_masks.tif,PY79_52_cp_masks.tif,63,0.8654589007952942,6.245444732816843,9.649221859134036,1.9407300680639257
3701,7,/Users/reyesmatte/Desktop/copypasta/20260226/processed_masks/PY79_52_cp_masks.tif,PY79_52_cp_masks.tif,66,0.8153506230859864,6.795986382779315,13.87003458348461,2.6955906332154878
3702,7,/Users/reyesmatte/Desktop/copypasta/20260226/processed_masks/PY79_52_cp_masks.tif,PY79_52_cp_masks.tif,72,0.8304244991226533,5.377242740063748,13.035184970856804,2.582303012840016
3703,7,/Users/reyesmatte/Desktop/copypasta/20260226/processed_masks/PY79_52_cp_masks.tif,PY79_52_cp_masks.tif,84,0.7733089656375713,4.897609304510604,10.263000988859462,1.970408955593096
3704,7,/Users/reyesmatte/Desktop/copypasta/20260226/processed_masks/PY79_52_cp_masks.tif,PY79_52_cp_masks.tif,85,0.8052882135460139,5.319727430713004,11.120095134729853,2.133442453561588
3705,7,/Users/reyesmatte/Desktop/copypasta/20260226/processed_masks/PY79_52_cp_masks.tif,PY79_52_cp_masks.tif,87,0.8705529764755701,4.196575506148043,11.216768603141224,2.278370470700029
3706,7,/Users/reyesmatte/Desktop/copypasta/20260226/processed_masks/PY79_52_cp_masks.tif,PY79_52_cp_masks.tif,89,0.799763083996915,4.247818045849023,10.108949192571163,1.900098441610678
3707,7,/Users/reyesmatte/Desktop/copypasta/20260226/processed_masks/PY79_52_cp_masks.tif,PY79_52_cp_masks.tif,90,0.8916625710720874,3.659262004040402,9.749879946991385,2.013517818435691
3708,7,/Users/reyesmatte/Desktop/copypasta/20260226/processed_masks/PY79_52_cp_masks.tif,PY79_52_cp_masks.tif,95,0.809036894210902,4.276230830232025,8.495238699592148,1.6996866852402477
3709,7,/Users/reyesmatte/Desktop/copypasta/20260226/processed_masks/PY79_52_cp_masks.tif,PY79_52_cp_masks.tif,96,0.8888342527611811,3.5439001744918124,9.840018030798646,2.0055442034406394
3710,7,/Users/reyesmatte/Desktop/copypasta/20260226/processed_masks/PY79_52_cp_masks.tif,PY79_52_cp_masks.tif,101,0.8971628221353526,3.8137204076912448,9.026473565188804,1.8370348956712201
3711,7,/Users/reyesmatte/Desktop/copypasta/20260226/processed_masks/PY79_52_cp_masks.tif,PY79_52_cp_masks.tif,103,0.7866311953965917,4.530101553688826,10.921606074944009,2.0525278053760463
3712,7,/Users/reyesmatte/Desktop/copypasta/20260226/processed_masks/PY79_52_cp_masks.tif,PY79_52_cp_masks.tif,106,0.846431505123424,4.9609025545023195,11.096513782869529,2.3039222721095487
3713,7,/Users/reyesmatte/Desktop/copypasta/20260226/processed_masks/PY79_52_cp_masks.tif,PY79_52_cp_masks.tif,108,0.8553170511228503,5.032451675786345,11.32474102354096,2.310602020491253
3714,7,/Users/reyesmatte/Desktop/copypasta/20260226/processed_masks/PY79_52_cp_masks.tif,PY79_52_cp_masks.tif,109,0.768867841212206,4.0175484348285835,8.913698076750604,1.6412819145233857
3715,7,/Users/reyesmatte/Desktop/copypasta/20260226/processed_masks/PY79_52_cp_masks.tif,PY79_52_cp_masks.tif,113,0.834050297228172,7.467717602864878,16.231409509246625,3.2502704555380286
3716,7,/Users/reyesmatte/Desktop/copypasta/20260226/processed_masks/PY79_52_cp_masks.tif,PY79_52_cp_masks.tif,114,0.8185019846505825,3.5583496656723543,8.688902410398681,1.6398039242577362
3717,7,/Users/reyesmatte/Desktop/copypasta/20260226/processed_masks/PY79_52_cp_masks.tif,PY79_52_cp_masks.tif,116,0.7811187917441822,4.39247585407685,9.296655972816795,1.7035123281508255
3718,7,/Users/reyesmatte/Desktop/copypasta/20260226/processed_masks/PY79_52_cp_masks.tif,PY79_52_cp_masks.tif,117,0.7710804697454431,8.311266672582343,18.23089749354309,3.440798835750487
3719,7,/Users/reyesmatte/Desktop/copypasta/20260226/processed_masks/PY79_52_cp_masks.tif,PY79_52_cp_masks.tif,118,0.8160214379796212,8.240949372603675,18.2319258760906,3.589139828000087
3720,7,/Users/reyesmatte/Desktop/copypasta/20260226/processed_masks/PY79_52_cp_masks.tif,PY79_52_cp_masks.tif,119,0.8324845404487915,3.7875629187546602,9.624965930206672,1.8584936620263297
3721,7,/Users/reyesmatte/Desktop/copypasta/20260226/processed_masks/PY79_52_cp_masks.tif,PY79_52_cp_masks.tif,122,0.7174372837076399,4.7387856318298525,9.09232469558259,1.5556698942680596
3722,7,/Users/reyesmatte/Desktop/copypasta/20260226/processed_masks/PY79_52_cp_masks.tif,PY79_52_cp_masks.tif,123,0.7571954612375252,5.8105289299897285,12.51942917990782,2.2650191114486025
3723,7,/Users/reyesmatte/Desktop/copypasta/20260226/processed_masks/PY79_52_cp_masks.tif,PY79_52_cp_masks.tif,125,0.7433380344408682,12.27586382353453,17.310819347752755,3.1966287703817455
3724,7,/Users/reyesmatte/Desktop/copypasta/20260226/processed_masks/PY79_52_cp_masks.tif,PY79_52_cp_masks.tif,126,0.764119047253139,6.6468911217736135,14.498172245867439,2.659354683182162
3725,7,/Users/reyesmatte/Desktop/copypasta/20260226/processed_masks/PY79_52_cp_masks.tif,PY79_52_cp_masks.tif,127,0.7599786783347546,5.34980883498453,11.762315672944661,2.125315555747812
3726,7,/Users/reyesmatte/Desktop/copypasta/20260226/processed_masks/PY79_52_cp_masks.tif,PY79_52_cp_masks.tif,128,0.7858285665532477,3.4319987213907552,7.592045406023351,1.3731752952888805
3727,7,/Users/reyesmatte/Desktop/copypasta/20260226/processed_masks/PY79_52_cp_masks.tif,PY79_52_cp_masks.tif,130,0.7292492088740451,4.1854145897513035,8.72039061769649,1.496389965248032
3728,7,/Users/reyesmatte/Desktop/copypasta/20260226/processed_masks/PY79_52_cp_masks.tif,PY79_52_cp_masks.tif,131,0.7630901317154845,6.441592703836487,14.740219439677032,2.700034577206604
3729,7,/Users/reyesmatte/Desktop/copypasta/20260226/processed_masks/PY79_52_cp_masks.tif,PY79_52_cp_masks.tif,132,0.810686797134648,8.02469398983488,18.45979728435571,3.620646893867469
3730,7,/Users/reyesmatte/Desktop/copypasta/20260226/processed_masks/PY79_52_cp_masks.tif,PY79_52_cp_masks.tif,133,0.7691504198038216,4.900033089939413,9.333672527206069,1.6858157013903645
3731,7,/Users/reyesmatte/Desktop/copypasta/20260226/processed_masks/PY79_52_cp_masks.tif,PY79_52_cp_masks.tif,134,0.7476522858235066,4.143510913426311,7.657742674604637,1.4501011135374535
3732,7,/Users/reyesmatte/Desktop/copypasta/20260226/processed_masks/PY79_52_cp_masks.tif,PY79_52_cp_masks.tif,135,0.7755051627291288,4.070438804998014,8.508544961816382,1.5768269524529201
3733,7,/Users/reyesmatte/Desktop/copypasta/20260226/processed_masks/PY79_52_cp_masks.tif,PY79_52_cp_masks.tif,136,0.7741892504805185,11.896728594372513,14.691782607272648,2.7823029851169756
3734,7,/Users/reyesmatte/Desktop/copypasta/20260226/processed_masks/PY79_52_cp_masks.tif,PY79_52_cp_masks.tif,137,0.7715424809856668,2.8341929945364503,6.739959471573959,1.1854055734472464
3735,7,/Users/reyesmatte/Desktop/copypasta/20260226/processed_masks/PY79_52_cp_masks.tif,PY79_52_cp_masks.tif,138,0.8070984972834871,4.392764124601697,9.010969665736928,1.6828965012583543
3736,7,/Users/reyesmatte/Desktop/copypasta/20260226/processed_masks/PY79_52_cp_masks.tif,PY79_52_cp_masks.tif,139,0.7724350963903546,2.863170851221324,6.70671730645693,1.1806078210764557
3737,7,/Users/reyesmatte/Desktop/copypasta/20260226/processed_masks/PY79_52_cp_masks.tif,PY79_52_cp_masks.tif,140,0.8382222434933424,3.692652317294101,7.485938081240802,1.4313213546446826
3738,7,/Users/reyesmatte/Desktop/copypasta/20260226/processed_masks/PY79_52_cp_masks.tif,PY79_52_cp_masks.tif,141,0.8178717596641207,4.063079010835354,8.518805065089037,1.609004324009504
3739,7,/Users/reyesmatte/Desktop/copypasta/20260226/processed_masks/PY79_52_cp_masks.tif,PY79_52_cp_masks.tif,142,0.7994673067024318,4.340284093172654,8.611477828318439,1.59461896088943
3740,7,/Users/reyesmatte/Desktop/copypasta/20260226/processed_masks/PY79_52_cp_masks.tif,PY79_52_cp_masks.tif,143,0.8037006167278301,4.199446246484796,9.27357106308717,1.753630078604435
3741,7,/Users/reyesmatte/Desktop/copypasta/20260226/processed_masks/PY79_46_cp_masks.tif,PY79_46_cp_masks.tif,4,0.7352129736830999,2.346533815984912,4.3956300680677245,0.7938201146835511
3742,7,/Users/reyesmatte/Desktop/copypasta/20260226/processed_masks/PY79_46_cp_masks.tif,PY79_46_cp_masks.tif,7,0.7496307005697346,3.9400926645431036,7.785294401428667,1.3986569015245511
3743,7,/Users/reyesmatte/Desktop/copypasta/20260226/processed_masks/PY79_46_cp_masks.tif,PY79_46_cp_masks.tif,16,0.8135993967200118,3.723096226877039,7.92848040080802,1.4773581509132292
3744,7,/Users/reyesmatte/Desktop/copypasta/20260226/processed_masks/PY79_46_cp_masks.tif,PY79_46_cp_masks.tif,22,0.7667829612733953,4.353084848011508,9.023666252657748,1.6217243703767354
3745,7,/Users/reyesmatte/Desktop/copypasta/20260226/processed_masks/PY79_46_cp_masks.tif,PY79_46_cp_masks.tif,29,0.7512149134403322,3.838166612031298,7.772963014728623,1.375631568308534
3746,7,/Users/reyesmatte/Desktop/copypasta/20260226/processed_masks/PY79_46_cp_masks.tif,PY79_46_cp_masks.tif,35,0.7314906644275762,5.9733038316259375,11.472017751600404,2.0140967970152484
3747,7,/Users/reyesmatte/Desktop/copypasta/20260226/processed_masks/PY79_46_cp_masks.tif,PY79_46_cp_masks.tif,36,0.7296181529756287,7.4051238881095784,15.003058544062505,2.6435289666079256
3748,7,/Users/reyesmatte/Desktop/copypasta/20260226/processed_masks/PY79_46_cp_masks.tif,PY79_46_cp_masks.tif,40,0.7912448978971329,2.659924369499389,5.5165221698261755,0.9666840643970593
3749,7,/Users/reyesmatte/Desktop/copypasta/20260226/processed_masks/PY79_46_cp_masks.tif,PY79_46_cp_masks.tif,41,0.6950270758489538,5.117799405740213,9.503065709944678,1.6707862852575237
3750,7,/Users/reyesmatte/Desktop/copypasta/20260226/processed_masks/PY79_46_cp_masks.tif,PY79_46_cp_masks.tif,43,0.713900860656844,2.9186082943226834,5.370620559601401,0.8779042487624242
3751,7,/Users/reyesmatte/Desktop/copypasta/20260226/processed_masks/PY79_46_cp_masks.tif,PY79_46_cp_masks.tif,47,0.7291619860186562,3.6987409221075165,8.111785944219099,1.3835685522751833
3752,7,/Users/reyesmatte/Desktop/copypasta/20260226/processed_masks/PY79_46_cp_masks.tif,PY79_46_cp_masks.tif,48,0.7531373415618058,4.623555485014262,9.542413086115527,1.7218397281955844
3753,7,/Users/reyesmatte/Desktop/copypasta/20260226/processed_masks/PY79_46_cp_masks.tif,PY79_46_cp_masks.tif,50,0.6974209661782579,3.9578151463096054,7.69721847221658,1.2820912698116722
3754,7,/Users/reyesmatte/Desktop/copypasta/20260226/processed_masks/PY79_46_cp_masks.tif,PY79_46_cp_masks.tif,53,0.8537685937306879,5.237580794735658,12.005322386739858,2.4444448850430107
3755,7,/Users/reyesmatte/Desktop/copypasta/20260226/processed_masks/PY79_46_cp_masks.tif,PY79_46_cp_masks.tif,54,0.8058938674854328,4.05996508498453,9.09208059130719,1.6980684239595312
3756,7,/Users/reyesmatte/Desktop/copypasta/20260226/processed_masks/PY79_46_cp_masks.tif,PY79_46_cp_masks.tif,57,0.670331483906018,3.8377934795745503,7.43363564151927,1.1752133479470976
3757,7,/Users/reyesmatte/Desktop/copypasta/20260226/processed_masks/PY79_46_cp_masks.tif,PY79_46_cp_masks.tif,59,0.7933767963516908,4.39015349291099,9.126939922847868,1.6970194746126268
3758,7,/Users/reyesmatte/Desktop/copypasta/20260226/processed_masks/PY79_46_cp_masks.tif,PY79_46_cp_masks.tif,61,0.7902468823169266,4.617510334429039,9.403831568062202,1.816572781903229
3759,7,/Users/reyesmatte/Desktop/copypasta/20260226/processed_masks/PY79_46_cp_masks.tif,PY79_46_cp_masks.tif,62,0.6607727023149144,4.182384637156116,8.193129851573678,1.2851643137867221
3760,7,/Users/reyesmatte/Desktop/copypasta/20260226/processed_masks/PY79_46_cp_masks.tif,PY79_46_cp_masks.tif,64,0.7675433366532898,4.670873431117917,10.317077882576797,1.866330280897781
3761,7,/Users/reyesmatte/Desktop/copypasta/20260226/processed_masks/PY79_46_cp_masks.tif,PY79_46_cp_masks.tif,71,0.7864603917803384,5.014354686936747,11.363795628674113,2.1132873431450694
3762,7,/Users/reyesmatte/Desktop/copypasta/20260226/processed_masks/PY79_46_cp_masks.tif,PY79_46_cp_masks.tif,83,0.7815311871511182,7.068999832587685,13.840477360415264,2.5921453350621007
3763,7,/Users/reyesmatte/Desktop/copypasta/20260226/processed_masks/PY79_46_cp_masks.tif,PY79_46_cp_masks.tif,86,0.773025906678821,6.364269155217998,11.800296543881862,2.208485642979914
3764,7,/Users/reyesmatte/Desktop/copypasta/20260226/processed_masks/PY79_46_cp_masks.tif,PY79_46_cp_masks.tif,87,0.7276444334626913,2.6873530830522925,4.938080035363423,0.8991561711675653
3765,7,/Users/reyesmatte/Desktop/copypasta/20260226/processed_masks/PY79_46_cp_masks.tif,PY79_46_cp_masks.tif,89,0.7819098974373879,2.957061423354279,6.158973130119249,1.0823040908734984
3766,7,/Users/reyesmatte/Desktop/copypasta/20260226/processed_masks/PY79_46_cp_masks.tif,PY79_46_cp_masks.tif,91,0.7503962884633243,6.313939488011764,12.23423407253594,2.242203496276066
3767,7,/Users/reyesmatte/Desktop/copypasta/20260226/processed_masks/PY79_46_cp_masks.tif,PY79_46_cp_masks.tif,92,0.7072807028474057,3.7048536033788118,6.9333011656954495,1.16327106156286
3768,7,/Users/reyesmatte/Desktop/copypasta/20260226/processed_masks/PY79_46_cp_masks.tif,PY79_46_cp_masks.tif,93,0.785246458365722,3.47436068880919,7.269368975080773,1.309130360346259
3769,7,/Users/reyesmatte/Desktop/copypasta/20260226/processed_masks/PY79_46_cp_masks.tif,PY79_46_cp_masks.tif,95,0.7438634932032246,7.19529936168434,14.404721257415044,2.5814603163276133
3770,7,/Users/reyesmatte/Desktop/copypasta/20260226/processed_masks/PY79_46_cp_masks.tif,PY79_46_cp_masks.tif,166,0.6971897628788816,5.437762401741373,9.531302534525379,1.5989451584751702
3771,7,/Users/reyesmatte/Desktop/copypasta/20260226/processed_masks/PY79_46_cp_masks.tif,PY79_46_cp_masks.tif,171,0.7482779670053344,5.023847429923581,9.817610656072144,1.7435069038851998
3772,7,/Users/reyesmatte/Desktop/copypasta/20260226/processed_masks/PY79_46_cp_masks.tif,PY79_46_cp_masks.tif,173,0.7459855388964249,4.545150513623509,9.867384505086353,1.8042822086640147
3773,7,/Users/reyesmatte/Desktop/copypasta/20260226/processed_masks/PY79_46_cp_masks.tif,PY79_46_cp_masks.tif,174,0.764654138268687,4.24224912695103,10.040365098861479,1.8139711962877088
3774,7,/Users/reyesmatte/Desktop/copypasta/20260226/processed_masks/PY79_36_cp_masks.tif,PY79_36_cp_masks.tif,2,0.7201433189117212,4.946665022701493,8.752265536402126,1.5060630249494302
3775,7,/Users/reyesmatte/Desktop/copypasta/20260226/processed_masks/PY79_36_cp_masks.tif,PY79_36_cp_masks.tif,3,0.7982586279366847,3.5431775606546507,7.323343105159166,1.3424873970269298
3776,7,/Users/reyesmatte/Desktop/copypasta/20260226/processed_masks/PY79_36_cp_masks.tif,PY79_36_cp_masks.tif,6,0.8025980278991294,3.712746291659551,7.355289292232552,1.3759378875925503
3777,7,/Users/reyesmatte/Desktop/copypasta/20260226/processed_masks/PY79_36_cp_masks.tif,PY79_36_cp_masks.tif,7,0.760287556146244,6.432621049671748,13.013740961705908,2.38384931249745
3778,7,/Users/reyesmatte/Desktop/copypasta/20260226/processed_masks/PY79_36_cp_masks.tif,PY79_36_cp_masks.tif,8,0.6812658661559973,6.106085152115333,12.565497510848239,2.0770181366079994
3779,7,/Users/reyesmatte/Desktop/copypasta/20260226/processed_masks/PY79_36_cp_masks.tif,PY79_36_cp_masks.tif,10,0.8144001185055862,3.8209215174708056,7.900145334992651,1.4698202783726098
3780,7,/Users/reyesmatte/Desktop/copypasta/20260226/processed_masks/PY79_36_cp_masks.tif,PY79_36_cp_masks.tif,11,0.7425880046625404,5.736170569957231,12.210684295099414,2.165871814622562
3781,7,/Users/reyesmatte/Desktop/copypasta/20260226/processed_masks/PY79_36_cp_masks.tif,PY79_36_cp_masks.tif,12,0.7112451933875702,4.175256714200334,7.765957519997772,1.3197581200990225
3782,7,/Users/reyesmatte/Desktop/copypasta/20260226/processed_masks/PY79_36_cp_masks.tif,PY79_36_cp_masks.tif,14,0.7356474248315087,6.047428624445031,13.18600447506136,2.3329602268447998
3783,7,/Users/reyesmatte/Desktop/copypasta/20260226/processed_masks/PY79_36_cp_masks.tif,PY79_36_cp_masks.tif,15,0.7177644654059011,5.522238028490057,9.957145566191334,1.7100799422265507
3784,7,/Users/reyesmatte/Desktop/copypasta/20260226/processed_masks/PY79_36_cp_masks.tif,PY79_36_cp_masks.tif,16,0.767531624233691,5.749134152742712,13.28079491670753,2.4529504265144895
3785,7,/Users/reyesmatte/Desktop/copypasta/20260226/processed_masks/PY79_36_cp_masks.tif,PY79_36_cp_masks.tif,17,0.7262168308786252,4.797338365247858,8.915208729520733,1.526794779107237
3786,7,/Users/reyesmatte/Desktop/copypasta/20260226/processed_masks/PY79_36_cp_masks.tif,PY79_36_cp_masks.tif,18,0.749184714330212,4.786171830944128,10.31459731353204,1.8410109807629134
3787,7,/Users/reyesmatte/Desktop/copypasta/20260226/processed_masks/PY79_36_cp_masks.tif,PY79_36_cp_masks.tif,19,0.7708651751312139,6.173703098566477,14.190886614063464,2.6401681733583495
3788,7,/Users/reyesmatte/Desktop/copypasta/20260226/processed_masks/PY79_36_cp_masks.tif,PY79_36_cp_masks.tif,20,0.7366987046374813,4.926975533958835,11.023718657588345,1.936832435807025
3789,7,/Users/reyesmatte/Desktop/copypasta/20260226/processed_masks/PY79_36_cp_masks.tif,PY79_36_cp_masks.tif,23,0.7707018114141576,4.904116150878555,11.560979708488363,2.1147018301324434
3790,7,/Users/reyesmatte/Desktop/copypasta/20260226/processed_masks/PY79_36_cp_masks.tif,PY79_36_cp_masks.tif,26,0.734042551471214,6.082497372336867,13.328999558320785,2.385112028937732
3791,7,/Users/reyesmatte/Desktop/copypasta/20260226/processed_masks/PY79_36_cp_masks.tif,PY79_36_cp_masks.tif,30,0.7686723643063521,4.748418237148946,11.354501095851482,2.06638723008801
3792,7,/Users/reyesmatte/Desktop/copypasta/20260226/processed_masks/PY79_36_cp_masks.tif,PY79_36_cp_masks.tif,33,0.8070510193707904,4.367497960145314,10.731560639241609,2.116954953685631
3793,7,/Users/reyesmatte/Desktop/copypasta/20260226/processed_masks/PY79_36_cp_masks.tif,PY79_36_cp_masks.tif,36,0.8112047349039,4.894324989853118,11.50843254123113,2.3090574195933646
3794,7,/Users/reyesmatte/Desktop/copypasta/20260226/processed_masks/PY79_36_cp_masks.tif,PY79_36_cp_masks.tif,38,0.8061024504715305,5.280141938809188,12.157856001349293,2.32795044384139
3795,7,/Users/reyesmatte/Desktop/copypasta/20260226/processed_masks/PY79_36_cp_masks.tif,PY79_36_cp_masks.tif,41,0.7922280438067498,4.168484133509313,8.66972022009366,1.5943113002428944
3796,7,/Users/reyesmatte/Desktop/copypasta/20260226/processed_masks/PY79_36_cp_masks.tif,PY79_36_cp_masks.tif,43,0.7967872554823524,4.925022378476626,11.349395846994746,2.1334166777666916
3797,7,/Users/reyesmatte/Desktop/copypasta/20260226/processed_masks/PY79_36_cp_masks.tif,PY79_36_cp_masks.tif,46,0.7907949500656675,4.08719908336791,8.203033750880733,1.531669544193487
3798,7,/Users/reyesmatte/Desktop/copypasta/20260226/processed_masks/PY79_36_cp_masks.tif,PY79_36_cp_masks.tif,48,0.7406813222008526,5.6368729787917875,11.288765446876855,2.0272837053368784
3799,7,/Users/reyesmatte/Desktop/copypasta/20260226/processed_masks/PY79_36_cp_masks.tif,PY79_36_cp_masks.tif,50,0.7524660698293394,3.58668603033141,7.866607104463751,1.381709201226879
3800,7,/Users/reyesmatte/Desktop/copypasta/20260226/processed_masks/PY79_36_cp_masks.tif,PY79_36_cp_masks.tif,55,0.7312217510538832,5.07568875877417,9.934610792479711,1.7707834304878105
3801,7,/Users/reyesmatte/Desktop/copypasta/20260226/processed_masks/PY79_36_cp_masks.tif,PY79_36_cp_masks.tif,57,0.7374797858755852,3.8705055060804834,8.220852573341155,1.4151246037476077
3802,7,/Users/reyesmatte/Desktop/copypasta/20260226/processed_masks/PY79_36_cp_masks.tif,PY79_36_cp_masks.tif,58,0.7798942593665709,3.5028098723368686,8.202115200692482,1.4755615932175137
3803,7,/Users/reyesmatte/Desktop/copypasta/20260226/processed_masks/PY79_36_cp_masks.tif,PY79_36_cp_masks.tif,59,0.6774912855963576,6.258612927836754,12.22268451885119,2.0059185504522437
3804,7,/Users/reyesmatte/Desktop/copypasta/20260226/processed_masks/PY79_36_cp_masks.tif,PY79_36_cp_masks.tif,60,0.7752219881993238,3.4493827948776516,8.033849716325678,1.4412919350464617
3805,7,/Users/reyesmatte/Desktop/copypasta/20260226/processed_masks/PY79_36_cp_masks.tif,PY79_36_cp_masks.tif,61,0.7686806469974398,3.996617152255303,8.834498530420785,1.599999778215678
3806,7,/Users/reyesmatte/Desktop/copypasta/20260226/processed_masks/PY79_36_cp_masks.tif,PY79_36_cp_masks.tif,65,0.7174824627106201,3.90914696783141,8.295751660778528,1.4069900965989668
3807,7,/Users/reyesmatte/Desktop/copypasta/20260226/processed_masks/PY79_36_cp_masks.tif,PY79_36_cp_masks.tif,73,0.7109599014670217,7.350398535272157,13.917718287216365,2.407045703418702
3808,7,/Users/reyesmatte/Desktop/copypasta/20260226/processed_masks/PY79_36_cp_masks.tif,PY79_36_cp_masks.tif,78,0.7682214629983333,6.680273356300466,12.698553799516215,2.3290176503202176
3809,7,/Users/reyesmatte/Desktop/copypasta/20260226/processed_masks/PY79_36_cp_masks.tif,PY79_36_cp_masks.tif,82,0.7708200466381363,4.041227324769567,7.659426174742294,1.3599839128386184
3810,7,/Users/reyesmatte/Desktop/copypasta/20260226/processed_masks/PY79_36_cp_masks.tif,PY79_36_cp_masks.tif,83,0.8106419860549902,3.5422372574489476,7.35387252506712,1.3532214850286424
3811,7,/Users/reyesmatte/Desktop/copypasta/20260226/processed_masks/PY79_36_cp_masks.tif,PY79_36_cp_masks.tif,86,0.7696212154927904,3.7189419676025457,6.918464126783681,1.2922764300982006
3812,7,/Users/reyesmatte/Desktop/copypasta/20260226/processed_masks/PY79_36_cp_masks.tif,PY79_36_cp_masks.tif,90,0.8098294899491086,3.9764566032537876,7.959764206252606,1.4825998471490658
3813,7,/Users/reyesmatte/Desktop/copypasta/20260226/processed_masks/PY79_36_cp_masks.tif,PY79_36_cp_masks.tif,95,0.7583239860439244,3.9283280192659085,7.240146858037699,1.33399944204454
3814,7,/Users/reyesmatte/Desktop/copypasta/20260226/processed_masks/PY79_36_cp_masks.tif,PY79_36_cp_masks.tif,96,0.7512430866346868,3.4085067358542784,6.62935261991928,1.2092595024981552
3815,7,/Users/reyesmatte/Desktop/copypasta/20260226/processed_masks/PY79_36_cp_masks.tif,PY79_36_cp_masks.tif,99,0.7993710221181752,4.52544407897075,9.40977935573065,1.8035812898986678
3816,7,/Users/reyesmatte/Desktop/copypasta/20260226/processed_masks/PY79_36_cp_masks.tif,PY79_36_cp_masks.tif,101,0.8058427519202358,4.4279321416813815,9.411444078986278,1.7787610363157105
3817,7,/Users/reyesmatte/Desktop/copypasta/20260226/processed_masks/PY79_36_cp_masks.tif,PY79_36_cp_masks.tif,103,0.7979619290399627,7.100078858820243,15.093819666814463,2.889514910777226
3818,7,/Users/reyesmatte/Desktop/copypasta/20260226/processed_masks/PY79_36_cp_masks.tif,PY79_36_cp_masks.tif,106,0.7003535255542371,6.4232915844290375,12.39344850513468,2.136797456616338
3819,7,/Users/reyesmatte/Desktop/copypasta/20260226/processed_masks/PY79_21_cp_masks.tif,PY79_21_cp_masks.tif,1,0.7345783603563742,3.012562553891171,6.003301205273222,1.0736643324106832
3820,7,/Users/reyesmatte/Desktop/copypasta/20260226/processed_masks/PY79_21_cp_masks.tif,PY79_21_cp_masks.tif,3,0.7798771880494308,6.897987180195096,14.853278891532382,2.7831581609631844
3821,7,/Users/reyesmatte/Desktop/copypasta/20260226/processed_masks/PY79_21_cp_masks.tif,PY79_21_cp_masks.tif,4,0.7622756976721017,4.300303902115334,9.4375360276256,1.7115687490625997
3822,7,/Users/reyesmatte/Desktop/copypasta/20260226/processed_masks/PY79_21_cp_masks.tif,PY79_21_cp_masks.tif,5,0.7792351999122119,7.690240514440607,16.223571172109175,3.0430724879629945
3823,7,/Users/reyesmatte/Desktop/copypasta/20260226/processed_masks/PY79_21_cp_masks.tif,PY79_21_cp_masks.tif,7,0.6743667902273313,6.504408771286508,7.519312966023751,1.204255174281686
3824,7,/Users/reyesmatte/Desktop/copypasta/20260226/processed_masks/PY79_21_cp_masks.tif,PY79_21_cp_masks.tif,8,0.6771179220581196,5.001778613525694,9.988790928811769,1.6238761794004277
3825,7,/Users/reyesmatte/Desktop/copypasta/20260226/processed_masks/PY79_21_cp_masks.tif,PY79_21_cp_masks.tif,9,0.824062791792741,3.9712476323448858,8.581821730414509,1.6259107529314458
3826,7,/Users/reyesmatte/Desktop/copypasta/20260226/processed_masks/PY79_21_cp_masks.tif,PY79_21_cp_masks.tif,10,0.6644881476576048,3.66957289610726,7.115607566180173,1.1407301789560869
3827,7,/Users/reyesmatte/Desktop/copypasta/20260226/processed_masks/PY79_21_cp_masks.tif,PY79_21_cp_masks.tif,12,0.7898659236894814,4.170224452155918,8.488496783924278,1.6180894812538198
3828,7,/Users/reyesmatte/Desktop/copypasta/20260226/processed_masks/PY79_21_cp_masks.tif,PY79_21_cp_masks.tif,14,0.8230778896866485,5.280213137144541,10.631637127169252,2.0453819963438047
3829,7,/Users/reyesmatte/Desktop/copypasta/20260226/processed_masks/PY79_21_cp_masks.tif,PY79_21_cp_masks.tif,15,0.8015935218113603,4.106156153077083,8.310792591965532,1.5429881771204643
3830,7,/Users/reyesmatte/Desktop/copypasta/20260226/processed_masks/PY79_21_cp_masks.tif,PY79_21_cp_masks.tif,16,0.7682557604387138,4.98574267546244,10.364216676111278,1.8790177126970575
3831,7,/Users/reyesmatte/Desktop/copypasta/20260226/processed_masks/PY79_21_cp_masks.tif,PY79_21_cp_masks.tif,17,0.7317601468586791,12.320210305238824,14.07466966217327,2.4977202824858127
3832,7,/Users/reyesmatte/Desktop/copypasta/20260226/processed_masks/PY79_21_cp_masks.tif,PY79_21_cp_masks.tif,18,0.7834789362868948,5.6079848705253195,7.861421529584647,1.4175573116087676
3833,7,/Users/reyesmatte/Desktop/copypasta/20260226/processed_masks/PY79_21_cp_masks.tif,PY79_21_cp_masks.tif,19,0.7675093167082634,3.41160414610726,7.6823148642281645,1.3665728442800693
3834,7,/Users/reyesmatte/Desktop/copypasta/20260226/processed_masks/PY79_21_cp_masks.tif,PY79_21_cp_masks.tif,20,0.7755195952153031,5.641167898238225,10.734915182237724,2.0464898086988144
3835,7,/Users/reyesmatte/Desktop/copypasta/20260226/processed_masks/PY79_21_cp_masks.tif,PY79_21_cp_masks.tif,22,0.6648002095943862,5.698867224792947,9.919023041488643,1.593777830714912
3836,7,/Users/reyesmatte/Desktop/copypasta/20260226/processed_masks/PY79_21_cp_masks.tif,PY79_21_cp_masks.tif,23,0.7456357578580122,4.5319754184129195,7.793806642784016,1.424495645851177
3837,7,/Users/reyesmatte/Desktop/copypasta/20260226/processed_masks/PY79_21_cp_masks.tif,PY79_21_cp_masks.tif,24,0.7779639645656408,5.880253036325001,11.418130753032774,2.105703074533444
3838,7,/Users/reyesmatte/Desktop/copypasta/20260226/processed_masks/PY79_21_cp_masks.tif,PY79_21_cp_masks.tif,27,0.7124243771783985,4.824137384119024,7.987472544427597,1.3554058663907265
3839,7,/Users/reyesmatte/Desktop/copypasta/20260226/processed_masks/PY79_21_cp_masks.tif,PY79_21_cp_masks.tif,28,0.7481471193833328,4.620195180332384,8.321206538946395,1.4955878561616398
3840,7,/Users/reyesmatte/Desktop/copypasta/20260226/processed_masks/PY79_21_cp_masks.tif,PY79_21_cp_masks.tif,29,0.7564515195490953,5.415250223589802,10.13168001962268,1.8077607483189664
3841,7,/Users/reyesmatte/Desktop/copypasta/20260226/processed_masks/PY79_21_cp_masks.tif,PY79_21_cp_masks.tif,30,0.7536702497512676,3.2884406900621794,5.975790515844219,1.0607108056107288
3842,7,/Users/reyesmatte/Desktop/copypasta/20260226/processed_masks/PY79_21_cp_masks.tif,PY79_21_cp_masks.tif,31,0.7323058427051128,6.160926420185499,10.707161425156318,1.893888937816193
3843,7,/Users/reyesmatte/Desktop/copypasta/20260226/processed_masks/PY79_21_cp_masks.tif,PY79_21_cp_masks.tif,33,0.7298277780109208,3.8297288477340237,7.247816768723815,1.2219179975349324
3844,7,/Users/reyesmatte/Desktop/copypasta/20260226/processed_masks/PY79_21_cp_masks.tif,PY79_21_cp_masks.tif,34,0.699304217701984,5.182230189556534,8.450090528771934,1.4050238047366934
3845,7,/Users/reyesmatte/Desktop/copypasta/20260226/processed_masks/PY79_21_cp_masks.tif,PY79_21_cp_masks.tif,35,0.7059539989210805,4.64232540041395,7.661903019227729,1.3033706058498504
3846,7,/Users/reyesmatte/Desktop/copypasta/20260226/processed_masks/PY79_21_cp_masks.tif,PY79_21_cp_masks.tif,36,0.8074745354131994,5.2579451440915586,10.827382425278616,2.05460526190923
3847,7,/Users/reyesmatte/Desktop/copypasta/20260226/processed_masks/PY79_21_cp_masks.tif,PY79_21_cp_masks.tif,37,0.6766310019982846,6.72302283309333,12.293216276105673,2.0270349867758535
3848,7,/Users/reyesmatte/Desktop/copypasta/20260226/processed_masks/PY79_21_cp_masks.tif,PY79_21_cp_masks.tif,38,0.7801748774811974,5.575285596585155,11.055996448590665,2.0688720703214387
3849,7,/Users/reyesmatte/Desktop/copypasta/20260226/processed_masks/PY79_21_cp_masks.tif,PY79_21_cp_masks.tif,39,0.7163101593906779,6.007726447954732,11.062116666461304,1.9429772587636671
3850,7,/Users/reyesmatte/Desktop/copypasta/20260226/processed_masks/PY79_21_cp_masks.tif,PY79_21_cp_masks.tif,40,0.6655205111465532,4.474938831431537,8.857698953978693,1.416433716258897
3851,7,/Users/reyesmatte/Desktop/copypasta/20260226/processed_masks/PY79_21_cp_masks.tif,PY79_21_cp_masks.tif,41,0.8523697249038915,4.992199411879971,11.504941360402997,2.2932781109969436
3852,7,/Users/reyesmatte/Desktop/copypasta/20260226/processed_masks/PY79_21_cp_masks.tif,PY79_21_cp_masks.tif,42,0.7437979625162366,7.065528613525694,15.773821606605974,2.842134437497583
3853,7,/Users/reyesmatte/Desktop/copypasta/20260226/processed_masks/PY79_21_cp_masks.tif,PY79_21_cp_masks.tif,44,0.7805452075997067,6.413712382783314,12.375458591106929,2.3210571011950756
3854,7,/Users/reyesmatte/Desktop/copypasta/20260226/processed_masks/PY79_21_cp_masks.tif,PY79_21_cp_masks.tif,45,0.7329351628478713,3.161091443580484,6.546853076335812,1.0982707150841096
3855,7,/Users/reyesmatte/Desktop/copypasta/20260226/processed_masks/PY79_21_cp_masks.tif,PY79_21_cp_masks.tif,46,0.844579677094607,3.510240864834884,7.842115201569547,1.5041041482599657
3856,7,/Users/reyesmatte/Desktop/copypasta/20260226/processed_masks/PY79_21_cp_masks.tif,PY79_21_cp_masks.tif,47,0.7371234453726765,4.034558628972321,8.859878931721894,1.5366584186950474
3857,7,/Users/reyesmatte/Desktop/copypasta/20260226/processed_masks/PY79_21_cp_masks.tif,PY79_21_cp_masks.tif,48,0.8139008725068033,5.27176167467175,10.941333756926442,2.1021077785174067
3858,7,/Users/reyesmatte/Desktop/copypasta/20260226/processed_masks/PY79_21_cp_masks.tif,PY79_21_cp_masks.tif,49,0.7151032498053447,4.67364731276681,8.382239267402715,1.4360502388106255
3859,7,/Users/reyesmatte/Desktop/copypasta/20260226/processed_masks/PY79_21_cp_masks.tif,PY79_21_cp_masks.tif,50,0.7366926219567925,5.924205710752464,11.836775013615632,2.1113464960740584
3860,7,/Users/reyesmatte/Desktop/copypasta/20260226/processed_masks/PY79_21_cp_masks.tif,PY79_21_cp_masks.tif,51,0.7176175690935502,3.545076033399348,7.188580291276094,1.196681768580777
3861,7,/Users/reyesmatte/Desktop/copypasta/20260226/processed_masks/PY79_21_cp_masks.tif,PY79_21_cp_masks.tif,52,0.8061787647600588,4.242744213707546,8.291005661916099,1.5578485553139507
3862,7,/Users/reyesmatte/Desktop/copypasta/20260226/processed_masks/PY79_21_cp_masks.tif,PY79_21_cp_masks.tif,53,0.7587829702174782,6.137522251088588,11.096542872651856,2.001780497470453
3863,7,/Users/reyesmatte/Desktop/copypasta/20260226/processed_masks/PY79_21_cp_masks.tif,PY79_21_cp_masks.tif,54,0.743953437864207,5.755391712505146,11.642703257985778,2.0859225867582523
3864,7,/Users/reyesmatte/Desktop/copypasta/20260226/processed_masks/PY79_21_cp_masks.tif,PY79_21_cp_masks.tif,55,0.6874569131696975,4.477485904363466,8.723209248425958,1.4888592202545414
3865,7,/Users/reyesmatte/Desktop/copypasta/20260226/processed_masks/PY79_21_cp_masks.tif,PY79_21_cp_masks.tif,56,0.7763613956733882,5.2781476597085355,10.53393615191512,1.930239548045124
3866,7,/Users/reyesmatte/Desktop/copypasta/20260226/processed_masks/PY79_21_cp_masks.tif,PY79_21_cp_masks.tif,57,0.8044102562150465,5.961730362993529,11.503603123834537,2.1832984054562723
3867,7,/Users/reyesmatte/Desktop/copypasta/20260226/processed_masks/PY79_21_cp_masks.tif,PY79_21_cp_masks.tif,58,0.6577592785905059,9.428557444034869,9.851384631080759,1.5969098910035346
3868,7,/Users/reyesmatte/Desktop/copypasta/20260226/processed_masks/PY79_21_cp_masks.tif,PY79_21_cp_masks.tif,59,0.7908426849978039,3.4004776323827994,6.486329437533547,1.1716077337118012
3869,7,/Users/reyesmatte/Desktop/copypasta/20260226/processed_masks/PY79_21_cp_masks.tif,PY79_21_cp_masks.tif,60,0.7649620191077324,5.293779176757109,12.209872747359643,2.223224163071002
3870,7,/Users/reyesmatte/Desktop/copypasta/20260226/processed_masks/PY79_21_cp_masks.tif,PY79_21_cp_masks.tif,61,0.7681543708201002,9.125414048646627,12.90317244473676,2.365871786899521
3871,7,/Users/reyesmatte/Desktop/copypasta/20260226/processed_masks/PY79_21_cp_masks.tif,PY79_21_cp_masks.tif,62,0.745434886573218,8.405176949107863,10.458473871825742,1.8742524252601436
3872,7,/Users/reyesmatte/Desktop/copypasta/20260226/processed_masks/PY79_21_cp_masks.tif,PY79_21_cp_masks.tif,63,0.7749657261382648,6.85800142362937,13.187277441743657,2.445038862994389
3873,7,/Users/reyesmatte/Desktop/copypasta/20260226/processed_masks/PY79_21_cp_masks.tif,PY79_21_cp_masks.tif,64,0.7978537784653431,5.259359854151265,11.178995822921875,2.103174984996235
3874,7,/Users/reyesmatte/Desktop/copypasta/20260226/processed_masks/PY79_21_cp_masks.tif,PY79_21_cp_masks.tif,65,0.7144304158767937,4.741287595663996,8.481852730395687,1.4504153601577596
3875,7,/Users/reyesmatte/Desktop/copypasta/20260226/processed_masks/PY79_21_cp_masks.tif,PY79_21_cp_masks.tif,66,0.7764680942670243,5.706276530740733,12.107837220974499,2.232433394499031
3876,7,/Users/reyesmatte/Desktop/copypasta/20260226/processed_masks/PY79_21_cp_masks.tif,PY79_21_cp_masks.tif,67,0.7441281670224419,6.324376780600243,13.04231488054213,2.3744900054862303
3877,7,/Users/reyesmatte/Desktop/copypasta/20260226/processed_masks/PY79_21_cp_masks.tif,PY79_21_cp_masks.tif,68,0.6409041504384515,3.4982265536888253,6.861743405170546,1.057865021903133
3878,7,/Users/reyesmatte/Desktop/copypasta/20260226/processed_masks/PY79_21_cp_masks.tif,PY79_21_cp_masks.tif,69,0.7415846252601704,4.8535116922940995,9.420224594876574,1.6608157048557444
3879,7,/Users/reyesmatte/Desktop/copypasta/20260226/processed_masks/PY79_21_cp_masks.tif,PY79_21_cp_masks.tif,70,0.7171038549344791,4.329702286748287,7.836371779840403,1.3368496998807675
3880,7,/Users/reyesmatte/Desktop/copypasta/20260226/processed_masks/PY79_21_cp_masks.tif,PY79_21_cp_masks.tif,71,0.6501535997888684,5.043566167165196,10.108322604731793,1.5970742482889457
3881,7,/Users/reyesmatte/Desktop/copypasta/20260226/processed_masks/PY79_21_cp_masks.tif,PY79_21_cp_masks.tif,72,0.6833189481619013,3.5654286420673795,7.2676224860558944,1.1711626350786406
3882,7,/Users/reyesmatte/Desktop/copypasta/20260226/processed_masks/PY79_21_cp_masks.tif,PY79_21_cp_masks.tif,73,0.7542505674049514,4.999492631406568,9.291246487795926,1.6464334752738519
3883,7,/Users/reyesmatte/Desktop/copypasta/20260226/processed_masks/PY79_21_cp_masks.tif,PY79_21_cp_masks.tif,74,0.7275028903431984,6.472064591859466,13.671368121199519,2.396204323332932
3884,7,/Users/reyesmatte/Desktop/copypasta/20260226/processed_masks/PY79_21_cp_masks.tif,PY79_21_cp_masks.tif,75,0.7006322169967578,4.742099273702832,10.163626460138238,1.6999560249397947
3885,7,/Users/reyesmatte/Desktop/copypasta/20260226/processed_masks/PY79_21_cp_masks.tif,PY79_21_cp_masks.tif,76,0.6473539275657183,3.1195922891425845,6.028888539299124,0.9083946600939053
3886,7,/Users/reyesmatte/Desktop/copypasta/20260226/processed_masks/PY79_21_cp_masks.tif,PY79_21_cp_masks.tif,77,0.7140425192060285,5.127128870982925,9.51464116781644,1.6383437978583328
3887,7,/Users/reyesmatte/Desktop/copypasta/20260226/processed_masks/PY79_21_cp_masks.tif,PY79_21_cp_masks.tif,79,0.7252399733751375,5.455933826904247,11.46176674022592,1.9995333067707106
3888,7,/Users/reyesmatte/Desktop/copypasta/20260226/processed_masks/PY79_21_cp_masks.tif,PY79_21_cp_masks.tif,80,0.7132309876517232,5.376406287292947,9.804864129948978,1.6679351238063687
3889,7,/Users/reyesmatte/Desktop/copypasta/20260226/processed_masks/PY79_21_cp_masks.tif,PY79_21_cp_masks.tif,81,0.6911504144065845,5.659161754579697,9.929026395460168,1.6435590501189878
3890,7,/Users/reyesmatte/Desktop/copypasta/20260226/processed_masks/PY79_21_cp_masks.tif,PY79_21_cp_masks.tif,82,0.7936320201569697,5.811469233195432,12.4277453183286,2.3626819799982344
3891,7,/Users/reyesmatte/Desktop/copypasta/20260226/processed_masks/PY79_21_cp_masks.tif,PY79_21_cp_masks.tif,83,0.7336974368636022,5.270371560518678,10.193264200738394,1.819153003812706
3892,7,/Users/reyesmatte/Desktop/copypasta/20260226/processed_masks/PY79_21_cp_masks.tif,PY79_21_cp_masks.tif,84,0.7371688755167516,6.203711266054003,12.467378066927155,2.217435375065377
3893,7,/Users/reyesmatte/Desktop/copypasta/20260226/processed_masks/PY79_21_cp_masks.tif,PY79_21_cp_masks.tif,85,0.6933590906457667,5.282663956765908,9.77793080162938,1.6154600771871155
3894,7,/Users/reyesmatte/Desktop/copypasta/20260226/processed_masks/PY79_21_cp_masks.tif,PY79_21_cp_masks.tif,86,0.7240502739902879,5.829178962575581,12.276988618974935,2.130801317997019
3895,7,/Users/reyesmatte/Desktop/copypasta/20260226/processed_masks/PY79_21_cp_masks.tif,PY79_21_cp_masks.tif,87,0.7965097493023929,6.058407275826925,11.866910204826338,2.315488519542522
3896,7,/Users/reyesmatte/Desktop/copypasta/20260226/processed_masks/PY79_21_cp_masks.tif,PY79_21_cp_masks.tif,88,0.6998807211059926,4.70138649242358,8.530817960445763,1.4466684152551106
3897,7,/Users/reyesmatte/Desktop/copypasta/20260226/processed_masks/PY79_21_cp_masks.tif,PY79_21_cp_masks.tif,90,0.7536831461387512,4.257346488278059,7.951266371498366,1.4139629384945096
3898,7,/Users/reyesmatte/Desktop/copypasta/20260226/processed_masks/PY79_21_cp_masks.tif,PY79_21_cp_masks.tif,91,0.7530990981499674,3.8455025571737362,7.907397669294006,1.420224522236389
3899,7,/Users/reyesmatte/Desktop/copypasta/20260226/processed_masks/PY79_21_cp_masks.tif,PY79_21_cp_masks.tif,92,0.7643950484704758,7.799782796985814,17.282757951648485,3.210488195093708
3900,7,/Users/reyesmatte/Desktop/copypasta/20260226/processed_masks/PY79_21_cp_masks.tif,PY79_21_cp_masks.tif,93,0.7701841181899738,3.949610462505147,7.729913422985349,1.3887316721635703
3901,7,/Users/reyesmatte/Desktop/copypasta/20260226/processed_masks/PY79_21_cp_masks.tif,PY79_21_cp_masks.tif,94,0.8079868395246887,6.332872231358077,12.69301504153852,2.46098470976516
3902,7,/Users/reyesmatte/Desktop/copypasta/20260226/processed_masks/PY79_21_cp_masks.tif,PY79_21_cp_masks.tif,95,0.757180228311079,3.7348514567659095,6.858979362695551,1.1924264279608494
3903,7,/Users/reyesmatte/Desktop/copypasta/20260226/processed_masks/PY79_21_cp_masks.tif,PY79_21_cp_masks.tif,96,0.7367057283729659,4.373291540373167,7.762148980038604,1.3742395583756193
3904,7,/Users/reyesmatte/Desktop/copypasta/20260226/processed_masks/PY79_21_cp_masks.tif,PY79_21_cp_masks.tif,97,0.7744299019674774,4.054790376309189,8.759532501949105,1.5821640303648055
3905,7,/Users/reyesmatte/Desktop/copypasta/20260226/processed_masks/PY79_21_cp_masks.tif,PY79_21_cp_masks.tif,98,0.7144117755001049,3.4603865012347566,6.425029566591657,1.0586864010498096
3906,7,/Users/reyesmatte/Desktop/copypasta/20260226/processed_masks/PY79_21_cp_masks.tif,PY79_21_cp_masks.tif,99,0.8085297823093864,6.517344984508617,13.500340822616439,2.6018268103723385
3907,7,/Users/reyesmatte/Desktop/copypasta/20260226/processed_masks/PY79_21_cp_masks.tif,PY79_21_cp_masks.tif,100,0.7415487736783434,3.7661733691187687,7.303396948131315,1.249544273642829
3908,7,/Users/reyesmatte/Desktop/copypasta/20260226/processed_masks/PY79_21_cp_masks.tif,PY79_21_cp_masks.tif,101,0.7574876613687889,4.653191093731755,9.101131015761682,1.6225670668891383
3909,7,/Users/reyesmatte/Desktop/copypasta/20260226/processed_masks/PY79_21_cp_masks.tif,PY79_21_cp_masks.tif,102,0.7139165590693669,3.156483069957232,5.7906699196323235,0.9521079379248881
3910,7,/Users/reyesmatte/Desktop/copypasta/20260226/processed_masks/PY79_21_cp_masks.tif,PY79_21_cp_masks.tif,103,0.7661883102320133,3.71073592601741,8.063340695434894,1.4342594713097345
3911,7,/Users/reyesmatte/Desktop/copypasta/20260226/processed_masks/PY79_21_cp_masks.tif,PY79_21_cp_masks.tif,104,0.7508378451722368,3.9252273152899724,7.591418757800206,1.3363832838818812
3912,7,/Users/reyesmatte/Desktop/copypasta/20260226/processed_masks/PY79_21_cp_masks.tif,PY79_21_cp_masks.tif,105,0.7053933621663043,3.7361504607564635,6.631403823700466,1.1059676987194618
3913,7,/Users/reyesmatte/Desktop/copypasta/20260226/processed_masks/PY79_21_cp_masks.tif,PY79_21_cp_masks.tif,106,0.7226971454864729,3.5887714074806136,6.201699832948781,1.05818271607352
3914,7,/Users/reyesmatte/Desktop/copypasta/20260226/processed_masks/PY79_21_cp_masks.tif,PY79_21_cp_masks.tif,107,0.741476406269622,3.9446759831911464,7.407372942563576,1.2733044374407771
3915,7,/Users/reyesmatte/Desktop/copypasta/20260226/processed_masks/PY79_21_cp_masks.tif,PY79_21_cp_masks.tif,108,0.7710047654084686,3.884255462024612,7.582448475691618,1.3477088827553743
3916,7,/Users/reyesmatte/Desktop/copypasta/20260226/processed_masks/PY79_21_cp_masks.tif,PY79_21_cp_masks.tif,109,0.7636036000869479,5.881340080935843,13.125418326290225,2.3963379896364017
3917,7,/Users/reyesmatte/Desktop/copypasta/20260226/processed_masks/PY79_21_cp_masks.tif,PY79_21_cp_masks.tif,110,0.716524685633065,3.594827026700334,6.5474273174511985,1.0911064664003631
3918,7,/Users/reyesmatte/Desktop/copypasta/20260226/processed_masks/PY79_21_cp_masks.tif,PY79_21_cp_masks.tif,111,0.6837703918290391,4.678230631414852,7.893805537601609,1.297919593349753
3919,7,/Users/reyesmatte/Desktop/copypasta/20260226/processed_masks/PY79_21_cp_masks.tif,PY79_21_cp_masks.tif,112,0.6572014898121256,4.8671238752668105,8.185890527893285,1.3284659840605195
3920,7,/Users/reyesmatte/Desktop/copypasta/20260226/processed_masks/PY79_21_cp_masks.tif,PY79_21_cp_masks.tif,114,0.7305212681555665,6.4636682411805415,14.488307830477689,2.580607627015174
3921,7,/Users/reyesmatte/Desktop/copypasta/20260226/processed_masks/PY79_21_cp_masks.tif,PY79_21_cp_masks.tif,115,0.8085952063250714,5.7747355918862695,11.554477431964202,2.202680425241539
3922,7,/Users/reyesmatte/Desktop/copypasta/20260226/processed_masks/PY79_21_cp_masks.tif,PY79_21_cp_masks.tif,116,0.7614554441082271,6.659292942294098,13.957386981008845,2.565871759176481
3923,7,/Users/reyesmatte/Desktop/copypasta/20260226/processed_masks/PY79_21_cp_masks.tif,PY79_21_cp_masks.tif,117,0.6792717826022846,5.745337207253316,10.593793638743824,1.7563928921679484
3924,7,/Users/reyesmatte/Desktop/copypasta/20260226/processed_masks/PY79_21_cp_masks.tif,PY79_21_cp_masks.tif,119,0.7600564367382607,5.426025095191242,11.222943131220573,2.029701503462857
3925,7,/Users/reyesmatte/Desktop/copypasta/20260226/processed_masks/PY79_21_cp_masks.tif,PY79_21_cp_masks.tif,120,0.7988536287026106,4.266176324980197,8.522676959988312,1.5731861304765575
3926,7,/Users/reyesmatte/Desktop/copypasta/20260226/processed_masks/PY79_21_cp_masks.tif,PY79_21_cp_masks.tif,121,0.7180489848746059,4.0683775043066905,6.968348636964321,1.3188200419105711
3927,7,/Users/reyesmatte/Desktop/copypasta/20260226/processed_masks/PY79_21_cp_masks.tif,PY79_21_cp_masks.tif,122,0.6807862147188927,5.4892669299980135,10.78336555723153,1.7574449049446124
3928,7,/Users/reyesmatte/Desktop/copypasta/20260226/processed_masks/PY79_21_cp_masks.tif,PY79_21_cp_masks.tif,123,0.7515473584579416,4.2194920993882565,7.8316087236712315,1.4511233943578292
3929,7,/Users/reyesmatte/Desktop/copypasta/20260226/processed_masks/PY79_21_cp_masks.tif,PY79_21_cp_masks.tif,124,0.7536627783063671,4.681931770548292,9.683036206156958,1.719519023873387
3930,7,/Users/reyesmatte/Desktop/copypasta/20260226/processed_masks/PY79_21_cp_masks.tif,PY79_21_cp_masks.tif,125,0.75883991168349,3.9569400307402143,7.764045851315815,1.3699436303296813
3931,7,/Users/reyesmatte/Desktop/copypasta/20260226/processed_masks/PY79_21_cp_masks.tif,PY79_21_cp_masks.tif,127,0.8067469009262453,5.060763265713437,10.636341038234148,2.0168099136032938
3932,7,/Users/reyesmatte/Desktop/copypasta/20260226/processed_masks/PY79_21_cp_masks.tif,PY79_21_cp_masks.tif,128,0.7076534648586401,4.387305819061019,9.061699068437205,1.5235631141480377
3933,7,/Users/reyesmatte/Desktop/copypasta/20260226/processed_masks/PY79_21_cp_masks.tif,PY79_21_cp_masks.tif,129,0.7499840765102063,4.042938643204779,7.558020286307143,1.333084929014582
3934,7,/Users/reyesmatte/Desktop/copypasta/20260226/processed_masks/PY79_21_cp_masks.tif,PY79_21_cp_masks.tif,130,0.7311748481329535,4.663573440980913,9.776892180517853,1.6927382526379122
3935,7,/Users/reyesmatte/Desktop/copypasta/20260226/processed_masks/PY79_21_cp_masks.tif,PY79_21_cp_masks.tif,132,0.7542997083379538,6.163682983872954,11.423371558807728,2.0632441007720494
3936,7,/Users/reyesmatte/Desktop/copypasta/20260226/processed_masks/PY79_21_cp_masks.tif,PY79_21_cp_masks.tif,133,0.7099461685947859,4.126387900413952,7.099392729527559,1.1696736221259703
3937,7,/Users/reyesmatte/Desktop/copypasta/20260226/processed_masks/PY79_21_cp_masks.tif,PY79_21_cp_masks.tif,134,0.7870393464605572,3.783695215577083,7.389640143761965,1.336527531581749
3938,7,/Users/reyesmatte/Desktop/copypasta/20260226/processed_masks/PY79_44_cp_masks.tif,PY79_44_cp_masks.tif,14,0.7526722261142512,3.9500343509263103,7.324184669742338,1.4394269577136833
3939,7,/Users/reyesmatte/Desktop/copypasta/20260226/processed_masks/PY79_44_cp_masks.tif,PY79_44_cp_masks.tif,17,0.8333765456933991,3.977925996051007,8.352156871611161,1.6025928139316983
3940,7,/Users/reyesmatte/Desktop/copypasta/20260226/processed_masks/PY79_44_cp_masks.tif,PY79_44_cp_masks.tif,19,0.7240646284007576,6.272311745205946,9.08183966162506,1.5578649525955326
3941,7,/Users/reyesmatte/Desktop/copypasta/20260226/processed_masks/PY79_44_cp_masks.tif,PY79_44_cp_masks.tif,21,0.79617683998264,7.754208611957347,16.130254314108534,3.125862215435725
3942,7,/Users/reyesmatte/Desktop/copypasta/20260226/processed_masks/PY79_44_cp_masks.tif,PY79_44_cp_masks.tif,25,0.6921738023403419,4.194041200771601,8.300236555777328,1.364871361117042
3943,7,/Users/reyesmatte/Desktop/copypasta/20260226/processed_masks/PY79_44_cp_masks.tif,PY79_44_cp_masks.tif,26,0.6703932761586185,4.146443057446744,7.486635556534841,1.1868175403966048
3944,7,/Users/reyesmatte/Desktop/copypasta/20260226/processed_masks/PY79_44_cp_masks.tif,PY79_44_cp_masks.tif,27,0.7234074886080389,3.496328080944129,7.075093850279147,1.1955054522622768
3945,7,/Users/reyesmatte/Desktop/copypasta/20260226/processed_masks/PY79_44_cp_masks.tif,PY79_44_cp_masks.tif,28,0.7317380019778278,4.28604558757958,8.833049005021863,1.5549168431304439
3946,7,/Users/reyesmatte/Desktop/copypasta/20260226/processed_masks/PY79_44_cp_masks.tif,PY79_44_cp_masks.tif,29,0.7791490828791638,6.817788520795676,14.14150244905515,2.636506495671235
3947,7,/Users/reyesmatte/Desktop/copypasta/20260226/processed_masks/PY79_44_cp_masks.tif,PY79_44_cp_masks.tif,30,0.7043720189849039,4.212128128480913,8.468374506284034,1.4062214384209193
3948,7,/Users/reyesmatte/Desktop/copypasta/20260226/processed_masks/PY79_44_cp_masks.tif,PY79_44_cp_masks.tif,33,0.744475979156256,7.15959226577006,8.738014767670162,1.5828649491301527
3949,7,/Users/reyesmatte/Desktop/copypasta/20260226/processed_masks/PY79_44_cp_masks.tif,PY79_44_cp_masks.tif,35,0.8773297876940449,8.339516887952122,20.801722391729456,4.39997053355139
3950,7,/Users/reyesmatte/Desktop/copypasta/20260226/processed_masks/PY79_44_cp_masks.tif,PY79_44_cp_masks.tif,38,0.7534691020338723,6.883021354710522,15.111952635915815,2.780378551312616
3951,7,/Users/reyesmatte/Desktop/copypasta/20260226/processed_masks/PY79_44_cp_masks.tif,PY79_44_cp_masks.tif,39,0.7755976519747985,7.283334949905759,15.056798511806917,2.914155553406056
3952,7,/Users/reyesmatte/Desktop/copypasta/20260226/processed_masks/PY79_44_cp_masks.tif,PY79_44_cp_masks.tif,45,0.7869256975383642,3.5819143789640364,8.151929271273847,1.4804686584014832
3953,7,/Users/reyesmatte/Desktop/copypasta/20260226/processed_masks/PY79_44_cp_masks.tif,PY79_44_cp_masks.tif,46,0.7655811969681592,3.8427219049144363,8.698135898437725,1.5699854606645534
3954,7,/Users/reyesmatte/Desktop/copypasta/20260226/processed_masks/PY79_44_cp_masks.tif,PY79_44_cp_masks.tif,51,0.7583909393950182,4.441580673362562,9.185967183398718,1.6721907794448625
3955,7,/Users/reyesmatte/Desktop/copypasta/20260226/processed_masks/PY79_44_cp_masks.tif,PY79_44_cp_masks.tif,54,0.762575614085078,3.957790819946746,7.551452647755412,1.4305459627051365
3956,7,/Users/reyesmatte/Desktop/copypasta/20260226/processed_masks/PY79_44_cp_masks.tif,PY79_44_cp_masks.tif,58,0.8085964619932706,4.348789878128859,9.648839079429823,1.8776315310132845
3957,7,/Users/reyesmatte/Desktop/copypasta/20260226/processed_masks/PY79_44_cp_masks.tif,PY79_44_cp_masks.tif,60,0.773229725435007,4.311911349466863,9.478982443678502,1.795467562532239
3958,7,/Users/reyesmatte/Desktop/copypasta/20260226/processed_masks/PY79_44_cp_masks.tif,PY79_44_cp_masks.tif,64,0.8102176066672793,4.822751542206235,11.105539100544359,2.115070491150603
3959,7,/Users/reyesmatte/Desktop/copypasta/20260226/processed_masks/PY79_44_cp_masks.tif,PY79_44_cp_masks.tif,67,0.7900155440930213,4.21864432254593,8.698987875151225,1.6120462479503446
3960,7,/Users/reyesmatte/Desktop/copypasta/20260226/processed_masks/PY79_44_cp_masks.tif,PY79_44_cp_masks.tif,70,0.8179591317037825,6.077501489339188,13.133703533320258,2.5601020118800366
3961,7,/Users/reyesmatte/Desktop/copypasta/20260226/processed_masks/PY79_44_cp_masks.tif,PY79_44_cp_masks.tif,74,0.8057851896803384,4.466299932991518,8.51617937948443,1.5958281537115768
3962,7,/Users/reyesmatte/Desktop/copypasta/20260226/processed_masks/PY79_44_cp_masks.tif,PY79_44_cp_masks.tif,76,0.8849613361307763,5.772331744633824,13.709586234369327,2.861929641734789
3963,7,/Users/reyesmatte/Desktop/copypasta/20260226/processed_masks/PY79_44_cp_masks.tif,PY79_44_cp_masks.tif,81,0.8627204757249392,6.167159903490056,13.56197179435775,2.8971584293647976
3964,7,/Users/reyesmatte/Desktop/copypasta/20260226/processed_masks/PY79_44_cp_masks.tif,PY79_44_cp_masks.tif,84,0.8222890114868043,5.955150159702048,12.403708602765867,2.5207143509170473
3965,7,/Users/reyesmatte/Desktop/copypasta/20260226/processed_masks/PY79_44_cp_masks.tif,PY79_44_cp_masks.tif,94,0.8268733040988115,6.140446364760448,13.070720146594908,2.587046112800523
3966,7,/Users/reyesmatte/Desktop/copypasta/20260226/processed_masks/PY79_44_cp_masks.tif,PY79_44_cp_masks.tif,97,0.7980871786929666,4.239008671901831,8.537388855937593,1.5747455287491687
3967,7,/Users/reyesmatte/Desktop/copypasta/20260226/processed_masks/PY79_44_cp_masks.tif,PY79_44_cp_masks.tif,99,0.8255723247116198,5.979214502962696,12.346333230604754,2.457081114138775
3968,7,/Users/reyesmatte/Desktop/copypasta/20260226/processed_masks/PY79_44_cp_masks.tif,PY79_44_cp_masks.tif,100,0.7737295016688942,4.502300970348377,8.831261414422935,1.6349266157377147
3969,7,/Users/reyesmatte/Desktop/copypasta/20260226/processed_masks/PY79_44_cp_masks.tif,PY79_44_cp_masks.tif,102,0.765153935855034,4.710361503277381,9.552746117139263,1.7151245621630473
3970,7,/Users/reyesmatte/Desktop/copypasta/20260226/processed_masks/PY79_44_cp_masks.tif,PY79_44_cp_masks.tif,103,0.7220626276092165,4.70830447482634,9.546370273126781,1.6300122144103526
3971,7,/Users/reyesmatte/Desktop/copypasta/20260226/processed_masks/PY79_44_cp_masks.tif,PY79_44_cp_masks.tif,104,0.7895405024301978,6.284028472546902,11.887476319382726,2.2306285312412473
3972,7,/Users/reyesmatte/Desktop/copypasta/20260226/processed_masks/PY79_44_cp_masks.tif,PY79_44_cp_masks.tif,108,0.7626323919552942,5.9682121543862685,11.036576595271953,2.0658718284840814
3973,7,/Users/reyesmatte/Desktop/copypasta/20260226/processed_masks/PY79_44_cp_masks.tif,PY79_44_cp_masks.tif,109,0.6988446890217053,6.676053220663995,12.46198884547809,2.114815530776307
3974,7,/Users/reyesmatte/Desktop/copypasta/20260226/processed_masks/PY79_32_cp_masks.tif,PY79_32_cp_masks.tif,2,0.7635012691985448,3.466833889955219,7.98453677086751,1.4163337965697542
3975,7,/Users/reyesmatte/Desktop/copypasta/20260226/processed_masks/PY79_32_cp_masks.tif,PY79_32_cp_masks.tif,4,0.7188953681290419,4.547949536176154,7.767710761227977,1.3064391756962683
3976,7,/Users/reyesmatte/Desktop/copypasta/20260226/processed_masks/PY79_32_cp_masks.tif,PY79_32_cp_masks.tif,7,0.7478358054505829,3.4023417024552196,7.581441888721902,1.3503225697648589
3977,7,/Users/reyesmatte/Desktop/copypasta/20260226/processed_masks/PY79_32_cp_masks.tif,PY79_32_cp_masks.tif,9,0.7488472552247583,4.738114445291602,8.803491868476959,1.54075184933144
3978,7,/Users/reyesmatte/Desktop/copypasta/20260226/processed_masks/PY79_32_cp_masks.tif,PY79_32_cp_masks.tif,13,0.6838434710110644,7.393847547301434,14.751645961654356,2.4698716613354037
3979,7,/Users/reyesmatte/Desktop/copypasta/20260226/processed_masks/PY79_32_cp_masks.tif,PY79_32_cp_masks.tif,18,0.7397761679831318,5.13943498601987,11.029952046987448,1.9428335996601607
3980,7,/Users/reyesmatte/Desktop/copypasta/20260226/processed_masks/PY79_32_cp_masks.tif,PY79_32_cp_masks.tif,20,0.6710274534381335,8.686617650828943,10.588360571900099,1.715730099252346
3981,7,/Users/reyesmatte/Desktop/copypasta/20260226/processed_masks/PY79_32_cp_masks.tif,PY79_32_cp_masks.tif,25,0.6926790456650116,4.753551881004077,9.54427800913734,1.5868915232848804
3982,7,/Users/reyesmatte/Desktop/copypasta/20260226/processed_masks/PY79_32_cp_masks.tif,PY79_32_cp_masks.tif,26,0.7709085908238492,5.497484366188825,9.40375009851749,1.6991570678417554
3983,7,/Users/reyesmatte/Desktop/copypasta/20260226/processed_masks/PY79_32_cp_masks.tif,PY79_32_cp_masks.tif,27,0.7455828490971234,4.967015140211408,10.135136037095915,1.8677313217899858
3984,7,/Users/reyesmatte/Desktop/copypasta/20260226/processed_masks/PY79_32_cp_masks.tif,PY79_32_cp_masks.tif,28,0.8063321134468288,4.665180210707137,10.298410161488595,1.9472761302016943
3985,7,/Users/reyesmatte/Desktop/copypasta/20260226/processed_masks/PY79_32_cp_masks.tif,PY79_32_cp_masks.tif,39,0.8504885105483605,5.789765149022583,13.969845347311164,2.8180120889430125
3986,7,/Users/reyesmatte/Desktop/copypasta/20260226/processed_masks/PY79_32_cp_masks.tif,PY79_32_cp_masks.tif,40,0.852221158356814,5.588066297301433,13.706952563308663,2.811163748858587
3987,7,/Users/reyesmatte/Desktop/copypasta/20260226/processed_masks/PY79_32_cp_masks.tif,PY79_32_cp_masks.tif,41,0.7609737255081788,5.19250892643867,11.19766576314627,2.0384506832262215
3988,7,/Users/reyesmatte/Desktop/copypasta/20260226/processed_masks/PY79_32_cp_masks.tif,PY79_32_cp_masks.tif,42,0.8111604736825132,5.091840084984529,11.645476671493133,2.2368323942224655
3989,7,/Users/reyesmatte/Desktop/copypasta/20260226/processed_masks/PY79_32_cp_masks.tif,PY79_32_cp_masks.tif,43,0.6838077331377301,5.949116583093328,10.751363122048058,1.7792822121293945
3990,7,/Users/reyesmatte/Desktop/copypasta/20260226/processed_masks/PY79_32_cp_masks.tif,PY79_32_cp_masks.tif,46,0.7754195662707508,5.435709562369409,10.850730874257586,1.9982602797611682
3991,7,/Users/reyesmatte/Desktop/copypasta/20260226/processed_masks/PY79_32_cp_masks.tif,PY79_32_cp_masks.tif,47,0.7333438320901365,3.980920308631771,8.151108426779034,1.4187900695894078
3992,7,/Users/reyesmatte/Desktop/copypasta/20260226/processed_masks/PY79_32_cp_masks.tif,PY79_32_cp_masks.tif,48,0.7351511712732054,3.7447733268175503,7.5728945781223596,1.347995714446288
3993,7,/Users/reyesmatte/Desktop/copypasta/20260226/processed_masks/PY79_32_cp_masks.tif,PY79_32_cp_masks.tif,49,0.8009100775322127,4.158587212088058,9.523521712388025,1.7763207592670092
3994,7,/Users/reyesmatte/Desktop/copypasta/20260226/processed_masks/PY79_32_cp_masks.tif,PY79_32_cp_masks.tif,53,0.823174343769033,4.358432747112176,9.736495344546121,1.8635511694290692
3995,7,/Users/reyesmatte/Desktop/copypasta/20260226/processed_masks/PY79_32_cp_masks.tif,PY79_32_cp_masks.tif,54,0.8151963832232278,6.0980843973420145,12.980109262911276,2.583394427913444
3996,7,/Users/reyesmatte/Desktop/copypasta/20260226/processed_masks/PY79_32_cp_masks.tif,PY79_32_cp_masks.tif,57,0.8438308730630565,5.998143952586057,13.16982409498817,2.6670010769660926
3997,7,/Users/reyesmatte/Desktop/copypasta/20260226/processed_masks/PY79_32_cp_masks.tif,PY79_32_cp_masks.tif,58,0.8695045878345051,5.580786059968226,14.536689883361788,3.001368658630901
3998,7,/Users/reyesmatte/Desktop/copypasta/20260226/processed_masks/PY79_32_cp_masks.tif,PY79_32_cp_masks.tif,59,0.8284722706692876,7.274151612053756,9.74767187268272,1.933677638667592
3999,7,/Users/reyesmatte/Desktop/copypasta/20260226/processed_masks/PY79_32_cp_masks.tif,PY79_32_cp_masks.tif,60,0.7942050606491012,5.9217308478543735,13.318718492681102,2.568746372563258
4000,7,/Users/reyesmatte/Desktop/copypasta/20260226/processed_masks/PY79_32_cp_masks.tif,PY79_32_cp_masks.tif,62,0.7556850562597945,10.9781468004191,13.558994313312168,2.467945005714243
4001,7,/Users/reyesmatte/Desktop/copypasta/20260226/processed_masks/PY79_32_cp_masks.tif,PY79_32_cp_masks.tif,69,0.7606223177739905,4.838490071086482,10.965912579822861,1.9852216818544264
4002,7,/Users/reyesmatte/Desktop/copypasta/20260226/processed_masks/PY79_32_cp_masks.tif,PY79_32_cp_masks.tif,70,0.6420066497834532,9.397464696724152,10.151228270849472,1.5631698502309745
4003,7,/Users/reyesmatte/Desktop/copypasta/20260226/processed_masks/PY79_32_cp_masks.tif,PY79_32_cp_masks.tif,72,0.7831293876037767,5.099466131148042,10.162225457135584,1.8828649075455917
4004,7,/Users/reyesmatte/Desktop/copypasta/20260226/processed_masks/PY79_32_cp_masks.tif,PY79_32_cp_masks.tif,73,0.7671642660875952,8.452265377561826,10.76062443215863,1.966104953866195
4005,7,/Users/reyesmatte/Desktop/copypasta/20260226/processed_masks/PY79_32_cp_masks.tif,PY79_32_cp_masks.tif,91,0.7566812949359032,3.4826451465906714,8.00700990569946,1.4069250138429101
4006,7,/Users/reyesmatte/Desktop/copypasta/20260226/processed_masks/PY79_32_cp_masks.tif,PY79_32_cp_masks.tif,93,0.7708126003206262,3.9717062799144363,9.141444777597933,1.652288820042572
4007,7,/Users/reyesmatte/Desktop/copypasta/20260226/processed_masks/PY79_32_cp_masks.tif,PY79_32_cp_masks.tif,94,0.7418987533726878,6.509852588326925,12.240538571527365,2.236628721357563
4008,7,/Users/reyesmatte/Desktop/copypasta/20260226/processed_masks/PY79_32_cp_masks.tif,PY79_32_cp_masks.tif,95,0.7177896491637867,3.7589052045673794,8.243016365407318,1.3897019306284644
4009,7,/Users/reyesmatte/Desktop/copypasta/20260226/processed_masks/PY79_32_cp_masks.tif,PY79_32_cp_masks.tif,97,0.6854205317550505,4.57246352110726,9.403773370926162,1.5438200107221505
4010,7,/Users/reyesmatte/Desktop/copypasta/20260226/processed_masks/PY79_32_cp_masks.tif,PY79_32_cp_masks.tif,98,0.701692132966251,4.0441722211763524,7.506685836683455,1.2441209032400036
4011,7,/Users/reyesmatte/Desktop/copypasta/20260226/processed_masks/PY79_9_cp_masks.tif,PY79_9_cp_masks.tif,86,0.7304625737587838,9.660769089277572,17.020280545254206,3.0416768768441442
4012,7,/Users/reyesmatte/Desktop/copypasta/20260226/processed_masks/PY79_9_cp_masks.tif,PY79_9_cp_masks.tif,95,0.7789118044093398,5.072691188734755,10.487018434798616,1.9440686738370947
4013,7,/Users/reyesmatte/Desktop/copypasta/20260226/processed_masks/PY79_9_cp_masks.tif,PY79_9_cp_masks.tif,109,0.7940131620803881,8.880063936472139,18.51606197184408,3.5741468151382176
4014,7,/Users/reyesmatte/Desktop/copypasta/20260226/processed_masks/PY79_9_cp_masks.tif,PY79_9_cp_masks.tif,118,0.8131204646045297,5.311951905726117,12.001488040050004,2.3141272702689615
4015,7,/Users/reyesmatte/Desktop/copypasta/20260226/processed_masks/PY79_9_cp_masks.tif,PY79_9_cp_masks.tif,135,0.8109526240398253,5.643991034601745,12.430796834964212,2.3910685455773266
4016,7,/Users/reyesmatte/Desktop/copypasta/20260226/processed_masks/PY79_9_cp_masks.tif,PY79_9_cp_masks.tif,149,0.8166123066975053,5.2625950373756645,11.564709273984965,2.2557594426122063
4017,7,/Users/reyesmatte/Desktop/copypasta/20260226/processed_masks/PY79_9_cp_masks.tif,PY79_9_cp_masks.tif,166,0.8201544673949017,5.125694377772808,11.398161029619725,2.22801608271501
4018,7,/Users/reyesmatte/Desktop/copypasta/20260226/processed_masks/PY79_9_cp_masks.tif,PY79_9_cp_masks.tif,181,0.7593606403164551,5.3875874837549205,11.77454079183483,2.128967240634891
4019,7,/Users/reyesmatte/Desktop/copypasta/20260226/processed_masks/PY79_9_cp_masks.tif,PY79_9_cp_masks.tif,199,0.7568557755031493,9.168817891535216,18.514366293277593,3.3988321939440835
4020,7,/Users/reyesmatte/Desktop/copypasta/20260226/processed_masks/PY79_9_cp_masks.tif,PY79_9_cp_masks.tif,208,0.775516654229094,7.159035793730995,13.221456140891108,2.4679607887091044
4021,7,/Users/reyesmatte/Desktop/copypasta/20260226/processed_masks/PY79_9_cp_masks.tif,PY79_9_cp_masks.tif,210,0.7657236728075627,8.040667895046132,18.83438139780207,3.520433313464379
4022,7,/Users/reyesmatte/Desktop/copypasta/20260226/processed_masks/PY79_9_cp_masks.tif,PY79_9_cp_masks.tif,212,0.7968158347228846,6.831287884899761,13.454828389376498,2.6472860259710904
4023,7,/Users/reyesmatte/Desktop/copypasta/20260226/processed_masks/PY79_9_cp_masks.tif,PY79_9_cp_masks.tif,219,0.8399412508139686,4.161272057991403,8.688130499473024,1.671826391729047
4024,7,/Users/reyesmatte/Desktop/copypasta/20260226/processed_masks/PY79_9_cp_masks.tif,PY79_9_cp_masks.tif,221,0.7790260332786886,3.920344679891225,8.95709345601086,1.6230492658828861
4025,7,/Users/reyesmatte/Desktop/copypasta/20260226/processed_masks/PY79_9_cp_masks.tif,PY79_9_cp_masks.tif,228,0.8172453328638947,3.6584463823827993,7.624650988103838,1.438761659943975
4026,7,/Users/reyesmatte/Desktop/copypasta/20260226/processed_masks/PY79_9_cp_masks.tif,PY79_9_cp_masks.tif,239,0.7613413768115918,11.15145301926591,24.12861815426831,4.534830832077582
4027,7,/Users/reyesmatte/Desktop/copypasta/20260226/processed_masks/PY79_9_cp_masks.tif,PY79_9_cp_masks.tif,247,0.8534679773702208,4.427418153068797,9.787538695154225,1.9300759141512844
4028,7,/Users/reyesmatte/Desktop/copypasta/20260226/processed_masks/PY79_9_cp_masks.tif,PY79_9_cp_masks.tif,253,0.6783166565794874,4.96333909231748,8.342786464401991,1.3607107640261686
4029,7,/Users/reyesmatte/Desktop/copypasta/20260226/processed_masks/PY79_9_cp_masks.tif,PY79_9_cp_masks.tif,259,0.746492900597064,3.561631696577986,6.402301452192501,1.0925109605877015
4030,7,/Users/reyesmatte/Desktop/copypasta/20260226/processed_masks/PY79_9_cp_masks.tif,PY79_9_cp_masks.tif,264,0.8274255180336003,4.476261911879972,9.196737406527122,1.8572931205360008
4031,7,/Users/reyesmatte/Desktop/copypasta/20260226/processed_masks/PY79_9_cp_masks.tif,PY79_9_cp_masks.tif,271,0.7671450695651246,4.434475086852821,7.987409082214041,1.4490852859780008
4032,7,/Users/reyesmatte/Desktop/copypasta/20260226/processed_masks/PY79_9_cp_masks.tif,PY79_9_cp_masks.tif,279,0.8583726714192021,3.950335002280562,9.129643068703503,1.8005211320567214
4033,7,/Users/reyesmatte/Desktop/copypasta/20260226/processed_masks/PY79_9_cp_masks.tif,PY79_9_cp_masks.tif,284,0.7649002635402574,5.090661978589441,10.70240203192282,2.00880890126059
4034,7,/Users/reyesmatte/Desktop/copypasta/20260226/processed_masks/PY79_9_cp_masks.tif,PY79_9_cp_masks.tif,292,0.7963090632967678,12.2285271434241,18.250669671996445,3.5075102873801116
4035,7,/Users/reyesmatte/Desktop/copypasta/20260226/processed_masks/PY79_9_cp_masks.tif,PY79_9_cp_masks.tif,293,0.78466767396227,3.8170533736460577,7.665868139637813,1.4037932685728536
4036,7,/Users/reyesmatte/Desktop/copypasta/20260226/processed_masks/PY79_9_cp_masks.tif,PY79_9_cp_masks.tif,297,0.762144395302139,8.311001339867525,17.779366863357428,3.2972776380350752
4037,7,/Users/reyesmatte/Desktop/copypasta/20260226/processed_masks/PY79_9_cp_masks.tif,PY79_9_cp_masks.tif,298,0.7199712385624254,2.552350166153391,4.8422831977652665,0.8055460493396367
4038,7,/Users/reyesmatte/Desktop/copypasta/20260226/processed_masks/PY79_9_cp_masks.tif,PY79_9_cp_masks.tif,300,0.8429556285042014,6.779297584402516,14.129882542502383,2.8864463083364207
4039,7,/Users/reyesmatte/Desktop/copypasta/20260226/processed_masks/PY79_9_cp_masks.tif,PY79_9_cp_masks.tif,302,0.7625016391327503,2.6336017054994594,5.724855268064589,0.9817195672422205
4040,7,/Users/reyesmatte/Desktop/copypasta/20260226/processed_masks/PY79_9_cp_masks.tif,PY79_9_cp_masks.tif,304,0.877396374328047,4.132869691806691,9.232975775324126,1.982052191882834
4041,7,/Users/reyesmatte/Desktop/copypasta/20260226/processed_masks/PY79_9_cp_masks.tif,PY79_9_cp_masks.tif,305,0.7569901813806842,4.483257691885296,9.693307507189425,1.7349408176707586
4042,7,/Users/reyesmatte/Desktop/copypasta/20260226/processed_masks/PY79_9_cp_masks.tif,PY79_9_cp_masks.tif,309,0.7982357159090282,4.214812974384257,8.287148544894274,1.5410528804053871
4043,7,/Users/reyesmatte/Desktop/copypasta/20260226/processed_masks/PY79_9_cp_masks.tif,PY79_9_cp_masks.tif,310,0.7711659161273707,4.7107773613499715,10.368846918642568,1.9085684795022027
4044,7,/Users/reyesmatte/Desktop/copypasta/20260226/processed_masks/PY79_9_cp_masks.tif,PY79_9_cp_masks.tif,317,0.8246984162037567,7.571288800906503,15.11263071780003,2.9947721037131245
4045,7,/Users/reyesmatte/Desktop/copypasta/20260226/processed_masks/PY79_9_cp_masks.tif,PY79_9_cp_masks.tif,332,0.8659632518684816,9.033748532414247,21.608708638697145,4.5308562688592335
4046,7,/Users/reyesmatte/Desktop/copypasta/20260226/processed_masks/PY79_9_cp_masks.tif,PY79_9_cp_masks.tif,345,0.8432471077465988,5.896915781869463,15.101302526591397,3.0398137229964903
4047,7,/Users/reyesmatte/Desktop/copypasta/20260226/processed_masks/PY79_9_cp_masks.tif,PY79_9_cp_masks.tif,346,0.8211167499729993,7.376924440984911,17.943161719522152,3.5727523137509154
4048,7,/Users/reyesmatte/Desktop/copypasta/20260226/processed_masks/PY79_9_cp_masks.tif,PY79_9_cp_masks.tif,347,0.7792285512249735,4.899507777255302,11.01778395190981,2.0519660077011115
4049,7,/Users/reyesmatte/Desktop/copypasta/20260226/processed_masks/PY79_58_cp_masks.tif,PY79_58_cp_masks.tif,1,0.7796718847981147,1.8021721874324408,3.857947905415268,0.6314168472128916
4050,7,/Users/reyesmatte/Desktop/copypasta/20260226/processed_masks/PY79_58_cp_masks.tif,PY79_58_cp_masks.tif,4,0.7194213820279285,4.1395143111460575,7.955333077403137,1.3386247382803609
4051,7,/Users/reyesmatte/Desktop/copypasta/20260226/processed_masks/PY79_58_cp_masks.tif,PY79_58_cp_masks.tif,9,0.7517055431223824,4.537273911884258,8.643279083359216,1.5292551292317458
4052,7,/Users/reyesmatte/Desktop/copypasta/20260226/processed_masks/PY79_58_cp_masks.tif,PY79_58_cp_masks.tif,14,0.7337580589826864,4.889080798767253,9.352594308755952,1.6821135604856887
4053,7,/Users/reyesmatte/Desktop/copypasta/20260226/processed_masks/PY79_58_cp_masks.tif,PY79_58_cp_masks.tif,16,0.750951444978901,4.490587260120363,9.757905096150228,1.728793223522913
4054,7,/Users/reyesmatte/Desktop/copypasta/20260226/processed_masks/PY79_58_cp_masks.tif,PY79_58_cp_masks.tif,18,0.7720135903889804,4.682702057165452,10.27619235412668,1.8671245798473683
4055,7,/Users/reyesmatte/Desktop/copypasta/20260226/processed_masks/PY79_58_cp_masks.tif,PY79_58_cp_masks.tif,22,0.7633758535808576,6.1288188632863445,12.725829572549433,2.341219993775226
4056,7,/Users/reyesmatte/Desktop/copypasta/20260226/processed_masks/PY79_58_cp_masks.tif,PY79_58_cp_masks.tif,24,0.7388191831275538,3.5412637299808134,7.337152198888267,1.3047722591289954
4057,7,/Users/reyesmatte/Desktop/copypasta/20260226/processed_masks/PY79_58_cp_masks.tif,PY79_58_cp_masks.tif,25,0.7899234621597041,3.5028098723368686,8.155973911990474,1.490168332765831
4058,7,/Users/reyesmatte/Desktop/copypasta/20260226/processed_masks/PY79_58_cp_masks.tif,PY79_58_cp_masks.tif,26,0.8450319546448114,3.8260822379707253,8.373180976047426,1.624533358751412
4059,7,/Users/reyesmatte/Desktop/copypasta/20260226/processed_masks/PY79_58_cp_masks.tif,PY79_58_cp_masks.tif,29,0.819213335351486,3.543686837233479,8.79516940429355,1.6618862346380834
4060,7,/Users/reyesmatte/Desktop/copypasta/20260226/processed_masks/PY79_58_cp_masks.tif,PY79_58_cp_masks.tif,35,0.8389455226876015,6.70753723235113,15.427951863731122,3.144311441131714
4061,7,/Users/reyesmatte/Desktop/copypasta/20260226/processed_masks/PY79_58_cp_masks.tif,PY79_58_cp_masks.tif,45,0.7783157433545134,6.140507768444127,13.974382120349816,2.6221906477604207
4062,7,/Users/reyesmatte/Desktop/copypasta/20260226/processed_masks/PY79_58_cp_masks.tif,PY79_58_cp_masks.tif,51,0.8009195409249873,5.798677196885319,11.770526917751146,2.257502147409833
4063,7,/Users/reyesmatte/Desktop/copypasta/20260226/processed_masks/PY79_58_cp_masks.tif,PY79_58_cp_masks.tif,54,0.792927266678227,2.0760527103476596,4.343710947463616,0.7505245170370737
4064,7,/Users/reyesmatte/Desktop/copypasta/20260226/processed_masks/PY79_58_cp_masks.tif,PY79_58_cp_masks.tif,55,0.778173614409094,6.760915658513019,13.367554324522986,2.5384808806899586
4065,7,/Users/reyesmatte/Desktop/copypasta/20260226/processed_masks/PY79_58_cp_masks.tif,PY79_58_cp_masks.tif,58,0.7612168846080605,8.787335953139001,18.24569583910767,3.3756245312482385
4066,7,/Users/reyesmatte/Desktop/copypasta/20260226/processed_masks/PY79_58_cp_masks.tif,PY79_58_cp_masks.tif,65,0.7597347907136116,3.8436040844290402,7.32739493715123,1.3334983640320945
4067,7,/Users/reyesmatte/Desktop/copypasta/20260226/processed_masks/PY79_58_cp_masks.tif,PY79_58_cp_masks.tif,72,0.7713374308671331,4.199423179998015,8.887510483006787,1.6011133807655131
4068,7,/Users/reyesmatte/Desktop/copypasta/20260226/processed_masks/PY79_58_cp_masks.tif,PY79_58_cp_masks.tif,81,0.7829727191626513,6.415114239351644,14.053539314367862,2.658081338403392
4069,7,/Users/reyesmatte/Desktop/copypasta/20260226/processed_masks/PY79_58_cp_masks.tif,PY79_58_cp_masks.tif,84,0.803795575052642,4.053591438800904,8.93665254705045,1.6624911050805142
4070,7,/Users/reyesmatte/Desktop/copypasta/20260226/processed_masks/PY79_58_cp_masks.tif,PY79_58_cp_masks.tif,85,0.74309909902976,6.903348908403344,14.391557093710452,2.577246833765598
4071,7,/Users/reyesmatte/Desktop/copypasta/20260226/processed_masks/PY79_58_cp_masks.tif,PY79_58_cp_masks.tif,86,0.6857181942413642,7.8936483141435545,14.616678147656662,2.4618689941396044
4072,7,/Users/reyesmatte/Desktop/copypasta/20260226/processed_masks/PY79_58_cp_masks.tif,PY79_58_cp_masks.tif,89,0.755787298273846,6.9618846171947135,13.668835010751978,2.4731860057228765
4073,7,/Users/reyesmatte/Desktop/copypasta/20260226/processed_masks/PY79_58_cp_masks.tif,PY79_58_cp_masks.tif,93,0.7228025035390339,6.515954870355545,12.520362889719085,2.186006885545444
4074,7,/Users/reyesmatte/Desktop/copypasta/20260226/processed_masks/PY79_58_cp_masks.tif,PY79_58_cp_masks.tif,96,0.7330812055829323,3.8723789238499715,8.216045063399797,1.4091303464847382
4075,7,/Users/reyesmatte/Desktop/copypasta/20260226/processed_masks/PY79_58_cp_masks.tif,PY79_58_cp_masks.tif,97,0.7847070958359785,11.875158080439348,14.496109981690244,2.72387868358035
4076,7,/Users/reyesmatte/Desktop/copypasta/20260226/processed_masks/PY79_58_cp_masks.tif,PY79_58_cp_masks.tif,98,0.770476886435431,3.518110152723942,7.473156300659859,1.3490753070394845
4077,7,/Users/reyesmatte/Desktop/copypasta/20260226/processed_masks/PY79_58_cp_masks.tif,PY79_58_cp_masks.tif,101,0.7397818842852236,7.028112449492784,13.738755029025096,2.5163931005646156
4078,7,/Users/reyesmatte/Desktop/copypasta/20260226/processed_masks/PY79_58_cp_masks.tif,PY79_58_cp_masks.tif,102,0.7762002051056277,3.6125117011052748,6.969116497644111,1.309973056858662
4079,7,/Users/reyesmatte/Desktop/copypasta/20260226/processed_masks/PY79_58_cp_masks.tif,PY79_58_cp_masks.tif,105,0.7749909005852718,5.973049469563639,12.717260766785163,2.390279041679426
4080,7,/Users/reyesmatte/Desktop/copypasta/20260226/processed_masks/PY79_58_cp_masks.tif,PY79_58_cp_masks.tif,110,0.8210489818900749,5.366815761575698,12.202404147801484,2.364522924924248
4081,7,/Users/reyesmatte/Desktop/copypasta/20260226/processed_masks/PY79_58_cp_masks.tif,PY79_58_cp_masks.tif,119,0.7730731004175616,4.910572887296085,11.436083947548822,2.0966289228584665
4082,7,/Users/reyesmatte/Desktop/copypasta/20260226/processed_masks/PY79_58_cp_masks.tif,PY79_58_cp_masks.tif,131,0.7839407974154564,5.619986949796086,13.112559757971693,2.4688198825030896
4083,7,/Users/reyesmatte/Desktop/copypasta/20260226/processed_masks/PY79_58_cp_masks.tif,PY79_58_cp_masks.tif,141,0.7798887666644564,5.615403631148043,13.367831329702186,2.505898529048818
4084,7,/Users/reyesmatte/Desktop/copypasta/20260226/processed_masks/PY79_58_cp_masks.tif,PY79_58_cp_masks.tif,155,0.7925870835874954,5.1040494497960855,11.763589787203697,2.314044623058419
4085,7,/Users/reyesmatte/Desktop/copypasta/20260226/processed_masks/PY79_58_cp_masks.tif,PY79_58_cp_masks.tif,165,0.9003774760135281,4.68596229536506,13.114493688948722,2.768961618665584
4086,7,/Users/reyesmatte/Desktop/copypasta/20260226/processed_masks/PY79_58_cp_masks.tif,PY79_58_cp_masks.tif,174,0.8279207822660626,4.828016351072996,12.375284782431573,2.424680220410005
4087,7,/Users/reyesmatte/Desktop/copypasta/20260226/processed_masks/PY79_58_cp_masks.tif,PY79_58_cp_masks.tif,176,0.8741581327439676,5.680058646594668,15.452432336753947,3.216433466751535
4088,7,/Users/reyesmatte/Desktop/copypasta/20260226/processed_masks/PY79_58_cp_masks.tif,PY79_58_cp_masks.tif,182,0.8042740917235353,4.8917543205990714,11.893947188201013,2.2611621455361917
4089,7,/Users/reyesmatte/Desktop/copypasta/20260226/processed_masks/PY79_58_cp_masks.tif,PY79_58_cp_masks.tif,184,0.7785307021704629,5.395177181209964,12.164362848044735,2.2615797418515773
4090,7,/Users/reyesmatte/Desktop/copypasta/20260226/processed_masks/PY79_58_cp_masks.tif,PY79_58_cp_masks.tif,185,0.7417091710814421,6.31660025745723,13.413695515816613,2.387781896221997
4091,7,/Users/reyesmatte/Desktop/copypasta/20260226/processed_masks/PY79_58_cp_masks.tif,PY79_58_cp_masks.tif,188,0.6832780062166622,6.409100715437111,11.866787156153222,1.985235799329288
4092,7,/Users/reyesmatte/Desktop/copypasta/20260226/processed_masks/PY79_38_cp_masks.tif,PY79_38_cp_masks.tif,1,0.6872700315635077,4.147670343653189,7.023959341830529,1.1550238393904937
4093,7,/Users/reyesmatte/Desktop/copypasta/20260226/processed_masks/PY79_38_cp_masks.tif,PY79_38_cp_masks.tif,2,0.8402432010312788,6.370650880128468,13.30112717543639,2.680928499502323
4094,7,/Users/reyesmatte/Desktop/copypasta/20260226/processed_masks/PY79_38_cp_masks.tif,PY79_38_cp_masks.tif,4,0.8083307660904466,4.50849664629137,9.004062574571336,1.7155909781619345
4095,7,/Users/reyesmatte/Desktop/copypasta/20260226/processed_masks/PY79_38_cp_masks.tif,PY79_38_cp_masks.tif,5,0.8208778542382427,4.158868055713005,8.726709527261093,1.6505882148654318
4096,7,/Users/reyesmatte/Desktop/copypasta/20260226/processed_masks/PY79_38_cp_masks.tif,PY79_38_cp_masks.tif,6,0.7753263514655893,4.0122655809441286,8.742041824501191,1.596628992166067
4097,7,/Users/reyesmatte/Desktop/copypasta/20260226/processed_masks/PY79_38_cp_masks.tif,PY79_38_cp_masks.tif,7,0.7811630118714901,8.854555403693896,10.113108082106603,1.8667031081161642
4098,7,/Users/reyesmatte/Desktop/copypasta/20260226/processed_masks/PY79_38_cp_masks.tif,PY79_38_cp_masks.tif,8,0.6731440874960695,5.1036128089885695,10.287626257502696,1.6771768130382299
4099,7,/Users/reyesmatte/Desktop/copypasta/20260226/processed_masks/PY79_38_cp_masks.tif,PY79_38_cp_masks.tif,9,0.7260728885039286,4.0875447933837386,7.511346726631897,1.276598227572281
4100,7,/Users/reyesmatte/Desktop/copypasta/20260226/processed_masks/PY79_38_cp_masks.tif,PY79_38_cp_masks.tif,10,0.7868161746921408,5.130350424176056,9.44992792060559,1.8262612935958535
4101,7,/Users/reyesmatte/Desktop/copypasta/20260226/processed_masks/PY79_38_cp_masks.tif,PY79_38_cp_masks.tif,11,0.7936943037964882,3.5836433028159402,6.957102168767105,1.2662947304953251
4102,7,/Users/reyesmatte/Desktop/copypasta/20260226/processed_masks/PY79_38_cp_masks.tif,PY79_38_cp_masks.tif,13,0.7858502555677442,3.616050012292088,7.944044925654054,1.4688618791762031
4103,7,/Users/reyesmatte/Desktop/copypasta/20260226/processed_masks/PY79_38_cp_masks.tif,PY79_38_cp_masks.tif,14,0.8388226682938643,11.145810269636797,12.065928251471643,2.4053154278696773
4104,7,/Users/reyesmatte/Desktop/copypasta/20260226/processed_masks/PY79_38_cp_masks.tif,PY79_38_cp_masks.tif,15,0.7511347132953364,4.824899680819792,8.846793971539,1.5568831349927175
4105,7,/Users/reyesmatte/Desktop/copypasta/20260226/processed_masks/PY79_38_cp_masks.tif,PY79_38_cp_masks.tif,16,0.8076385288501385,4.078727439524179,8.393996115753502,1.5598470274526672
4106,7,/Users/reyesmatte/Desktop/copypasta/20260226/processed_masks/PY79_38_cp_masks.tif,PY79_38_cp_masks.tif,17,0.9009953295707265,4.213010307995518,9.770329632920697,2.0230784195086917
4107,7,/Users/reyesmatte/Desktop/copypasta/20260226/processed_masks/PY79_38_cp_masks.tif,PY79_38_cp_masks.tif,18,0.7997534705448656,4.945391073686147,9.941633856018436,1.8676062348369689
4108,7,/Users/reyesmatte/Desktop/copypasta/20260226/processed_masks/PY79_38_cp_masks.tif,PY79_38_cp_masks.tif,19,0.7424698066045442,4.113309131008074,9.136073755682192,1.6233665140977607
4109,7,/Users/reyesmatte/Desktop/copypasta/20260226/processed_masks/PY79_38_cp_masks.tif,PY79_38_cp_masks.tif,21,0.7288480710411592,3.7763656473420157,6.822742638561629,1.1505403209017284
4110,7,/Users/reyesmatte/Desktop/copypasta/20260226/processed_masks/PY79_38_cp_masks.tif,PY79_38_cp_masks.tif,24,0.8741709123154984,4.6157746896309675,9.689116363840645,1.9698044260701495
4111,7,/Users/reyesmatte/Desktop/copypasta/20260226/processed_masks/PY79_38_cp_masks.tif,PY79_38_cp_masks.tif,26,0.701499027170946,4.361378653490058,7.287564084823796,1.1957541708233015
4112,7,/Users/reyesmatte/Desktop/copypasta/20260226/processed_masks/PY79_38_cp_masks.tif,PY79_38_cp_masks.tif,28,0.7326242862189348,4.798226233203604,9.803036419925498,1.7134185479997193
4113,7,/Users/reyesmatte/Desktop/copypasta/20260226/processed_masks/PY79_38_cp_masks.tif,PY79_38_cp_masks.tif,29,0.8139630546578662,3.33241273102371,6.67226437872048,1.2209389882921364
4114,7,/Users/reyesmatte/Desktop/copypasta/20260226/processed_masks/PY79_38_cp_masks.tif,PY79_38_cp_masks.tif,30,0.7801154132418028,4.37509420676191,8.129281716562849,1.4761652489503618
4115,7,/Users/reyesmatte/Desktop/copypasta/20260226/processed_masks/PY79_38_cp_masks.tif,PY79_38_cp_masks.tif,31,0.7367786124660122,4.750230251234755,9.236976320026958,1.6112035514379415
4116,7,/Users/reyesmatte/Desktop/copypasta/20260226/processed_masks/PY79_38_cp_masks.tif,PY79_38_cp_masks.tif,32,0.7045990919007046,7.387089410819355,12.154286528922684,2.076568563846207
4117,7,/Users/reyesmatte/Desktop/copypasta/20260226/processed_masks/PY79_38_cp_masks.tif,PY79_38_cp_masks.tif,33,0.7365655703333113,3.578579129257366,6.6900983375031515,1.1597147583518301
4118,7,/Users/reyesmatte/Desktop/copypasta/20260226/processed_masks/PY79_38_cp_masks.tif,PY79_38_cp_masks.tif,34,0.7591716193177106,5.235144256920499,6.248887288532449,1.1167372362192807
4119,7,/Users/reyesmatte/Desktop/copypasta/20260226/processed_masks/PY79_38_cp_masks.tif,PY79_38_cp_masks.tif,35,0.8165209571573637,3.7162077907973394,8.44675977941067,1.6232208145243638
4120,7,/Users/reyesmatte/Desktop/copypasta/20260226/processed_masks/PY79_38_cp_masks.tif,PY79_38_cp_masks.tif,36,0.8197988268460051,5.533752081927212,12.183192472636714,2.4535671426479126
4121,7,/Users/reyesmatte/Desktop/copypasta/20260226/processed_masks/PY79_38_cp_masks.tif,PY79_38_cp_masks.tif,37,0.8507147836180408,3.4748973960989757,8.358524954506503,1.6233043889254566
4122,7,/Users/reyesmatte/Desktop/copypasta/20260226/processed_masks/PY79_38_cp_masks.tif,PY79_38_cp_masks.tif,38,0.8317740125229106,7.239722629794097,16.827985944871916,3.3574446831602907
4123,7,/Users/reyesmatte/Desktop/copypasta/20260226/processed_masks/PY79_38_cp_masks.tif,PY79_38_cp_masks.tif,39,0.7545997071701381,5.644202547026853,11.534518870596651,2.1334956461760894
4124,7,/Users/reyesmatte/Desktop/copypasta/20260226/processed_masks/PY79_38_cp_masks.tif,PY79_38_cp_masks.tif,40,0.8930953154382433,6.572507706765907,16.017737587554613,3.4784002990729532
4125,7,/Users/reyesmatte/Desktop/copypasta/20260226/processed_masks/PY79_38_cp_masks.tif,PY79_38_cp_masks.tif,41,0.7872678906784939,5.086441144678883,9.629864611781905,1.7923833016045687
4126,7,/Users/reyesmatte/Desktop/copypasta/20260226/processed_masks/PY79_38_cp_masks.tif,PY79_38_cp_masks.tif,42,0.7128599046377478,3.822877697290261,7.243506836412902,1.2442976473497218
4127,7,/Users/reyesmatte/Desktop/copypasta/20260226/processed_masks/PY79_38_cp_masks.tif,PY79_38_cp_masks.tif,43,0.710522066059578,4.048554703330013,7.352434053078854,1.2575840953426252
4128,7,/Users/reyesmatte/Desktop/copypasta/20260226/processed_masks/PY79_38_cp_masks.tif,PY79_38_cp_masks.tif,44,0.735432191502709,7.507529203628435,15.846303743314754,2.8209279035970978
4129,7,/Users/reyesmatte/Desktop/copypasta/20260226/processed_masks/PY79_38_cp_masks.tif,PY79_38_cp_masks.tif,45,0.883628464931257,2.9810901161805416,7.715101455759567,1.5317313679110058
4130,7,/Users/reyesmatte/Desktop/copypasta/20260226/processed_masks/PY79_38_cp_masks.tif,PY79_38_cp_masks.tif,46,0.8271035041237176,3.764763200843119,8.214271422887313,1.6051513389661443
4131,7,/Users/reyesmatte/Desktop/copypasta/20260226/processed_masks/PY79_38_cp_masks.tif,PY79_38_cp_masks.tif,47,0.7331773052627993,5.398847576927052,9.563441044442301,1.658006716481068
4132,7,/Users/reyesmatte/Desktop/copypasta/20260226/processed_masks/PY79_38_cp_masks.tif,PY79_38_cp_masks.tif,48,0.8034102541409663,5.196831184612175,12.156734357606899,2.3127084105398255
4133,7,/Users/reyesmatte/Desktop/copypasta/20260226/processed_masks/PY79_38_cp_masks.tif,PY79_38_cp_masks.tif,49,0.7095558582444563,3.614247345903345,6.809014793004579,1.196909946449615
4134,7,/Users/reyesmatte/Desktop/copypasta/20260226/processed_masks/PY79_38_cp_masks.tif,PY79_38_cp_masks.tif,50,0.6259172557594124,3.53410672971452,6.207101087577988,0.9351838125029804
4135,7,/Users/reyesmatte/Desktop/copypasta/20260226/processed_masks/PY79_38_cp_masks.tif,PY79_38_cp_masks.tif,51,0.8369971239153042,4.715136448367709,9.329306971008824,1.8305964064108846
4136,7,/Users/reyesmatte/Desktop/copypasta/20260226/processed_masks/PY79_38_cp_masks.tif,PY79_38_cp_masks.tif,52,0.7587624083836637,3.4750343439716285,6.896332344489845,1.2001905970138567
4137,7,/Users/reyesmatte/Desktop/copypasta/20260226/processed_masks/PY79_38_cp_masks.tif,PY79_38_cp_masks.tif,53,0.8378818895275032,4.2253500956639956,8.21421007931762,1.682231321076142
4138,7,/Users/reyesmatte/Desktop/copypasta/20260226/processed_masks/PY79_38_cp_masks.tif,PY79_38_cp_masks.tif,55,0.7458771978134002,2.95194139741645,5.480102049287583,0.9600446879471882
4139,7,/Users/reyesmatte/Desktop/copypasta/20260226/processed_masks/PY79_38_cp_masks.tif,PY79_38_cp_masks.tif,57,0.8663231541578947,4.505188005271023,9.828948444722233,2.0295640619332
4140,7,/Users/reyesmatte/Desktop/copypasta/20260226/processed_masks/PY79_38_cp_masks.tif,PY79_38_cp_masks.tif,58,0.7192954584425287,3.4658426517003345,6.359132105160225,1.085560072224217
4141,7,/Users/reyesmatte/Desktop/copypasta/20260226/processed_masks/PY79_38_cp_masks.tif,PY79_38_cp_masks.tif,60,0.7775377377688965,4.797562596878163,10.599052144782442,1.939328230533231
4142,7,/Users/reyesmatte/Desktop/copypasta/20260226/processed_masks/PY79_38_cp_masks.tif,PY79_38_cp_masks.tif,61,0.7547572089603375,5.442321643931537,12.163983517189314,2.20519765186803
4143,7,/Users/reyesmatte/Desktop/copypasta/20260226/processed_masks/PY79_38_cp_masks.tif,PY79_38_cp_masks.tif,62,0.8658463298779839,4.748740027324339,10.361891378498163,2.07781449094296
4144,7,/Users/reyesmatte/Desktop/copypasta/20260226/processed_masks/PY79_38_cp_masks.tif,PY79_38_cp_masks.tif,63,0.6751386554774894,3.455203713832571,5.845177481755153,0.932620935725485
4145,7,/Users/reyesmatte/Desktop/copypasta/20260226/processed_masks/PY79_38_cp_masks.tif,PY79_38_cp_masks.tif,64,0.7612764807670094,3.8235602200140066,8.895716930129803,1.5819785132033857
4146,7,/Users/reyesmatte/Desktop/copypasta/20260226/processed_masks/PY79_38_cp_masks.tif,PY79_38_cp_masks.tif,66,0.8540113199998961,3.048893957065094,8.1043387975841,1.574073596290308
4147,7,/Users/reyesmatte/Desktop/copypasta/20260226/processed_masks/PY79_38_cp_masks.tif,PY79_38_cp_masks.tif,68,0.8371228333871082,3.4309881166018017,8.24778165882469,1.5999675979392352
4148,7,/Users/reyesmatte/Desktop/copypasta/20260226/processed_masks/PY79_38_cp_masks.tif,PY79_38_cp_masks.tif,69,0.7606951443169643,3.7335453888301413,7.879012837334715,1.4115585163328048
4149,7,/Users/reyesmatte/Desktop/copypasta/20260226/processed_masks/PY79_38_cp_masks.tif,PY79_38_cp_masks.tif,72,0.8049854161542972,4.585014539543103,9.977864995432595,1.8738661519465916
4150,7,/Users/reyesmatte/Desktop/copypasta/20260226/processed_masks/PY79_38_cp_masks.tif,PY79_38_cp_masks.tif,74,0.812202719374192,4.776592629298405,9.54236950553807,1.8876301949825056
4151,7,/Users/reyesmatte/Desktop/copypasta/20260226/processed_masks/PY79_38_cp_masks.tif,PY79_38_cp_masks.tif,75,0.8164950910484482,4.3069259351036795,8.681673348536803,1.6397318906858291
4152,7,/Users/reyesmatte/Desktop/copypasta/20260226/processed_masks/PY79_38_cp_masks.tif,PY79_38_cp_masks.tif,76,0.6951172752902957,7.110828979799462,11.070852671140209,1.8623592924104544
4153,7,/Users/reyesmatte/Desktop/copypasta/20260226/processed_masks/PY79_38_cp_masks.tif,PY79_38_cp_masks.tif,77,0.7188016470195387,5.370760948671006,10.911220135480024,1.9149589575901091
4154,7,/Users/reyesmatte/Desktop/copypasta/20260226/processed_masks/PY79_38_cp_masks.tif,PY79_38_cp_masks.tif,78,0.7707776369889283,4.37399107560958,8.41379564893426,1.5109448539384007
4155,7,/Users/reyesmatte/Desktop/copypasta/20260226/processed_masks/PY79_38_cp_masks.tif,PY79_38_cp_masks.tif,79,0.7708458350525259,5.061687482377652,11.770702620442256,2.158707565938814
4156,7,/Users/reyesmatte/Desktop/copypasta/20260226/processed_masks/PY79_38_cp_masks.tif,PY79_38_cp_masks.tif,80,0.7644832242490456,4.879276029918434,11.294241616076574,2.0662918484119603
4157,7,/Users/reyesmatte/Desktop/copypasta/20260226/processed_masks/PY79_38_cp_masks.tif,PY79_38_cp_masks.tif,82,0.8100646753070135,3.655490113526216,8.289826387497465,1.546478433403054
4158,7,/Users/reyesmatte/Desktop/copypasta/20260226/processed_masks/PY79_38_cp_masks.tif,PY79_38_cp_masks.tif,83,0.8372347646713874,3.0033902192922493,7.048959059453155,1.3262459171264522
4159,7,/Users/reyesmatte/Desktop/copypasta/20260226/processed_masks/PY79_38_cp_masks.tif,PY79_38_cp_masks.tif,84,0.8009743465303467,3.789492058074122,8.227123823521403,1.5326936546940575
4160,7,/Users/reyesmatte/Desktop/copypasta/20260226/processed_masks/PY79_38_cp_masks.tif,PY79_38_cp_masks.tif,86,0.8239636395288252,3.5844614518959634,7.980042685753041,1.5048604611901617
4161,7,/Users/reyesmatte/Desktop/copypasta/20260226/processed_masks/PY79_38_cp_masks.tif,PY79_38_cp_masks.tif,88,0.7824495965246413,6.400313587505146,13.987388787058096,2.6272146465583956
4162,7,/Users/reyesmatte/Desktop/copypasta/20260226/processed_masks/PY79_38_cp_masks.tif,PY79_38_cp_masks.tif,89,0.743309732865251,6.777436919019382,13.039778859637027,2.321454237419344
4163,7,/Users/reyesmatte/Desktop/copypasta/20260226/processed_masks/PY79_38_cp_masks.tif,PY79_38_cp_masks.tif,90,0.7226889126596298,6.850614645234372,13.64268054545166,2.381182216404389
4164,7,/Users/reyesmatte/Desktop/copypasta/20260226/processed_masks/PY79_38_cp_masks.tif,PY79_38_cp_masks.tif,91,0.7257520661794656,3.0208540756178675,5.642699836537607,0.9238980022525023
4165,7,/Users/reyesmatte/Desktop/copypasta/20260226/processed_masks/PY79_38_cp_masks.tif,PY79_38_cp_masks.tif,92,0.6480830816367968,5.657341710145313,9.58156335570577,1.5234157101165078
4166,7,/Users/reyesmatte/Desktop/copypasta/20260226/processed_masks/PY79_38_cp_masks.tif,PY79_38_cp_masks.tif,93,0.6779168403656415,6.296205682173736,10.960772801133574,1.7983143574678322
4167,7,/Users/reyesmatte/Desktop/copypasta/20260226/processed_masks/PY79_38_cp_masks.tif,PY79_38_cp_masks.tif,94,0.6609324889483323,3.338016519646528,5.774728087894786,0.8972066698665038
4168,7,/Users/reyesmatte/Desktop/copypasta/20260226/processed_masks/PY79_38_cp_masks.tif,PY79_38_cp_masks.tif,95,0.6857411040608291,4.201672801294701,7.358022623835421,1.1935591124958285
4169,7,/Users/reyesmatte/Desktop/copypasta/20260226/processed_masks/PY79_38_cp_masks.tif,PY79_38_cp_masks.tif,96,0.708232537909943,3.2959458386302254,6.093265862456794,1.034651732922814
4170,7,/Users/reyesmatte/Desktop/copypasta/20260226/processed_masks/PY79_38_cp_masks.tif,PY79_38_cp_masks.tif,97,0.759514851469051,5.631577372520978,11.236551284776956,2.0271077889135474
4171,7,/Users/reyesmatte/Desktop/copypasta/20260226/processed_masks/PY79_38_cp_masks.tif,PY79_38_cp_masks.tif,99,0.707547745668081,3.6003721092083296,7.00807603870399,1.1540754968311389
4172,7,/Users/reyesmatte/Desktop/copypasta/20260226/processed_masks/PY79_38_cp_masks.tif,PY79_38_cp_masks.tif,100,0.6923501005464987,3.41974742622804,6.117173672508367,1.0486643358760632
4173,7,/Users/reyesmatte/Desktop/copypasta/20260226/processed_masks/PY79_38_cp_masks.tif,PY79_38_cp_masks.tif,101,0.739812327310757,2.7006172667558164,5.524364480400941,0.9162946644760857
4174,7,/Users/reyesmatte/Desktop/copypasta/20260226/processed_masks/PY79_38_cp_masks.tif,PY79_38_cp_masks.tif,102,0.7737897138938578,6.702278454924552,11.993503618338838,2.263835313724919
4175,7,/Users/reyesmatte/Desktop/copypasta/20260226/processed_masks/PY79_38_cp_masks.tif,PY79_38_cp_masks.tif,103,0.705023082125462,3.022752548362564,5.591967847186688,0.8980335833840457
4176,7,/Users/reyesmatte/Desktop/copypasta/20260226/processed_masks/PY79_38_cp_masks.tif,PY79_38_cp_masks.tif,104,0.7902752210581012,4.066666914483829,8.05104630384946,1.4673717875165888
4177,7,/Users/reyesmatte/Desktop/copypasta/20260226/processed_masks/PY79_38_cp_masks.tif,PY79_38_cp_masks.tif,105,0.7824334648194043,7.673820697651433,14.830306589339376,2.7828865086133447
4178,7,/Users/reyesmatte/Desktop/copypasta/20260226/processed_masks/PY79_38_cp_masks.tif,PY79_38_cp_masks.tif,106,0.8086932268565539,3.5578856861377735,7.176995119747402,1.3153001419705108
4179,7,/Users/reyesmatte/Desktop/copypasta/20260226/processed_masks/PY79_38_cp_masks.tif,PY79_38_cp_masks.tif,107,0.7365074826344047,6.726332202726026,13.348993042601444,2.3607692117540964
4180,7,/Users/reyesmatte/Desktop/copypasta/20260226/processed_masks/PY79_38_cp_masks.tif,PY79_38_cp_masks.tif,108,0.77244590202463,6.8239583166646955,13.01832071903425,2.411579721059297
4181,7,/Users/reyesmatte/Desktop/copypasta/20260226/processed_masks/PY79_38_cp_masks.tif,PY79_38_cp_masks.tif,110,0.6257736697375414,4.359704412375666,7.380795301299709,1.2158719463070022
4182,8,/Users/reyesmatte/Desktop/copypasta/20260226/processed_masks/PY79_41_cp_masks.tif,PY79_41_cp_masks.tif,4,0.7671066626895566,1.358919256148043,2.9131519356548905,0.4606740934469298
4183,8,/Users/reyesmatte/Desktop/copypasta/20260226/processed_masks/PY79_41_cp_masks.tif,PY79_41_cp_masks.tif,5,0.8255342535605911,3.3304821030942886,8.044083377733187,1.517030451539959
4184,8,/Users/reyesmatte/Desktop/copypasta/20260226/processed_masks/PY79_41_cp_masks.tif,PY79_41_cp_masks.tif,6,0.7822175991895322,3.6819102221885274,7.484160351004284,1.3688549864474568
4185,8,/Users/reyesmatte/Desktop/copypasta/20260226/processed_masks/PY79_41_cp_masks.tif,PY79_41_cp_masks.tif,7,0.8083334793173902,6.880392659498544,14.440003519281683,2.792838019850333
4186,8,/Users/reyesmatte/Desktop/copypasta/20260226/processed_masks/PY79_41_cp_masks.tif,PY79_41_cp_masks.tif,8,0.7822152209072112,6.9817538797940975,15.070253430674812,2.872051492016209
4187,8,/Users/reyesmatte/Desktop/copypasta/20260226/processed_masks/PY79_41_cp_masks.tif,PY79_41_cp_masks.tif,10,0.8120118411079776,6.460188053684828,16.098045374084954,3.1494796237450933
4188,8,/Users/reyesmatte/Desktop/copypasta/20260226/processed_masks/PY79_41_cp_masks.tif,PY79_41_cp_masks.tif,11,0.8598784736480848,6.7357381077906275,17.02987377672369,3.5477201369398523
4189,8,/Users/reyesmatte/Desktop/copypasta/20260226/processed_masks/PY79_41_cp_masks.tif,PY79_41_cp_masks.tif,12,0.8005429891240553,5.80652075373297,12.582023820641808,2.4247887262501697
4190,8,/Users/reyesmatte/Desktop/copypasta/20260226/processed_masks/PY79_41_cp_masks.tif,PY79_41_cp_masks.tif,13,0.88511855155703,3.4447994762296092,6.68570440183954,1.3022470104999797
4191,8,/Users/reyesmatte/Desktop/copypasta/20260226/processed_masks/PY79_41_cp_masks.tif,PY79_41_cp_masks.tif,14,0.7320939907402357,10.850335928688825,13.747855493051633,2.431179438282425
4192,8,/Users/reyesmatte/Desktop/copypasta/20260226/processed_masks/PY79_41_cp_masks.tif,PY79_41_cp_masks.tif,15,0.8530276921308714,9.182705690984912,20.022859832010983,4.12808931542444
4193,8,/Users/reyesmatte/Desktop/copypasta/20260226/processed_masks/PY79_41_cp_masks.tif,PY79_41_cp_masks.tif,16,0.7149823389778025,6.901517457249317,13.591482979210598,2.340632749585346
4194,8,/Users/reyesmatte/Desktop/copypasta/20260226/processed_masks/PY79_41_cp_masks.tif,PY79_41_cp_masks.tif,17,0.8457848928345492,3.920364579604422,8.48076778753703,1.7093802596578658
4195,8,/Users/reyesmatte/Desktop/copypasta/20260226/processed_masks/PY79_41_cp_masks.tif,PY79_41_cp_masks.tif,19,0.755573310578933,12.445297964112454,15.629429336918504,2.8484095935979195
4196,8,/Users/reyesmatte/Desktop/copypasta/20260226/processed_masks/PY79_41_cp_masks.tif,PY79_41_cp_masks.tif,20,0.82156743857366,3.895335608203603,8.798346645160459,1.748342182849776
4197,8,/Users/reyesmatte/Desktop/copypasta/20260226/processed_masks/PY79_41_cp_masks.tif,PY79_41_cp_masks.tif,22,0.7320728879946534,5.713877521929038,11.428008600140334,2.0539322995633844
4198,8,/Users/reyesmatte/Desktop/copypasta/20260226/processed_masks/PY79_41_cp_masks.tif,PY79_41_cp_masks.tif,23,0.8449938161284961,4.671564219369463,11.69508769234931,2.3552632560878513
4199,8,/Users/reyesmatte/Desktop/copypasta/20260226/processed_masks/PY79_41_cp_masks.tif,PY79_41_cp_masks.tif,24,0.8492482742070151,7.669868082443859,10.933491787141046,2.178079592924046
4200,8,/Users/reyesmatte/Desktop/copypasta/20260226/processed_masks/PY79_41_cp_masks.tif,PY79_41_cp_masks.tif,25,0.8242091344901323,6.654931267353029,9.676623776709265,1.9852965939788811
4201,8,/Users/reyesmatte/Desktop/copypasta/20260226/processed_masks/PY79_41_cp_masks.tif,PY79_41_cp_masks.tif,27,0.8679083629001991,3.238522158890755,7.808071707333377,1.5321640372955647
4202,8,/Users/reyesmatte/Desktop/copypasta/20260226/processed_masks/PY79_41_cp_masks.tif,PY79_41_cp_masks.tif,29,0.8624126652024566,3.6377907466247676,8.423545859013325,1.6516416629425776
4203,8,/Users/reyesmatte/Desktop/copypasta/20260226/processed_masks/PY79_41_cp_masks.tif,PY79_41_cp_masks.tif,30,0.7895109877604055,6.016657079751489,12.6837329087703,2.3816975034737577
4204,8,/Users/reyesmatte/Desktop/copypasta/20260226/processed_masks/PY79_41_cp_masks.tif,PY79_41_cp_masks.tif,33,0.8049858843171487,8.952962133374152,11.106007418430828,2.110349226480017
4205,8,/Users/reyesmatte/Desktop/copypasta/20260226/processed_masks/PY79_41_cp_masks.tif,PY79_41_cp_masks.tif,34,0.7757229704797193,5.706557824422614,12.85685331075993,2.374041483525371
4206,8,/Users/reyesmatte/Desktop/copypasta/20260226/processed_masks/PY79_41_cp_masks.tif,PY79_41_cp_masks.tif,35,0.7999005368445353,3.6816122622285263,7.9669866194126975,1.4665290910041864
4207,8,/Users/reyesmatte/Desktop/copypasta/20260226/processed_masks/PY79_41_cp_masks.tif,PY79_41_cp_masks.tif,36,0.7662295255459689,6.561736779636717,13.421946936649112,2.479906722111347
4208,8,/Users/reyesmatte/Desktop/copypasta/20260226/processed_masks/PY79_41_cp_masks.tif,PY79_41_cp_masks.tif,37,0.7750363600057165,3.4111431789368853,7.038326824931081,1.2736652903077808
4209,8,/Users/reyesmatte/Desktop/copypasta/20260226/processed_masks/PY79_41_cp_masks.tif,PY79_41_cp_masks.tif,38,0.7900675215112167,6.074859493073033,12.449764811140433,2.3455210758496565
4210,8,/Users/reyesmatte/Desktop/copypasta/20260226/processed_masks/PY79_41_cp_masks.tif,PY79_41_cp_masks.tif,39,0.7495123645276234,4.129148736341687,8.16001429844848,1.4282214746325024
4211,8,/Users/reyesmatte/Desktop/copypasta/20260226/processed_masks/PY79_41_cp_masks.tif,PY79_41_cp_masks.tif,42,0.731006881361234,4.1505794211868405,8.206722999370125,1.4018269767105798
4212,8,/Users/reyesmatte/Desktop/copypasta/20260226/processed_masks/PY79_41_cp_masks.tif,PY79_41_cp_masks.tif,56,0.7071933962701623,4.145833274592171,7.9490569772870385,1.3272470070345999
4213,8,/Users/reyesmatte/Desktop/copypasta/20260226/processed_masks/PY79_41_cp_masks.tif,PY79_41_cp_masks.tif,57,0.7549074857652898,4.05996508498453,8.506073336871115,1.4986302493575068
4214,8,/Users/reyesmatte/Desktop/copypasta/20260226/processed_masks/PY79_41_cp_masks.tif,PY79_41_cp_masks.tif,58,0.7308980268083135,3.6676744233625627,6.855513281441762,1.2542133092930132
4215,8,/Users/reyesmatte/Desktop/copypasta/20260226/processed_masks/PY79_41_cp_masks.tif,PY79_41_cp_masks.tif,59,0.7945766283791356,3.740235770180385,7.927039759398989,1.4597890852428475
4216,8,/Users/reyesmatte/Desktop/copypasta/20260226/processed_masks/PY79_41_cp_masks.tif,PY79_41_cp_masks.tif,60,0.7934843534053432,4.241785147416449,8.937119539538077,1.6521078408942476
4217,8,/Users/reyesmatte/Desktop/copypasta/20260226/processed_masks/PY79_41_cp_masks.tif,PY79_41_cp_masks.tif,61,0.7970022778848226,4.420355666101226,8.903601600374747,1.6451011529524175
4218,8,/Users/reyesmatte/Desktop/copypasta/20260226/processed_masks/PY79_41_cp_masks.tif,PY79_41_cp_masks.tif,63,0.8119501431986641,3.6436300909494177,7.7100597265883914,1.426410086855502
4219,8,/Users/reyesmatte/Desktop/copypasta/20260226/processed_masks/PY79_41_cp_masks.tif,PY79_41_cp_masks.tif,64,0.8154072574890135,3.8833774592546906,7.942033034036566,1.48325702650005
4220,8,/Users/reyesmatte/Desktop/copypasta/20260226/processed_masks/PY79_41_cp_masks.tif,PY79_41_cp_masks.tif,65,0.7788512354815255,6.39450542510488,9.115340597867803,1.6543086355229815
4221,8,/Users/reyesmatte/Desktop/copypasta/20260226/processed_masks/PY79_41_cp_masks.tif,PY79_41_cp_masks.tif,66,0.8212244552068351,3.938840782430023,8.116308121657273,1.5237528551663968
4222,8,/Users/reyesmatte/Desktop/copypasta/20260226/processed_masks/PY79_41_cp_masks.tif,PY79_41_cp_masks.tif,67,0.7663765715082494,3.584915982861063,8.400060613493864,1.4962508441576197
4223,8,/Users/reyesmatte/Desktop/copypasta/20260226/processed_masks/PY79_41_cp_masks.tif,PY79_41_cp_masks.tif,68,0.7677614434403607,3.6918659441354524,8.852937376517742,1.5863775129268196
4224,8,/Users/reyesmatte/Desktop/copypasta/20260226/processed_masks/PY79_41_cp_masks.tif,PY79_41_cp_masks.tif,69,0.6802851207839465,3.79855727110726,7.687368811390988,1.2396065697446959
4225,8,/Users/reyesmatte/Desktop/copypasta/20260226/processed_masks/PY79_41_cp_masks.tif,PY79_41_cp_masks.tif,70,0.8007295990888871,3.9004754172918408,7.691506078768854,1.4810157686537548
4226,8,/Users/reyesmatte/Desktop/copypasta/20260226/processed_masks/PY79_41_cp_masks.tif,PY79_41_cp_masks.tif,72,0.8258886555475392,7.689340667884752,15.179208887902297,2.990887483259882
4227,8,/Users/reyesmatte/Desktop/copypasta/20260226/processed_masks/PY79_41_cp_masks.tif,PY79_41_cp_masks.tif,74,0.7862372333744128,7.28676371010256,14.123915389502887,2.6612255933683877
4228,8,/Users/reyesmatte/Desktop/copypasta/20260226/processed_masks/PY79_41_cp_masks.tif,PY79_41_cp_masks.tif,75,0.6710081403496319,3.6501275219290394,5.919039387139232,1.0067414334840226
4229,8,/Users/reyesmatte/Desktop/copypasta/20260226/processed_masks/PY79_41_cp_masks.tif,PY79_41_cp_masks.tif,77,0.7163697614639611,4.519985644753317,8.23570785252933,1.4116584360219475
4230,8,/Users/reyesmatte/Desktop/copypasta/20260226/processed_masks/PY79_41_cp_masks.tif,PY79_41_cp_masks.tif,79,0.8056839142470376,7.975437666674067,15.972344645607611,3.0849628180166446
4231,8,/Users/reyesmatte/Desktop/copypasta/20260226/processed_masks/PY79_41_cp_masks.tif,PY79_41_cp_masks.tif,82,0.7965230014110337,7.396512211833836,15.537642203718216,2.9663232896480025
4232,8,/Users/reyesmatte/Desktop/copypasta/20260226/processed_masks/PY79_41_cp_masks.tif,PY79_41_cp_masks.tif,83,0.7880159859779196,6.973310854192305,14.239001909642337,2.723373212058098
4233,8,/Users/reyesmatte/Desktop/copypasta/20260226/processed_masks/PY79_41_cp_masks.tif,PY79_41_cp_masks.tif,85,0.708295033974403,6.010411293858076,9.942273050599159,1.7196626829768935
4234,8,/Users/reyesmatte/Desktop/copypasta/20260226/processed_masks/PY79_41_cp_masks.tif,PY79_41_cp_masks.tif,86,0.7741901570984303,3.1270846853242777,7.476191666952308,1.3257033917568493
4235,8,/Users/reyesmatte/Desktop/copypasta/20260226/processed_masks/PY79_41_cp_masks.tif,PY79_41_cp_masks.tif,87,0.7592369790316854,5.371971210250818,9.8687448750169,1.7809094924555555
4236,8,/Users/reyesmatte/Desktop/copypasta/20260226/processed_masks/PY79_41_cp_masks.tif,PY79_41_cp_masks.tif,89,0.7726341309362819,4.078656241188826,9.734314519772123,1.765730092321586
4237,8,/Users/reyesmatte/Desktop/copypasta/20260226/processed_masks/PY79_41_cp_masks.tif,PY79_41_cp_masks.tif,90,0.6799291271321383,5.199397581625937,9.05664372842941,1.493943732598385
4238,8,/Users/reyesmatte/Desktop/copypasta/20260226/processed_masks/PY79_41_cp_masks.tif,PY79_41_cp_masks.tif,91,0.7586816000537178,3.8889891163987516,8.972455479559079,1.5926049781891316
4239,8,/Users/reyesmatte/Desktop/copypasta/20260226/processed_masks/PY79_41_cp_masks.tif,PY79_41_cp_masks.tif,92,0.6635618046518219,5.739967265541646,9.556483515415573,1.5525276407392983
4240,8,/Users/reyesmatte/Desktop/copypasta/20260226/processed_masks/PY79_41_cp_masks.tif,PY79_41_cp_masks.tif,93,0.7162067929766321,2.5452932323693673,5.212926735152801,0.8991471859338801
4241,8,/Users/reyesmatte/Desktop/copypasta/20260226/processed_masks/PY79_23_cp_masks.tif,PY79_23_cp_masks.tif,6,0.733231962498536,6.222061565272807,12.884599115603057,2.2861621420708116
4242,8,/Users/reyesmatte/Desktop/copypasta/20260226/processed_masks/PY79_23_cp_masks.tif,PY79_23_cp_masks.tif,7,0.7507685116157867,5.462577467726284,9.767973255578692,1.7593492575799101
4243,8,/Users/reyesmatte/Desktop/copypasta/20260226/processed_masks/PY79_23_cp_masks.tif,PY79_23_cp_masks.tif,8,0.7672917633793478,6.600634426135369,13.516272943684738,2.4833639888838115
4244,8,/Users/reyesmatte/Desktop/copypasta/20260226/processed_masks/PY79_23_cp_masks.tif,PY79_23_cp_masks.tif,10,0.746619646712274,6.155743632783315,11.38002381120811,2.0249897265041827
4245,8,/Users/reyesmatte/Desktop/copypasta/20260226/processed_masks/PY79_23_cp_masks.tif,PY79_23_cp_masks.tif,11,0.7883970866511102,5.359210546525382,10.469737937788222,1.9670701982329986
4246,8,/Users/reyesmatte/Desktop/copypasta/20260226/processed_masks/PY79_23_cp_masks.tif,PY79_23_cp_masks.tif,12,0.7090058950534773,5.155836676699219,9.53401967991286,1.6140868596612927
4247,8,/Users/reyesmatte/Desktop/copypasta/20260226/processed_masks/PY79_23_cp_masks.tif,PY79_23_cp_masks.tif,15,0.7492652854232976,4.211800046415706,9.437013520337263,1.7172359079691792
4248,8,/Users/reyesmatte/Desktop/copypasta/20260226/processed_masks/PY79_23_cp_masks.tif,PY79_23_cp_masks.tif,16,0.7578751611762033,6.343438562296197,13.179164627466722,2.422821448767759
4249,8,/Users/reyesmatte/Desktop/copypasta/20260226/processed_masks/PY79_23_cp_masks.tif,PY79_23_cp_masks.tif,17,0.7494592369988657,4.065007709507645,9.003526340347225,1.5899970175374556
4250,8,/Users/reyesmatte/Desktop/copypasta/20260226/processed_masks/PY79_23_cp_masks.tif,PY79_23_cp_masks.tif,18,0.7685128161414809,4.63695570860726,10.313721830090099,1.868539066834742
4251,8,/Users/reyesmatte/Desktop/copypasta/20260226/processed_masks/PY79_23_cp_masks.tif,PY79_23_cp_masks.tif,19,0.6583167977615645,3.4996397343286816,6.522068519342664,1.0374285410210473
4252,8,/Users/reyesmatte/Desktop/copypasta/20260226/processed_masks/PY79_23_cp_masks.tif,PY79_23_cp_masks.tif,20,0.6817416110410531,3.9745343235949866,7.9665729871491795,1.3011037310048221
4253,8,/Users/reyesmatte/Desktop/copypasta/20260226/processed_masks/PY79_23_cp_masks.tif,PY79_23_cp_masks.tif,21,0.7939374913211615,6.7895797239517455,11.414599822177935,2.1768941738566565
4254,8,/Users/reyesmatte/Desktop/copypasta/20260226/processed_masks/PY79_23_cp_masks.tif,PY79_23_cp_masks.tif,22,0.8371653235282822,4.599339887783495,11.837206095602898,2.336658307802886
4255,8,/Users/reyesmatte/Desktop/copypasta/20260226/processed_masks/PY79_23_cp_masks.tif,PY79_23_cp_masks.tif,24,0.7931994290859996,4.330801611414055,10.003249378699167,1.8601889112362722
4256,8,/Users/reyesmatte/Desktop/copypasta/20260226/processed_masks/PY79_23_cp_masks.tif,PY79_23_cp_masks.tif,25,0.7088131929788919,3.8474010299184345,8.356565677120454,1.4258424989857414
4257,8,/Users/reyesmatte/Desktop/copypasta/20260226/processed_masks/PY79_23_cp_masks.tif,PY79_23_cp_masks.tif,26,0.7839380959257533,4.441580673362562,9.417273071366225,1.8311795214515463
4258,8,/Users/reyesmatte/Desktop/copypasta/20260226/processed_masks/PY79_23_cp_masks.tif,PY79_23_cp_masks.tif,27,0.8408272881003315,15.835592675333071,20.608456071522554,4.19746133547891
4259,8,/Users/reyesmatte/Desktop/copypasta/20260226/processed_masks/PY79_23_cp_masks.tif,PY79_23_cp_masks.tif,28,0.794562872461242,6.042983078768406,13.702504826337428,2.6181189429454617
4260,8,/Users/reyesmatte/Desktop/copypasta/20260226/processed_masks/PY79_23_cp_masks.tif,PY79_23_cp_masks.tif,29,0.675492974530454,4.18551039610726,8.363587484142395,1.3595503733433785
4261,8,/Users/reyesmatte/Desktop/copypasta/20260226/processed_masks/PY79_23_cp_masks.tif,PY79_23_cp_masks.tif,30,0.837579584511973,5.878026898131437,12.755328149456272,2.5325997016031048
4262,8,/Users/reyesmatte/Desktop/copypasta/20260226/processed_masks/PY79_23_cp_masks.tif,PY79_23_cp_masks.tif,31,0.8245603644283925,5.001717209842015,10.296308331303548,2.0277765274024517
4263,8,/Users/reyesmatte/Desktop/copypasta/20260226/processed_masks/PY79_23_cp_masks.tif,PY79_23_cp_masks.tif,32,0.8258256708497986,5.712768684612175,13.776862567220393,2.704562288807184
4264,8,/Users/reyesmatte/Desktop/copypasta/20260226/processed_masks/PY79_23_cp_masks.tif,PY79_23_cp_masks.tif,33,0.8199386391519402,5.405134385188444,13.54404978542557,2.642450315525737
4265,8,/Users/reyesmatte/Desktop/copypasta/20260226/processed_masks/PY79_23_cp_masks.tif,PY79_23_cp_masks.tif,34,0.8007977750538501,9.48359351118373,12.642243437928142,2.4006932499454723
4266,8,/Users/reyesmatte/Desktop/copypasta/20260226/processed_masks/PY79_23_cp_masks.tif,PY79_23_cp_masks.tif,35,0.6792636973235604,4.7107773613499715,9.288878710700478,1.5108157256480244
4267,8,/Users/reyesmatte/Desktop/copypasta/20260226/processed_masks/PY79_23_cp_masks.tif,PY79_23_cp_masks.tif,36,0.7907669545983712,6.3248176936480425,13.256922599603696,2.4977524627622563
4268,8,/Users/reyesmatte/Desktop/copypasta/20260226/processed_masks/PY79_23_cp_masks.tif,PY79_23_cp_masks.tif,37,0.7324402721282707,10.718330297347418,11.573216098239433,2.053932299563385
4269,8,/Users/reyesmatte/Desktop/copypasta/20260226/processed_masks/PY79_23_cp_masks.tif,PY79_23_cp_masks.tif,39,0.7609920544690484,5.415516475590654,10.513240496261576,1.8963638347389002
4270,8,/Users/reyesmatte/Desktop/copypasta/20260226/processed_masks/PY79_23_cp_masks.tif,PY79_23_cp_masks.tif,40,0.7756084165908526,4.842910561787897,10.604674735677065,1.9617653005975557
4271,8,/Users/reyesmatte/Desktop/copypasta/20260226/processed_masks/PY79_23_cp_masks.tif,PY79_23_cp_masks.tif,41,0.7949435527754253,4.466302180479071,9.70376300559669,1.814047463557224
4272,8,/Users/reyesmatte/Desktop/copypasta/20260226/processed_masks/PY79_23_cp_masks.tif,PY79_23_cp_masks.tif,42,0.7402582965983507,4.9622015584928745,10.247659953600307,1.7999897576926023
4273,8,/Users/reyesmatte/Desktop/copypasta/20260226/processed_masks/PY79_23_cp_masks.tif,PY79_23_cp_masks.tif,43,0.7971633181029716,4.647347193823868,9.363406750446858,1.7366483981719716
4274,8,/Users/reyesmatte/Desktop/copypasta/20260226/processed_masks/PY79_23_cp_masks.tif,PY79_23_cp_masks.tif,44,0.7887989242703015,5.061626078693972,10.3468923863197,1.9808664215453555
4275,8,/Users/reyesmatte/Desktop/copypasta/20260226/processed_masks/PY79_23_cp_masks.tif,PY79_23_cp_masks.tif,45,0.742852251005708,4.220067479570552,8.799636625945853,1.54644209068954
4276,8,/Users/reyesmatte/Desktop/copypasta/20260226/processed_masks/PY79_23_cp_masks.tif,PY79_23_cp_masks.tif,46,0.7891874534695215,5.462553391268405,11.902767925910256,2.222332480953557
4277,8,/Users/reyesmatte/Desktop/copypasta/20260226/processed_masks/PY79_23_cp_masks.tif,PY79_23_cp_masks.tif,47,0.792015055656134,5.035923144753317,10.494641754120117,1.95182690047222
4278,8,/Users/reyesmatte/Desktop/copypasta/20260226/processed_masks/PY79_23_cp_masks.tif,PY79_23_cp_masks.tif,48,0.7866619377636282,6.039812940760217,13.699572508955516,2.5714162398475224
4279,8,/Users/reyesmatte/Desktop/copypasta/20260226/processed_masks/PY79_23_cp_masks.tif,PY79_23_cp_masks.tif,49,0.7902720597692038,4.306814042206235,9.671678136389461,1.785383018144285
4280,8,/Users/reyesmatte/Desktop/copypasta/20260226/processed_masks/PY79_23_cp_masks.tif,PY79_23_cp_masks.tif,50,0.8038829615320142,9.474126722598646,11.77674654976262,2.241763486343866
4281,8,/Users/reyesmatte/Desktop/copypasta/20260226/processed_masks/PY79_23_cp_masks.tif,PY79_23_cp_masks.tif,51,0.7580930617880033,4.371216477324395,8.493128734026856,1.5255815383825793
4282,8,/Users/reyesmatte/Desktop/copypasta/20260226/processed_masks/PY79_23_cp_masks.tif,PY79_23_cp_masks.tif,52,0.7618972027488671,5.082131189094233,9.972461535066532,1.8237596101253313
4283,8,/Users/reyesmatte/Desktop/copypasta/20260226/processed_masks/PY79_23_cp_masks.tif,PY79_23_cp_masks.tif,53,0.785260020301604,5.440518965428827,10.950302876589125,2.0278095777895753
4284,8,/Users/reyesmatte/Desktop/copypasta/20260226/processed_masks/PY79_23_cp_masks.tif,PY79_23_cp_masks.tif,54,0.7742718528548072,4.443550344442612,8.549067243799971,1.6174312891335332
4285,8,/Users/reyesmatte/Desktop/copypasta/20260226/processed_masks/PY79_23_cp_masks.tif,PY79_23_cp_masks.tif,55,0.7790658193632867,6.080562550883701,12.80322420617581,2.3879842187120146
4286,8,/Users/reyesmatte/Desktop/copypasta/20260226/processed_masks/PY79_23_cp_masks.tif,PY79_23_cp_masks.tif,56,0.7546151562195375,4.325498477464363,8.122776546096103,1.500662904281629
4287,8,/Users/reyesmatte/Desktop/copypasta/20260226/processed_masks/PY79_23_cp_masks.tif,PY79_23_cp_masks.tif,57,0.8158426862450305,5.226653457666292,10.667796263239445,2.053480099359062
4288,8,/Users/reyesmatte/Desktop/copypasta/20260226/processed_masks/PY79_23_cp_masks.tif,PY79_23_cp_masks.tif,58,0.7794952997219654,3.8852467002794966,8.99080730514466,1.6344530721916988
4289,8,/Users/reyesmatte/Desktop/copypasta/20260226/processed_masks/PY79_23_cp_masks.tif,PY79_23_cp_masks.tif,59,0.7715681835274426,5.052242759980392,11.052565896327994,2.0141864423900353
4290,8,/Users/reyesmatte/Desktop/copypasta/20260226/processed_masks/PY79_23_cp_masks.tif,PY79_23_cp_masks.tif,60,0.7169106859547311,5.095669185658646,9.73127881132499,1.6556177480342713
4291,8,/Users/reyesmatte/Desktop/copypasta/20260226/processed_masks/PY79_23_cp_masks.tif,PY79_23_cp_masks.tif,61,0.7654140033062661,6.581837172008617,13.017720460447025,2.384411110172385
4292,8,/Users/reyesmatte/Desktop/copypasta/20260226/processed_masks/PY79_23_cp_masks.tif,PY79_23_cp_masks.tif,62,0.7578531742082333,4.919739524592171,10.196142810353761,1.9154491726918388
4293,8,/Users/reyesmatte/Desktop/copypasta/20260226/processed_masks/PY79_23_cp_masks.tif,PY79_23_cp_masks.tif,63,0.8053236163354588,4.028822976826661,9.27629538313525,1.7334966289481004
4294,8,/Users/reyesmatte/Desktop/copypasta/20260226/processed_masks/PY79_23_cp_masks.tif,PY79_23_cp_masks.tif,64,0.7924714776399137,3.9763854049184344,9.801362525307233,1.8278087354019346
4295,8,/Users/reyesmatte/Desktop/copypasta/20260226/processed_masks/PY79_23_cp_masks.tif,PY79_23_cp_masks.tif,65,0.8121791015398915,5.70133076361951,13.64334007734621,2.6503223895650976
4296,8,/Users/reyesmatte/Desktop/copypasta/20260226/processed_masks/PY79_23_cp_masks.tif,PY79_23_cp_masks.tif,66,0.878092348833073,4.86966847957455,12.237494743390798,2.5573551486776642
4297,8,/Users/reyesmatte/Desktop/copypasta/20260226/processed_masks/PY79_23_cp_masks.tif,PY79_23_cp_masks.tif,67,0.7842248594582446,3.5871099187525735,7.7908552401817355,1.4134829501371655
4298,8,/Users/reyesmatte/Desktop/copypasta/20260226/processed_masks/PY79_23_cp_masks.tif,PY79_23_cp_masks.tif,68,0.7868414410102416,5.0019414414723204,11.19073637277395,2.1015459808424706
4299,8,/Users/reyesmatte/Desktop/copypasta/20260226/processed_masks/PY79_23_cp_masks.tif,PY79_23_cp_masks.tif,69,0.771600449806904,4.954621398417768,10.555484749762517,1.9628045346718126
4300,8,/Users/reyesmatte/Desktop/copypasta/20260226/processed_masks/PY79_23_cp_masks.tif,PY79_23_cp_masks.tif,70,0.9149665419648996,8.078907440452744,18.41141753285147,4.051264811705362
4301,8,/Users/reyesmatte/Desktop/copypasta/20260226/processed_masks/PY79_23_cp_masks.tif,PY79_23_cp_masks.tif,71,0.6353611077283123,5.137244779918435,10.08252002834229,1.5429773142097478
4302,8,/Users/reyesmatte/Desktop/copypasta/20260226/processed_masks/PY79_23_cp_masks.tif,PY79_23_cp_masks.tif,72,0.7706239477691535,4.295748932165451,9.112735338995094,1.710663927377893
4303,8,/Users/reyesmatte/Desktop/copypasta/20260226/processed_masks/PY79_23_cp_masks.tif,PY79_23_cp_masks.tif,73,0.8975627286715434,4.321871669553523,11.823635930817245,2.473543498563437
4304,8,/Users/reyesmatte/Desktop/copypasta/20260226/processed_masks/PY79_23_cp_masks.tif,PY79_23_cp_masks.tif,74,0.7910046470575647,4.555728047807594,9.447067356066936,1.7458925194481494
4305,8,/Users/reyesmatte/Desktop/copypasta/20260226/processed_masks/PY79_23_cp_masks.tif,PY79_23_cp_masks.tif,75,0.6672447697149432,5.237779971390755,10.782476879194075,1.7341411643455154
4306,8,/Users/reyesmatte/Desktop/copypasta/20260226/processed_masks/PY79_23_cp_masks.tif,PY79_23_cp_masks.tif,76,0.7156282555823328,5.221968714755302,11.035463572794225,1.9213480482786593
4307,8,/Users/reyesmatte/Desktop/copypasta/20260226/processed_masks/PY79_23_cp_masks.tif,PY79_23_cp_masks.tif,77,0.8899007076343526,3.546146095835786,7.776636864658443,1.5676526724925366
4308,8,/Users/reyesmatte/Desktop/copypasta/20260226/processed_masks/PY79_23_cp_masks.tif,PY79_23_cp_masks.tif,78,0.7102423746605606,4.2376487836763514,8.018076637348317,1.3503006638027715
4309,8,/Users/reyesmatte/Desktop/copypasta/20260226/processed_masks/PY79_23_cp_masks.tif,PY79_23_cp_masks.tif,79,0.8334109808036938,8.906077939965336,18.63247682406158,3.785392733713919
4310,8,/Users/reyesmatte/Desktop/copypasta/20260226/processed_masks/PY79_23_cp_masks.tif,PY79_23_cp_masks.tif,80,0.6779981372935605,4.239100301513104,8.822366523796857,1.421208996495847
4311,8,/Users/reyesmatte/Desktop/copypasta/20260226/processed_masks/PY79_23_cp_masks.tif,PY79_23_cp_masks.tif,81,0.7100512414264991,3.6612176869450312,7.453409690620551,1.233241278158989
4312,8,/Users/reyesmatte/Desktop/copypasta/20260226/processed_masks/PY79_23_cp_masks.tif,PY79_23_cp_masks.tif,82,0.763881057914373,2.3751458274592174,5.404984358539326,0.9396066113292564
4313,8,/Users/reyesmatte/Desktop/copypasta/20260226/processed_masks/PY79_23_cp_masks.tif,PY79_23_cp_masks.tif,83,0.7983178889082513,3.4480880510134115,7.547643639815065,1.3812114490862637
4314,8,/Users/reyesmatte/Desktop/copypasta/20260226/processed_masks/PY79_23_cp_masks.tif,PY79_23_cp_masks.tif,84,0.8216621852864676,3.7107906087549214,8.279283245079258,1.570259452911755
4315,8,/Users/reyesmatte/Desktop/copypasta/20260226/processed_masks/PY79_23_cp_masks.tif,PY79_23_cp_masks.tif,85,0.7117241693510556,3.570011960715423,7.193714047648354,1.217791842098269
4316,8,/Users/reyesmatte/Desktop/copypasta/20260226/processed_masks/PY79_23_cp_masks.tif,PY79_23_cp_masks.tif,86,0.7511217430298743,11.497107759874956,14.173087223962169,2.5613773777769984
4317,8,/Users/reyesmatte/Desktop/copypasta/20260226/processed_masks/PY79_23_cp_masks.tif,PY79_23_cp_masks.tif,87,0.7989358910483272,2.588006360453759,6.1577217428845,1.1162597998199593
4318,8,/Users/reyesmatte/Desktop/copypasta/20260226/processed_masks/PY79_23_cp_masks.tif,PY79_23_cp_masks.tif,88,0.7067892033957022,4.408457061024323,9.297675377303074,1.5925366175856828
4319,8,/Users/reyesmatte/Desktop/copypasta/20260226/processed_masks/PY79_23_cp_masks.tif,PY79_23_cp_masks.tif,89,0.7681725706618985,4.068580423366734,8.671595961062227,1.5785871060152517
4320,8,/Users/reyesmatte/Desktop/copypasta/20260226/processed_masks/PY79_23_cp_masks.tif,PY79_23_cp_masks.tif,90,0.7062032294118616,4.468448961311953,8.954722469004988,1.5178003459146685
4321,8,/Users/reyesmatte/Desktop/copypasta/20260226/processed_masks/PY79_23_cp_masks.tif,PY79_23_cp_masks.tif,91,0.8070665828684976,5.644653774175083,13.668351104794848,2.6463057747061587
4322,8,/Users/reyesmatte/Desktop/copypasta/20260226/processed_masks/PY79_23_cp_masks.tif,PY79_23_cp_masks.tif,92,0.8145167130637518,4.719781170699431,10.053135282728153,1.9278087215404152
4323,8,/Users/reyesmatte/Desktop/copypasta/20260226/processed_masks/PY79_23_cp_masks.tif,PY79_23_cp_masks.tif,93,0.6902157274669655,5.910110648116493,11.193850377952778,1.884109610877093
4324,8,/Users/reyesmatte/Desktop/copypasta/20260226/processed_masks/PY79_23_cp_masks.tif,PY79_23_cp_masks.tif,94,0.795787971313352,6.449592558809009,12.361751906659705,2.3337084117918354
4325,8,/Users/reyesmatte/Desktop/copypasta/20260226/processed_masks/PY79_23_cp_masks.tif,PY79_23_cp_masks.tif,95,0.7686535439580197,3.4070965675786287,7.770219755522506,1.4046932768580773
4326,8,/Users/reyesmatte/Desktop/copypasta/20260226/processed_masks/PY79_23_cp_masks.tif,PY79_23_cp_masks.tif,97,0.6966648772017806,6.816751555796988,14.538148072126985,2.461050096730044
4327,8,/Users/reyesmatte/Desktop/copypasta/20260226/processed_masks/PY79_23_cp_masks.tif,PY79_23_cp_masks.tif,98,0.7133908952888584,5.863093644265906,10.851061879362206,2.020224439067268
4328,8,/Users/reyesmatte/Desktop/copypasta/20260226/processed_masks/PY79_23_cp_masks.tif,PY79_23_cp_masks.tif,99,0.6873938673943002,4.990114034730769,9.828048957490223,1.6318103224588842
4329,8,/Users/reyesmatte/Desktop/copypasta/20260226/processed_masks/PY79_23_cp_masks.tif,PY79_23_cp_masks.tif,100,0.8316270794005828,4.532638157986257,11.340675547718098,2.2375979661907426
4330,8,/Users/reyesmatte/Desktop/copypasta/20260226/processed_masks/PY79_23_cp_masks.tif,PY79_23_cp_masks.tif,101,0.8066273069226184,5.213776333539699,12.10587198166252,2.3151244789939267
4331,8,/Users/reyesmatte/Desktop/copypasta/20260226/processed_masks/PY79_23_cp_masks.tif,PY79_23_cp_masks.tif,102,0.764228284971335,5.313174440984911,11.755349243769384,2.157303071751476
4332,8,/Users/reyesmatte/Desktop/copypasta/20260226/processed_masks/PY79_23_cp_masks.tif,PY79_23_cp_masks.tif,103,0.724919677222045,3.267757715577084,5.74532065489751,0.9790148940586496
4333,8,/Users/reyesmatte/Desktop/copypasta/20260226/processed_masks/PY79_23_cp_masks.tif,PY79_23_cp_masks.tif,104,0.7702460853432624,5.976505330696493,11.997019197897288,2.2221088938889104
4334,8,/Users/reyesmatte/Desktop/copypasta/20260226/processed_masks/PY79_23_cp_masks.tif,PY79_23_cp_masks.tif,105,0.6401364108303352,4.737353127108164,9.346901148146095,1.4357693399731573
4335,8,/Users/reyesmatte/Desktop/copypasta/20260226/processed_masks/PY79_23_cp_masks.tif,PY79_23_cp_masks.tif,106,0.682592382218362,6.371762979714519,12.923763850949017,2.1292131880047123
4336,8,/Users/reyesmatte/Desktop/copypasta/20260226/processed_masks/PY79_23_cp_masks.tif,PY79_23_cp_masks.tif,109,0.7203193188863394,4.00677308177008,7.320862875108379,1.2339242324424577
4337,8,/Users/reyesmatte/Desktop/copypasta/20260226/processed_masks/PY79_23_cp_masks.tif,PY79_23_cp_masks.tif,110,0.7427985427896246,6.080598899592169,13.03190744143619,2.3235951835323196
4338,8,/Users/reyesmatte/Desktop/copypasta/20260226/processed_masks/PY79_23_cp_masks.tif,PY79_23_cp_masks.tif,111,0.8427588047522336,4.6717738949973215,9.882472462159917,1.9426062244408293
4339,8,/Users/reyesmatte/Desktop/copypasta/20260226/processed_masks/PY79_23_cp_masks.tif,PY79_23_cp_masks.tif,112,0.759960408505293,6.552463842350874,14.888178208070224,2.720461501459732
4340,8,/Users/reyesmatte/Desktop/copypasta/20260226/processed_masks/PY79_23_cp_masks.tif,PY79_23_cp_masks.tif,113,0.6917891616264757,6.528922475476328,11.25338866114456,1.902244086422666
4341,8,/Users/reyesmatte/Desktop/copypasta/20260226/processed_masks/PY79_23_cp_masks.tif,PY79_23_cp_masks.tif,114,0.7945997345990407,4.053779771520236,9.191099812604799,1.7112035375764214
4342,8,/Users/reyesmatte/Desktop/copypasta/20260226/processed_masks/PY79_23_cp_masks.tif,PY79_23_cp_masks.tif,115,0.6572398001396265,6.286977641193971,11.327447017501376,1.796877683004051
4343,8,/Users/reyesmatte/Desktop/copypasta/20260226/processed_masks/PY79_23_cp_masks.tif,PY79_23_cp_masks.tif,116,0.7606362183675445,6.499603099943746,14.24662147972316,2.70396716093115
4344,8,/Users/reyesmatte/Desktop/copypasta/20260226/processed_masks/PY79_23_cp_masks.tif,PY79_23_cp_masks.tif,117,0.8351372869072741,6.467015305188415,13.475743750749444,2.7085205812931674
4345,8,/Users/reyesmatte/Desktop/copypasta/20260226/processed_masks/PY79_23_cp_masks.tif,PY79_23_cp_masks.tif,118,0.7237810177697159,6.505330673362561,13.536201184723526,2.3747187719514287
4346,8,/Users/reyesmatte/Desktop/copypasta/20260226/processed_masks/PY79_23_cp_masks.tif,PY79_23_cp_masks.tif,120,0.7471425810452044,4.022131753476627,8.510637853438999,1.487349351591119
4347,8,/Users/reyesmatte/Desktop/copypasta/20260226/processed_masks/PY79_23_cp_masks.tif,PY79_23_cp_masks.tif,121,0.8127781118654771,5.358546910199942,11.65759346487179,2.2325866168494475
4348,8,/Users/reyesmatte/Desktop/copypasta/20260226/processed_masks/PY79_23_cp_masks.tif,PY79_23_cp_masks.tif,123,0.767751646468946,4.55049612897232,10.40837174077653,1.8897482573918711
4349,8,/Users/reyesmatte/Desktop/copypasta/20260226/processed_masks/PY79_23_cp_masks.tif,PY79_23_cp_masks.tif,124,0.7587123485636789,6.060553046688711,13.917970363104265,2.552506372362403
4350,8,/Users/reyesmatte/Desktop/copypasta/20260226/processed_masks/PY79_23_cp_masks.tif,PY79_23_cp_masks.tif,125,0.762385814090808,3.6557540184103487,7.530611574019724,1.3277160461288255
4351,8,/Users/reyesmatte/Desktop/copypasta/20260226/processed_masks/PY79_23_cp_masks.tif,PY79_23_cp_masks.tif,126,0.7743905908765637,5.064372328280996,10.87753269888962,2.04108253561308
4352,8,/Users/reyesmatte/Desktop/copypasta/20260226/processed_masks/PY79_23_cp_masks.tif,PY79_23_cp_masks.tif,127,0.7321279993317824,3.2936485324395735,6.37693141388597,1.1322190112001338
4353,8,/Users/reyesmatte/Desktop/copypasta/20260226/processed_masks/PY79_23_cp_masks.tif,PY79_23_cp_masks.tif,129,0.7294023611088629,7.02120676967888,13.581660934831744,2.3862034440111604
4354,8,/Users/reyesmatte/Desktop/copypasta/20260226/processed_masks/PY79_23_cp_masks.tif,PY79_23_cp_masks.tif,130,0.8327665857785143,5.227965214043199,11.952849746626676,2.352454267713175
4355,8,/Users/reyesmatte/Desktop/copypasta/20260226/processed_masks/PY79_23_cp_masks.tif,PY79_23_cp_masks.tif,131,0.764477684112561,3.293847709094669,7.763574751591186,1.3715317603219872
4356,8,/Users/reyesmatte/Desktop/copypasta/20260226/processed_masks/PY79_23_cp_masks.tif,PY79_23_cp_masks.tif,132,0.6723761641727514,4.546536355536298,7.653273364505718,1.2793978154227013
4357,8,/Users/reyesmatte/Desktop/copypasta/20260226/processed_masks/PY79_23_cp_masks.tif,PY79_23_cp_masks.tif,133,0.693891126628964,2.3751458274592174,5.007929441020978,0.795505507708357
4358,8,/Users/reyesmatte/Desktop/copypasta/20260226/processed_masks/PY79_23_cp_masks.tif,PY79_23_cp_masks.tif,134,0.6297669456831619,4.416565625576936,6.859407566219174,1.119477248984595
4359,8,/Users/reyesmatte/Desktop/copypasta/20260226/processed_masks/PY79_16_cp_masks.tif,PY79_16_cp_masks.tif,23,0.8495066063979202,4.193513695062737,9.159314680276495,1.7901882930923996
4360,8,/Users/reyesmatte/Desktop/copypasta/20260226/processed_masks/PY79_16_cp_masks.tif,PY79_16_cp_masks.tif,30,0.7992611858187295,3.985066750109678,8.165863848007444,1.5100495170584385
4361,8,/Users/reyesmatte/Desktop/copypasta/20260226/processed_masks/PY79_16_cp_masks.tif,PY79_16_cp_masks.tif,48,0.709628782613435,4.126387900413951,7.083948701914805,1.198958683795812
4362,8,/Users/reyesmatte/Desktop/copypasta/20260226/processed_masks/PY79_16_cp_masks.tif,PY79_16_cp_masks.tif,70,0.7377690443111796,5.134085965981772,9.340855734694028,1.6291710842358347
4363,8,/Users/reyesmatte/Desktop/copypasta/20260226/processed_masks/PY79_16_cp_masks.tif,PY79_16_cp_masks.tif,75,0.746724603308929,5.1217589292712535,9.140831908286424,1.7965571479254712
4364,8,/Users/reyesmatte/Desktop/copypasta/20260226/processed_masks/PY79_16_cp_masks.tif,PY79_16_cp_masks.tif,79,0.7334411166275546,4.055265679915297,7.363443078884701,1.257541922266146
4365,8,/Users/reyesmatte/Desktop/copypasta/20260226/processed_masks/PY79_16_cp_masks.tif,PY79_16_cp_masks.tif,89,0.7632916100666477,7.497115987497833,13.83109306659696,2.608978409599406
4366,8,/Users/reyesmatte/Desktop/copypasta/20260226/processed_masks/PY79_16_cp_masks.tif,PY79_16_cp_masks.tif,91,0.784000117549207,4.398442127437154,8.424458748215532,1.5443654111155036
4367,8,/Users/reyesmatte/Desktop/copypasta/20260226/processed_masks/PY79_16_cp_masks.tif,PY79_16_cp_masks.tif,100,0.7461098036954966,4.677582031227623,9.841231700948986,1.7310404142226545
4368,8,/Users/reyesmatte/Desktop/copypasta/20260226/processed_masks/PY79_16_cp_masks.tif,PY79_16_cp_masks.tif,109,0.8015518208574132,4.18845386419922,8.14803677830253,1.5247610293465832
4369,8,/Users/reyesmatte/Desktop/copypasta/20260226/processed_masks/PY79_16_cp_masks.tif,PY79_16_cp_masks.tif,110,0.7901028450141068,5.280733328836486,12.313014744517783,2.315764967550871
4370,8,/Users/reyesmatte/Desktop/copypasta/20260226/processed_masks/PY79_16_cp_masks.tif,PY79_16_cp_masks.tif,112,0.7177873007041976,4.728161434836868,10.192632024589903,1.7747188551205504
4371,8,/Users/reyesmatte/Desktop/copypasta/20260226/processed_masks/PY79_16_cp_masks.tif,PY79_16_cp_masks.tif,113,0.7292013593040967,5.2192224651682775,10.779238574149074,1.880023738894472
4372,8,/Users/reyesmatte/Desktop/copypasta/20260226/processed_masks/PY79_16_cp_masks.tif,PY79_16_cp_masks.tif,118,0.8305353004227989,9.956050836912341,14.235656578145825,2.819589034421861
4373,8,/Users/reyesmatte/Desktop/copypasta/20260226/processed_masks/PY79_16_cp_masks.tif,PY79_16_cp_masks.tif,119,0.8306798934690254,4.3741539035562065,9.170872811368833,1.757715810982044
4374,8,/Users/reyesmatte/Desktop/copypasta/20260226/processed_masks/PY79_16_cp_masks.tif,PY79_16_cp_masks.tif,120,0.7549471829712646,4.9504840350931545,10.525671423367013,1.881056176425235
4375,8,/Users/reyesmatte/Desktop/copypasta/20260226/processed_masks/PY79_16_cp_masks.tif,PY79_16_cp_masks.tif,125,0.7296930086156677,5.215880109941885,10.17643033953735,1.8584375715966241
4376,8,/Users/reyesmatte/Desktop/copypasta/20260226/processed_masks/PY79_16_cp_masks.tif,PY79_16_cp_masks.tif,126,0.7985466075730534,4.286520891185687,8.52505668834387,1.5861935621032854
4377,8,/Users/reyesmatte/Desktop/copypasta/20260226/processed_masks/PY79_16_cp_masks.tif,PY79_16_cp_masks.tif,132,0.7304333815407269,4.83037086742358,9.080346323732297,1.587888947928127
4378,8,/Users/reyesmatte/Desktop/copypasta/20260226/processed_masks/PY79_16_cp_masks.tif,PY79_16_cp_masks.tif,136,0.7407299212738188,5.429195233199429,10.93106433831111,1.960954784361596
4379,8,/Users/reyesmatte/Desktop/copypasta/20260226/processed_masks/PY79_16_cp_masks.tif,PY79_16_cp_masks.tif,140,0.7945219578563247,4.212325359099816,8.494170239983951,1.573143087289398
4380,8,/Users/reyesmatte/Desktop/copypasta/20260226/processed_masks/PY79_16_cp_masks.tif,PY79_16_cp_masks.tif,142,0.7582218290868589,4.383533928546832,8.723251134174117,1.6167695058318134
4381,8,/Users/reyesmatte/Desktop/copypasta/20260226/processed_masks/PY79_16_cp_masks.tif,PY79_16_cp_masks.tif,150,0.7784018379106029,4.644223873158647,9.3499041511382,1.7120784143652672
4382,8,/Users/reyesmatte/Desktop/copypasta/20260226/processed_masks/PY79_16_cp_masks.tif,PY79_16_cp_masks.tif,155,0.743299951601699,4.202995893857104,8.163332652307922,1.4736966158847353
4383,8,/Users/reyesmatte/Desktop/copypasta/20260226/processed_masks/PY79_16_cp_masks.tif,PY79_16_cp_masks.tif,158,0.758696030399961,6.02674793371179,13.276700482792153,2.413763710359432
4384,8,/Users/reyesmatte/Desktop/copypasta/20260226/processed_masks/PY79_16_cp_masks.tif,PY79_16_cp_masks.tif,171,0.6928941364221916,4.316555821893604,7.170049963128284,1.1718381333974397
4385,8,/Users/reyesmatte/Desktop/copypasta/20260226/processed_masks/PY79_16_cp_masks.tif,PY79_16_cp_masks.tif,174,0.7602042282179186,4.692382683074122,10.036519079305174,1.8048846282002005
4386,8,/Users/reyesmatte/Desktop/copypasta/20260226/processed_masks/PY79_16_cp_masks.tif,PY79_16_cp_masks.tif,187,0.7664886290639112,5.878742072954731,11.710051775485919,2.1809701566719646
4387,8,/Users/reyesmatte/Desktop/copypasta/20260226/processed_masks/PY79_16_cp_masks.tif,PY79_16_cp_masks.tif,188,0.6933586933292649,4.508158238011764,7.451953564836555,1.3093384570460336
4388,8,/Users/reyesmatte/Desktop/copypasta/20260226/processed_masks/PY79_16_cp_masks.tif,PY79_16_cp_masks.tif,193,0.7529253217764791,4.2318562134195945,8.829572878920159,1.5851811154392559
4389,8,/Users/reyesmatte/Desktop/copypasta/20260226/processed_masks/PY79_16_cp_masks.tif,PY79_16_cp_masks.tif,200,0.8130428360176567,3.950593853730711,7.835633767953399,1.500224657391972
4390,8,/Users/reyesmatte/Desktop/copypasta/20260226/processed_masks/PY79_16_cp_masks.tif,PY79_16_cp_masks.tif,204,0.7995475655312504,5.601239581434426,11.805160785209026,2.230840854084549
4391,8,/Users/reyesmatte/Desktop/copypasta/20260226/processed_masks/PY79_16_cp_masks.tif,PY79_16_cp_masks.tif,208,0.7752661960925643,3.556303971386757,7.6939331088254965,1.3749025463715996
4392,8,/Users/reyesmatte/Desktop/copypasta/20260226/processed_masks/PY79_16_cp_masks.tif,PY79_16_cp_masks.tif,212,0.8447454107261294,4.07253693453357,7.972396650652715,1.6321235602164847
4393,8,/Users/reyesmatte/Desktop/copypasta/20260226/processed_masks/PY79_16_cp_masks.tif,PY79_16_cp_masks.tif,221,0.8468480599025882,4.0652479388689855,9.046975509283653,1.771092128901082
4394,8,/Users/reyesmatte/Desktop/copypasta/20260226/processed_masks/PY79_16_cp_masks.tif,PY79_16_cp_masks.tif,222,0.7858408957791403,4.560254156295704,10.267873451730825,1.8945235376288208
4395,8,/Users/reyesmatte/Desktop/copypasta/20260226/processed_masks/PY79_16_cp_masks.tif,PY79_16_cp_masks.tif,226,0.761358485531555,6.088054947065394,12.907191760318925,2.345461553440432
4396,8,/Users/reyesmatte/Desktop/copypasta/20260226/processed_masks/PY79_16_cp_masks.tif,PY79_16_cp_masks.tif,231,0.9097422564147598,4.689897493961634,11.04539153909147,2.344027302589146
4397,8,/Users/reyesmatte/Desktop/copypasta/20260226/processed_masks/PY79_16_cp_masks.tif,PY79_16_cp_masks.tif,232,0.7642492925481682,4.2636042979454745,9.774684873064043,1.767373312269913
4398,8,/Users/reyesmatte/Desktop/copypasta/20260226/processed_masks/PY79_16_cp_masks.tif,PY79_16_cp_masks.tif,240,0.8954997056514222,4.390898929867643,9.893890057173714,2.0465641093190023
4399,8,/Users/reyesmatte/Desktop/copypasta/20260226/processed_masks/PY79_16_cp_masks.tif,PY79_16_cp_masks.tif,243,0.7698430646639188,4.382588850431156,9.654288780435893,1.7411877238391356
4400,8,/Users/reyesmatte/Desktop/copypasta/20260226/processed_masks/PY79_16_cp_masks.tif,PY79_16_cp_masks.tif,245,0.7669619786072012,4.348664357310092,9.57142865418678,1.721866134262271
4401,8,/Users/reyesmatte/Desktop/copypasta/20260226/processed_masks/PY79_16_cp_masks.tif,PY79_16_cp_masks.tif,247,0.7149116720245693,5.063687379385296,10.536555781332343,1.7998284491257832
4402,8,/Users/reyesmatte/Desktop/copypasta/20260226/processed_masks/PY79_16_cp_masks.tif,PY79_16_cp_masks.tif,250,0.8440464271589544,4.670476444717881,9.265768108421994,1.8492270082789752
4403,8,/Users/reyesmatte/Desktop/copypasta/20260226/processed_masks/PY79_16_cp_masks.tif,PY79_16_cp_masks.tif,254,0.8034497320371939,4.405934523618848,8.959772799970002,1.6678539587872963
4404,8,/Users/reyesmatte/Desktop/copypasta/20260226/processed_masks/PY79_16_cp_masks.tif,PY79_16_cp_masks.tif,261,0.7382806381048603,4.714350075209062,9.851736537939788,1.72918106317435
4405,8,/Users/reyesmatte/Desktop/copypasta/20260226/processed_masks/PY79_16_cp_masks.tif,PY79_16_cp_masks.tif,265,0.8237007192345953,4.869322948929551,10.455265997534381,2.0118001305998825
4406,8,/Users/reyesmatte/Desktop/copypasta/20260226/processed_masks/PY79_16_cp_masks.tif,PY79_16_cp_masks.tif,266,0.7455729178786313,3.8142056997960854,8.391793497242313,1.4657301339061466
4407,8,/Users/reyesmatte/Desktop/copypasta/20260226/processed_masks/PY79_16_cp_masks.tif,PY79_16_cp_masks.tif,269,0.859112120911857,4.749342383279011,10.202101028071377,2.0350029510738055
4408,8,/Users/reyesmatte/Desktop/copypasta/20260226/processed_masks/PY79_16_cp_masks.tif,PY79_16_cp_masks.tif,272,0.8445078604804291,5.065948336867478,11.4752610408793,2.269730888407277
4409,8,/Users/reyesmatte/Desktop/copypasta/20260226/processed_masks/PY79_16_cp_masks.tif,PY79_16_cp_masks.tif,279,0.713804484304591,4.568691630593074,9.09193224700523,1.5616120191586602
4410,8,/Users/reyesmatte/Desktop/copypasta/20260226/processed_masks/PY79_16_cp_masks.tif,PY79_16_cp_masks.tif,282,0.7805127170179434,3.8077239084033456,8.059697315134617,1.5343410328214573
4411,8,/Users/reyesmatte/Desktop/copypasta/20260226/processed_masks/PY79_16_cp_masks.tif,PY79_16_cp_masks.tif,283,0.796680416145135,4.457391929998014,9.67867193010307,1.8481752294466602
4412,8,/Users/reyesmatte/Desktop/copypasta/20260226/processed_masks/PY79_16_cp_masks.tif,PY79_16_cp_masks.tif,286,0.8488181854347999,4.541400690011588,9.355029654985817,1.8507191019787304
4413,8,/Users/reyesmatte/Desktop/copypasta/20260226/processed_masks/PY79_16_cp_masks.tif,PY79_16_cp_masks.tif,289,0.7935711939758948,5.428750513665069,11.176952297674646,2.0955302861762064
4414,8,/Users/reyesmatte/Desktop/copypasta/20260226/processed_masks/PY79_16_cp_masks.tif,PY79_16_cp_masks.tif,295,0.7983208026300508,4.392736914551388,9.25696744527727,1.836235700525964
4415,8,/Users/reyesmatte/Desktop/copypasta/20260226/processed_masks/PY79_16_cp_masks.tif,PY79_16_cp_masks.tif,296,0.8791748148871201,3.5133896902728106,7.707554658257197,1.537566740219551
4416,8,/Users/reyesmatte/Desktop/copypasta/20260226/processed_masks/PY79_16_cp_masks.tif,PY79_16_cp_masks.tif,298,0.8178297920553526,8.325632612878453,17.858202207238097,3.5154547411023414
4417,8,/Users/reyesmatte/Desktop/copypasta/20260226/processed_masks/PY79_16_cp_masks.tif,PY79_16_cp_masks.tif,308,0.9129989978874349,4.561469609401831,10.702277410336244,2.247236477447147
4418,8,/Users/reyesmatte/Desktop/copypasta/20260226/processed_masks/PY79_16_cp_masks.tif,PY79_16_cp_masks.tif,311,0.8868777983565005,6.479934508916852,15.511804682974436,3.280304985926703
4419,8,/Users/reyesmatte/Desktop/copypasta/20260226/processed_masks/PY79_16_cp_masks.tif,PY79_16_cp_masks.tif,317,0.8466276017288537,3.864111478581157,8.380412583948365,1.7141360279569995
4420,8,/Users/reyesmatte/Desktop/copypasta/20260226/processed_masks/PY79_16_cp_masks.tif,PY79_16_cp_masks.tif,323,0.7225757806493561,4.506235688809188,9.295985045120084,1.6316738083323161
4421,8,/Users/reyesmatte/Desktop/copypasta/20260226/processed_masks/PY79_16_cp_masks.tif,PY79_16_cp_masks.tif,327,0.8405877080313094,4.820853069461537,10.477268376655276,2.112349264956618
4422,8,/Users/reyesmatte/Desktop/copypasta/20260226/processed_masks/PY79_16_cp_masks.tif,PY79_16_cp_masks.tif,338,0.8866451358408659,3.119686398787982,7.950309182825886,1.5829857362450606
4423,8,/Users/reyesmatte/Desktop/copypasta/20260226/processed_masks/PY79_16_cp_masks.tif,PY79_16_cp_masks.tif,339,0.8055174624055604,8.259282647195851,10.387441243442186,1.9731288160487535
4424,8,/Users/reyesmatte/Desktop/copypasta/20260226/processed_masks/PY79_16_cp_masks.tif,PY79_16_cp_masks.tif,348,0.7970311801867911,4.989453162292947,9.803734365121095,1.8457440879233846
4425,8,/Users/reyesmatte/Desktop/copypasta/20260226/processed_masks/PY79_16_cp_masks.tif,PY79_16_cp_masks.tif,363,0.8508742875172569,3.5568878323067814,7.962173178558186,1.6760142394615019
4426,8,/Users/reyesmatte/Desktop/copypasta/20260226/processed_masks/PY79_16_cp_masks.tif,PY79_16_cp_masks.tif,371,0.9192191198121571,3.792659920003148,8.916258618933114,1.8736860202730161
4427,8,/Users/reyesmatte/Desktop/copypasta/20260226/processed_masks/PY79_16_cp_masks.tif,PY79_16_cp_masks.tif,384,0.9004458521431722,6.294307209429038,15.616690757333586,3.3589882984380406
4428,8,/Users/reyesmatte/Desktop/copypasta/20260226/processed_masks/PY79_16_cp_masks.tif,PY79_16_cp_masks.tif,408,0.9072933768741668,6.1601514036547185,17.294092686273046,3.7404304953198793
4429,8,/Users/reyesmatte/Desktop/copypasta/20260226/processed_masks/PY79_16_cp_masks.tif,PY79_16_cp_masks.tif,436,0.889321438272595,2.9883106079519326,8.060112652066953,1.6241789638356328
4430,8,/Users/reyesmatte/Desktop/copypasta/20260226/processed_masks/PY79_16_cp_masks.tif,PY79_16_cp_masks.tif,449,0.7717998188069153,3.8188140734193365,9.204565844719049,1.657679421572593
4431,8,/Users/reyesmatte/Desktop/copypasta/20260226/processed_masks/PY79_17_cp_masks.tif,PY79_17_cp_masks.tif,1,0.7520008236699607,3.8214738643474737,6.852326207571031,1.2662919593041218
4432,8,/Users/reyesmatte/Desktop/copypasta/20260226/processed_masks/PY79_17_cp_masks.tif,PY79_17_cp_masks.tif,6,0.7705337213361517,3.570686440976627,7.5577213770991385,1.3451267776518014
4433,8,/Users/reyesmatte/Desktop/copypasta/20260226/processed_masks/PY79_17_cp_masks.tif,PY79_17_cp_masks.tif,9,0.8595711536027156,3.9786770642424565,10.406668640828821,2.0794940937729405
4434,8,/Users/reyesmatte/Desktop/copypasta/20260226/processed_masks/PY79_17_cp_masks.tif,PY79_17_cp_masks.tif,11,0.7760866280420244,3.633305210707138,7.943655475514415,1.4218197797758243
4435,8,/Users/reyesmatte/Desktop/copypasta/20260226/processed_masks/PY79_17_cp_masks.tif,PY79_17_cp_masks.tif,14,0.8579449914395209,3.985714870161146,9.825357351951277,1.9535122934970246
4436,8,/Users/reyesmatte/Desktop/copypasta/20260226/processed_masks/PY79_17_cp_masks.tif,PY79_17_cp_masks.tif,15,0.7107670442465123,7.315903472546902,13.062989866863898,2.248606056839176
4437,8,/Users/reyesmatte/Desktop/copypasta/20260226/processed_masks/PY79_17_cp_masks.tif,PY79_17_cp_masks.tif,76,0.6804369436607077,9.864982326334143,14.845932122063848,2.5009436645038945
4438,8,/Users/reyesmatte/Desktop/copypasta/20260226/processed_masks/PY79_17_cp_masks.tif,PY79_17_cp_masks.tif,78,0.734772061638358,6.831396943640048,14.161822615128903,2.5152519068010757
4439,8,/Users/reyesmatte/Desktop/copypasta/20260226/processed_masks/PY79_17_cp_masks.tif,PY79_17_cp_masks.tif,112,0.7151648064018155,3.3876005082562055,6.9719277038146155,1.1686345455414315
4440,8,/Users/reyesmatte/Desktop/copypasta/20260226/processed_masks/PY79_17_cp_masks.tif,PY79_17_cp_masks.tif,114,0.7220680671022954,8.988303933303364,15.105464315486666,2.6742259083012967
4441,8,/Users/reyesmatte/Desktop/copypasta/20260226/processed_masks/PY79_17_cp_masks.tif,PY79_17_cp_masks.tif,117,0.7385862299461277,3.490801179097804,7.337519489443134,1.2623690533610445
4442,8,/Users/reyesmatte/Desktop/copypasta/20260226/processed_masks/PY79_17_cp_masks.tif,PY79_17_cp_masks.tif,119,0.7643366360568182,6.44990931680269,13.102222882312189,2.401446019568769
4443,8,/Users/reyesmatte/Desktop/copypasta/20260226/processed_masks/PY79_17_cp_masks.tif,PY79_17_cp_masks.tif,120,0.6595073251118868,4.464985571071825,7.706187587818607,1.2277370020534997
4444,8,/Users/reyesmatte/Desktop/copypasta/20260226/processed_masks/PY79_17_cp_masks.tif,PY79_17_cp_masks.tif,121,0.7109872992424728,6.982262238385724,14.926575238597989,2.5879731219616366
4445,8,/Users/reyesmatte/Desktop/copypasta/20260226/processed_masks/PY79_17_cp_masks.tif,PY79_17_cp_masks.tif,123,0.7658991744770454,9.622185753237794,18.2438941073628,3.424882983690881
4446,8,/Users/reyesmatte/Desktop/copypasta/20260226/processed_masks/PY79_17_cp_masks.tif,PY79_17_cp_masks.tif,125,0.7393899263254671,4.229872260533339,8.601907205427231,1.4956150081483288
4447,8,/Users/reyesmatte/Desktop/copypasta/20260226/processed_masks/PY79_17_cp_masks.tif,PY79_17_cp_masks.tif,129,0.7464077946980022,3.9747172056641893,8.039110731674594,1.4087598022724837
4448,8,/Users/reyesmatte/Desktop/copypasta/20260226/processed_masks/PY79_17_cp_masks.tif,PY79_17_cp_masks.tif,131,0.6959452280149641,8.033436738709803,15.501279673828348,2.6186807406203974
4449,8,/Users/reyesmatte/Desktop/copypasta/20260226/processed_masks/PY79_17_cp_masks.tif,PY79_17_cp_masks.tif,133,0.7074839948647226,3.9137302864794528,7.67787460938757,1.2836755069506731
4450,8,/Users/reyesmatte/Desktop/copypasta/20260226/processed_masks/PY79_17_cp_masks.tif,PY79_17_cp_masks.tif,135,0.7502739591425104,6.168678866870635,13.089960885919972,2.3635349508249925
4451,8,/Users/reyesmatte/Desktop/copypasta/20260226/processed_masks/PY79_17_cp_masks.tif,PY79_17_cp_masks.tif,136,0.7619717750547889,6.575380435591086,13.379407705337673,2.440686259341962
4452,8,/Users/reyesmatte/Desktop/copypasta/20260226/processed_masks/PY79_17_cp_masks.tif,PY79_17_cp_masks.tif,137,0.739681436579617,8.415996854155551,17.147076352499262,3.0770612472965797
4453,8,/Users/reyesmatte/Desktop/copypasta/20260226/processed_masks/PY79_17_cp_masks.tif,PY79_17_cp_masks.tif,138,0.7996244891272777,6.885706200613866,15.06713251151544,2.8899290979249947
4454,8,/Users/reyesmatte/Desktop/copypasta/20260226/processed_masks/PY79_17_cp_masks.tif,PY79_17_cp_masks.tif,140,0.747155844375223,6.096151521925041,11.9293899142668,2.137682011186654
4455,8,/Users/reyesmatte/Desktop/copypasta/20260226/processed_masks/PY79_17_cp_masks.tif,PY79_17_cp_masks.tif,142,0.7518446202655168,5.4604557418686115,10.115663775887317,1.8048382321291943
4456,8,/Users/reyesmatte/Desktop/copypasta/20260226/processed_masks/PY79_17_cp_masks.tif,PY79_17_cp_masks.tif,143,0.8316624825691238,5.215025956192187,11.33836206090132,2.256249423769586
4457,8,/Users/reyesmatte/Desktop/copypasta/20260226/processed_masks/PY79_17_cp_masks.tif,PY79_17_cp_masks.tif,145,0.6803823460189646,2.2590636315610193,4.073474717526193,0.6631699749846556
4458,8,/Users/reyesmatte/Desktop/copypasta/20260226/processed_masks/PY79_17_cp_masks.tif,PY79_17_cp_masks.tif,147,0.7797321030834533,6.9615221324572305,15.602093372407127,2.9271076641598657
4459,8,/Users/reyesmatte/Desktop/copypasta/20260226/processed_masks/PY79_17_cp_masks.tif,PY79_17_cp_masks.tif,148,0.7083247989022791,4.867028068910855,8.469438543061262,1.4102494038215154
4460,8,/Users/reyesmatte/Desktop/copypasta/20260226/processed_masks/PY79_17_cp_masks.tif,PY79_17_cp_masks.tif,149,0.6973294290015436,3.252134341863466,6.152815324717335,1.0742525361523048
4461,8,/Users/reyesmatte/Desktop/copypasta/20260226/processed_masks/PY79_17_cp_masks.tif,PY79_17_cp_masks.tif,152,0.7879239620982333,5.316096301243179,10.455561952838137,1.9434489209532324
4462,8,/Users/reyesmatte/Desktop/copypasta/20260226/processed_masks/PY79_17_cp_masks.tif,PY79_17_cp_masks.tif,153,0.8263472428516025,4.955782528564491,11.403555554643335,2.216182701240433
4463,8,/Users/reyesmatte/Desktop/copypasta/20260226/processed_masks/PY79_17_cp_masks.tif,PY79_17_cp_masks.tif,154,0.7381487317297781,5.075366686941033,10.859294232376072,1.9124965252136557
4464,8,/Users/reyesmatte/Desktop/copypasta/20260226/processed_masks/PY79_17_cp_masks.tif,PY79_17_cp_masks.tif,156,0.7264176427778561,4.384285899033204,7.91316990394496,1.3386202002672667
4465,8,/Users/reyesmatte/Desktop/copypasta/20260226/processed_masks/PY79_17_cp_masks.tif,PY79_17_cp_masks.tif,158,0.7907938445685228,4.881386462042846,11.151720745574867,2.0823984638236652
4466,8,/Users/reyesmatte/Desktop/copypasta/20260226/processed_masks/PY79_17_cp_masks.tif,PY79_17_cp_masks.tif,159,0.8286807950893416,4.1355677662700705,9.981846140383297,1.9224516580284576
4467,8,/Users/reyesmatte/Desktop/copypasta/20260226/processed_masks/PY79_17_cp_masks.tif,PY79_17_cp_masks.tif,160,0.7657533638423907,4.58363005541099,9.323740408841147,1.685221723438986
4468,8,/Users/reyesmatte/Desktop/copypasta/20260226/processed_masks/PY79_17_cp_masks.tif,PY79_17_cp_masks.tif,161,0.7615002123355261,8.666445726826694,18.536962958749232,3.4355023796998516
4469,8,/Users/reyesmatte/Desktop/copypasta/20260226/processed_masks/PY79_17_cp_masks.tif,PY79_17_cp_masks.tif,164,0.6949104793024219,5.054141232725091,11.047621672910642,1.8538453385682807
4470,8,/Users/reyesmatte/Desktop/copypasta/20260226/processed_masks/PY79_17_cp_masks.tif,PY79_17_cp_masks.tif,166,0.7961534583365425,4.2469051733542775,9.118795273198186,1.6929673006174322
4471,8,/Users/reyesmatte/Desktop/copypasta/20260226/processed_masks/PY79_17_cp_masks.tif,PY79_17_cp_masks.tif,167,0.7978220144504135,4.334630712088172,9.253415924633014,1.7331876852332524
4472,8,/Users/reyesmatte/Desktop/copypasta/20260226/processed_masks/PY79_17_cp_masks.tif,PY79_17_cp_masks.tif,168,0.7379662452199021,5.112059999221077,9.58970278937173,1.6851800413355027
4473,8,/Users/reyesmatte/Desktop/copypasta/20260226/processed_masks/PY79_17_cp_masks.tif,PY79_17_cp_masks.tif,169,0.791989443391758,4.714053597280615,9.505446994663718,1.7618433229754022
4474,8,/Users/reyesmatte/Desktop/copypasta/20260226/processed_masks/PY79_17_cp_masks.tif,PY79_17_cp_masks.tif,174,0.7590286780374808,4.488851615322292,9.316967112363093,1.6565922294936934
4475,8,/Users/reyesmatte/Desktop/copypasta/20260226/processed_masks/PY79_17_cp_masks.tif,PY79_17_cp_masks.tif,175,0.8015966239776847,4.371210423350279,9.358068773317017,1.750312521518743
4476,8,/Users/reyesmatte/Desktop/copypasta/20260226/processed_masks/PY79_17_cp_masks.tif,PY79_17_cp_masks.tif,176,0.6693441487090273,4.997407254257365,8.858711893772632,1.4301513632238045
4477,8,/Users/reyesmatte/Desktop/copypasta/20260226/processed_masks/PY79_17_cp_masks.tif,PY79_17_cp_masks.tif,177,0.7360518249084745,3.4691736291667223,6.201825240115812,1.0528718381117002
4478,8,/Users/reyesmatte/Desktop/copypasta/20260226/processed_masks/PY79_17_cp_masks.tif,PY79_17_cp_masks.tif,181,0.7889831652429665,4.003098943648043,9.383896026619922,1.7629211039469095
4479,8,/Users/reyesmatte/Desktop/copypasta/20260226/processed_masks/PY79_17_cp_masks.tif,PY79_17_cp_masks.tif,182,0.8154026437256493,3.4390719028107934,8.558968366774547,1.6191358506311242
4480,8,/Users/reyesmatte/Desktop/copypasta/20260226/processed_masks/PY79_17_cp_masks.tif,PY79_17_cp_masks.tif,183,0.7598099073890504,3.6650607757945712,6.958883073852129,1.2154650527173405
4481,8,/Users/reyesmatte/Desktop/copypasta/20260226/processed_masks/PY79_17_cp_masks.tif,PY79_17_cp_masks.tif,184,0.7453639804597758,7.42987755041081,13.045277330082804,2.3378788511666904
4482,8,/Users/reyesmatte/Desktop/copypasta/20260226/processed_masks/PY79_17_cp_masks.tif,PY79_17_cp_masks.tif,186,0.7899004154813444,4.626727081675543,10.317946620479855,1.936707348854008
4483,8,/Users/reyesmatte/Desktop/copypasta/20260226/processed_masks/PY79_17_cp_masks.tif,PY79_17_cp_masks.tif,187,0.7720631206931697,4.0221034047784645,9.519232251420837,1.7390968351344283
4484,8,/Users/reyesmatte/Desktop/copypasta/20260226/processed_masks/PY79_17_cp_masks.tif,PY79_17_cp_masks.tif,194,0.7761651959343068,3.1076393111460585,5.972578179810303,1.091505343882044
4485,8,/Users/reyesmatte/Desktop/copypasta/20260226/processed_masks/PY79_17_cp_masks.tif,PY79_17_cp_masks.tif,196,0.7879275683770313,3.7803865745567364,7.561620942008793,1.3971298639572038
4486,8,/Users/reyesmatte/Desktop/copypasta/20260226/processed_masks/PY79_17_cp_masks.tif,PY79_17_cp_masks.tif,214,0.7140972782700695,5.767304599388255,11.145037201636287,1.9050559157055353
4487,8,/Users/reyesmatte/Desktop/copypasta/20260226/processed_masks/PY79_17_cp_masks.tif,PY79_17_cp_masks.tif,218,0.7548829303242705,6.711412937035915,13.31481012051673,2.421663829276172
4488,8,/Users/reyesmatte/Desktop/copypasta/20260226/processed_masks/PY79_17_cp_masks.tif,PY79_17_cp_masks.tif,220,0.6999983977195062,5.524136501234755,10.53647464423952,1.764574316695272
4489,8,/Users/reyesmatte/Desktop/copypasta/20260226/processed_masks/PY79_17_cp_masks.tif,PY79_17_cp_masks.tif,223,0.8489563152270856,5.44086407212067,12.733148871053922,2.560986566450352
4490,8,/Users/reyesmatte/Desktop/copypasta/20260226/processed_masks/PY79_17_cp_masks.tif,PY79_17_cp_masks.tif,224,0.7355941607022479,6.023950256825854,12.152498759646383,2.149812793570031
4491,8,/Users/reyesmatte/Desktop/copypasta/20260226/processed_masks/PY79_17_cp_masks.tif,PY79_17_cp_masks.tif,225,0.8072402642636297,4.957518173362562,11.367698864261099,2.1632019473382975
4492,8,/Users/reyesmatte/Desktop/copypasta/20260226/processed_masks/PY79_17_cp_masks.tif,PY79_17_cp_masks.tif,226,0.7835312830738885,5.322503906227622,11.830570782485628,2.1970515855814696
4493,8,/Users/reyesmatte/Desktop/copypasta/20260226/processed_masks/PY79_17_cp_masks.tif,PY79_17_cp_masks.tif,227,0.7349099553082136,4.99903236393867,10.407721800143102,1.8311473411751034
4494,8,/Users/reyesmatte/Desktop/copypasta/20260226/processed_masks/PY79_17_cp_masks.tif,PY79_17_cp_masks.tif,228,0.7691429741105803,5.441880730883738,11.150381361520212,2.0501936259581615
4495,8,/Users/reyesmatte/Desktop/copypasta/20260226/processed_masks/PY79_17_cp_masks.tif,PY79_17_cp_masks.tif,230,0.85274696532075,5.713461663856449,12.60518317129792,2.572619067576966
4496,8,/Users/reyesmatte/Desktop/copypasta/20260226/processed_masks/PY79_17_cp_masks.tif,PY79_17_cp_masks.tif,231,0.8466319851266171,5.667570367415295,12.546209721329406,2.523272083895333
4497,8,/Users/reyesmatte/Desktop/copypasta/20260226/processed_masks/PY79_17_cp_masks.tif,PY79_17_cp_masks.tif,232,0.7209926033405447,6.192822746317294,10.838653577442024,1.8640555483459766
4498,8,/Users/reyesmatte/Desktop/copypasta/20260226/processed_masks/PY79_17_cp_masks.tif,PY79_17_cp_masks.tif,233,0.7461567611465478,5.600272436416483,11.35715478890313,2.0537553278029264
4499,8,/Users/reyesmatte/Desktop/copypasta/20260226/processed_masks/PY79_17_cp_masks.tif,PY79_17_cp_masks.tif,237,0.7350852162151507,7.712023234842985,14.086342333727023,2.5359846993690205
4500,8,/Users/reyesmatte/Desktop/copypasta/20260226/processed_masks/PY79_17_cp_masks.tif,PY79_17_cp_masks.tif,239,0.8308069006334404,5.53490513334709,11.719960533620005,2.308461597776713
4501,8,/Users/reyesmatte/Desktop/copypasta/20260226/processed_masks/PY79_17_cp_masks.tif,PY79_17_cp_masks.tif,241,0.8455824443439572,7.732168144257624,12.779411120492036,2.554764933968151
4502,8,/Users/reyesmatte/Desktop/copypasta/20260226/processed_masks/PY79_17_cp_masks.tif,PY79_17_cp_masks.tif,242,0.8470466881486646,7.003076240399502,9.174986337068095,1.8216921623772524
4503,8,/Users/reyesmatte/Desktop/copypasta/20260226/processed_masks/PY79_17_cp_masks.tif,PY79_17_cp_masks.tif,243,0.809721077445364,4.430774185510393,9.03617884472627,1.7168958341744491
4504,8,/Users/reyesmatte/Desktop/copypasta/20260226/processed_masks/PY79_17_cp_masks.tif,PY79_17_cp_masks.tif,246,0.8394512571601076,4.276950148618848,8.933264166566032,1.726000018143098
4505,8,/Users/reyesmatte/Desktop/copypasta/20260226/processed_masks/PY79_17_cp_masks.tif,PY79_17_cp_masks.tif,248,0.7481176931527034,2.8227941944698243,5.352141566438139,0.9885130037597906
4506,8,/Users/reyesmatte/Desktop/copypasta/20260226/processed_masks/PY79_43_cp_masks.tif,PY79_43_cp_masks.tif,1,0.7213685069254766,5.043292804101802,10.696416424857674,1.8763720540073936
4507,8,/Users/reyesmatte/Desktop/copypasta/20260226/processed_masks/PY79_43_cp_masks.tif,PY79_43_cp_masks.tif,2,0.7171860165386612,4.130996274037202,7.476498097771113,1.2556387651488212
4508,8,/Users/reyesmatte/Desktop/copypasta/20260226/processed_masks/PY79_43_cp_masks.tif,PY79_43_cp_masks.tif,3,0.7006556828021746,4.361440057173737,8.431371509462807,1.4792132781045928
4509,8,/Users/reyesmatte/Desktop/copypasta/20260226/processed_masks/PY79_43_cp_masks.tif,PY79_43_cp_masks.tif,4,0.809353541503939,10.721232788011667,16.03887970080246,3.156107521268849
4510,8,/Users/reyesmatte/Desktop/copypasta/20260226/processed_masks/PY79_43_cp_masks.tif,PY79_43_cp_masks.tif,5,0.7053914580633848,3.390585990344669,7.617598264567601,1.2608157603018246
4511,8,/Users/reyesmatte/Desktop/copypasta/20260226/processed_masks/PY79_43_cp_masks.tif,PY79_43_cp_masks.tif,6,0.6473911870292558,7.344864766188091,8.283635015990328,1.3106739756240091
4512,8,/Users/reyesmatte/Desktop/copypasta/20260226/processed_masks/PY79_43_cp_masks.tif,PY79_43_cp_masks.tif,7,0.7903680205154262,6.28852495327271,14.17585487131913,2.6817312085035248
4513,8,/Users/reyesmatte/Desktop/copypasta/20260226/processed_masks/PY79_43_cp_masks.tif,PY79_43_cp_masks.tif,8,0.866984438684362,6.250046769265908,14.8948490984472,3.0663217045079247
4514,8,/Users/reyesmatte/Desktop/copypasta/20260226/processed_masks/PY79_43_cp_masks.tif,PY79_43_cp_masks.tif,9,0.6290444016552049,4.291923637977895,6.793826688000199,1.0483665938015012
4515,8,/Users/reyesmatte/Desktop/copypasta/20260226/processed_masks/PY79_43_cp_masks.tif,PY79_43_cp_masks.tif,10,0.7229419114111929,6.5431093221329535,13.668224297215039,2.401685060348323
4516,8,/Users/reyesmatte/Desktop/copypasta/20260226/processed_masks/PY79_43_cp_masks.tif,PY79_43_cp_masks.tif,11,0.8087582512642966,4.28834663617518,10.383298921117394,1.9852873068665262
4517,8,/Users/reyesmatte/Desktop/copypasta/20260226/processed_masks/PY79_43_cp_masks.tif,PY79_43_cp_masks.tif,14,0.7948514274196605,3.6401131077906266,8.0048185404912,1.5317091804345992
4518,8,/Users/reyesmatte/Desktop/copypasta/20260226/processed_masks/PY79_43_cp_masks.tif,PY79_43_cp_masks.tif,15,0.7634390964447172,4.034299994669739,7.899233050168273,1.4786933384875705
4519,8,/Users/reyesmatte/Desktop/copypasta/20260226/processed_masks/PY79_43_cp_masks.tif,PY79_43_cp_masks.tif,16,0.7931817413093821,4.141213607235658,8.280966957322462,1.6058144511705748
4520,8,/Users/reyesmatte/Desktop/copypasta/20260226/processed_masks/PY79_43_cp_masks.tif,PY79_43_cp_masks.tif,18,0.8356613514267824,6.562213330296888,13.291377092068538,2.6264099205172613
4521,8,/Users/reyesmatte/Desktop/copypasta/20260226/processed_masks/PY79_43_cp_masks.tif,PY79_43_cp_masks.tif,20,0.7758953607519559,7.439185329103295,15.087030775862814,2.810523202007435
4522,8,/Users/reyesmatte/Desktop/copypasta/20260226/processed_masks/PY79_43_cp_masks.tif,PY79_43_cp_masks.tif,22,0.8333213911256983,5.776948412153573,13.025915858301481,2.5655920185444607
4523,8,/Users/reyesmatte/Desktop/copypasta/20260226/processed_masks/PY79_43_cp_masks.tif,PY79_43_cp_masks.tif,23,0.867443960071525,6.3194479313072005,14.43115328341732,2.973316851251614
4524,8,/Users/reyesmatte/Desktop/copypasta/20260226/processed_masks/PY79_43_cp_masks.tif,PY79_43_cp_masks.tif,24,0.7910630929802169,6.672793232369367,15.609577739716531,2.9626300459711645
4525,8,/Users/reyesmatte/Desktop/copypasta/20260226/processed_masks/PY79_43_cp_masks.tif,PY79_43_cp_masks.tif,25,0.7737331288833661,3.680638006148043,8.779242034548242,1.577527871218267
4526,8,/Users/reyesmatte/Desktop/copypasta/20260226/processed_masks/PY79_43_cp_masks.tif,PY79_43_cp_masks.tif,26,0.7702476481314274,3.9479362213907554,8.720553994926158,1.5661527966291497
4527,8,/Users/reyesmatte/Desktop/copypasta/20260226/processed_masks/PY79_43_cp_masks.tif,PY79_43_cp_masks.tif,27,0.7947308421448056,4.295074451904249,9.74961240977438,1.8110501868299247
4528,8,/Users/reyesmatte/Desktop/copypasta/20260226/processed_masks/PY79_43_cp_masks.tif,PY79_43_cp_masks.tif,28,0.8023658747917203,4.5079099299235805,9.048725873459345,1.7524956666841638
4529,8,/Users/reyesmatte/Desktop/copypasta/20260226/processed_masks/PY79_43_cp_masks.tif,PY79_43_cp_masks.tif,29,0.7662601081676632,4.205817883563539,8.837091613507331,1.6035696537851667
4530,8,/Users/reyesmatte/Desktop/copypasta/20260226/processed_masks/PY79_43_cp_masks.tif,PY79_43_cp_masks.tif,30,0.8315860751118763,5.474093804915296,11.845652124784637,2.33787885116669
4531,8,/Users/reyesmatte/Desktop/copypasta/20260226/processed_masks/PY79_43_cp_masks.tif,PY79_43_cp_masks.tif,31,0.7814912704973938,3.573855049564962,6.8484428966916395,1.26068976554963
4532,8,/Users/reyesmatte/Desktop/copypasta/20260226/processed_masks/PY79_43_cp_masks.tif,PY79_43_cp_masks.tif,32,0.8121595311720303,4.683864645965267,10.00169002298577,1.9160741717663796
4533,8,/Users/reyesmatte/Desktop/copypasta/20260226/processed_masks/PY79_43_cp_masks.tif,PY79_43_cp_masks.tif,33,0.8123672741655895,3.606729444948948,7.530000179093392,1.3911428280867735
4534,8,/Users/reyesmatte/Desktop/copypasta/20260226/processed_masks/PY79_43_cp_masks.tif,PY79_43_cp_masks.tif,34,0.7718753267182142,8.97452990090136,19.370125399320056,3.628231162479096
4535,8,/Users/reyesmatte/Desktop/copypasta/20260226/processed_masks/PY79_43_cp_masks.tif,PY79_43_cp_masks.tif,35,0.7387310331167605,5.889122234099815,11.645977890028817,2.1156922372453484
4536,8,/Users/reyesmatte/Desktop/copypasta/20260226/processed_masks/PY79_43_cp_masks.tif,PY79_43_cp_masks.tif,37,0.7438245829623267,5.104835822954732,9.661646850266399,1.7314712970612511
4537,8,/Users/reyesmatte/Desktop/copypasta/20260226/processed_masks/PY79_43_cp_masks.tif,PY79_43_cp_masks.tif,39,0.7338755451546991,4.643508698335354,9.159256643735953,1.586251518174625
4538,8,/Users/reyesmatte/Desktop/copypasta/20260226/processed_masks/PY79_43_cp_masks.tif,PY79_43_cp_masks.tif,40,0.7902958624484582,5.313928658958836,12.79591791866739,2.4025627083283734
4539,8,/Users/reyesmatte/Desktop/copypasta/20260226/processed_masks/PY79_43_cp_masks.tif,PY79_43_cp_masks.tif,42,0.7607717666780166,4.761078679858045,10.118697119275911,1.8268790501713874
4540,8,/Users/reyesmatte/Desktop/copypasta/20260226/processed_masks/PY79_43_cp_masks.tif,PY79_43_cp_masks.tif,43,0.7231180869727054,3.916639364013104,8.715283426441648,1.486658425625807
4541,8,/Users/reyesmatte/Desktop/copypasta/20260226/processed_masks/PY79_43_cp_masks.tif,PY79_43_cp_masks.tif,44,0.7285428542405662,4.872698432169739,10.041713648176202,1.737401167795267
4542,8,/Users/reyesmatte/Desktop/copypasta/20260226/processed_masks/PY79_43_cp_masks.tif,PY79_43_cp_masks.tif,45,0.772798437954543,5.594109894175543,12.78915146612537,2.3605836945926777
4543,8,/Users/reyesmatte/Desktop/copypasta/20260226/processed_masks/PY79_43_cp_masks.tif,PY79_43_cp_masks.tif,46,0.6563409757725914,4.149144927976724,7.929533808359371,1.2856004830110777
4544,8,/Users/reyesmatte/Desktop/copypasta/20260226/processed_masks/PY79_43_cp_masks.tif,PY79_43_cp_masks.tif,47,0.7594607140165343,5.807793149037201,11.854278860721863,2.14138721969187
4545,8,/Users/reyesmatte/Desktop/copypasta/20260226/processed_masks/PY79_43_cp_masks.tif,PY79_43_cp_masks.tif,48,0.816501374993772,4.3059116687779575,9.635103498409691,1.8272847842920585
4546,8,/Users/reyesmatte/Desktop/copypasta/20260226/processed_masks/PY79_43_cp_masks.tif,PY79_43_cp_masks.tif,49,0.6861811026501317,4.674672953693971,8.056198012133217,1.3644269681098233
4547,8,/Users/reyesmatte/Desktop/copypasta/20260226/processed_masks/PY79_43_cp_masks.tif,PY79_43_cp_masks.tif,50,0.6982096844093406,6.739529352724912,12.240785148148795,2.0708283693836758
4548,8,/Users/reyesmatte/Desktop/copypasta/20260226/processed_masks/PY79_43_cp_masks.tif,PY79_43_cp_masks.tif,51,0.7522152518455535,5.009209606023708,9.924137172209155,1.7625010840190303
4549,8,/Users/reyesmatte/Desktop/copypasta/20260226/processed_masks/PY79_43_cp_masks.tif,PY79_43_cp_masks.tif,52,0.7939834316885399,5.025557569948946,10.942445684139782,2.044232625199037
4550,8,/Users/reyesmatte/Desktop/copypasta/20260226/processed_masks/PY79_43_cp_masks.tif,PY79_43_cp_masks.tif,53,0.7918889517760679,3.640362144491162,7.675768601507288,1.4278323560065083
4551,8,/Users/reyesmatte/Desktop/copypasta/20260226/processed_masks/PY79_43_cp_masks.tif,PY79_43_cp_masks.tif,54,0.738974686156919,5.206283937358007,10.263870282411467,1.8191640728400436
4552,8,/Users/reyesmatte/Desktop/copypasta/20260226/processed_masks/PY79_12_cp_masks.tif,PY79_12_cp_masks.tif,41,0.7000820987437446,5.386392352733197,9.305716302347376,1.5891684384999152
4553,8,/Users/reyesmatte/Desktop/copypasta/20260226/processed_masks/PY79_12_cp_masks.tif,PY79_12_cp_masks.tif,48,0.8027981982937775,4.4845807723337305,8.724750676131272,1.6342272633102515
4554,8,/Users/reyesmatte/Desktop/copypasta/20260226/processed_masks/PY79_12_cp_masks.tif,PY79_12_cp_masks.tif,56,0.8030347303185121,4.722791672496028,9.26132843498129,1.7286541024325008
4555,8,/Users/reyesmatte/Desktop/copypasta/20260226/processed_masks/PY79_12_cp_masks.tif,PY79_12_cp_masks.tif,57,0.680610796622126,3.7470620522355866,7.022298010786507,1.1234399212220056
4556,8,/Users/reyesmatte/Desktop/copypasta/20260226/processed_masks/PY79_12_cp_masks.tif,PY79_12_cp_masks.tif,64,0.7493886672822266,4.267108571992984,8.841044238663123,1.5674676454417003
4557,8,/Users/reyesmatte/Desktop/copypasta/20260226/processed_masks/PY79_12_cp_masks.tif,PY79_12_cp_masks.tif,68,0.7793232786345662,4.1558622750712955,9.042974296731792,1.6422663887828441
4558,8,/Users/reyesmatte/Desktop/copypasta/20260226/processed_masks/PY79_12_cp_masks.tif,PY79_12_cp_masks.tif,69,0.8154133418636651,4.887182326022556,9.663258729540004,1.8482721774605932
4559,8,/Users/reyesmatte/Desktop/copypasta/20260226/processed_masks/PY79_12_cp_masks.tif,PY79_12_cp_masks.tif,73,0.7704371348316542,4.877607406711032,10.05019768770084,1.8196653257720163
4560,8,/Users/reyesmatte/Desktop/copypasta/20260226/processed_masks/PY79_12_cp_masks.tif,PY79_12_cp_masks.tif,77,0.849353261551359,11.565880251638177,23.684242200227303,4.905615111969588
4561,8,/Users/reyesmatte/Desktop/copypasta/20260226/processed_masks/PY79_12_cp_masks.tif,PY79_12_cp_masks.tif,96,0.8355803298917547,3.787006868961636,8.276193555298155,1.5875775961995078
4562,8,/Users/reyesmatte/Desktop/copypasta/20260226/processed_masks/PY79_12_cp_masks.tif,PY79_12_cp_masks.tif,98,0.7660039362683784,4.691778942079697,8.571666321135142,1.5576040058538902
4563,8,/Users/reyesmatte/Desktop/copypasta/20260226/processed_masks/PY79_12_cp_masks.tif,PY79_12_cp_masks.tif,104,0.8213183413328395,4.801497795474737,10.052009078378298,1.922539925297274
4564,8,/Users/reyesmatte/Desktop/copypasta/20260226/processed_masks/PY79_12_cp_masks.tif,PY79_12_cp_masks.tif,114,0.8020893267672795,8.222178478686658,16.2110152132836,3.2305111476728947
4565,8,/Users/reyesmatte/Desktop/copypasta/20260226/processed_masks/PY79_12_cp_masks.tif,PY79_12_cp_masks.tif,133,0.8252357555805435,4.210539705223741,8.909310293421775,1.692051108026717
4566,8,/Users/reyesmatte/Desktop/copypasta/20260226/processed_masks/PY79_12_cp_masks.tif,PY79_12_cp_masks.tif,142,0.8354248849068275,4.147802945672222,8.38961573514166,1.679581514787088
4567,8,/Users/reyesmatte/Desktop/copypasta/20260226/processed_masks/PY79_49_cp_masks.tif,PY79_49_cp_masks.tif,13,0.7357248233283252,4.416836805713005,8.181999894987996,1.491869508785498
4568,8,/Users/reyesmatte/Desktop/copypasta/20260226/processed_masks/PY79_49_cp_masks.tif,PY79_49_cp_masks.tif,15,0.8092194471397596,8.299193335924338,16.08154636229652,3.1570641738710403
4569,8,/Users/reyesmatte/Desktop/copypasta/20260226/processed_masks/PY79_49_cp_masks.tif,PY79_49_cp_masks.tif,21,0.7519458869179539,3.891248905731929,7.405129416887281,1.3030797142123471
4570,8,/Users/reyesmatte/Desktop/copypasta/20260226/processed_masks/PY79_49_cp_masks.tif,PY79_49_cp_masks.tif,60,0.7333566005767984,3.9293711970991745,7.71706088636572,1.3204835652281948
4571,8,/Users/reyesmatte/Desktop/copypasta/20260226/processed_masks/PY79_49_cp_masks.tif,PY79_49_cp_masks.tif,64,0.7609973662979146,3.8473396262347554,7.102939271149333,1.3246867372209485
4572,8,/Users/reyesmatte/Desktop/copypasta/20260226/processed_masks/PY79_49_cp_masks.tif,PY79_49_cp_masks.tif,67,0.7978264543284037,3.4490603307194365,7.237207263674704,1.3149557398547678
4573,8,/Users/reyesmatte/Desktop/copypasta/20260226/processed_masks/PY79_49_cp_masks.tif,PY79_49_cp_masks.tif,71,0.8061205055719429,3.4931149646219946,6.970855079210803,1.2755882668461318
4574,8,/Users/reyesmatte/Desktop/copypasta/20260226/processed_masks/PY79_49_cp_masks.tif,PY79_49_cp_masks.tif,76,0.8366426231940556,3.3844053152728106,7.08416016392318,1.3437465423668793
4575,8,/Users/reyesmatte/Desktop/copypasta/20260226/processed_masks/PY79_49_cp_masks.tif,PY79_49_cp_masks.tif,80,0.8447585826729528,2.8964972539428535,6.250649787717981,1.1637954496181553
4576,8,/Users/reyesmatte/Desktop/copypasta/20260226/processed_masks/PY79_49_cp_masks.tif,PY79_49_cp_masks.tif,84,0.8266512491832787,6.47652879974907,13.014093004360104,2.5467864212235427
4577,8,/Users/reyesmatte/Desktop/copypasta/20260226/processed_masks/PY79_49_cp_masks.tif,PY79_49_cp_masks.tif,95,0.7438070202797112,3.411542742423582,6.332076888751828,1.079753813859883
4578,8,/Users/reyesmatte/Desktop/copypasta/20260226/processed_masks/PY79_49_cp_masks.tif,PY79_49_cp_masks.tif,99,0.7690020554135187,4.176414957146528,8.455201453622195,1.5882153499948266
4579,8,/Users/reyesmatte/Desktop/copypasta/20260226/processed_masks/PY79_49_cp_masks.tif,PY79_49_cp_masks.tif,104,0.8616321582726683,3.160188385835355,7.091619960017489,1.3632478359364837
4580,8,/Users/reyesmatte/Desktop/copypasta/20260226/processed_masks/PY79_49_cp_masks.tif,PY79_49_cp_masks.tif,112,0.9088294160415957,3.415702172650462,7.822614538039165,1.581697852413135
4581,8,/Users/reyesmatte/Desktop/copypasta/20260226/processed_masks/PY79_49_cp_masks.tif,PY79_49_cp_masks.tif,117,0.908714135818221,3.297782907691245,7.637824273822321,1.5395630267929892
4582,8,/Users/reyesmatte/Desktop/copypasta/20260226/processed_masks/PY79_49_cp_masks.tif,PY79_49_cp_masks.tif,123,0.9046433629007304,3.509362862064963,8.24335009156684,1.6733601525007582
4583,8,/Users/reyesmatte/Desktop/copypasta/20260226/processed_masks/PY79_49_cp_masks.tif,PY79_49_cp_masks.tif,128,0.7642206434562533,7.206364471725124,14.661206966054408,2.8438198305223885
4584,8,/Users/reyesmatte/Desktop/copypasta/20260226/processed_masks/PY79_49_cp_masks.tif,PY79_49_cp_masks.tif,139,0.7235368703053114,4.471004112970725,8.74092216029999,1.487735624904671
4585,8,/Users/reyesmatte/Desktop/copypasta/20260226/processed_masks/PY79_49_cp_masks.tif,PY79_49_cp_masks.tif,146,0.7379481870198107,3.798495867423581,6.615057989610868,1.1871798016677424
4586,8,/Users/reyesmatte/Desktop/copypasta/20260226/processed_masks/PY79_49_cp_masks.tif,PY79_49_cp_masks.tif,148,0.8349231185395048,7.545625958079265,16.612483869834,3.3222588323985245
4587,8,/Users/reyesmatte/Desktop/copypasta/20260226/processed_masks/PY79_49_cp_masks.tif,PY79_49_cp_masks.tif,152,0.8235271834740601,4.5860038317617935,9.729730195124265,1.8589050174824953
4588,8,/Users/reyesmatte/Desktop/copypasta/20260226/processed_masks/PY79_49_cp_masks.tif,PY79_49_cp_masks.tif,154,0.835796286552974,4.616474224867381,9.384786771348361,1.8251315319742776
4589,8,/Users/reyesmatte/Desktop/copypasta/20260226/processed_masks/PY79_49_cp_masks.tif,PY79_49_cp_masks.tif,157,0.8381926641491586,4.455656285199942,9.588999548321562,1.862642847904565
4590,8,/Users/reyesmatte/Desktop/copypasta/20260226/processed_masks/PY79_49_cp_masks.tif,PY79_49_cp_masks.tif,158,0.7595569627119662,3.8701693815527336,8.339265437587343,1.4842272841025321
4591,8,/Users/reyesmatte/Desktop/copypasta/20260226/processed_masks/PY79_49_cp_masks.tif,PY79_49_cp_masks.tif,159,0.8122993330510148,3.474127109481816,7.855892106134009,1.4700808562021228
4592,8,/Users/reyesmatte/Desktop/copypasta/20260226/processed_masks/PY79_49_cp_masks.tif,PY79_49_cp_masks.tif,160,0.8041088849807502,6.274075462092171,14.46473481231987,2.786235568841523
4593,8,/Users/reyesmatte/Desktop/copypasta/20260226/processed_masks/PY79_49_cp_masks.tif,PY79_49_cp_masks.tif,162,0.8241683696151404,5.710805166651265,12.65710859694403,2.470590664403908
4594,8,/Users/reyesmatte/Desktop/copypasta/20260226/processed_masks/PY79_49_cp_masks.tif,PY79_49_cp_masks.tif,167,0.8119593262680904,4.058174757448946,8.678757180612351,1.6237270655099796
4595,8,/Users/reyesmatte/Desktop/copypasta/20260226/processed_masks/PY79_49_cp_masks.tif,PY79_49_cp_masks.tif,168,0.8096340748618098,4.029751078693973,8.06561455180694,1.521035024610829
4596,8,/Users/reyesmatte/Desktop/copypasta/20260226/processed_masks/PY79_49_cp_masks.tif,PY79_49_cp_masks.tif,174,0.8144538989825997,3.3989662192150334,7.552589551453334,1.400845159107765
4597,8,/Users/reyesmatte/Desktop/copypasta/20260226/processed_masks/PY79_49_cp_masks.tif,PY79_49_cp_masks.tif,178,0.7688225520966954,4.323661408403345,9.250921225047222,1.6716289817699266
4598,8,/Users/reyesmatte/Desktop/copypasta/20260226/processed_masks/PY79_49_cp_masks.tif,PY79_49_cp_masks.tif,182,0.7769517015694104,3.7423764259919143,8.218084717294127,1.4761015211852673
4599,8,/Users/reyesmatte/Desktop/copypasta/20260226/processed_masks/PY79_49_cp_masks.tif,PY79_49_cp_masks.tif,186,0.7092543848856746,3.948624182650661,7.61626872475682,1.3114448556188565
4600,8,/Users/reyesmatte/Desktop/copypasta/20260226/processed_masks/PY79_44_cp_masks.tif,PY79_44_cp_masks.tif,14,0.7526722261142512,3.9500343509263103,7.324184669742338,1.4394269577136833
4601,8,/Users/reyesmatte/Desktop/copypasta/20260226/processed_masks/PY79_44_cp_masks.tif,PY79_44_cp_masks.tif,17,0.8333765456933991,3.977925996051007,8.352156871611161,1.6025928139316983
4602,8,/Users/reyesmatte/Desktop/copypasta/20260226/processed_masks/PY79_44_cp_masks.tif,PY79_44_cp_masks.tif,19,0.7240646284007576,6.272311745205946,9.08183966162506,1.5578649525955326
4603,8,/Users/reyesmatte/Desktop/copypasta/20260226/processed_masks/PY79_44_cp_masks.tif,PY79_44_cp_masks.tif,21,0.79617683998264,7.754208611957347,16.130254314108534,3.125862215435725
4604,8,/Users/reyesmatte/Desktop/copypasta/20260226/processed_masks/PY79_44_cp_masks.tif,PY79_44_cp_masks.tif,25,0.6921738023403419,4.194041200771601,8.300236555777328,1.364871361117042
4605,8,/Users/reyesmatte/Desktop/copypasta/20260226/processed_masks/PY79_44_cp_masks.tif,PY79_44_cp_masks.tif,26,0.6703932761586185,4.146443057446744,7.486635556534841,1.1868175403966048
4606,8,/Users/reyesmatte/Desktop/copypasta/20260226/processed_masks/PY79_44_cp_masks.tif,PY79_44_cp_masks.tif,27,0.7234074886080389,3.496328080944129,7.075093850279147,1.1955054522622768
4607,8,/Users/reyesmatte/Desktop/copypasta/20260226/processed_masks/PY79_44_cp_masks.tif,PY79_44_cp_masks.tif,28,0.7317380019778278,4.28604558757958,8.833049005021863,1.5549168431304439
4608,8,/Users/reyesmatte/Desktop/copypasta/20260226/processed_masks/PY79_44_cp_masks.tif,PY79_44_cp_masks.tif,29,0.7791490828791638,6.817788520795676,14.14150244905515,2.636506495671235
4609,8,/Users/reyesmatte/Desktop/copypasta/20260226/processed_masks/PY79_44_cp_masks.tif,PY79_44_cp_masks.tif,30,0.7043720189849039,4.212128128480913,8.468374506284034,1.4062214384209193
4610,8,/Users/reyesmatte/Desktop/copypasta/20260226/processed_masks/PY79_44_cp_masks.tif,PY79_44_cp_masks.tif,33,0.744475979156256,7.15959226577006,8.738014767670162,1.5828649491301527
4611,8,/Users/reyesmatte/Desktop/copypasta/20260226/processed_masks/PY79_44_cp_masks.tif,PY79_44_cp_masks.tif,35,0.8773297876940449,8.339516887952122,20.801722391729456,4.39997053355139
4612,8,/Users/reyesmatte/Desktop/copypasta/20260226/processed_masks/PY79_44_cp_masks.tif,PY79_44_cp_masks.tif,38,0.7534691020338723,6.883021354710522,15.111952635915815,2.780378551312616
4613,8,/Users/reyesmatte/Desktop/copypasta/20260226/processed_masks/PY79_44_cp_masks.tif,PY79_44_cp_masks.tif,39,0.7755976519747985,7.283334949905759,15.056798511806917,2.914155553406056
4614,8,/Users/reyesmatte/Desktop/copypasta/20260226/processed_masks/PY79_44_cp_masks.tif,PY79_44_cp_masks.tif,45,0.7869256975383642,3.5819143789640364,8.151929271273847,1.4804686584014832
4615,8,/Users/reyesmatte/Desktop/copypasta/20260226/processed_masks/PY79_44_cp_masks.tif,PY79_44_cp_masks.tif,46,0.7655811969681592,3.8427219049144363,8.698135898437725,1.5699854606645534
4616,8,/Users/reyesmatte/Desktop/copypasta/20260226/processed_masks/PY79_44_cp_masks.tif,PY79_44_cp_masks.tif,51,0.7583909393950182,4.441580673362562,9.185967183398718,1.6721907794448625
4617,8,/Users/reyesmatte/Desktop/copypasta/20260226/processed_masks/PY79_44_cp_masks.tif,PY79_44_cp_masks.tif,54,0.762575614085078,3.957790819946746,7.551452647755412,1.4305459627051365
4618,8,/Users/reyesmatte/Desktop/copypasta/20260226/processed_masks/PY79_44_cp_masks.tif,PY79_44_cp_masks.tif,58,0.8085964619932706,4.348789878128859,9.648839079429823,1.8776315310132845
4619,8,/Users/reyesmatte/Desktop/copypasta/20260226/processed_masks/PY79_44_cp_masks.tif,PY79_44_cp_masks.tif,60,0.773229725435007,4.311911349466863,9.478982443678502,1.795467562532239
4620,8,/Users/reyesmatte/Desktop/copypasta/20260226/processed_masks/PY79_44_cp_masks.tif,PY79_44_cp_masks.tif,64,0.8102176066672793,4.822751542206235,11.105539100544359,2.115070491150603
4621,8,/Users/reyesmatte/Desktop/copypasta/20260226/processed_masks/PY79_44_cp_masks.tif,PY79_44_cp_masks.tif,67,0.7900155440930213,4.21864432254593,8.698987875151225,1.6120462479503446
4622,8,/Users/reyesmatte/Desktop/copypasta/20260226/processed_masks/PY79_44_cp_masks.tif,PY79_44_cp_masks.tif,70,0.8179591317037825,6.077501489339188,13.133703533320258,2.5601020118800366
4623,8,/Users/reyesmatte/Desktop/copypasta/20260226/processed_masks/PY79_44_cp_masks.tif,PY79_44_cp_masks.tif,74,0.8057851896803384,4.466299932991518,8.51617937948443,1.5958281537115768
4624,8,/Users/reyesmatte/Desktop/copypasta/20260226/processed_masks/PY79_44_cp_masks.tif,PY79_44_cp_masks.tif,76,0.8849613361307763,5.772331744633824,13.709586234369327,2.861929641734789
4625,8,/Users/reyesmatte/Desktop/copypasta/20260226/processed_masks/PY79_44_cp_masks.tif,PY79_44_cp_masks.tif,81,0.8627204757249392,6.167159903490056,13.56197179435775,2.8971584293647976
4626,8,/Users/reyesmatte/Desktop/copypasta/20260226/processed_masks/PY79_44_cp_masks.tif,PY79_44_cp_masks.tif,84,0.8222890114868043,5.955150159702048,12.403708602765867,2.5207143509170473
4627,8,/Users/reyesmatte/Desktop/copypasta/20260226/processed_masks/PY79_44_cp_masks.tif,PY79_44_cp_masks.tif,94,0.8268733040988115,6.140446364760448,13.070720146594908,2.587046112800523
4628,8,/Users/reyesmatte/Desktop/copypasta/20260226/processed_masks/PY79_44_cp_masks.tif,PY79_44_cp_masks.tif,97,0.7980871786929666,4.239008671901831,8.537388855937593,1.5747455287491687
4629,8,/Users/reyesmatte/Desktop/copypasta/20260226/processed_masks/PY79_44_cp_masks.tif,PY79_44_cp_masks.tif,99,0.8255723247116198,5.979214502962696,12.346333230604754,2.457081114138775
4630,8,/Users/reyesmatte/Desktop/copypasta/20260226/processed_masks/PY79_44_cp_masks.tif,PY79_44_cp_masks.tif,100,0.7737295016688942,4.502300970348377,8.831261414422935,1.6349266157377147
4631,8,/Users/reyesmatte/Desktop/copypasta/20260226/processed_masks/PY79_44_cp_masks.tif,PY79_44_cp_masks.tif,102,0.765153935855034,4.710361503277381,9.552746117139263,1.7151245621630473
4632,8,/Users/reyesmatte/Desktop/copypasta/20260226/processed_masks/PY79_44_cp_masks.tif,PY79_44_cp_masks.tif,103,0.7220626276092165,4.70830447482634,9.546370273126781,1.6300122144103526
4633,8,/Users/reyesmatte/Desktop/copypasta/20260226/processed_masks/PY79_44_cp_masks.tif,PY79_44_cp_masks.tif,104,0.7895405024301978,6.284028472546902,11.887476319382726,2.2306285312412473
4634,8,/Users/reyesmatte/Desktop/copypasta/20260226/processed_masks/PY79_44_cp_masks.tif,PY79_44_cp_masks.tif,108,0.7626323919552942,5.9682121543862685,11.036576595271953,2.0658718284840814
4635,8,/Users/reyesmatte/Desktop/copypasta/20260226/processed_masks/PY79_44_cp_masks.tif,PY79_44_cp_masks.tif,109,0.6988446890217053,6.676053220663995,12.46198884547809,2.114815530776307
4636,8,/Users/reyesmatte/Desktop/copypasta/20260226/processed_masks/PY79_31_cp_masks.tif,PY79_31_cp_masks.tif,10,0.7154050791871118,5.009717964615333,10.290946046058911,1.7556177341727512
4637,8,/Users/reyesmatte/Desktop/copypasta/20260226/processed_masks/PY79_31_cp_masks.tif,PY79_31_cp_masks.tif,11,0.7610164211017489,4.184910927353117,9.1598139991648,1.6834957085529298
4638,8,/Users/reyesmatte/Desktop/copypasta/20260226/processed_masks/PY79_31_cp_masks.tif,PY79_31_cp_masks.tif,12,0.7226401608494446,7.551880547061838,12.392158365776218,2.168086825045859
4639,8,/Users/reyesmatte/Desktop/copypasta/20260226/processed_masks/PY79_31_cp_masks.tif,PY79_31_cp_masks.tif,13,0.7731025536626557,4.726450845014007,11.201248355059679,2.0463042915373952
4640,8,/Users/reyesmatte/Desktop/copypasta/20260226/processed_masks/PY79_31_cp_masks.tif,PY79_31_cp_masks.tif,18,0.6938182248587863,4.696240782342216,9.192260373704473,1.5353212290805658
4641,8,/Users/reyesmatte/Desktop/copypasta/20260226/processed_masks/PY79_31_cp_masks.tif,PY79_31_cp_masks.tif,19,0.7671379596366876,4.461837475674639,9.804332744248205,1.7708816530720526
4642,8,/Users/reyesmatte/Desktop/copypasta/20260226/processed_masks/PY79_31_cp_masks.tif,PY79_31_cp_masks.tif,20,0.8119447248958052,4.378777313317667,10.11764859039604,1.917051076838297
4643,8,/Users/reyesmatte/Desktop/copypasta/20260226/processed_masks/PY79_31_cp_masks.tif,PY79_31_cp_masks.tif,21,0.811694867409212,4.076479683342956,8.075494672879339,1.5302498778055598
4644,8,/Users/reyesmatte/Desktop/copypasta/20260226/processed_masks/PY79_31_cp_masks.tif,PY79_31_cp_masks.tif,22,0.7842436606949104,7.322694603088898,8.95971854874327,1.645547247943349
4645,8,/Users/reyesmatte/Desktop/copypasta/20260226/processed_masks/PY79_31_cp_masks.tif,PY79_31_cp_masks.tif,23,0.8676071516786367,4.006481795367948,8.927266629093896,1.7682004687753448
4646,8,/Users/reyesmatte/Desktop/copypasta/20260226/processed_masks/PY79_31_cp_masks.tif,PY79_31_cp_masks.tif,27,0.8425061031387108,3.2829666162578635,6.896358120192533,1.2983202169702577
4647,8,/Users/reyesmatte/Desktop/copypasta/20260226/processed_masks/PY79_31_cp_masks.tif,PY79_31_cp_masks.tif,30,0.7957483081022491,3.9662694959829263,7.668418596642046,1.4043550662477886
4648,8,/Users/reyesmatte/Desktop/copypasta/20260226/processed_masks/PY79_31_cp_masks.tif,PY79_31_cp_masks.tif,46,0.6789182455781025,5.704286996211791,10.68791490157909,1.782966235936607
4649,8,/Users/reyesmatte/Desktop/copypasta/20260226/processed_masks/PY79_31_cp_masks.tif,PY79_31_cp_masks.tif,47,0.7958901925166532,7.194698882959102,17.11340594982512,3.283353015080934
4650,8,/Users/reyesmatte/Desktop/copypasta/20260226/processed_masks/PY79_31_cp_masks.tif,PY79_31_cp_masks.tif,48,0.7837134803064476,4.443641974053886,10.59270963490516,1.9588493714089104
4651,8,/Users/reyesmatte/Desktop/copypasta/20260226/processed_masks/PY79_31_cp_masks.tif,PY79_31_cp_masks.tif,49,0.7828171350391887,6.81472766439027,9.13058375848367,1.6884829120179847
4652,8,/Users/reyesmatte/Desktop/copypasta/20260226/processed_masks/PY79_31_cp_masks.tif,PY79_31_cp_masks.tif,50,0.7308148145896569,9.074644760709942,11.270886241067137,1.971304301933535
4653,8,/Users/reyesmatte/Desktop/copypasta/20260226/processed_masks/PY79_31_cp_masks.tif,PY79_31_cp_masks.tif,52,0.8015661221284749,3.6434247611751798,8.682029606576739,1.6246131995580764
4654,8,/Users/reyesmatte/Desktop/copypasta/20260226/processed_masks/PY79_31_cp_masks.tif,PY79_31_cp_masks.tif,53,0.7529620479121546,7.920590579971145,9.619532068920028,1.8180488586637737
4655,8,/Users/reyesmatte/Desktop/copypasta/20260226/processed_masks/PY79_31_cp_masks.tif,PY79_31_cp_masks.tif,54,0.8924083393566709,10.861401038729612,19.291549682750304,4.142696054972757
4656,8,/Users/reyesmatte/Desktop/copypasta/20260226/processed_masks/PY79_31_cp_masks.tif,PY79_31_cp_masks.tif,55,0.8367838893462712,13.266282738513143,18.66663813647316,3.7724713871904076
4657,8,/Users/reyesmatte/Desktop/copypasta/20260226/processed_masks/PY79_31_cp_masks.tif,PY79_31_cp_masks.tif,56,0.853304324187097,7.878724475666354,19.783386569229883,4.080983699605889
4658,8,/Users/reyesmatte/Desktop/copypasta/20260226/processed_masks/PY79_31_cp_masks.tif,PY79_31_cp_masks.tif,57,0.7824195131808708,6.967396376368984,16.27947690753516,3.061260489389953
4659,8,/Users/reyesmatte/Desktop/copypasta/20260226/processed_masks/PY79_31_cp_masks.tif,PY79_31_cp_masks.tif,58,0.7806591438827278,5.404284360858564,11.771881176586303,2.187401105418427
4660,8,/Users/reyesmatte/Desktop/copypasta/20260226/processed_masks/PY79_31_cp_masks.tif,PY79_31_cp_masks.tif,59,0.8575120829605787,4.17902860471452,10.221067163856064,2.03426938094065
4661,8,/Users/reyesmatte/Desktop/copypasta/20260226/processed_masks/PY79_31_cp_masks.tif,PY79_31_cp_masks.tif,60,0.755723820269515,8.422549396929039,18.067321974500285,3.327808527479134
4662,8,/Users/reyesmatte/Desktop/copypasta/20260226/processed_masks/PY79_31_cp_masks.tif,PY79_31_cp_masks.tif,61,0.8006986618961252,4.384324495229227,10.358867950913671,1.9463829962809251
4663,8,/Users/reyesmatte/Desktop/copypasta/20260226/processed_masks/PY79_31_cp_masks.tif,PY79_31_cp_masks.tif,62,0.8016407186364961,4.078656241188826,9.842089206754139,1.8808986156833178
4664,8,/Users/reyesmatte/Desktop/copypasta/20260226/processed_masks/PY79_31_cp_masks.tif,PY79_31_cp_masks.tif,63,0.8371166576093648,6.782648991184827,17.210233199279074,3.509872832216076
4665,8,/Users/reyesmatte/Desktop/copypasta/20260226/processed_masks/PY79_31_cp_masks.tif,PY79_31_cp_masks.tif,64,0.8075724219114095,4.276620315980913,9.586566514882751,1.8626820493058347
4666,8,/Users/reyesmatte/Desktop/copypasta/20260226/processed_masks/PY79_31_cp_masks.tif,PY79_31_cp_masks.tif,65,0.7922357356621517,3.8624507184654675,8.962756852758742,1.6865401853142046
4667,8,/Users/reyesmatte/Desktop/copypasta/20260226/processed_masks/PY79_31_cp_masks.tif,PY79_31_cp_masks.tif,66,0.7785603481162884,9.482468228131902,21.311967810676062,4.035954496735054
4668,8,/Users/reyesmatte/Desktop/copypasta/20260226/processed_masks/PY79_31_cp_masks.tif,PY79_31_cp_masks.tif,67,0.8015898093766989,8.790188502715784,18.589163889405036,3.6269557965821333
4669,8,/Users/reyesmatte/Desktop/copypasta/20260226/processed_masks/PY79_31_cp_masks.tif,PY79_31_cp_masks.tif,72,0.7702927287404839,9.103257889086327,19.125237417833116,3.589609015190177
4670,8,/Users/reyesmatte/Desktop/copypasta/20260226/processed_masks/PY79_31_cp_masks.tif,PY79_31_cp_masks.tif,90,0.6432319982588731,2.9459679646153334,5.293416809280661,0.7907823598436752
4671,8,/Users/reyesmatte/Desktop/copypasta/20260226/processed_masks/PY79_31_cp_masks.tif,PY79_31_cp_masks.tif,92,0.6548389732063852,2.9883299320337677,5.240697790445441,0.7958385389180925
4672,8,/Users/reyesmatte/Desktop/copypasta/20260226/processed_masks/PY79_31_cp_masks.tif,PY79_31_cp_masks.tif,93,0.6412501897658717,6.846796071992984,12.685349289138538,1.9739282632573758
4673,8,/Users/reyesmatte/Desktop/copypasta/20260226/processed_masks/PY79_31_cp_masks.tif,PY79_31_cp_masks.tif,97,0.764553776520141,4.297759297807594,8.227011094883903,1.4666682120945982
4674,8,/Users/reyesmatte/Desktop/copypasta/20260226/processed_masks/PY79_31_cp_masks.tif,PY79_31_cp_masks.tif,98,0.6560537631908806,8.974367072954733,16.357478845438752,2.619943457060679
4675,8,/Users/reyesmatte/Desktop/copypasta/20260226/processed_masks/PY79_31_cp_masks.tif,PY79_31_cp_masks.tif,99,0.7675103174641407,3.982454631961538,7.785560468316404,1.4289939759710562
4676,8,/Users/reyesmatte/Desktop/copypasta/20260226/processed_masks/PY79_31_cp_masks.tif,PY79_31_cp_masks.tif,101,0.6873074604503582,5.109419141602776,8.730441225751132,1.4432690898194516
4677,8,/Users/reyesmatte/Desktop/copypasta/20260226/processed_masks/PY79_31_cp_masks.tif,PY79_31_cp_masks.tif,102,0.792255006170759,3.7062645002668115,7.212237816572199,1.3051622434614218
4678,8,/Users/reyesmatte/Desktop/copypasta/20260226/processed_masks/PY79_31_cp_masks.tif,PY79_31_cp_masks.tif,104,0.6893751230702039,5.566746776741373,9.618540140560688,1.6059676294118614
4679,8,/Users/reyesmatte/Desktop/copypasta/20260226/processed_masks/PY79_31_cp_masks.tif,PY79_31_cp_masks.tif,105,0.7378727211040245,4.087924302747859,7.391159684894013,1.2689296463119435
4680,8,/Users/reyesmatte/Desktop/copypasta/20260226/processed_masks/PY79_52_cp_masks.tif,PY79_52_cp_masks.tif,2,0.7850855710564021,6.792860635942143,14.554511135381652,2.7389054430565474
4681,8,/Users/reyesmatte/Desktop/copypasta/20260226/processed_masks/PY79_52_cp_masks.tif,PY79_52_cp_masks.tif,6,0.7508724696799259,3.540751349053887,8.000512368388312,1.4105348406720766
4682,8,/Users/reyesmatte/Desktop/copypasta/20260226/processed_masks/PY79_52_cp_masks.tif,PY79_52_cp_masks.tif,7,0.7638752512942524,3.5538477636393155,7.335394541449267,1.2861945548636584
4683,8,/Users/reyesmatte/Desktop/copypasta/20260226/processed_masks/PY79_52_cp_masks.tif,PY79_52_cp_masks.tif,8,0.7440309919745365,5.778973438309496,11.975577280504169,2.128683255587654
4684,8,/Users/reyesmatte/Desktop/copypasta/20260226/processed_masks/PY79_52_cp_masks.tif,PY79_52_cp_masks.tif,10,0.7314654262331448,5.6513852314366835,10.74785312268106,1.8781992247792547
4685,8,/Users/reyesmatte/Desktop/copypasta/20260226/processed_masks/PY79_52_cp_masks.tif,PY79_52_cp_masks.tif,12,0.7603405007859969,5.55817960819943,11.392895744688811,2.0764042065607957
4686,8,/Users/reyesmatte/Desktop/copypasta/20260226/processed_masks/PY79_52_cp_masks.tif,PY79_52_cp_masks.tif,13,0.7049991289772273,6.210369647750815,10.664205839112023,1.8606738993856482
4687,8,/Users/reyesmatte/Desktop/copypasta/20260226/processed_masks/PY79_52_cp_masks.tif,PY79_52_cp_masks.tif,17,0.7522791101283265,7.082662950609578,14.654185608763179,2.664596379417999
4688,8,/Users/reyesmatte/Desktop/copypasta/20260226/processed_masks/PY79_52_cp_masks.tif,PY79_52_cp_masks.tif,23,0.7875033568513681,6.215052022910036,14.187926417917495,2.671264455438911
4689,8,/Users/reyesmatte/Desktop/copypasta/20260226/processed_masks/PY79_52_cp_masks.tif,PY79_52_cp_masks.tif,24,0.8017693815023795,6.298845320353921,13.038037847708495,2.485253792823268
4690,8,/Users/reyesmatte/Desktop/copypasta/20260226/processed_masks/PY79_52_cp_masks.tif,PY79_52_cp_masks.tif,26,0.7824435727959116,6.061316353360574,12.248657393528378,2.353231339213478
4691,8,/Users/reyesmatte/Desktop/copypasta/20260226/processed_masks/PY79_52_cp_masks.tif,PY79_52_cp_masks.tif,29,0.7935714409332851,5.136135692696591,10.358854509182665,1.9622139659530673
4692,8,/Users/reyesmatte/Desktop/copypasta/20260226/processed_masks/PY79_52_cp_masks.tif,PY79_52_cp_masks.tif,36,0.7902444737987201,4.383733105201928,10.187803910395305,1.9007033120531094
4693,8,/Users/reyesmatte/Desktop/copypasta/20260226/processed_masks/PY79_52_cp_masks.tif,PY79_52_cp_masks.tif,38,0.8573566730720917,5.310790676135371,11.689158824061227,2.345180892650181
4694,8,/Users/reyesmatte/Desktop/copypasta/20260226/processed_masks/PY79_52_cp_masks.tif,PY79_52_cp_masks.tif,44,0.8583418762536995,6.069533789551387,14.732669456043725,3.0730332818959836
4695,8,/Users/reyesmatte/Desktop/copypasta/20260226/processed_masks/PY79_52_cp_masks.tif,PY79_52_cp_masks.tif,49,0.7875199497519555,7.0780069042063305,16.508664966896454,3.135319327735488
4696,8,/Users/reyesmatte/Desktop/copypasta/20260226/processed_masks/PY79_52_cp_masks.tif,PY79_52_cp_masks.tif,52,0.7663592343814054,5.6474868616843406,10.825853554607948,2.0176963495300595
4697,8,/Users/reyesmatte/Desktop/copypasta/20260226/processed_masks/PY79_52_cp_masks.tif,PY79_52_cp_masks.tif,60,0.8178746549428711,7.35747906680669,16.316609834743872,3.242696179726438
4698,8,/Users/reyesmatte/Desktop/copypasta/20260226/processed_masks/PY79_52_cp_masks.tif,PY79_52_cp_masks.tif,62,0.8461543965971535,5.7992672397787235,10.915533917005886,2.1625010285729487
4699,8,/Users/reyesmatte/Desktop/copypasta/20260226/processed_masks/PY79_52_cp_masks.tif,PY79_52_cp_masks.tif,63,0.8654589007952942,6.245444732816843,9.649221859134036,1.9407300680639257
4700,8,/Users/reyesmatte/Desktop/copypasta/20260226/processed_masks/PY79_52_cp_masks.tif,PY79_52_cp_masks.tif,66,0.8153506230859864,6.795986382779315,13.87003458348461,2.6955906332154878
4701,8,/Users/reyesmatte/Desktop/copypasta/20260226/processed_masks/PY79_52_cp_masks.tif,PY79_52_cp_masks.tif,72,0.8304244991226533,5.377242740063748,13.035184970856804,2.582303012840016
4702,8,/Users/reyesmatte/Desktop/copypasta/20260226/processed_masks/PY79_52_cp_masks.tif,PY79_52_cp_masks.tif,84,0.7733089656375713,4.897609304510604,10.263000988859462,1.970408955593096
4703,8,/Users/reyesmatte/Desktop/copypasta/20260226/processed_masks/PY79_52_cp_masks.tif,PY79_52_cp_masks.tif,85,0.8052882135460139,5.319727430713004,11.120095134729853,2.133442453561588
4704,8,/Users/reyesmatte/Desktop/copypasta/20260226/processed_masks/PY79_52_cp_masks.tif,PY79_52_cp_masks.tif,87,0.8705529764755701,4.196575506148043,11.216768603141224,2.278370470700029
4705,8,/Users/reyesmatte/Desktop/copypasta/20260226/processed_masks/PY79_52_cp_masks.tif,PY79_52_cp_masks.tif,89,0.799763083996915,4.247818045849023,10.108949192571163,1.900098441610678
4706,8,/Users/reyesmatte/Desktop/copypasta/20260226/processed_masks/PY79_52_cp_masks.tif,PY79_52_cp_masks.tif,90,0.8916625710720874,3.659262004040402,9.749879946991385,2.013517818435691
4707,8,/Users/reyesmatte/Desktop/copypasta/20260226/processed_masks/PY79_52_cp_masks.tif,PY79_52_cp_masks.tif,95,0.809036894210902,4.276230830232025,8.495238699592148,1.6996866852402477
4708,8,/Users/reyesmatte/Desktop/copypasta/20260226/processed_masks/PY79_52_cp_masks.tif,PY79_52_cp_masks.tif,96,0.8888342527611811,3.5439001744918124,9.840018030798646,2.0055442034406394
4709,8,/Users/reyesmatte/Desktop/copypasta/20260226/processed_masks/PY79_52_cp_masks.tif,PY79_52_cp_masks.tif,101,0.8971628221353526,3.8137204076912448,9.026473565188804,1.8370348956712201
4710,8,/Users/reyesmatte/Desktop/copypasta/20260226/processed_masks/PY79_52_cp_masks.tif,PY79_52_cp_masks.tif,103,0.7866311953965917,4.530101553688826,10.921606074944009,2.0525278053760463
4711,8,/Users/reyesmatte/Desktop/copypasta/20260226/processed_masks/PY79_52_cp_masks.tif,PY79_52_cp_masks.tif,106,0.846431505123424,4.9609025545023195,11.096513782869529,2.3039222721095487
4712,8,/Users/reyesmatte/Desktop/copypasta/20260226/processed_masks/PY79_52_cp_masks.tif,PY79_52_cp_masks.tif,108,0.8553170511228503,5.032451675786345,11.32474102354096,2.310602020491253
4713,8,/Users/reyesmatte/Desktop/copypasta/20260226/processed_masks/PY79_52_cp_masks.tif,PY79_52_cp_masks.tif,109,0.768867841212206,4.0175484348285835,8.913698076750604,1.6412819145233857
4714,8,/Users/reyesmatte/Desktop/copypasta/20260226/processed_masks/PY79_52_cp_masks.tif,PY79_52_cp_masks.tif,113,0.834050297228172,7.467717602864878,16.231409509246625,3.2502704555380286
4715,8,/Users/reyesmatte/Desktop/copypasta/20260226/processed_masks/PY79_52_cp_masks.tif,PY79_52_cp_masks.tif,114,0.8185019846505825,3.5583496656723543,8.688902410398681,1.6398039242577362
4716,8,/Users/reyesmatte/Desktop/copypasta/20260226/processed_masks/PY79_52_cp_masks.tif,PY79_52_cp_masks.tif,116,0.7811187917441822,4.39247585407685,9.296655972816795,1.7035123281508255
4717,8,/Users/reyesmatte/Desktop/copypasta/20260226/processed_masks/PY79_52_cp_masks.tif,PY79_52_cp_masks.tif,117,0.7710804697454431,8.311266672582343,18.23089749354309,3.440798835750487
4718,8,/Users/reyesmatte/Desktop/copypasta/20260226/processed_masks/PY79_52_cp_masks.tif,PY79_52_cp_masks.tif,118,0.8160214379796212,8.240949372603675,18.2319258760906,3.589139828000087
4719,8,/Users/reyesmatte/Desktop/copypasta/20260226/processed_masks/PY79_52_cp_masks.tif,PY79_52_cp_masks.tif,119,0.8324845404487915,3.7875629187546602,9.624965930206672,1.8584936620263297
4720,8,/Users/reyesmatte/Desktop/copypasta/20260226/processed_masks/PY79_52_cp_masks.tif,PY79_52_cp_masks.tif,122,0.7174372837076399,4.7387856318298525,9.09232469558259,1.5556698942680596
4721,8,/Users/reyesmatte/Desktop/copypasta/20260226/processed_masks/PY79_52_cp_masks.tif,PY79_52_cp_masks.tif,123,0.7571954612375252,5.8105289299897285,12.51942917990782,2.2650191114486025
4722,8,/Users/reyesmatte/Desktop/copypasta/20260226/processed_masks/PY79_52_cp_masks.tif,PY79_52_cp_masks.tif,125,0.7433380344408682,12.27586382353453,17.310819347752755,3.1966287703817455
4723,8,/Users/reyesmatte/Desktop/copypasta/20260226/processed_masks/PY79_52_cp_masks.tif,PY79_52_cp_masks.tif,126,0.764119047253139,6.6468911217736135,14.498172245867439,2.659354683182162
4724,8,/Users/reyesmatte/Desktop/copypasta/20260226/processed_masks/PY79_52_cp_masks.tif,PY79_52_cp_masks.tif,127,0.7599786783347546,5.34980883498453,11.762315672944661,2.125315555747812
4725,8,/Users/reyesmatte/Desktop/copypasta/20260226/processed_masks/PY79_52_cp_masks.tif,PY79_52_cp_masks.tif,128,0.7858285665532477,3.4319987213907552,7.592045406023351,1.3731752952888805
4726,8,/Users/reyesmatte/Desktop/copypasta/20260226/processed_masks/PY79_52_cp_masks.tif,PY79_52_cp_masks.tif,130,0.7292492088740451,4.1854145897513035,8.72039061769649,1.496389965248032
4727,8,/Users/reyesmatte/Desktop/copypasta/20260226/processed_masks/PY79_52_cp_masks.tif,PY79_52_cp_masks.tif,131,0.7630901317154845,6.441592703836487,14.740219439677032,2.700034577206604
4728,8,/Users/reyesmatte/Desktop/copypasta/20260226/processed_masks/PY79_52_cp_masks.tif,PY79_52_cp_masks.tif,132,0.810686797134648,8.02469398983488,18.45979728435571,3.620646893867469
4729,8,/Users/reyesmatte/Desktop/copypasta/20260226/processed_masks/PY79_52_cp_masks.tif,PY79_52_cp_masks.tif,133,0.7691504198038216,4.900033089939413,9.333672527206069,1.6858157013903645
4730,8,/Users/reyesmatte/Desktop/copypasta/20260226/processed_masks/PY79_52_cp_masks.tif,PY79_52_cp_masks.tif,134,0.7476522858235066,4.143510913426311,7.657742674604637,1.4501011135374535
4731,8,/Users/reyesmatte/Desktop/copypasta/20260226/processed_masks/PY79_52_cp_masks.tif,PY79_52_cp_masks.tif,135,0.7755051627291288,4.070438804998014,8.508544961816382,1.5768269524529201
4732,8,/Users/reyesmatte/Desktop/copypasta/20260226/processed_masks/PY79_52_cp_masks.tif,PY79_52_cp_masks.tif,136,0.7741892504805185,11.896728594372513,14.691782607272648,2.7823029851169756
4733,8,/Users/reyesmatte/Desktop/copypasta/20260226/processed_masks/PY79_52_cp_masks.tif,PY79_52_cp_masks.tif,137,0.7715424809856668,2.8341929945364503,6.739959471573959,1.1854055734472464
4734,8,/Users/reyesmatte/Desktop/copypasta/20260226/processed_masks/PY79_52_cp_masks.tif,PY79_52_cp_masks.tif,138,0.8070984972834871,4.392764124601697,9.010969665736928,1.6828965012583543
4735,8,/Users/reyesmatte/Desktop/copypasta/20260226/processed_masks/PY79_52_cp_masks.tif,PY79_52_cp_masks.tif,139,0.7724350963903546,2.863170851221324,6.70671730645693,1.1806078210764557
4736,8,/Users/reyesmatte/Desktop/copypasta/20260226/processed_masks/PY79_52_cp_masks.tif,PY79_52_cp_masks.tif,140,0.8382222434933424,3.692652317294101,7.485938081240802,1.4313213546446826
4737,8,/Users/reyesmatte/Desktop/copypasta/20260226/processed_masks/PY79_52_cp_masks.tif,PY79_52_cp_masks.tif,141,0.8178717596641207,4.063079010835354,8.518805065089037,1.609004324009504
4738,8,/Users/reyesmatte/Desktop/copypasta/20260226/processed_masks/PY79_52_cp_masks.tif,PY79_52_cp_masks.tif,142,0.7994673067024318,4.340284093172654,8.611477828318439,1.59461896088943
4739,8,/Users/reyesmatte/Desktop/copypasta/20260226/processed_masks/PY79_52_cp_masks.tif,PY79_52_cp_masks.tif,143,0.8037006167278301,4.199446246484796,9.27357106308717,1.753630078604435
4740,9,/Users/reyesmatte/Desktop/copypasta/20260226/processed_masks/PY79_39_cp_masks.tif,PY79_39_cp_masks.tif,20,0.7695326216982751,4.165222254505213,8.778617618332653,1.5778345911865779
4741,9,/Users/reyesmatte/Desktop/copypasta/20260226/processed_masks/PY79_39_cp_masks.tif,PY79_39_cp_masks.tif,23,0.7832728735643221,4.515264553133856,9.880124635855465,1.8607692810616974
4742,9,/Users/reyesmatte/Desktop/copypasta/20260226/processed_masks/PY79_39_cp_masks.tif,PY79_39_cp_masks.tif,26,0.7879837402615066,4.025330587992556,8.4358835991126,1.549547584942116
4743,9,/Users/reyesmatte/Desktop/copypasta/20260226/processed_masks/PY79_39_cp_masks.tif,PY79_39_cp_masks.tif,29,0.7140156835982606,4.11203847571568,7.75220748658091,1.3177762850807793
4744,9,/Users/reyesmatte/Desktop/copypasta/20260226/processed_masks/PY79_39_cp_masks.tif,PY79_39_cp_masks.tif,43,0.6835132840757878,4.573249894265907,7.682134612592453,1.2797751035025688
4745,9,/Users/reyesmatte/Desktop/copypasta/20260226/processed_masks/PY79_39_cp_masks.tif,PY79_39_cp_masks.tif,47,0.7310590901614277,3.820626087505147,6.996296756687764,1.244630568542671
4746,9,/Users/reyesmatte/Desktop/copypasta/20260226/processed_masks/PY79_39_cp_masks.tif,PY79_39_cp_masks.tif,51,0.7409145103962954,4.267480563287999,8.283383560682335,1.501663315394823
4747,9,/Users/reyesmatte/Desktop/copypasta/20260226/processed_masks/PY79_39_cp_masks.tif,PY79_39_cp_masks.tif,52,0.7607584337065009,5.099730383357616,9.888671243495969,1.8158396828614392
4748,9,/Users/reyesmatte/Desktop/copypasta/20260226/processed_masks/PY79_39_cp_masks.tif,PY79_39_cp_masks.tif,59,0.7882518983035672,4.28275700068181,8.603793539604396,1.606231685012235
4749,9,/Users/reyesmatte/Desktop/copypasta/20260226/processed_masks/PY79_39_cp_masks.tif,PY79_39_cp_masks.tif,62,0.8209665191254635,3.736912757457232,7.943447367208767,1.552388753593235
4750,9,/Users/reyesmatte/Desktop/copypasta/20260226/processed_masks/PY79_39_cp_masks.tif,PY79_39_cp_masks.tif,65,0.8269693746580675,7.68862134949793,15.918976555527841,3.1507796267069255
4751,9,/Users/reyesmatte/Desktop/copypasta/20260226/processed_masks/PY79_39_cp_masks.tif,PY79_39_cp_masks.tif,74,0.7696579471856386,5.521886867824098,10.27530871492611,1.8690908717096422
4752,9,/Users/reyesmatte/Desktop/copypasta/20260226/processed_masks/PY79_39_cp_masks.tif,PY79_39_cp_masks.tif,80,0.815292063080366,4.834371613267361,9.906617387035032,1.879244788648235
4753,9,/Users/reyesmatte/Desktop/copypasta/20260226/processed_masks/PY79_39_cp_masks.tif,PY79_39_cp_masks.tif,82,0.7894736885414262,5.465326729677514,10.518203071640526,2.0320193493327166
4754,9,/Users/reyesmatte/Desktop/copypasta/20260226/processed_masks/PY79_39_cp_masks.tif,PY79_39_cp_masks.tif,85,0.8219836909867895,5.302047927260449,10.835354095783027,2.1134506728300813
4755,9,/Users/reyesmatte/Desktop/copypasta/20260226/processed_masks/PY79_39_cp_masks.tif,PY79_39_cp_masks.tif,90,0.82005611696141,5.018912950609579,10.504618042951925,2.021618940454571
4756,9,/Users/reyesmatte/Desktop/copypasta/20260226/processed_masks/PY79_39_cp_masks.tif,PY79_39_cp_masks.tif,91,0.6828542658519658,9.487123762683211,10.228821042642641,1.674490102516871
4757,9,/Users/reyesmatte/Desktop/copypasta/20260226/processed_masks/PY79_39_cp_masks.tif,PY79_39_cp_masks.tif,92,0.6806800690737321,6.378183367423581,11.933083467812335,1.9567091215231385
4758,9,/Users/reyesmatte/Desktop/copypasta/20260226/processed_masks/PY79_39_cp_masks.tif,PY79_39_cp_masks.tif,93,0.771821275181848,4.727630440019053,10.297448967775154,1.9286063503101323
4759,9,/Users/reyesmatte/Desktop/copypasta/20260226/processed_masks/PY79_39_cp_masks.tif,PY79_39_cp_masks.tif,96,0.7889830493539741,4.784900165680638,11.100886739168576,2.074364418620211
4760,9,/Users/reyesmatte/Desktop/copypasta/20260226/processed_masks/PY79_39_cp_masks.tif,PY79_39_cp_masks.tif,97,0.7569396961733893,9.509222689046027,11.294464098739967,2.0735652597264775
4761,9,/Users/reyesmatte/Desktop/copypasta/20260226/processed_masks/PY79_39_cp_masks.tif,PY79_39_cp_masks.tif,98,0.8197145255081331,5.652233008279009,11.403893251866759,2.325045066224314
4762,9,/Users/reyesmatte/Desktop/copypasta/20260226/processed_masks/PY79_39_cp_masks.tif,PY79_39_cp_masks.tif,101,0.8573115612988885,5.536049388117865,13.190458167635173,2.671097040190955
4763,9,/Users/reyesmatte/Desktop/copypasta/20260226/processed_masks/PY79_39_cp_masks.tif,PY79_39_cp_masks.tif,102,0.8115847432509462,5.942447887296085,14.349194138717012,2.8075838804890636
4764,9,/Users/reyesmatte/Desktop/copypasta/20260226/processed_masks/PY79_39_cp_masks.tif,PY79_39_cp_masks.tif,107,0.8256054803384159,5.616816811787897,13.70581451700756,2.700487927335582
4765,9,/Users/reyesmatte/Desktop/copypasta/20260226/processed_masks/PY79_39_cp_masks.tif,PY79_39_cp_masks.tif,108,0.8124969907640089,5.634000410302064,12.923786908422684,2.4894488137132242
4766,9,/Users/reyesmatte/Desktop/copypasta/20260226/processed_masks/PY79_39_cp_masks.tif,PY79_39_cp_masks.tif,110,0.7913568038766297,3.1815278061086096,6.630936031601826,1.2232844787119304
4767,9,/Users/reyesmatte/Desktop/copypasta/20260226/processed_masks/PY79_39_cp_masks.tif,PY79_39_cp_masks.tif,111,0.7583370316459642,3.355854707482183,7.063631100583369,1.2888651808310283
4768,9,/Users/reyesmatte/Desktop/copypasta/20260226/processed_masks/PY79_39_cp_masks.tif,PY79_39_cp_masks.tif,113,0.7513095371204622,6.2500718242411155,13.296869964532476,2.438087974630904
4769,9,/Users/reyesmatte/Desktop/copypasta/20260226/processed_masks/PY79_39_cp_masks.tif,PY79_39_cp_masks.tif,116,0.8440024441109386,5.256649953272711,11.894574100942444,2.3926863047493225
4770,9,/Users/reyesmatte/Desktop/copypasta/20260226/processed_masks/PY79_39_cp_masks.tif,PY79_39_cp_masks.tif,119,0.7677462270064208,3.2593452962549216,6.774610004565523,1.3069608529621766
4771,9,/Users/reyesmatte/Desktop/copypasta/20260226/processed_masks/PY79_13_cp_masks.tif,PY79_13_cp_masks.tif,1,0.6829191130124134,6.656445268444128,13.267642922038803,2.291010918386073
4772,9,/Users/reyesmatte/Desktop/copypasta/20260226/processed_masks/PY79_13_cp_masks.tif,PY79_13_cp_masks.tif,5,0.682945395615223,8.512872943644046,17.93723681836048,2.998075150350036
4773,9,/Users/reyesmatte/Desktop/copypasta/20260226/processed_masks/PY79_13_cp_masks.tif,PY79_13_cp_masks.tif,9,0.789948101659319,5.101714336243871,11.072961595857763,2.1027385518017043
4774,9,/Users/reyesmatte/Desktop/copypasta/20260226/processed_masks/PY79_13_cp_masks.tif,PY79_13_cp_masks.tif,15,0.8099591684108918,5.5758893375795795,13.328159190912462,2.5726133312757047
4775,9,/Users/reyesmatte/Desktop/copypasta/20260226/processed_masks/PY79_13_cp_masks.tif,PY79_13_cp_masks.tif,22,0.7401153250404942,5.517928072905407,10.91612407574539,1.9518494800105752
4776,9,/Users/reyesmatte/Desktop/copypasta/20260226/processed_masks/PY79_13_cp_masks.tif,PY79_13_cp_masks.tif,29,0.7350817399843126,6.200004072946447,11.73988092370458,2.0741470230610193
4777,9,/Users/reyesmatte/Desktop/copypasta/20260226/processed_masks/PY79_13_cp_masks.tif,PY79_13_cp_masks.tif,56,0.6975185381835013,7.637578036888255,14.92111528029838,2.5339884127955816
4778,9,/Users/reyesmatte/Desktop/copypasta/20260226/processed_masks/PY79_13_cp_masks.tif,PY79_13_cp_masks.tif,58,0.7214696670576747,6.544946391193971,12.927202383784007,2.256989978776046
4779,9,/Users/reyesmatte/Desktop/copypasta/20260226/processed_masks/PY79_13_cp_masks.tif,PY79_13_cp_masks.tif,60,0.7441792746040276,6.835759310650362,13.977939479112528,2.513191906022941
4780,9,/Users/reyesmatte/Desktop/copypasta/20260226/processed_masks/PY79_13_cp_masks.tif,PY79_13_cp_masks.tif,62,0.7664358746625267,7.357479066806689,15.330146549959293,2.870505220081814
4781,9,/Users/reyesmatte/Desktop/copypasta/20260226/processed_masks/PY79_13_cp_masks.tif,PY79_13_cp_masks.tif,63,0.7600487188143367,10.00832745010394,19.89953578329489,3.750068455802359
4782,9,/Users/reyesmatte/Desktop/copypasta/20260226/processed_masks/PY79_13_cp_masks.tif,PY79_13_cp_masks.tif,70,0.7882059776117899,12.013377832860705,25.40056974330841,4.919963090341543
4783,9,/Users/reyesmatte/Desktop/copypasta/20260226/processed_masks/PY79_13_cp_masks.tif,PY79_13_cp_masks.tif,78,0.8125263888317987,8.517802795371926,10.170253921105402,1.9489393357500935
4784,9,/Users/reyesmatte/Desktop/copypasta/20260226/processed_masks/PY79_13_cp_masks.tif,PY79_13_cp_masks.tif,82,0.8127258195086005,9.46683760712639,19.50277324321882,3.830497821858299
4785,9,/Users/reyesmatte/Desktop/copypasta/20260226/processed_masks/PY79_13_cp_masks.tif,PY79_13_cp_masks.tif,91,0.798560303564736,5.367570765106111,11.243834446241038,2.1344485250949488
4786,9,/Users/reyesmatte/Desktop/copypasta/20260226/processed_masks/PY79_13_cp_masks.tif,PY79_13_cp_masks.tif,94,0.7962464347585825,4.231937627392908,9.570738011809645,1.7750656464315282
4787,9,/Users/reyesmatte/Desktop/copypasta/20260226/processed_masks/PY79_13_cp_masks.tif,PY79_13_cp_masks.tif,97,0.759855310451811,11.89408746686347,23.95533407083652,4.509645318381544
4788,9,/Users/reyesmatte/Desktop/copypasta/20260226/processed_masks/PY79_13_cp_masks.tif,PY79_13_cp_masks.tif,98,0.7977151195818812,6.460034123637771,14.378881452781169,2.7394572479314467
4789,9,/Users/reyesmatte/Desktop/copypasta/20260226/processed_masks/PY79_13_cp_masks.tif,PY79_13_cp_masks.tif,99,0.7713276545881699,9.468473928253527,10.91484463642366,2.0832173612332263
4790,9,/Users/reyesmatte/Desktop/copypasta/20260226/processed_masks/PY79_13_cp_masks.tif,PY79_13_cp_masks.tif,102,0.808936784987614,4.48458077233373,8.779474703420435,1.6552946761203244
4791,9,/Users/reyesmatte/Desktop/copypasta/20260226/processed_masks/PY79_13_cp_masks.tif,PY79_13_cp_masks.tif,106,0.7753609406528588,5.94016190517696,11.85724313527377,2.1823884571621095
4792,9,/Users/reyesmatte/Desktop/copypasta/20260226/processed_masks/PY79_13_cp_masks.tif,PY79_13_cp_masks.tif,109,0.7892563736864785,5.822155513772458,11.78542143902137,2.248886955676644
4793,9,/Users/reyesmatte/Desktop/copypasta/20260226/processed_masks/PY79_13_cp_masks.tif,PY79_13_cp_masks.tif,111,0.7719793342482459,6.6490392603871715,13.064278332712982,2.4078210953582486
4794,9,/Users/reyesmatte/Desktop/copypasta/20260226/processed_masks/PY79_13_cp_masks.tif,PY79_13_cp_masks.tif,113,0.6885916483229311,7.236520086696208,12.163057051355807,2.0602889760311425
4795,9,/Users/reyesmatte/Desktop/copypasta/20260226/processed_masks/PY79_13_cp_masks.tif,PY79_13_cp_masks.tif,125,0.6854791481447745,5.746129268853107,11.062872917010155,1.8210768410841802
4796,9,/Users/reyesmatte/Desktop/copypasta/20260226/processed_masks/PY79_13_cp_masks.tif,PY79_13_cp_masks.tif,135,0.733632203985301,5.472368628751721,9.73503134539231,1.6857693053193576
4797,9,/Users/reyesmatte/Desktop/copypasta/20260226/processed_masks/PY79_13_cp_masks.tif,PY79_13_cp_masks.tif,140,0.7933948290444154,4.715748219710707,9.362314902325535,1.732821188923509
4798,9,/Users/reyesmatte/Desktop/copypasta/20260226/processed_masks/PY79_13_cp_masks.tif,PY79_13_cp_masks.tif,143,0.7658032161329319,8.545905375285614,16.152849175198394,2.986980974598386
4799,9,/Users/reyesmatte/Desktop/copypasta/20260226/processed_masks/PY79_13_cp_masks.tif,PY79_13_cp_masks.tif,147,0.716705412265323,5.973332180324097,10.588539511714128,1.8606639065856128
4800,9,/Users/reyesmatte/Desktop/copypasta/20260226/processed_masks/PY79_13_cp_masks.tif,PY79_13_cp_masks.tif,149,0.7459060313355115,4.924534802619927,8.726658231801412,1.5557821191812025
4801,9,/Users/reyesmatte/Desktop/copypasta/20260226/processed_masks/PY79_13_cp_masks.tif,PY79_13_cp_masks.tif,153,0.7534089273431095,5.741377433817295,10.526045724663048,1.8744596682429968
4802,9,/Users/reyesmatte/Desktop/copypasta/20260226/processed_masks/PY79_13_cp_masks.tif,PY79_13_cp_masks.tif,157,0.7249623419604452,5.721145686480426,10.302595665309044,1.772201628494059
4803,9,/Users/reyesmatte/Desktop/copypasta/20260226/processed_masks/PY79_45_cp_masks.tif,PY79_45_cp_masks.tif,1,0.6749490837417177,7.006406117832381,12.204783738029233,2.073314319348652
4804,9,/Users/reyesmatte/Desktop/copypasta/20260226/processed_masks/PY79_45_cp_masks.tif,PY79_45_cp_masks.tif,6,0.7721391831900559,6.153221614826596,13.04122531667783,2.4040640359950842
4805,9,/Users/reyesmatte/Desktop/copypasta/20260226/processed_masks/PY79_45_cp_masks.tif,PY79_45_cp_masks.tif,8,0.7549457118619354,3.76719901004593,7.30893379116932,1.3278482070062987
4806,9,/Users/reyesmatte/Desktop/copypasta/20260226/processed_masks/PY79_45_cp_masks.tif,PY79_45_cp_masks.tif,10,0.7741988008794222,3.441702065976627,7.345588264854555,1.3078549944492972
4807,9,/Users/reyesmatte/Desktop/copypasta/20260226/processed_masks/PY79_45_cp_masks.tif,PY79_45_cp_masks.tif,13,0.7583510690795733,7.382456960738224,14.755603430033153,2.693680730224257
4808,9,/Users/reyesmatte/Desktop/copypasta/20260226/processed_masks/PY79_45_cp_masks.tif,PY79_45_cp_masks.tif,15,0.7404875633588789,6.872422566111751,13.054409638703813,2.3273943824677157
4809,9,/Users/reyesmatte/Desktop/copypasta/20260226/processed_masks/PY79_45_cp_masks.tif,PY79_45_cp_masks.tif,17,0.7794798944930347,6.142156504785813,12.988893772418734,2.410805608094307
4810,9,/Users/reyesmatte/Desktop/copypasta/20260226/processed_masks/PY79_45_cp_masks.tif,PY79_45_cp_masks.tif,21,0.7563163796983803,8.996497293036299,19.000063667016793,3.509830974158165
4811,9,/Users/reyesmatte/Desktop/copypasta/20260226/processed_masks/PY79_45_cp_masks.tif,PY79_45_cp_masks.tif,24,0.7848042028625791,7.035829557440544,13.90103431973257,2.6860500655416244
4812,9,/Users/reyesmatte/Desktop/copypasta/20260226/processed_masks/PY79_45_cp_masks.tif,PY79_45_cp_masks.tif,34,0.786551493339344,7.555701775901357,16.12730895786926,3.0748604526678447
4813,9,/Users/reyesmatte/Desktop/copypasta/20260226/processed_masks/PY79_45_cp_masks.tif,PY79_45_cp_masks.tif,35,0.7504728542585479,5.416231650413951,10.795647005630569,1.9174371903755458
4814,9,/Users/reyesmatte/Desktop/copypasta/20260226/processed_masks/PY79_45_cp_masks.tif,PY79_45_cp_masks.tif,36,0.7282979740612894,5.517654709842014,10.366101456743722,1.8623271121340115
4815,9,/Users/reyesmatte/Desktop/copypasta/20260226/processed_masks/PY79_45_cp_masks.tif,PY79_45_cp_masks.tif,37,0.7780834004036307,6.579743716132571,14.547241178683125,2.716326709779727
4816,9,/Users/reyesmatte/Desktop/copypasta/20260226/processed_masks/PY79_45_cp_masks.tif,PY79_45_cp_masks.tif,38,0.7200756460014762,4.952493941666721,9.032418763787478,1.5551080965931239
4817,9,/Users/reyesmatte/Desktop/copypasta/20260226/processed_masks/PY79_45_cp_masks.tif,PY79_45_cp_masks.tif,41,0.681703241489974,5.4187399060132195,9.806525625280521,1.6005815279864384
4818,9,/Users/reyesmatte/Desktop/copypasta/20260226/processed_masks/PY79_45_cp_masks.tif,PY79_45_cp_masks.tif,44,0.6831649542837188,3.921669637569092,7.472427778437525,1.2061995601818725
4819,9,/Users/reyesmatte/Desktop/copypasta/20260226/processed_masks/PY79_45_cp_masks.tif,PY79_45_cp_masks.tif,45,0.8123594491362138,5.995462400405664,12.885799056450798,2.484570219312406
4820,9,/Users/reyesmatte/Desktop/copypasta/20260226/processed_masks/PY79_45_cp_masks.tif,PY79_45_cp_masks.tif,46,0.7227863581410987,3.4499481986751803,7.049471235040369,1.19431749635952
4821,9,/Users/reyesmatte/Desktop/copypasta/20260226/processed_masks/PY79_45_cp_masks.tif,PY79_45_cp_masks.tif,48,0.8274850196717759,6.1270839485290125,13.502074717866194,2.6531114054795992
4822,9,/Users/reyesmatte/Desktop/copypasta/20260226/processed_masks/PY79_45_cp_masks.tif,PY79_45_cp_masks.tif,50,0.7419056113941485,3.4735129119668624,7.423843547764353,1.2815700939979868
4823,9,/Users/reyesmatte/Desktop/copypasta/20260226/processed_masks/PY79_45_cp_masks.tif,PY79_45_cp_masks.tif,56,0.8638510736248781,3.337021104646961,7.247142726747779,1.4134392107228018
4824,9,/Users/reyesmatte/Desktop/copypasta/20260226/processed_masks/PY79_45_cp_masks.tif,PY79_45_cp_masks.tif,58,0.7455496283647932,4.237201828768406,8.708332791092849,1.534411227995306
4825,9,/Users/reyesmatte/Desktop/copypasta/20260226/processed_masks/PY79_45_cp_masks.tif,PY79_45_cp_masks.tif,61,0.7321592613883189,4.065268769982182,8.245638298162307,1.5284718891909252
4826,9,/Users/reyesmatte/Desktop/copypasta/20260226/processed_masks/PY79_45_cp_masks.tif,PY79_45_cp_masks.tif,64,0.7886816167944337,5.964341123360993,12.100199566975565,2.3194506765796676
4827,9,/Users/reyesmatte/Desktop/copypasta/20260226/processed_masks/PY79_45_cp_masks.tif,PY79_45_cp_masks.tif,65,0.7833417382475365,7.049880184836868,16.036872247821865,3.0264040748763557
4828,9,/Users/reyesmatte/Desktop/copypasta/20260226/processed_masks/PY79_45_cp_masks.tif,PY79_45_cp_masks.tif,66,0.6958360883121562,4.596709712503694,8.03185363289614,1.34166683817563
4829,9,/Users/reyesmatte/Desktop/copypasta/20260226/processed_masks/PY79_45_cp_masks.tif,PY79_45_cp_masks.tif,67,0.717086848890913,4.362414313254219,8.187929098780385,1.3746751711522678
4830,9,/Users/reyesmatte/Desktop/copypasta/20260226/processed_masks/PY79_45_cp_masks.tif,PY79_45_cp_masks.tif,69,0.8342171204948509,7.086406175582226,14.141599658319224,2.8101577844046353
4831,9,/Users/reyesmatte/Desktop/copypasta/20260226/processed_masks/PY79_45_cp_masks.tif,PY79_45_cp_masks.tif,70,0.8223272754301266,6.286626480528011,13.443078330040354,2.6845401968782006
4832,9,/Users/reyesmatte/Desktop/copypasta/20260226/processed_masks/PY79_45_cp_masks.tif,PY79_45_cp_masks.tif,71,0.7300483724510889,7.799721393302136,15.776081037065637,2.7966920272274316
4833,9,/Users/reyesmatte/Desktop/copypasta/20260226/processed_masks/PY79_45_cp_masks.tif,PY79_45_cp_masks.tif,72,0.7733240622566453,3.484226861341688,7.417607882919838,1.314890114842667
4834,9,/Users/reyesmatte/Desktop/copypasta/20260226/processed_masks/PY79_45_cp_masks.tif,PY79_45_cp_masks.tif,75,0.8351267046246247,5.59785672971452,13.489316759328396,2.6971906373642804
4835,9,/Users/reyesmatte/Desktop/copypasta/20260226/processed_masks/PY79_45_cp_masks.tif,PY79_45_cp_masks.tif,78,0.8619942060777377,4.333454853180637,11.260272571893857,2.283353153696135
4836,9,/Users/reyesmatte/Desktop/copypasta/20260226/processed_masks/PY79_45_cp_masks.tif,PY79_45_cp_masks.tif,79,0.8090607328661137,3.453966113525694,7.721002905855497,1.4842694571790107
4837,9,/Users/reyesmatte/Desktop/copypasta/20260226/processed_masks/PY79_45_cp_masks.tif,PY79_45_cp_masks.tif,82,0.8216491509428364,3.593919792210522,7.991711422857385,1.5183000745705078
4838,9,/Users/reyesmatte/Desktop/copypasta/20260226/processed_masks/PY79_45_cp_masks.tif,PY79_45_cp_masks.tif,84,0.8039914619775328,4.419450453280996,9.359084791734979,1.8154491865533586
4839,9,/Users/reyesmatte/Desktop/copypasta/20260226/processed_masks/PY79_45_cp_masks.tif,PY79_45_cp_masks.tif,87,0.8026625362248949,7.473662686967833,15.617752277734683,3.0335683235601016
4840,9,/Users/reyesmatte/Desktop/copypasta/20260226/processed_masks/PY79_45_cp_masks.tif,PY79_45_cp_masks.tif,89,0.7328003567997502,4.3987334138392855,7.708737369930167,1.3238440407085457
4841,9,/Users/reyesmatte/Desktop/copypasta/20260226/processed_masks/PY79_45_cp_masks.tif,PY79_45_cp_masks.tif,91,0.771645371628133,3.44240160121304,7.96582346723863,1.4208190215492946
4842,9,/Users/reyesmatte/Desktop/copypasta/20260226/processed_masks/PY79_45_cp_masks.tif,PY79_45_cp_masks.tif,93,0.7520574390817127,3.8058254356586483,7.00515802823884,1.27724701396536
4843,9,/Users/reyesmatte/Desktop/copypasta/20260226/processed_masks/PY79_45_cp_masks.tif,PY79_45_cp_masks.tif,94,0.7380741574265796,4.773208248158646,9.150971177748515,1.6422061864090312
4844,9,/Users/reyesmatte/Desktop/copypasta/20260226/processed_masks/PY79_45_cp_masks.tif,PY79_45_cp_masks.tif,95,0.7871232645172367,3.3610247424980155,6.888380979211925,1.2546359858775364
4845,9,/Users/reyesmatte/Desktop/copypasta/20260226/processed_masks/PY79_45_cp_masks.tif,PY79_45_cp_masks.tif,97,0.7776417502400232,4.057051333791371,7.7941313114556765,1.4592316540834738
4846,9,/Users/reyesmatte/Desktop/copypasta/20260226/processed_masks/PY79_45_cp_masks.tif,PY79_45_cp_masks.tif,98,0.741198181094371,4.504174388117865,8.521212195077267,1.5239477758351545
4847,9,/Users/reyesmatte/Desktop/copypasta/20260226/processed_masks/PY79_45_cp_masks.tif,PY79_45_cp_masks.tif,99,0.7430664320220168,3.546629399452202,6.8719553336465085,1.2548272393402171
4848,9,/Users/reyesmatte/Desktop/copypasta/20260226/processed_masks/PY79_45_cp_masks.tif,PY79_45_cp_masks.tif,100,0.7577383648571179,6.893232999467834,13.435059927314546,2.4537931230268923
4849,9,/Users/reyesmatte/Desktop/copypasta/20260226/processed_masks/PY79_45_cp_masks.tif,PY79_45_cp_masks.tif,101,0.819369077443791,3.1518997513091898,6.854212242852023,1.2728944103129334
4850,9,/Users/reyesmatte/Desktop/copypasta/20260226/processed_masks/PY79_45_cp_masks.tif,PY79_45_cp_masks.tif,102,0.8057899591087736,3.2215119647470187,7.086231925094463,1.3002707258376704
4851,9,/Users/reyesmatte/Desktop/copypasta/20260226/processed_masks/PY79_45_cp_masks.tif,PY79_45_cp_masks.tif,103,0.740701249528427,5.061626078693972,9.886132282838862,1.7921739853403078
4852,9,/Users/reyesmatte/Desktop/copypasta/20260226/processed_masks/PY79_45_cp_masks.tif,PY79_45_cp_masks.tif,104,0.670856729570271,2.9042338146492046,5.075951505734798,0.8682691695231926
4853,9,/Users/reyesmatte/Desktop/copypasta/20260226/processed_masks/PY79_35_cp_masks.tif,PY79_35_cp_masks.tif,2,0.673141595027266,4.627303779206332,8.258985134779094,1.3471586442183596
4854,9,/Users/reyesmatte/Desktop/copypasta/20260226/processed_masks/PY79_35_cp_masks.tif,PY79_35_cp_masks.tif,5,0.7521768682157252,6.26560163908633,13.037616695033073,2.3534034465992937
4855,9,/Users/reyesmatte/Desktop/copypasta/20260226/processed_masks/PY79_35_cp_masks.tif,PY79_35_cp_masks.tif,8,0.7779562121252154,7.006731773725634,14.544307533572413,2.709552842869501
4856,9,/Users/reyesmatte/Desktop/copypasta/20260226/processed_masks/PY79_35_cp_masks.tif,PY79_35_cp_masks.tif,9,0.7591047208907797,6.401972792481328,12.0958568140875,2.207679345334233
4857,9,/Users/reyesmatte/Desktop/copypasta/20260226/processed_masks/PY79_35_cp_masks.tif,PY79_35_cp_masks.tif,10,0.7448583160551803,5.6336755020565334,10.41379444536509,1.8423941575845262
4858,9,/Users/reyesmatte/Desktop/copypasta/20260226/processed_masks/PY79_35_cp_masks.tif,PY79_35_cp_masks.tif,12,0.7723181137387067,5.920504571619024,11.581622114644345,2.1604727974837
4859,9,/Users/reyesmatte/Desktop/copypasta/20260226/processed_masks/PY79_35_cp_masks.tif,PY79_35_cp_masks.tif,13,0.7730072334990763,5.537023644198347,10.573599921265993,1.9291694763133895
4860,9,/Users/reyesmatte/Desktop/copypasta/20260226/processed_masks/PY79_35_cp_masks.tif,PY79_35_cp_masks.tif,14,0.7386318512898982,5.840364684042549,10.97468672635786,1.9452480146219016
4861,9,/Users/reyesmatte/Desktop/copypasta/20260226/processed_masks/PY79_35_cp_masks.tif,PY79_35_cp_masks.tif,15,0.7438313702386607,5.001811151302933,10.011434571688527,1.766518738850364
4862,9,/Users/reyesmatte/Desktop/copypasta/20260226/processed_masks/PY79_35_cp_masks.tif,PY79_35_cp_masks.tif,16,0.7134914090389961,6.8112340016477315,13.18830418887783,2.2738117287476607
4863,9,/Users/reyesmatte/Desktop/copypasta/20260226/processed_masks/PY79_35_cp_masks.tif,PY79_35_cp_masks.tif,17,0.7248440579085438,6.007630641598775,10.790314422383682,1.8725135086172024
4864,9,/Users/reyesmatte/Desktop/copypasta/20260226/processed_masks/PY79_35_cp_masks.tif,PY79_35_cp_masks.tif,18,0.7525127092645411,5.324239551025694,11.661296766782037,2.1188199310184106
4865,9,/Users/reyesmatte/Desktop/copypasta/20260226/processed_masks/PY79_35_cp_masks.tif,PY79_35_cp_masks.tif,19,0.7590657257186907,6.543434978026206,14.849462505355005,2.7078674498446937
4866,9,/Users/reyesmatte/Desktop/copypasta/20260226/processed_masks/PY79_35_cp_masks.tif,PY79_35_cp_masks.tif,24,0.7621700589397623,2.977289876968193,6.761319383437618,1.189754090723773
4867,9,/Users/reyesmatte/Desktop/copypasta/20260226/processed_masks/PY79_35_cp_masks.tif,PY79_35_cp_masks.tif,25,0.7433279896648605,2.7777473811480426,6.145941028023608,1.0735953568013208
4868,9,/Users/reyesmatte/Desktop/copypasta/20260226/processed_masks/PY79_35_cp_masks.tif,PY79_35_cp_masks.tif,26,0.7428724490949155,5.8714739084033445,12.510379671422513,2.2407300264793646
4869,9,/Users/reyesmatte/Desktop/copypasta/20260226/processed_masks/PY79_35_cp_masks.tif,PY79_35_cp_masks.tif,29,0.716955861863705,5.780335203764407,11.881537196713747,2.0389473981451007
4870,9,/Users/reyesmatte/Desktop/copypasta/20260226/processed_masks/PY79_35_cp_masks.tif,PY79_35_cp_masks.tif,33,0.6783532284806839,6.467939564304864,11.883725027971018,1.9749155236030533
4871,9,/Users/reyesmatte/Desktop/copypasta/20260226/processed_masks/PY79_35_cp_masks.tif,PY79_35_cp_masks.tif,34,0.7659812870664401,6.9451364620428455,15.917829633510946,2.9748830460677205
4872,9,/Users/reyesmatte/Desktop/copypasta/20260226/processed_masks/PY79_35_cp_masks.tif,PY79_35_cp_masks.tif,36,0.7411142296072722,4.80846487897232,10.616324526900964,1.8816021911053098
4873,9,/Users/reyesmatte/Desktop/copypasta/20260226/processed_masks/PY79_35_cp_masks.tif,PY79_35_cp_masks.tif,38,0.7918714078034801,3.326430630425889,7.929675986768407,1.445390789320585
4874,9,/Users/reyesmatte/Desktop/copypasta/20260226/processed_masks/PY79_35_cp_masks.tif,PY79_35_cp_masks.tif,39,0.7868961490324895,4.7235781161888255,11.478889786572053,2.1407300403408853
4875,9,/Users/reyesmatte/Desktop/copypasta/20260226/processed_masks/PY79_35_cp_masks.tif,PY79_35_cp_masks.tif,40,0.7805756229555849,4.38185968743244,10.186551701559795,1.8668099343955726
4876,9,/Users/reyesmatte/Desktop/copypasta/20260226/processed_masks/PY79_35_cp_masks.tif,PY79_35_cp_masks.tif,41,0.8088530773882947,3.60508070860726,8.640981508154942,1.6233143817254925
4877,9,/Users/reyesmatte/Desktop/copypasta/20260226/processed_masks/PY79_35_cp_masks.tif,PY79_35_cp_masks.tif,42,0.7645177763210581,5.198776505038104,10.499789120592999,1.895415219746266
4878,9,/Users/reyesmatte/Desktop/copypasta/20260226/processed_masks/PY79_35_cp_masks.tif,PY79_35_cp_masks.tif,43,0.7843973295774301,3.981131551513104,9.457745514161658,1.7293550211978481
4879,9,/Users/reyesmatte/Desktop/copypasta/20260226/processed_masks/PY79_35_cp_masks.tif,PY79_35_cp_masks.tif,44,0.8056296751020074,5.716638357856775,14.175900759946902,2.7268168002454023
4880,9,/Users/reyesmatte/Desktop/copypasta/20260226/processed_masks/PY79_35_cp_masks.tif,PY79_35_cp_masks.tif,45,0.7751387499114774,5.09636872089506,11.121631032640675,2.0418436567522407
4881,9,/Users/reyesmatte/Desktop/copypasta/20260226/processed_masks/PY79_35_cp_masks.tif,PY79_35_cp_masks.tif,46,0.7880991728549904,4.038035536475454,8.706872357743434,1.6163015885702716
4882,9,/Users/reyesmatte/Desktop/copypasta/20260226/processed_masks/PY79_35_cp_masks.tif,PY79_35_cp_masks.tif,47,0.6933274770717404,5.523756991870635,10.626973463333515,1.8006852631130479
4883,9,/Users/reyesmatte/Desktop/copypasta/20260226/processed_masks/PY79_35_cp_masks.tif,PY79_35_cp_masks.tif,48,0.7875277754794446,4.319078089755302,9.821108009036479,1.8845503005703976
4884,9,/Users/reyesmatte/Desktop/copypasta/20260226/processed_masks/PY79_35_cp_masks.tif,PY79_35_cp_masks.tif,49,0.7872602926214026,3.0879442710989755,6.88664704643746,1.2533606199805745
4885,9,/Users/reyesmatte/Desktop/copypasta/20260226/processed_masks/PY79_35_cp_masks.tif,PY79_35_cp_masks.tif,50,0.8016560535973966,5.493539179093516,12.937542705740386,2.480294561762784
4886,9,/Users/reyesmatte/Desktop/copypasta/20260226/processed_masks/PY79_35_cp_masks.tif,PY79_35_cp_masks.tif,51,0.7242446019171955,5.936915297008617,10.933088574355413,1.8838493818050506
4887,9,/Users/reyesmatte/Desktop/copypasta/20260226/processed_masks/PY79_35_cp_masks.tif,PY79_35_cp_masks.tif,52,0.8011148246975278,4.998512669161551,11.269583852193827,2.13676581859594
4888,9,/Users/reyesmatte/Desktop/copypasta/20260226/processed_masks/PY79_35_cp_masks.tif,PY79_35_cp_masks.tif,53,0.8131266459275872,3.3093333098368687,7.854482926971409,1.469100919955758
4889,9,/Users/reyesmatte/Desktop/copypasta/20260226/processed_masks/PY79_35_cp_masks.tif,PY79_35_cp_masks.tif,54,0.7521390740537857,4.915156205944128,10.872579179014311,1.9382019785267175
4890,9,/Users/reyesmatte/Desktop/copypasta/20260226/processed_masks/PY79_35_cp_masks.tif,PY79_35_cp_masks.tif,55,0.7543376354582495,3.737800625412976,8.493873183039394,1.5022148025004969
4891,9,/Users/reyesmatte/Desktop/copypasta/20260226/processed_masks/PY79_35_cp_masks.tif,PY79_35_cp_masks.tif,56,0.7778300624452511,6.451903595903346,14.598478820134261,2.821628822362446
4892,9,/Users/reyesmatte/Desktop/copypasta/20260226/processed_masks/PY79_35_cp_masks.tif,PY79_35_cp_masks.tif,57,0.8243145237900911,6.27025510793129,12.846076833417241,2.5243311151000154
4893,9,/Users/reyesmatte/Desktop/copypasta/20260226/processed_masks/PY79_35_cp_masks.tif,PY79_35_cp_masks.tif,58,0.8347316345523464,5.526498266926936,11.910661695514655,2.356460347516033
4894,9,/Users/reyesmatte/Desktop/copypasta/20260226/processed_masks/PY79_35_cp_masks.tif,PY79_35_cp_masks.tif,59,0.8094739378706167,11.354426177906246,14.039662982789375,2.727342194649367
4895,9,/Users/reyesmatte/Desktop/copypasta/20260226/processed_masks/PY79_35_cp_masks.tif,PY79_35_cp_masks.tif,60,0.7780024829531941,5.2286754055647435,11.825718518115963,2.1846111550593292
4896,9,/Users/reyesmatte/Desktop/copypasta/20260226/processed_masks/PY79_35_cp_masks.tif,PY79_35_cp_masks.tif,61,0.8008756408657765,5.877830831594579,13.059837961377688,2.490795884299075
4897,9,/Users/reyesmatte/Desktop/copypasta/20260226/processed_masks/PY79_35_cp_masks.tif,PY79_35_cp_masks.tif,62,0.7895764171331973,5.41959195509583,12.18811510317014,2.3235250380512698
4898,9,/Users/reyesmatte/Desktop/copypasta/20260226/processed_masks/PY79_35_cp_masks.tif,PY79_35_cp_masks.tif,63,0.811422028331319,11.436896736736344,13.812052191939022,2.669899710715556
4899,9,/Users/reyesmatte/Desktop/copypasta/20260226/processed_masks/PY79_35_cp_masks.tif,PY79_35_cp_masks.tif,65,0.7770823206396896,5.631863487970724,12.247360688872318,2.2618928209654876
4900,9,/Users/reyesmatte/Desktop/copypasta/20260226/processed_masks/PY79_35_cp_masks.tif,PY79_35_cp_masks.tif,67,0.8106226286718977,6.224087448510223,13.684278417020515,2.6916076120825747
4901,9,/Users/reyesmatte/Desktop/copypasta/20260226/processed_masks/PY79_35_cp_masks.tif,PY79_35_cp_masks.tif,69,0.7868533011885583,5.526882750821779,12.385245646754564,2.395786184761503
4902,9,/Users/reyesmatte/Desktop/copypasta/20260226/processed_masks/PY79_35_cp_masks.tif,PY79_35_cp_masks.tif,70,0.8788486692675884,6.422367367764822,13.57654666971214,2.8274839585349025
4903,9,/Users/reyesmatte/Desktop/copypasta/20260226/processed_masks/PY79_35_cp_masks.tif,PY79_35_cp_masks.tif,72,0.7193635026178881,5.663138302737372,10.336079129664443,1.7973676641614313
4904,9,/Users/reyesmatte/Desktop/copypasta/20260226/processed_masks/PY79_35_cp_masks.tif,PY79_35_cp_masks.tif,74,0.8625040123452781,6.579060696493999,13.607822306830524,2.788779441373593
4905,9,/Users/reyesmatte/Desktop/copypasta/20260226/processed_masks/PY79_35_cp_masks.tif,PY79_35_cp_masks.tif,75,0.8536200842269098,5.57742992871215,12.059537987750382,2.4220865058606953
4906,9,/Users/reyesmatte/Desktop/copypasta/20260226/processed_masks/PY79_35_cp_masks.tif,PY79_35_cp_masks.tif,79,0.7281549037305153,3.3886261491833674,7.372263987400601,1.2564283197163115
4907,9,/Users/reyesmatte/Desktop/copypasta/20260226/processed_masks/PY79_35_cp_masks.tif,PY79_35_cp_masks.tif,81,0.7029987231152885,3.266971342418435,7.1490291259141845,1.174999837127139
4908,9,/Users/reyesmatte/Desktop/copypasta/20260226/processed_masks/PY79_35_cp_masks.tif,PY79_35_cp_masks.tif,82,0.6746462073945597,5.978903443504075,12.332216495439578,2.015824048097967
4909,9,/Users/reyesmatte/Desktop/copypasta/20260226/processed_masks/PY79_35_cp_masks.tif,PY79_35_cp_masks.tif,84,0.8101316252373804,4.539339389320265,9.12985918472435,1.7137904532956505
4910,9,/Users/reyesmatte/Desktop/copypasta/20260226/processed_masks/PY79_35_cp_masks.tif,PY79_35_cp_masks.tif,85,0.7674771637100433,4.915227404279481,9.188660480459452,1.655352632191665
4911,9,/Users/reyesmatte/Desktop/copypasta/20260226/processed_masks/PY79_35_cp_masks.tif,PY79_35_cp_masks.tif,86,0.6917072894848694,3.6281601297941006,6.240196297819102,1.0844112903721466
4912,9,/Users/reyesmatte/Desktop/copypasta/20260226/processed_masks/PY79_35_cp_masks.tif,PY79_35_cp_masks.tif,87,0.6709891425725062,4.371595986688514,7.178830994848115,1.1747880725427233
4913,9,/Users/reyesmatte/Desktop/copypasta/20260226/processed_masks/PY79_2_cp_masks.tif,PY79_2_cp_masks.tif,2,0.7231891663214309,7.199907735307591,14.451837436763277,2.527623121209875
4914,9,/Users/reyesmatte/Desktop/copypasta/20260226/processed_masks/PY79_2_cp_masks.tif,PY79_2_cp_masks.tif,3,0.7432214615498454,3.202479154918434,7.09477486089702,1.2345503906702784
4915,9,/Users/reyesmatte/Desktop/copypasta/20260226/processed_masks/PY79_2_cp_masks.tif,PY79_2_cp_masks.tif,4,0.7693033811774661,3.5642046495838873,7.154014429855215,1.2648774723167482
4916,9,/Users/reyesmatte/Desktop/copypasta/20260226/processed_masks/PY79_2_cp_masks.tif,PY79_2_cp_masks.tif,6,0.7204104482244804,3.4441386037917874,6.038596549090379,1.0236321590650004
4917,9,/Users/reyesmatte/Desktop/copypasta/20260226/processed_masks/PY79_2_cp_masks.tif,PY79_2_cp_masks.tif,9,0.8206790876669793,6.913489801779911,14.948501123524188,2.9328210225852676
4918,9,/Users/reyesmatte/Desktop/copypasta/20260226/processed_masks/PY79_2_cp_masks.tif,PY79_2_cp_masks.tif,15,0.8349805673509115,6.35199514137808,13.06083307735354,2.5790005084591483
4919,9,/Users/reyesmatte/Desktop/copypasta/20260226/processed_masks/PY79_2_cp_masks.tif,PY79_2_cp_masks.tif,16,0.830436629014477,6.243661231183728,12.261032160428009,2.4051670110688455
4920,9,/Users/reyesmatte/Desktop/copypasta/20260226/processed_masks/PY79_2_cp_masks.tif,PY79_2_cp_masks.tif,18,0.7246910702139153,12.167708021118674,11.92300978167302,2.207355197192985
4921,9,/Users/reyesmatte/Desktop/copypasta/20260226/processed_masks/PY79_2_cp_masks.tif,PY79_2_cp_masks.tif,19,0.8064902815712549,4.9662238434882715,9.72514418634178,1.860182062940213
4922,9,/Users/reyesmatte/Desktop/copypasta/20260226/processed_masks/PY79_2_cp_masks.tif,PY79_2_cp_masks.tif,20,0.7491599029269944,4.481221446169181,9.476971220037258,1.6775910587563532
4923,9,/Users/reyesmatte/Desktop/copypasta/20260226/processed_masks/PY79_2_cp_masks.tif,PY79_2_cp_masks.tif,21,0.8397853595605105,3.9706743470974604,8.412249730918703,1.6126460160965472
4924,9,/Users/reyesmatte/Desktop/copypasta/20260226/processed_masks/PY79_2_cp_masks.tif,PY79_2_cp_masks.tif,23,0.8301657921589575,5.295211681478798,11.630431032279542,2.302956183608031
4925,9,/Users/reyesmatte/Desktop/copypasta/20260226/processed_masks/PY79_2_cp_masks.tif,PY79_2_cp_masks.tif,25,0.8379017868243263,4.205532498154535,9.351491472418667,1.8066578337135142
4926,9,/Users/reyesmatte/Desktop/copypasta/20260226/processed_masks/PY79_2_cp_masks.tif,PY79_2_cp_masks.tif,27,0.7742129178240462,3.986306260188444,9.280238143964981,1.6812144937114728
4927,9,/Users/reyesmatte/Desktop/copypasta/20260226/processed_masks/PY79_2_cp_masks.tif,PY79_2_cp_masks.tif,31,0.8400429465706634,4.6717511237739675,9.436710944202373,1.8887592626634637
4928,9,/Users/reyesmatte/Desktop/copypasta/20260226/processed_masks/PY79_2_cp_masks.tif,PY79_2_cp_masks.tif,33,0.755191990725019,4.1319875122920875,9.117659722623543,1.6157719711717788
4929,9,/Users/reyesmatte/Desktop/copypasta/20260226/processed_masks/PY79_2_cp_masks.tif,PY79_2_cp_masks.tif,34,0.8251528380688523,7.2983409315264955,14.989865664343528,2.9474772917427736
4930,9,/Users/reyesmatte/Desktop/copypasta/20260226/processed_masks/PY79_2_cp_masks.tif,PY79_2_cp_masks.tif,37,0.7504298623999635,5.442321643931537,12.1017338538636,2.1832875425455542
4931,9,/Users/reyesmatte/Desktop/copypasta/20260226/processed_masks/PY79_2_cp_masks.tif,PY79_2_cp_masks.tif,38,0.7720638297235192,4.175231659225125,7.8243087797098,1.4160219025850913
4932,9,/Users/reyesmatte/Desktop/copypasta/20260226/processed_masks/PY79_2_cp_masks.tif,PY79_2_cp_masks.tif,39,0.8063983911706203,4.044261973558193,9.050894892986232,1.698866176204252
4933,9,/Users/reyesmatte/Desktop/copypasta/20260226/processed_masks/PY79_2_cp_masks.tif,PY79_2_cp_masks.tif,40,0.7420706813825027,8.448885785583881,10.053074115886446,1.808187674837112
4934,9,/Users/reyesmatte/Desktop/copypasta/20260226/processed_masks/PY79_2_cp_masks.tif,PY79_2_cp_masks.tif,41,0.7159957295237538,5.02675650745723,10.079993817136963,1.7907754773608617
4935,9,/Users/reyesmatte/Desktop/copypasta/20260226/processed_masks/PY79_2_cp_masks.tif,PY79_2_cp_masks.tif,42,0.7565890209657189,4.089696743209006,7.57599321917602,1.327585546924841
4936,9,/Users/reyesmatte/Desktop/copypasta/20260226/processed_masks/PY79_2_cp_masks.tif,PY79_2_cp_masks.tif,44,0.7777801475955778,4.485916853645106,9.894633949891887,1.8310977121339551
4937,9,/Users/reyesmatte/Desktop/copypasta/20260226/processed_masks/PY79_2_cp_masks.tif,PY79_2_cp_masks.tif,46,0.7698032649978728,4.517837506139758,10.32670074127413,1.91094479849232
4938,9,/Users/reyesmatte/Desktop/copypasta/20260226/processed_masks/PY79_2_cp_masks.tif,PY79_2_cp_masks.tif,49,0.8695983138111968,4.234516982865061,11.343467912039205,2.3091302217310568
4939,9,/Users/reyesmatte/Desktop/copypasta/20260226/processed_masks/PY79_2_cp_masks.tif,PY79_2_cp_masks.tif,52,0.7976726469681675,3.6287439589613606,7.616521915994343,1.3889214131819294
4940,9,/Users/reyesmatte/Desktop/copypasta/20260226/processed_masks/PY79_2_cp_masks.tif,PY79_2_cp_masks.tif,53,0.8706965332090001,8.4524604123939,22.201515067087186,4.778719998608858
4941,9,/Users/reyesmatte/Desktop/copypasta/20260226/processed_masks/PY79_2_cp_masks.tif,PY79_2_cp_masks.tif,54,0.7824262198538684,3.8233359883837013,7.304517463500193,1.3219731305223206
4942,9,/Users/reyesmatte/Desktop/copypasta/20260226/processed_masks/PY79_2_cp_masks.tif,PY79_2_cp_masks.tif,56,0.7330286387460979,4.147731747336868,9.029579699148536,1.5629211316699496
4943,9,/Users/reyesmatte/Desktop/copypasta/20260226/processed_masks/PY79_2_cp_masks.tif,PY79_2_cp_masks.tif,57,0.7049340464222814,1.8968911698736537,3.334168837500586,0.5034125747999237
4944,9,/Users/reyesmatte/Desktop/copypasta/20260226/processed_masks/PY79_2_cp_masks.tif,PY79_2_cp_masks.tif,58,0.7697974451380701,4.296972924648946,10.14536427697893,1.8399827670890916
4945,9,/Users/reyesmatte/Desktop/copypasta/20260226/processed_masks/PY79_2_cp_masks.tif,PY79_2_cp_masks.tif,59,0.7937668927347852,11.405716900342401,24.3225343650775,4.708382574218222
4946,9,/Users/reyesmatte/Desktop/copypasta/20260226/processed_masks/PY79_2_cp_masks.tif,PY79_2_cp_masks.tif,60,0.8533651945429459,7.739848873158646,18.819611651980306,3.8609545209927134
4947,9,/Users/reyesmatte/Desktop/copypasta/20260226/processed_masks/PY79_2_cp_masks.tif,PY79_2_cp_masks.tif,61,0.8072061015314532,5.465727271681541,13.709215843655999,2.6438417438431663
4948,9,/Users/reyesmatte/Desktop/copypasta/20260226/processed_masks/PY79_2_cp_masks.tif,PY79_2_cp_masks.tif,62,0.7941745098360816,5.40012250445973,13.201407739172126,2.497193321743964
4949,9,/Users/reyesmatte/Desktop/copypasta/20260226/processed_masks/PY79_2_cp_masks.tif,PY79_2_cp_masks.tif,63,0.8295331430229299,5.7687036698610825,14.191717755705696,2.7988560309274946
4950,9,/Users/reyesmatte/Desktop/copypasta/20260226/processed_masks/PY79_2_cp_masks.tif,PY79_2_cp_masks.tif,64,0.7990219388929456,5.841151307106176,12.978584051608454,2.466809851226453
4951,9,/Users/reyesmatte/Desktop/copypasta/20260226/processed_masks/PY79_2_cp_masks.tif,PY79_2_cp_masks.tif,67,0.8202391214065072,4.799422384616384,10.7323953766471,2.057283100012925
4952,9,/Users/reyesmatte/Desktop/copypasta/20260226/processed_masks/PY79_2_cp_masks.tif,PY79_2_cp_masks.tif,70,0.798328125129839,5.411648331765907,11.2516807955911,2.200280593884025
4953,9,/Users/reyesmatte/Desktop/copypasta/20260226/processed_masks/PY79_2_cp_masks.tif,PY79_2_cp_masks.tif,71,0.7914437084367708,5.601979081192186,11.811560724961652,2.242766279571139
4954,9,/Users/reyesmatte/Desktop/copypasta/20260226/processed_masks/PY79_2_cp_masks.tif,PY79_2_cp_masks.tif,73,0.6644662775434015,4.24352079221452,7.971459427607105,1.2651683639542515
4955,9,/Users/reyesmatte/Desktop/copypasta/20260226/processed_masks/PY79_2_cp_masks.tif,PY79_2_cp_masks.tif,74,0.7724363353231161,6.709484836528914,12.91483345495806,2.3998041573620634
4956,9,/Users/reyesmatte/Desktop/copypasta/20260226/processed_masks/PY79_2_cp_masks.tif,PY79_2_cp_masks.tif,75,0.7380050096583187,4.988977858686838,10.21436360937157,1.7869392828787147
4957,9,/Users/reyesmatte/Desktop/copypasta/20260226/processed_masks/PY79_2_cp_masks.tif,PY79_2_cp_masks.tif,76,0.7434379744420612,3.6187371056829867,7.815915422352593,1.3564632573224378
4958,9,/Users/reyesmatte/Desktop/copypasta/20260226/processed_masks/PY79_2_cp_masks.tif,PY79_2_cp_masks.tif,77,0.7724303324792708,5.231921725210035,9.548337248159996,1.8033813994529666
4959,9,/Users/reyesmatte/Desktop/copypasta/20260226/processed_masks/PY79_2_cp_masks.tif,PY79_2_cp_masks.tif,78,0.7042016965468456,3.453870307169739,6.555356883035336,1.1562214730747196
4960,9,/Users/reyesmatte/Desktop/copypasta/20260226/processed_masks/PY79_2_cp_masks.tif,PY79_2_cp_masks.tif,79,0.7774023448574076,4.261067693648043,10.22952489966209,1.8657300784600659
4961,9,/Users/reyesmatte/Desktop/copypasta/20260226/processed_masks/PY79_2_cp_masks.tif,PY79_2_cp_masks.tif,80,0.753568180732735,3.5534907002090623,7.130482139300493,1.2488440511046854
4962,9,/Users/reyesmatte/Desktop/copypasta/20260226/processed_masks/PY79_2_cp_masks.tif,PY79_2_cp_masks.tif,81,0.7217964055405414,4.375861199656116,9.198184459532426,1.592186743138853
4963,9,/Users/reyesmatte/Desktop/copypasta/20260226/processed_masks/PY79_2_cp_masks.tif,PY79_2_cp_masks.tif,82,0.7250816495128595,6.689742022829423,13.457610610341547,2.3576935403365162
4964,9,/Users/reyesmatte/Desktop/copypasta/20260226/processed_masks/PY79_26_cp_masks.tif,PY79_26_cp_masks.tif,4,0.7939253037548922,4.629492490390373,10.380819003447817,1.932479832154599
4965,9,/Users/reyesmatte/Desktop/copypasta/20260226/processed_masks/PY79_26_cp_masks.tif,PY79_26_cp_masks.tif,7,0.6823914057631133,7.085698957178882,12.692735440567198,2.0994057309566996
4966,9,/Users/reyesmatte/Desktop/copypasta/20260226/processed_masks/PY79_26_cp_masks.tif,PY79_26_cp_masks.tif,11,0.7909373100361886,4.538069253476626,10.191933489980146,1.8960571601065352
4967,9,/Users/reyesmatte/Desktop/copypasta/20260226/processed_masks/PY79_26_cp_masks.tif,PY79_26_cp_masks.tif,13,0.718471073232842,4.4900085741011475,8.771673481742049,1.4914394421640187
4968,9,/Users/reyesmatte/Desktop/copypasta/20260226/processed_masks/PY79_26_cp_masks.tif,PY79_26_cp_masks.tif,15,0.7957988471835633,4.674835781640598,9.79543626619718,1.8360643991591084
4969,9,/Users/reyesmatte/Desktop/copypasta/20260226/processed_masks/PY79_26_cp_masks.tif,PY79_26_cp_masks.tif,19,0.7403947378288935,3.304851415451774,6.2115186767857935,1.0531993391367958
4970,9,/Users/reyesmatte/Desktop/copypasta/20260226/processed_masks/PY79_26_cp_masks.tif,PY79_26_cp_masks.tif,22,0.7157310338705919,4.906778954170897,9.128137505521472,1.5774238744242692
4971,9,/Users/reyesmatte/Desktop/copypasta/20260226/processed_masks/PY79_26_cp_masks.tif,PY79_26_cp_masks.tif,23,0.6695657864420903,4.558876143204778,7.540840755318279,1.204141499706218
4972,9,/Users/reyesmatte/Desktop/copypasta/20260226/processed_masks/PY79_26_cp_masks.tif,PY79_26_cp_masks.tif,24,0.7266859171937369,3.445161960967094,6.081800770490635,1.1018581376507866
4973,9,/Users/reyesmatte/Desktop/copypasta/20260226/processed_masks/PY79_26_cp_masks.tif,PY79_26_cp_masks.tif,25,0.8164501989017131,4.646122345903345,10.814249371596675,2.073876117023587
4974,9,/Users/reyesmatte/Desktop/copypasta/20260226/processed_masks/PY79_26_cp_masks.tif,PY79_26_cp_masks.tif,28,0.7338588318840222,6.292571564630966,12.16072818950822,2.1512650750742437
4975,9,/Users/reyesmatte/Desktop/copypasta/20260226/processed_masks/PY79_26_cp_masks.tif,PY79_26_cp_masks.tif,29,0.7431980638015909,4.25216998222104,9.671830208247544,1.704174702305508
4976,9,/Users/reyesmatte/Desktop/copypasta/20260226/processed_masks/PY79_26_cp_masks.tif,PY79_26_cp_masks.tif,31,0.759015974202718,6.82969008360726,15.570268403072605,2.920505213151055
4977,9,/Users/reyesmatte/Desktop/copypasta/20260226/processed_masks/PY79_26_cp_masks.tif,PY79_26_cp_masks.tif,32,0.7700054790382393,3.6005988142221654,7.183545840412578,1.2781993079483758
4978,9,/Users/reyesmatte/Desktop/copypasta/20260226/processed_masks/PY79_26_cp_masks.tif,PY79_26_cp_masks.tif,35,0.7751168008415845,4.2574335761052735,8.948867411735371,1.6178490456339123
4979,9,/Users/reyesmatte/Desktop/copypasta/20260226/processed_masks/PY79_26_cp_masks.tif,PY79_26_cp_masks.tif,36,0.7313678732386721,5.804139664960364,10.807770548435938,1.8935068830929194
4980,9,/Users/reyesmatte/Desktop/copypasta/20260226/processed_masks/PY79_26_cp_masks.tif,PY79_26_cp_masks.tif,37,0.7369829755190535,4.292303147342014,7.417463019616742,1.347573037861765
4981,9,/Users/reyesmatte/Desktop/copypasta/20260226/processed_masks/PY79_26_cp_masks.tif,PY79_26_cp_masks.tif,40,0.772783011005761,4.891290341064491,10.336265997248441,1.8790849644788175
4982,9,/Users/reyesmatte/Desktop/copypasta/20260226/processed_masks/PY79_26_cp_masks.tif,PY79_26_cp_masks.tif,41,0.7852487379621815,4.401903551847473,8.967195038033799,1.6432690620964128
4983,9,/Users/reyesmatte/Desktop/copypasta/20260226/processed_masks/PY79_26_cp_masks.tif,PY79_26_cp_masks.tif,43,0.708553340988267,3.941291602051388,7.361565815198471,1.2721908348909425
4984,9,/Users/reyesmatte/Desktop/copypasta/20260226/processed_masks/PY79_26_cp_masks.tif,PY79_26_cp_masks.tif,45,0.7228874996559618,5.461303518710937,9.341451590407887,1.6264996506136855
4985,9,/Users/reyesmatte/Desktop/copypasta/20260226/processed_masks/PY79_26_cp_masks.tif,PY79_26_cp_masks.tif,46,0.7993515854331442,3.9957330267045057,8.897935834683564,1.6511452522325265
4986,9,/Users/reyesmatte/Desktop/copypasta/20260226/processed_masks/PY79_26_cp_masks.tif,PY79_26_cp_masks.tif,47,0.7590670287882106,4.43699735471452,9.611496807088109,1.721348076001699
4987,9,/Users/reyesmatte/Desktop/copypasta/20260226/processed_masks/PY79_26_cp_masks.tif,PY79_26_cp_masks.tif,50,0.7949944888255839,4.431282120148862,9.34319331278042,1.730749522585151
4988,9,/Users/reyesmatte/Desktop/copypasta/20260226/processed_masks/PY79_26_cp_masks.tif,PY79_26_cp_masks.tif,51,0.809118111301599,5.111317614347473,10.593902399533059,2.1056176856574313
4989,9,/Users/reyesmatte/Desktop/copypasta/20260226/processed_masks/PY79_26_cp_masks.tif,PY79_26_cp_masks.tif,52,0.7766143782335274,5.14219058330396,10.61416025458374,1.956771296510746
4990,9,/Users/reyesmatte/Desktop/copypasta/20260226/processed_masks/PY79_26_cp_masks.tif,PY79_26_cp_masks.tif,53,0.6785694944383655,4.090759044840646,6.650349870574592,1.0865138624166393
4991,9,/Users/reyesmatte/Desktop/copypasta/20260226/processed_masks/PY79_26_cp_masks.tif,PY79_26_cp_masks.tif,54,0.6889503153826927,5.728485568815922,9.220404067861104,1.5369186477670902
4992,9,/Users/reyesmatte/Desktop/copypasta/20260226/processed_masks/PY79_26_cp_masks.tif,PY79_26_cp_masks.tif,55,0.8129529893727933,5.317038158159996,10.737143030336108,2.0887337969497293
4993,9,/Users/reyesmatte/Desktop/copypasta/20260226/processed_masks/PY79_26_cp_masks.tif,PY79_26_cp_masks.tif,56,0.7341907611995208,4.4895596307047745,8.420677873470352,1.4632650396519227
4994,9,/Users/reyesmatte/Desktop/copypasta/20260226/processed_masks/PY79_26_cp_masks.tif,PY79_26_cp_masks.tif,57,0.8369711349777945,4.271045759077985,8.832526983238415,1.8088029961301835
4995,9,/Users/reyesmatte/Desktop/copypasta/20260226/processed_masks/PY79_26_cp_masks.tif,PY79_26_cp_masks.tif,58,0.7982076596002811,4.481620279615136,9.09059746534383,1.6938308528405877
4996,9,/Users/reyesmatte/Desktop/copypasta/20260226/processed_masks/PY79_26_cp_masks.tif,PY79_26_cp_masks.tif,59,0.8948036326393346,5.096368720895061,12.576336096295742,2.651955931731955
4997,9,/Users/reyesmatte/Desktop/copypasta/20260226/processed_masks/PY79_26_cp_masks.tif,PY79_26_cp_masks.tif,60,0.81047623720506,4.372703428246889,9.301045588933416,1.7668352632722393
4998,9,/Users/reyesmatte/Desktop/copypasta/20260226/processed_masks/PY79_26_cp_masks.tif,PY79_26_cp_masks.tif,61,0.8586408837987493,5.810391157018312,14.15490148391889,2.8902535275805623
4999,9,/Users/reyesmatte/Desktop/copypasta/20260226/processed_masks/PY79_26_cp_masks.tif,PY79_26_cp_masks.tif,62,0.7900016549176082,6.439618615181685,12.478265039237128,2.3497187754168105
5000,9,/Users/reyesmatte/Desktop/copypasta/20260226/processed_masks/PY79_26_cp_masks.tif,PY79_26_cp_masks.tif,63,0.8272379339048479,5.356997123733522,12.03339564148551,2.388445949937435
5001,9,/Users/reyesmatte/Desktop/copypasta/20260226/processed_masks/PY79_26_cp_masks.tif,PY79_26_cp_masks.tif,64,0.8202073506308709,4.534332182251057,9.202929550779409,1.7539481241428063
5002,9,/Users/reyesmatte/Desktop/copypasta/20260226/processed_masks/PY79_26_cp_masks.tif,PY79_26_cp_masks.tif,65,0.793375075116272,5.497373782693787,12.188953627693097,2.3608100960751894
5003,9,/Users/reyesmatte/Desktop/copypasta/20260226/processed_masks/PY79_26_cp_masks.tif,PY79_26_cp_masks.tif,68,0.8002067991461449,5.7415081065791975,13.042326291484356,2.477704475679288
5004,9,/Users/reyesmatte/Desktop/copypasta/20260226/processed_masks/PY79_26_cp_masks.tif,PY79_26_cp_masks.tif,70,0.8229175756557761,6.92042184180355,13.405815623908193,2.63450802353252
5005,9,/Users/reyesmatte/Desktop/copypasta/20260226/processed_masks/PY79_26_cp_masks.tif,PY79_26_cp_masks.tif,71,0.790555415129021,4.382946482138301,8.903928156678202,1.7117256990102439
5006,9,/Users/reyesmatte/Desktop/copypasta/20260226/processed_masks/PY79_26_cp_masks.tif,PY79_26_cp_masks.tif,75,0.8161060675587497,4.413831025071294,10.036002029337288,1.9094011832145696
5007,9,/Users/reyesmatte/Desktop/copypasta/20260226/processed_masks/PY79_26_cp_masks.tif,PY79_26_cp_masks.tif,78,0.7881182361817546,4.528624531079368,9.279106800465282,1.7037832341882577
5008,9,/Users/reyesmatte/Desktop/copypasta/20260226/processed_masks/PY79_26_cp_masks.tif,PY79_26_cp_masks.tif,79,0.7783350733858642,4.436220776207546,8.29849878560882,1.5737123850180763
5009,9,/Users/reyesmatte/Desktop/copypasta/20260226/processed_masks/PY79_26_cp_masks.tif,PY79_26_cp_masks.tif,80,0.7067995706600185,5.476303347212532,9.951133651482806,1.6812468999833026
5010,9,/Users/reyesmatte/Desktop/copypasta/20260226/processed_masks/PY79_26_cp_masks.tif,PY79_26_cp_masks.tif,81,0.780838292273994,4.146807530672654,7.974566344289878,1.4387201060948895
5011,9,/Users/reyesmatte/Desktop/copypasta/20260226/processed_masks/PY79_26_cp_masks.tif,PY79_26_cp_masks.tif,85,0.7086512359076061,5.265319974392429,9.947201003699691,1.6856095630904229
5012,9,/Users/reyesmatte/Desktop/copypasta/20260226/processed_masks/PY79_26_cp_masks.tif,PY79_26_cp_masks.tif,86,0.7336834280940628,4.143440162045563,7.977942636456911,1.3639010956393545
5013,9,/Users/reyesmatte/Desktop/copypasta/20260226/processed_masks/PY79_26_cp_masks.tif,PY79_26_cp_masks.tif,87,0.733724125462052,4.960558403793878,9.659384030588496,1.7246346594193867
5014,9,/Users/reyesmatte/Desktop/copypasta/20260226/processed_masks/PY79_26_cp_masks.tif,PY79_26_cp_masks.tif,88,0.7662386887189878,4.664979479836743,10.394054025740793,1.8755978175674013
5015,9,/Users/reyesmatte/Desktop/copypasta/20260226/processed_masks/PY79_26_cp_masks.tif,PY79_26_cp_masks.tif,90,0.7782759275730669,4.095880678464133,9.475728236642329,1.7253489413949903
5016,9,/Users/reyesmatte/Desktop/copypasta/20260226/processed_masks/PY79_26_cp_masks.tif,PY79_26_cp_masks.tif,91,0.778071260256552,7.430502486349683,9.661775494254032,1.7685390806962629
5017,9,/Users/reyesmatte/Desktop/copypasta/20260226/processed_masks/PY79_26_cp_masks.tif,PY79_26_cp_masks.tif,93,0.7956096134349471,4.269007044737681,9.815178581058134,1.8314604202890137
5018,9,/Users/reyesmatte/Desktop/copypasta/20260226/processed_masks/PY79_26_cp_masks.tif,PY79_26_cp_masks.tif,94,0.770155624168543,4.674734357377652,10.956520550514776,1.997471633232389
5019,9,/Users/reyesmatte/Desktop/copypasta/20260226/processed_masks/PY79_26_cp_masks.tif,PY79_26_cp_masks.tif,95,0.7512425604939711,5.348231895143488,11.999707805990159,2.2209829052247065
5020,9,/Users/reyesmatte/Desktop/copypasta/20260226/processed_masks/PY79_26_cp_masks.tif,PY79_26_cp_masks.tif,97,0.7744287129639771,5.066270801025693,11.636088691701834,2.138201950803677
5021,9,/Users/reyesmatte/Desktop/copypasta/20260226/processed_masks/PY79_26_cp_masks.tif,PY79_26_cp_masks.tif,98,0.805452905216132,4.539961005275156,8.996399580307113,1.6943845587960091
5022,9,/Users/reyesmatte/Desktop/copypasta/20260226/processed_masks/PY79_26_cp_masks.tif,PY79_26_cp_masks.tif,101,0.7859746114632733,9.170284013288999,11.717184202103162,2.2334266567052063
5023,9,/Users/reyesmatte/Desktop/copypasta/20260226/processed_masks/PY79_26_cp_masks.tif,PY79_26_cp_masks.tif,102,0.7762009068128166,4.504873923354277,9.692098116513714,1.7609448192846004
5024,9,/Users/reyesmatte/Desktop/copypasta/20260226/processed_masks/PY79_26_cp_masks.tif,PY79_26_cp_masks.tif,104,0.7662558980507472,4.388153595903346,9.296599718113194,1.73904470276216
5025,9,/Users/reyesmatte/Desktop/copypasta/20260226/processed_masks/PY79_26_cp_masks.tif,PY79_26_cp_masks.tif,105,0.7569964602065737,5.014813394646528,10.46709671105273,1.8803526010032445
5026,9,/Users/reyesmatte/Desktop/copypasta/20260226/processed_masks/PY79_26_cp_masks.tif,PY79_26_cp_masks.tif,109,0.82123484448254,4.953851900635069,12.337964225384356,2.400176396538219
5027,9,/Users/reyesmatte/Desktop/copypasta/20260226/processed_masks/PY79_26_cp_masks.tif,PY79_26_cp_masks.tif,113,0.7735905348414228,4.353262712096344,9.665799064353712,1.774092696892729
5028,9,/Users/reyesmatte/Desktop/copypasta/20260226/processed_masks/PY79_26_cp_masks.tif,PY79_26_cp_masks.tif,115,0.7974852052751792,4.918891747749844,11.19377377525117,2.1311472995905425
5029,9,/Users/reyesmatte/Desktop/copypasta/20260226/processed_masks/PY79_26_cp_masks.tif,PY79_26_cp_masks.tif,116,0.6944622101109946,4.73274475348491,9.754946795352424,1.6140447200890604
5030,9,/Users/reyesmatte/Desktop/copypasta/20260226/processed_masks/PY79_26_cp_masks.tif,PY79_26_cp_masks.tif,121,0.7802656585630043,3.840919238525694,8.501610606447235,1.5682582095818354
5031,9,/Users/reyesmatte/Desktop/copypasta/20260226/processed_masks/PY79_26_cp_masks.tif,PY79_26_cp_masks.tif,122,0.694301718570967,9.356736879306691,18.593094701414916,3.204846419241513
5032,9,/Users/reyesmatte/Desktop/copypasta/20260226/processed_masks/PY79_26_cp_masks.tif,PY79_26_cp_masks.tif,125,0.7532960952655456,5.070254650919594,10.68259811648652,1.9410799425107557
5033,9,/Users/reyesmatte/Desktop/copypasta/20260226/processed_masks/PY79_26_cp_masks.tif,PY79_26_cp_masks.tif,147,0.7736379845123599,4.971032123807362,10.894375026154371,1.9906863217188024
5034,9,/Users/reyesmatte/Desktop/copypasta/20260226/processed_masks/PY79_26_cp_masks.tif,PY79_26_cp_masks.tif,148,0.7254902756874971,4.499616124445031,8.966482146396926,1.5436344935607313
5035,9,/Users/reyesmatte/Desktop/copypasta/20260226/processed_masks/PY79_52_cp_masks.tif,PY79_52_cp_masks.tif,2,0.7850855710564021,6.792860635942143,14.554511135381652,2.7389054430565474
5036,9,/Users/reyesmatte/Desktop/copypasta/20260226/processed_masks/PY79_52_cp_masks.tif,PY79_52_cp_masks.tif,6,0.7508724696799259,3.540751349053887,8.000512368388312,1.4105348406720766
5037,9,/Users/reyesmatte/Desktop/copypasta/20260226/processed_masks/PY79_52_cp_masks.tif,PY79_52_cp_masks.tif,7,0.7638752512942524,3.5538477636393155,7.335394541449267,1.2861945548636584
5038,9,/Users/reyesmatte/Desktop/copypasta/20260226/processed_masks/PY79_52_cp_masks.tif,PY79_52_cp_masks.tif,8,0.7440309919745365,5.778973438309496,11.975577280504169,2.128683255587654
5039,9,/Users/reyesmatte/Desktop/copypasta/20260226/processed_masks/PY79_52_cp_masks.tif,PY79_52_cp_masks.tif,10,0.7314654262331448,5.6513852314366835,10.74785312268106,1.8781992247792547
5040,9,/Users/reyesmatte/Desktop/copypasta/20260226/processed_masks/PY79_52_cp_masks.tif,PY79_52_cp_masks.tif,12,0.7603405007859969,5.55817960819943,11.392895744688811,2.0764042065607957
5041,9,/Users/reyesmatte/Desktop/copypasta/20260226/processed_masks/PY79_52_cp_masks.tif,PY79_52_cp_masks.tif,13,0.7049991289772273,6.210369647750815,10.664205839112023,1.8606738993856482
5042,9,/Users/reyesmatte/Desktop/copypasta/20260226/processed_masks/PY79_52_cp_masks.tif,PY79_52_cp_masks.tif,17,0.7522791101283265,7.082662950609578,14.654185608763179,2.664596379417999
5043,9,/Users/reyesmatte/Desktop/copypasta/20260226/processed_masks/PY79_52_cp_masks.tif,PY79_52_cp_masks.tif,23,0.7875033568513681,6.215052022910036,14.187926417917495,2.671264455438911
5044,9,/Users/reyesmatte/Desktop/copypasta/20260226/processed_masks/PY79_52_cp_masks.tif,PY79_52_cp_masks.tif,24,0.8017693815023795,6.298845320353921,13.038037847708495,2.485253792823268
5045,9,/Users/reyesmatte/Desktop/copypasta/20260226/processed_masks/PY79_52_cp_masks.tif,PY79_52_cp_masks.tif,26,0.7824435727959116,6.061316353360574,12.248657393528378,2.353231339213478
5046,9,/Users/reyesmatte/Desktop/copypasta/20260226/processed_masks/PY79_52_cp_masks.tif,PY79_52_cp_masks.tif,29,0.7935714409332851,5.136135692696591,10.358854509182665,1.9622139659530673
5047,9,/Users/reyesmatte/Desktop/copypasta/20260226/processed_masks/PY79_52_cp_masks.tif,PY79_52_cp_masks.tif,36,0.7902444737987201,4.383733105201928,10.187803910395305,1.9007033120531094
5048,9,/Users/reyesmatte/Desktop/copypasta/20260226/processed_masks/PY79_52_cp_masks.tif,PY79_52_cp_masks.tif,38,0.8573566730720917,5.310790676135371,11.689158824061227,2.345180892650181
5049,9,/Users/reyesmatte/Desktop/copypasta/20260226/processed_masks/PY79_52_cp_masks.tif,PY79_52_cp_masks.tif,44,0.8583418762536995,6.069533789551387,14.732669456043725,3.0730332818959836
5050,9,/Users/reyesmatte/Desktop/copypasta/20260226/processed_masks/PY79_52_cp_masks.tif,PY79_52_cp_masks.tif,49,0.7875199497519555,7.0780069042063305,16.508664966896454,3.135319327735488
5051,9,/Users/reyesmatte/Desktop/copypasta/20260226/processed_masks/PY79_52_cp_masks.tif,PY79_52_cp_masks.tif,52,0.7663592343814054,5.6474868616843406,10.825853554607948,2.0176963495300595
5052,9,/Users/reyesmatte/Desktop/copypasta/20260226/processed_masks/PY79_52_cp_masks.tif,PY79_52_cp_masks.tif,60,0.8178746549428711,7.35747906680669,16.316609834743872,3.242696179726438
5053,9,/Users/reyesmatte/Desktop/copypasta/20260226/processed_masks/PY79_52_cp_masks.tif,PY79_52_cp_masks.tif,62,0.8461543965971535,5.7992672397787235,10.915533917005886,2.1625010285729487
5054,9,/Users/reyesmatte/Desktop/copypasta/20260226/processed_masks/PY79_52_cp_masks.tif,PY79_52_cp_masks.tif,63,0.8654589007952942,6.245444732816843,9.649221859134036,1.9407300680639257
5055,9,/Users/reyesmatte/Desktop/copypasta/20260226/processed_masks/PY79_52_cp_masks.tif,PY79_52_cp_masks.tif,66,0.8153506230859864,6.795986382779315,13.87003458348461,2.6955906332154878
5056,9,/Users/reyesmatte/Desktop/copypasta/20260226/processed_masks/PY79_52_cp_masks.tif,PY79_52_cp_masks.tif,72,0.8304244991226533,5.377242740063748,13.035184970856804,2.582303012840016
5057,9,/Users/reyesmatte/Desktop/copypasta/20260226/processed_masks/PY79_52_cp_masks.tif,PY79_52_cp_masks.tif,84,0.7733089656375713,4.897609304510604,10.263000988859462,1.970408955593096
5058,9,/Users/reyesmatte/Desktop/copypasta/20260226/processed_masks/PY79_52_cp_masks.tif,PY79_52_cp_masks.tif,85,0.8052882135460139,5.319727430713004,11.120095134729853,2.133442453561588
5059,9,/Users/reyesmatte/Desktop/copypasta/20260226/processed_masks/PY79_52_cp_masks.tif,PY79_52_cp_masks.tif,87,0.8705529764755701,4.196575506148043,11.216768603141224,2.278370470700029
5060,9,/Users/reyesmatte/Desktop/copypasta/20260226/processed_masks/PY79_52_cp_masks.tif,PY79_52_cp_masks.tif,89,0.799763083996915,4.247818045849023,10.108949192571163,1.900098441610678
5061,9,/Users/reyesmatte/Desktop/copypasta/20260226/processed_masks/PY79_52_cp_masks.tif,PY79_52_cp_masks.tif,90,0.8916625710720874,3.659262004040402,9.749879946991385,2.013517818435691
5062,9,/Users/reyesmatte/Desktop/copypasta/20260226/processed_masks/PY79_52_cp_masks.tif,PY79_52_cp_masks.tif,95,0.809036894210902,4.276230830232025,8.495238699592148,1.6996866852402477
5063,9,/Users/reyesmatte/Desktop/copypasta/20260226/processed_masks/PY79_52_cp_masks.tif,PY79_52_cp_masks.tif,96,0.8888342527611811,3.5439001744918124,9.840018030798646,2.0055442034406394
5064,9,/Users/reyesmatte/Desktop/copypasta/20260226/processed_masks/PY79_52_cp_masks.tif,PY79_52_cp_masks.tif,101,0.8971628221353526,3.8137204076912448,9.026473565188804,1.8370348956712201
5065,9,/Users/reyesmatte/Desktop/copypasta/20260226/processed_masks/PY79_52_cp_masks.tif,PY79_52_cp_masks.tif,103,0.7866311953965917,4.530101553688826,10.921606074944009,2.0525278053760463
5066,9,/Users/reyesmatte/Desktop/copypasta/20260226/processed_masks/PY79_52_cp_masks.tif,PY79_52_cp_masks.tif,106,0.846431505123424,4.9609025545023195,11.096513782869529,2.3039222721095487
5067,9,/Users/reyesmatte/Desktop/copypasta/20260226/processed_masks/PY79_52_cp_masks.tif,PY79_52_cp_masks.tif,108,0.8553170511228503,5.032451675786345,11.32474102354096,2.310602020491253
5068,9,/Users/reyesmatte/Desktop/copypasta/20260226/processed_masks/PY79_52_cp_masks.tif,PY79_52_cp_masks.tif,109,0.768867841212206,4.0175484348285835,8.913698076750604,1.6412819145233857
5069,9,/Users/reyesmatte/Desktop/copypasta/20260226/processed_masks/PY79_52_cp_masks.tif,PY79_52_cp_masks.tif,113,0.834050297228172,7.467717602864878,16.231409509246625,3.2502704555380286
5070,9,/Users/reyesmatte/Desktop/copypasta/20260226/processed_masks/PY79_52_cp_masks.tif,PY79_52_cp_masks.tif,114,0.8185019846505825,3.5583496656723543,8.688902410398681,1.6398039242577362
5071,9,/Users/reyesmatte/Desktop/copypasta/20260226/processed_masks/PY79_52_cp_masks.tif,PY79_52_cp_masks.tif,116,0.7811187917441822,4.39247585407685,9.296655972816795,1.7035123281508255
5072,9,/Users/reyesmatte/Desktop/copypasta/20260226/processed_masks/PY79_52_cp_masks.tif,PY79_52_cp_masks.tif,117,0.7710804697454431,8.311266672582343,18.23089749354309,3.440798835750487
5073,9,/Users/reyesmatte/Desktop/copypasta/20260226/processed_masks/PY79_52_cp_masks.tif,PY79_52_cp_masks.tif,118,0.8160214379796212,8.240949372603675,18.2319258760906,3.589139828000087
5074,9,/Users/reyesmatte/Desktop/copypasta/20260226/processed_masks/PY79_52_cp_masks.tif,PY79_52_cp_masks.tif,119,0.8324845404487915,3.7875629187546602,9.624965930206672,1.8584936620263297
5075,9,/Users/reyesmatte/Desktop/copypasta/20260226/processed_masks/PY79_52_cp_masks.tif,PY79_52_cp_masks.tif,122,0.7174372837076399,4.7387856318298525,9.09232469558259,1.5556698942680596
5076,9,/Users/reyesmatte/Desktop/copypasta/20260226/processed_masks/PY79_52_cp_masks.tif,PY79_52_cp_masks.tif,123,0.7571954612375252,5.8105289299897285,12.51942917990782,2.2650191114486025
5077,9,/Users/reyesmatte/Desktop/copypasta/20260226/processed_masks/PY79_52_cp_masks.tif,PY79_52_cp_masks.tif,125,0.7433380344408682,12.27586382353453,17.310819347752755,3.1966287703817455
5078,9,/Users/reyesmatte/Desktop/copypasta/20260226/processed_masks/PY79_52_cp_masks.tif,PY79_52_cp_masks.tif,126,0.764119047253139,6.6468911217736135,14.498172245867439,2.659354683182162
5079,9,/Users/reyesmatte/Desktop/copypasta/20260226/processed_masks/PY79_52_cp_masks.tif,PY79_52_cp_masks.tif,127,0.7599786783347546,5.34980883498453,11.762315672944661,2.125315555747812
5080,9,/Users/reyesmatte/Desktop/copypasta/20260226/processed_masks/PY79_52_cp_masks.tif,PY79_52_cp_masks.tif,128,0.7858285665532477,3.4319987213907552,7.592045406023351,1.3731752952888805
5081,9,/Users/reyesmatte/Desktop/copypasta/20260226/processed_masks/PY79_52_cp_masks.tif,PY79_52_cp_masks.tif,130,0.7292492088740451,4.1854145897513035,8.72039061769649,1.496389965248032
5082,9,/Users/reyesmatte/Desktop/copypasta/20260226/processed_masks/PY79_52_cp_masks.tif,PY79_52_cp_masks.tif,131,0.7630901317154845,6.441592703836487,14.740219439677032,2.700034577206604
5083,9,/Users/reyesmatte/Desktop/copypasta/20260226/processed_masks/PY79_52_cp_masks.tif,PY79_52_cp_masks.tif,132,0.810686797134648,8.02469398983488,18.45979728435571,3.620646893867469
5084,9,/Users/reyesmatte/Desktop/copypasta/20260226/processed_masks/PY79_52_cp_masks.tif,PY79_52_cp_masks.tif,133,0.7691504198038216,4.900033089939413,9.333672527206069,1.6858157013903645
5085,9,/Users/reyesmatte/Desktop/copypasta/20260226/processed_masks/PY79_52_cp_masks.tif,PY79_52_cp_masks.tif,134,0.7476522858235066,4.143510913426311,7.657742674604637,1.4501011135374535
5086,9,/Users/reyesmatte/Desktop/copypasta/20260226/processed_masks/PY79_52_cp_masks.tif,PY79_52_cp_masks.tif,135,0.7755051627291288,4.070438804998014,8.508544961816382,1.5768269524529201
5087,9,/Users/reyesmatte/Desktop/copypasta/20260226/processed_masks/PY79_52_cp_masks.tif,PY79_52_cp_masks.tif,136,0.7741892504805185,11.896728594372513,14.691782607272648,2.7823029851169756
5088,9,/Users/reyesmatte/Desktop/copypasta/20260226/processed_masks/PY79_52_cp_masks.tif,PY79_52_cp_masks.tif,137,0.7715424809856668,2.8341929945364503,6.739959471573959,1.1854055734472464
5089,9,/Users/reyesmatte/Desktop/copypasta/20260226/processed_masks/PY79_52_cp_masks.tif,PY79_52_cp_masks.tif,138,0.8070984972834871,4.392764124601697,9.010969665736928,1.6828965012583543
5090,9,/Users/reyesmatte/Desktop/copypasta/20260226/processed_masks/PY79_52_cp_masks.tif,PY79_52_cp_masks.tif,139,0.7724350963903546,2.863170851221324,6.70671730645693,1.1806078210764557
5091,9,/Users/reyesmatte/Desktop/copypasta/20260226/processed_masks/PY79_52_cp_masks.tif,PY79_52_cp_masks.tif,140,0.8382222434933424,3.692652317294101,7.485938081240802,1.4313213546446826
5092,9,/Users/reyesmatte/Desktop/copypasta/20260226/processed_masks/PY79_52_cp_masks.tif,PY79_52_cp_masks.tif,141,0.8178717596641207,4.063079010835354,8.518805065089037,1.609004324009504
5093,9,/Users/reyesmatte/Desktop/copypasta/20260226/processed_masks/PY79_52_cp_masks.tif,PY79_52_cp_masks.tif,142,0.7994673067024318,4.340284093172654,8.611477828318439,1.59461896088943
5094,9,/Users/reyesmatte/Desktop/copypasta/20260226/processed_masks/PY79_52_cp_masks.tif,PY79_52_cp_masks.tif,143,0.8037006167278301,4.199446246484796,9.27357106308717,1.753630078604435
5095,9,/Users/reyesmatte/Desktop/copypasta/20260226/processed_masks/PY79_12_cp_masks.tif,PY79_12_cp_masks.tif,41,0.7000820987437446,5.386392352733197,9.305716302347376,1.5891684384999152
5096,9,/Users/reyesmatte/Desktop/copypasta/20260226/processed_masks/PY79_12_cp_masks.tif,PY79_12_cp_masks.tif,48,0.8027981982937775,4.4845807723337305,8.724750676131272,1.6342272633102515
5097,9,/Users/reyesmatte/Desktop/copypasta/20260226/processed_masks/PY79_12_cp_masks.tif,PY79_12_cp_masks.tif,56,0.8030347303185121,4.722791672496028,9.26132843498129,1.7286541024325008
5098,9,/Users/reyesmatte/Desktop/copypasta/20260226/processed_masks/PY79_12_cp_masks.tif,PY79_12_cp_masks.tif,57,0.680610796622126,3.7470620522355866,7.022298010786507,1.1234399212220056
5099,9,/Users/reyesmatte/Desktop/copypasta/20260226/processed_masks/PY79_12_cp_masks.tif,PY79_12_cp_masks.tif,64,0.7493886672822266,4.267108571992984,8.841044238663123,1.5674676454417003
5100,9,/Users/reyesmatte/Desktop/copypasta/20260226/processed_masks/PY79_12_cp_masks.tif,PY79_12_cp_masks.tif,68,0.7793232786345662,4.1558622750712955,9.042974296731792,1.6422663887828441
5101,9,/Users/reyesmatte/Desktop/copypasta/20260226/processed_masks/PY79_12_cp_masks.tif,PY79_12_cp_masks.tif,69,0.8154133418636651,4.887182326022556,9.663258729540004,1.8482721774605932
5102,9,/Users/reyesmatte/Desktop/copypasta/20260226/processed_masks/PY79_12_cp_masks.tif,PY79_12_cp_masks.tif,73,0.7704371348316542,4.877607406711032,10.05019768770084,1.8196653257720163
5103,9,/Users/reyesmatte/Desktop/copypasta/20260226/processed_masks/PY79_12_cp_masks.tif,PY79_12_cp_masks.tif,77,0.849353261551359,11.565880251638177,23.684242200227303,4.905615111969588
5104,9,/Users/reyesmatte/Desktop/copypasta/20260226/processed_masks/PY79_12_cp_masks.tif,PY79_12_cp_masks.tif,96,0.8355803298917547,3.787006868961636,8.276193555298155,1.5875775961995078
5105,9,/Users/reyesmatte/Desktop/copypasta/20260226/processed_masks/PY79_12_cp_masks.tif,PY79_12_cp_masks.tif,98,0.7660039362683784,4.691778942079697,8.571666321135142,1.5576040058538902
5106,9,/Users/reyesmatte/Desktop/copypasta/20260226/processed_masks/PY79_12_cp_masks.tif,PY79_12_cp_masks.tif,104,0.8213183413328395,4.801497795474737,10.052009078378298,1.922539925297274
5107,9,/Users/reyesmatte/Desktop/copypasta/20260226/processed_masks/PY79_12_cp_masks.tif,PY79_12_cp_masks.tif,114,0.8020893267672795,8.222178478686658,16.2110152132836,3.2305111476728947
5108,9,/Users/reyesmatte/Desktop/copypasta/20260226/processed_masks/PY79_12_cp_masks.tif,PY79_12_cp_masks.tif,133,0.8252357555805435,4.210539705223741,8.909310293421775,1.692051108026717
5109,9,/Users/reyesmatte/Desktop/copypasta/20260226/processed_masks/PY79_12_cp_masks.tif,PY79_12_cp_masks.tif,142,0.8354248849068275,4.147802945672222,8.38961573514166,1.679581514787088
5110,9,/Users/reyesmatte/Desktop/copypasta/20260226/processed_masks/PY79_31_cp_masks.tif,PY79_31_cp_masks.tif,10,0.7154050791871118,5.009717964615333,10.290946046058911,1.7556177341727512
5111,9,/Users/reyesmatte/Desktop/copypasta/20260226/processed_masks/PY79_31_cp_masks.tif,PY79_31_cp_masks.tif,11,0.7610164211017489,4.184910927353117,9.1598139991648,1.6834957085529298
5112,9,/Users/reyesmatte/Desktop/copypasta/20260226/processed_masks/PY79_31_cp_masks.tif,PY79_31_cp_masks.tif,12,0.7226401608494446,7.551880547061838,12.392158365776218,2.168086825045859
5113,9,/Users/reyesmatte/Desktop/copypasta/20260226/processed_masks/PY79_31_cp_masks.tif,PY79_31_cp_masks.tif,13,0.7731025536626557,4.726450845014007,11.201248355059679,2.0463042915373952
5114,9,/Users/reyesmatte/Desktop/copypasta/20260226/processed_masks/PY79_31_cp_masks.tif,PY79_31_cp_masks.tif,18,0.6938182248587863,4.696240782342216,9.192260373704473,1.5353212290805658
5115,9,/Users/reyesmatte/Desktop/copypasta/20260226/processed_masks/PY79_31_cp_masks.tif,PY79_31_cp_masks.tif,19,0.7671379596366876,4.461837475674639,9.804332744248205,1.7708816530720526
5116,9,/Users/reyesmatte/Desktop/copypasta/20260226/processed_masks/PY79_31_cp_masks.tif,PY79_31_cp_masks.tif,20,0.8119447248958052,4.378777313317667,10.11764859039604,1.917051076838297
5117,9,/Users/reyesmatte/Desktop/copypasta/20260226/processed_masks/PY79_31_cp_masks.tif,PY79_31_cp_masks.tif,21,0.811694867409212,4.076479683342956,8.075494672879339,1.5302498778055598
5118,9,/Users/reyesmatte/Desktop/copypasta/20260226/processed_masks/PY79_31_cp_masks.tif,PY79_31_cp_masks.tif,22,0.7842436606949104,7.322694603088898,8.95971854874327,1.645547247943349
5119,9,/Users/reyesmatte/Desktop/copypasta/20260226/processed_masks/PY79_31_cp_masks.tif,PY79_31_cp_masks.tif,23,0.8676071516786367,4.006481795367948,8.927266629093896,1.7682004687753448
5120,9,/Users/reyesmatte/Desktop/copypasta/20260226/processed_masks/PY79_31_cp_masks.tif,PY79_31_cp_masks.tif,27,0.8425061031387108,3.2829666162578635,6.896358120192533,1.2983202169702577
5121,9,/Users/reyesmatte/Desktop/copypasta/20260226/processed_masks/PY79_31_cp_masks.tif,PY79_31_cp_masks.tif,30,0.7957483081022491,3.9662694959829263,7.668418596642046,1.4043550662477886
5122,9,/Users/reyesmatte/Desktop/copypasta/20260226/processed_masks/PY79_31_cp_masks.tif,PY79_31_cp_masks.tif,46,0.6789182455781025,5.704286996211791,10.68791490157909,1.782966235936607
5123,9,/Users/reyesmatte/Desktop/copypasta/20260226/processed_masks/PY79_31_cp_masks.tif,PY79_31_cp_masks.tif,47,0.7958901925166532,7.194698882959102,17.11340594982512,3.283353015080934
5124,9,/Users/reyesmatte/Desktop/copypasta/20260226/processed_masks/PY79_31_cp_masks.tif,PY79_31_cp_masks.tif,48,0.7837134803064476,4.443641974053886,10.59270963490516,1.9588493714089104
5125,9,/Users/reyesmatte/Desktop/copypasta/20260226/processed_masks/PY79_31_cp_masks.tif,PY79_31_cp_masks.tif,49,0.7828171350391887,6.81472766439027,9.13058375848367,1.6884829120179847
5126,9,/Users/reyesmatte/Desktop/copypasta/20260226/processed_masks/PY79_31_cp_masks.tif,PY79_31_cp_masks.tif,50,0.7308148145896569,9.074644760709942,11.270886241067137,1.971304301933535
5127,9,/Users/reyesmatte/Desktop/copypasta/20260226/processed_masks/PY79_31_cp_masks.tif,PY79_31_cp_masks.tif,52,0.8015661221284749,3.6434247611751798,8.682029606576739,1.6246131995580764
5128,9,/Users/reyesmatte/Desktop/copypasta/20260226/processed_masks/PY79_31_cp_masks.tif,PY79_31_cp_masks.tif,53,0.7529620479121546,7.920590579971145,9.619532068920028,1.8180488586637737
5129,9,/Users/reyesmatte/Desktop/copypasta/20260226/processed_masks/PY79_31_cp_masks.tif,PY79_31_cp_masks.tif,54,0.8924083393566709,10.861401038729612,19.291549682750304,4.142696054972757
5130,9,/Users/reyesmatte/Desktop/copypasta/20260226/processed_masks/PY79_31_cp_masks.tif,PY79_31_cp_masks.tif,55,0.8367838893462712,13.266282738513143,18.66663813647316,3.7724713871904076
5131,9,/Users/reyesmatte/Desktop/copypasta/20260226/processed_masks/PY79_31_cp_masks.tif,PY79_31_cp_masks.tif,56,0.853304324187097,7.878724475666354,19.783386569229883,4.080983699605889
5132,9,/Users/reyesmatte/Desktop/copypasta/20260226/processed_masks/PY79_31_cp_masks.tif,PY79_31_cp_masks.tif,57,0.7824195131808708,6.967396376368984,16.27947690753516,3.061260489389953
5133,9,/Users/reyesmatte/Desktop/copypasta/20260226/processed_masks/PY79_31_cp_masks.tif,PY79_31_cp_masks.tif,58,0.7806591438827278,5.404284360858564,11.771881176586303,2.187401105418427
5134,9,/Users/reyesmatte/Desktop/copypasta/20260226/processed_masks/PY79_31_cp_masks.tif,PY79_31_cp_masks.tif,59,0.8575120829605787,4.17902860471452,10.221067163856064,2.03426938094065
5135,9,/Users/reyesmatte/Desktop/copypasta/20260226/processed_masks/PY79_31_cp_masks.tif,PY79_31_cp_masks.tif,60,0.755723820269515,8.422549396929039,18.067321974500285,3.327808527479134
5136,9,/Users/reyesmatte/Desktop/copypasta/20260226/processed_masks/PY79_31_cp_masks.tif,PY79_31_cp_masks.tif,61,0.8006986618961252,4.384324495229227,10.358867950913671,1.9463829962809251
5137,9,/Users/reyesmatte/Desktop/copypasta/20260226/processed_masks/PY79_31_cp_masks.tif,PY79_31_cp_masks.tif,62,0.8016407186364961,4.078656241188826,9.842089206754139,1.8808986156833178
5138,9,/Users/reyesmatte/Desktop/copypasta/20260226/processed_masks/PY79_31_cp_masks.tif,PY79_31_cp_masks.tif,63,0.8371166576093648,6.782648991184827,17.210233199279074,3.509872832216076
5139,9,/Users/reyesmatte/Desktop/copypasta/20260226/processed_masks/PY79_31_cp_masks.tif,PY79_31_cp_masks.tif,64,0.8075724219114095,4.276620315980913,9.586566514882751,1.8626820493058347
5140,9,/Users/reyesmatte/Desktop/copypasta/20260226/processed_masks/PY79_31_cp_masks.tif,PY79_31_cp_masks.tif,65,0.7922357356621517,3.8624507184654675,8.962756852758742,1.6865401853142046
5141,9,/Users/reyesmatte/Desktop/copypasta/20260226/processed_masks/PY79_31_cp_masks.tif,PY79_31_cp_masks.tif,66,0.7785603481162884,9.482468228131902,21.311967810676062,4.035954496735054
5142,9,/Users/reyesmatte/Desktop/copypasta/20260226/processed_masks/PY79_31_cp_masks.tif,PY79_31_cp_masks.tif,67,0.8015898093766989,8.790188502715784,18.589163889405036,3.6269557965821333
5143,9,/Users/reyesmatte/Desktop/copypasta/20260226/processed_masks/PY79_31_cp_masks.tif,PY79_31_cp_masks.tif,72,0.7702927287404839,9.103257889086327,19.125237417833116,3.589609015190177
5144,9,/Users/reyesmatte/Desktop/copypasta/20260226/processed_masks/PY79_31_cp_masks.tif,PY79_31_cp_masks.tif,90,0.6432319982588731,2.9459679646153334,5.293416809280661,0.7907823598436752
5145,9,/Users/reyesmatte/Desktop/copypasta/20260226/processed_masks/PY79_31_cp_masks.tif,PY79_31_cp_masks.tif,92,0.6548389732063852,2.9883299320337677,5.240697790445441,0.7958385389180925
5146,9,/Users/reyesmatte/Desktop/copypasta/20260226/processed_masks/PY79_31_cp_masks.tif,PY79_31_cp_masks.tif,97,0.764553776520141,4.297759297807594,8.227011094883903,1.4666682120945982
5147,9,/Users/reyesmatte/Desktop/copypasta/20260226/processed_masks/PY79_31_cp_masks.tif,PY79_31_cp_masks.tif,98,0.6560537631908806,8.974367072954733,16.357478845438752,2.619943457060679
5148,9,/Users/reyesmatte/Desktop/copypasta/20260226/processed_masks/PY79_31_cp_masks.tif,PY79_31_cp_masks.tif,99,0.7675103174641407,3.982454631961538,7.785560468316404,1.4289939759710562
5149,9,/Users/reyesmatte/Desktop/copypasta/20260226/processed_masks/PY79_31_cp_masks.tif,PY79_31_cp_masks.tif,101,0.6873074604503582,5.109419141602776,8.730441225751132,1.4432690898194516
5150,9,/Users/reyesmatte/Desktop/copypasta/20260226/processed_masks/PY79_31_cp_masks.tif,PY79_31_cp_masks.tif,102,0.792255006170759,3.7062645002668115,7.212237816572199,1.3051622434614218
5151,9,/Users/reyesmatte/Desktop/copypasta/20260226/processed_masks/PY79_31_cp_masks.tif,PY79_31_cp_masks.tif,104,0.6893751230702039,5.566746776741373,9.618540140560688,1.6059676294118614
5152,9,/Users/reyesmatte/Desktop/copypasta/20260226/processed_masks/PY79_31_cp_masks.tif,PY79_31_cp_masks.tif,105,0.7378727211040245,4.087924302747859,7.391159684894013,1.2689296463119435
5153,9,/Users/reyesmatte/Desktop/copypasta/20260226/processed_masks/PY79_34_cp_masks.tif,PY79_34_cp_masks.tif,9,0.8137330034657168,8.135483343349888,16.762075442450755,3.310038404640361
5154,9,/Users/reyesmatte/Desktop/copypasta/20260226/processed_masks/PY79_34_cp_masks.tif,PY79_34_cp_masks.tif,15,0.8469788551051263,6.751821748972139,13.979289834414201,2.8783603947308727
5155,9,/Users/reyesmatte/Desktop/copypasta/20260226/processed_masks/PY79_34_cp_masks.tif,PY79_34_cp_masks.tif,18,0.8070274293070364,5.751215257651631,11.235240531297192,2.1649394727353712
5156,9,/Users/reyesmatte/Desktop/copypasta/20260226/processed_masks/PY79_34_cp_masks.tif,PY79_34_cp_masks.tif,21,0.7378499482922966,4.149792798123213,7.454764392418514,1.2985343720060623
5157,9,/Users/reyesmatte/Desktop/copypasta/20260226/processed_masks/PY79_34_cp_masks.tif,PY79_34_cp_masks.tif,22,0.785659871663998,5.851180757382797,12.15949522598056,2.2845180648478745
5158,9,/Users/reyesmatte/Desktop/copypasta/20260226/processed_masks/PY79_34_cp_masks.tif,PY79_34_cp_masks.tif,23,0.8144191483643768,2.7790018774048004,5.938113380890179,1.068570743716625
5159,9,/Users/reyesmatte/Desktop/copypasta/20260226/processed_masks/PY79_34_cp_masks.tif,PY79_34_cp_masks.tif,24,0.8375413183330372,3.673715301707505,7.859868488447361,1.5281718029073954
5160,9,/Users/reyesmatte/Desktop/copypasta/20260226/processed_masks/PY79_34_cp_masks.tif,PY79_34_cp_masks.tif,27,0.7647254654699199,4.955020231863721,9.591284794468748,1.760742888856531
5161,9,/Users/reyesmatte/Desktop/copypasta/20260226/processed_masks/PY79_34_cp_masks.tif,PY79_34_cp_masks.tif,29,0.7359797501353524,3.121853246624767,5.7232599078012125,1.0129903421613629
5162,9,/Users/reyesmatte/Desktop/copypasta/20260226/processed_masks/PY79_34_cp_masks.tif,PY79_34_cp_masks.tif,30,0.7761045530157944,5.335467239108123,9.824480349193184,1.8167927271338582
5163,9,/Users/reyesmatte/Desktop/copypasta/20260226/processed_masks/PY79_34_cp_masks.tif,PY79_34_cp_masks.tif,31,0.7388033703986963,9.256798198853831,16.69355793328074,2.991026604350294
5164,9,/Users/reyesmatte/Desktop/copypasta/20260226/processed_masks/PY79_34_cp_masks.tif,PY79_34_cp_masks.tif,32,0.8087672702416511,4.79251670480248,10.11994364913873,1.9098112103424136
5165,9,/Users/reyesmatte/Desktop/copypasta/20260226/processed_masks/PY79_34_cp_masks.tif,PY79_34_cp_masks.tif,34,0.8938433167758134,5.596596388522556,12.433995576268801,2.6302945409705045
5166,9,/Users/reyesmatte/Desktop/copypasta/20260226/processed_masks/PY79_34_cp_masks.tif,PY79_34_cp_masks.tif,35,0.8906486468306619,6.718262404692456,14.947630739460775,3.1825674312267815
5167,9,/Users/reyesmatte/Desktop/copypasta/20260226/processed_masks/PY79_34_cp_masks.tif,PY79_34_cp_masks.tif,36,0.8650611323503927,4.833213370321167,10.242216544743705,2.060504137496051
5168,9,/Users/reyesmatte/Desktop/copypasta/20260226/processed_masks/PY79_34_cp_masks.tif,PY79_34_cp_masks.tif,39,0.6479711336808653,3.1536353961072603,6.060266521183549,0.9160111089819747
5169,9,/Users/reyesmatte/Desktop/copypasta/20260226/processed_masks/PY79_34_cp_masks.tif,PY79_34_cp_masks.tif,40,0.831789609701364,6.394218605784357,12.351071766817501,2.5115864670276706
5170,9,/Users/reyesmatte/Desktop/copypasta/20260226/processed_masks/PY79_34_cp_masks.tif,PY79_34_cp_masks.tif,42,0.6594304335636781,3.1692838247960857,6.014886940597312,0.9244380741060039
5171,9,/Users/reyesmatte/Desktop/copypasta/20260226/processed_masks/PY79_34_cp_masks.tif,PY79_34_cp_masks.tif,43,0.7362818639839471,6.391933323367707,11.587877123462944,2.1228538292724513
5172,9,/Users/reyesmatte/Desktop/copypasta/20260226/processed_masks/PY79_34_cp_masks.tif,PY79_34_cp_masks.tif,44,0.6733580151023268,2.891046978750748,5.509794350674414,0.8517484766014907
5173,9,/Users/reyesmatte/Desktop/copypasta/20260226/processed_masks/PY79_34_cp_masks.tif,PY79_34_cp_masks.tif,51,0.7860556633029717,4.823950479714519,10.481707564413872,1.9356738889895087
5174,9,/Users/reyesmatte/Desktop/copypasta/20260226/processed_masks/PY79_34_cp_masks.tif,PY79_34_cp_masks.tif,52,0.786906586470446,4.400676265641027,9.356750021288663,1.7348833525724139
5175,9,/Users/reyesmatte/Desktop/copypasta/20260226/processed_masks/PY79_34_cp_masks.tif,PY79_34_cp_masks.tif,53,0.7806796922567998,3.5435990229038588,7.471259072627343,1.33595752765274
5176,9,/Users/reyesmatte/Desktop/copypasta/20260226/processed_masks/PY79_34_cp_masks.tif,PY79_34_cp_masks.tif,55,0.7738019609938305,4.302442682937906,8.231119960228325,1.477051476280865
