,Cell,Width_GT,Length_GT,SurfaceArea_GT,Volume_GT,Width_Omni,Length_Omni,SurfaceArea_Omni,Volume_Omni
0,Cell_0,0.8231258880750771,1.9755547755669904,4.278644307208338,0.7384857003590694,0.8076670360297872,2.0776627838907555,4.3237432508173,0.7478944830859137
1,Cell_1,0.5314988588951773,2.713255193648043,4.2916764180842,0.5528089121363158,0.5855137953226459,2.879418748664292,4.873801720349471,0.6972598902040454
2,Cell_10,0.6801232492202105,4.050855657848376,6.98493278546869,1.1863311723018934,0.770797813251139,3.876703608195433,7.344395930569432,1.324760775555304
3,Cell_100,0.6465687026167177,3.410756369264933,6.835803367645591,1.0418216078910345,0.672732875485348,3.426404797953759,7.036949003315257,1.1123272160954123
4,Cell_101,0.6562284844628394,2.3400520245921723,3.915833931634513,0.5732401072638745,0.7149067557303296,2.4801015096329557,4.493275574263472,0.7109549576305974
5,Cell_102,0.6210621976792409,4.338236289443545,5.978923920869953,0.8738762833618284,0.6767701802680093,4.273667462467298,6.144874399470845,0.9749998648501792
6,Cell_103,0.7708774925386104,2.517385518601436,5.341983129814913,0.9181146405782094,0.8268570675110108,4.028483738102665,5.886864026171422,1.077904221039384
7,Cell_104,0.6615828581387281,2.9739087895513885,4.913170517305188,0.7800560716476369,0.7524700145253035,2.9453218330522914,5.679981944434142,0.9635783941900546
8,Cell_105,0.6110280862721597,2.9816895849346836,5.32470481568168,0.7846194286564815,0.6637604244372494,3.3164735128475775,6.073480018878556,0.9447046484615867
9,Cell_106,0.6600823856230701,2.210219872749845,3.749298373238406,0.5530576306973405,0.7006908152647741,2.2709765184441295,4.052744424734215,0.6311796877897875
10,Cell_107,0.6834807328993987,3.752398358199431,6.330962595341412,1.0345504183933187,0.732632367745026,3.6271495250051475,6.6681786007184165,1.1300238428558738
11,Cell_108,0.6404296142479697,2.2098403633857253,3.9522363340247915,0.5680295817318366,0.6580228334556542,2.232350092831411,4.10905586706167,0.6041812191164511
12,Cell_109,0.6836233598845914,3.419075229718692,6.747670447813579,1.12759706784816,0.7365911125407136,3.9045636491833675,7.444052274625261,1.2850800011380108
13,Cell_11,0.6964379593069229,3.6630911047145194,7.233033712880687,1.181179611551427,0.7320872618595129,3.8187890184441278,7.83304674858546,1.3455054314699963
14,Cell_110,0.6934341444091585,2.784167768857105,4.82887926341137,0.7558665913489768,0.7363621875973684,2.843050996781901,5.290215764460849,0.873409867362942
15,Cell_111,0.6424430546110739,3.7263560060080736,6.434331175854331,0.9784227832720589,0.7084112125089274,3.7487021023615146,6.812661209325125,1.132584112669525
16,Cell_112,0.6908782450722106,3.4097056733625624,6.155413523562146,0.9971908730101227,0.7434284833023438,3.4439346747606465,6.6707118413407605,1.1520182648270605
17,Cell_113,0.7189588070424674,2.4231247848014306,4.630870754175051,0.7461303075970374,0.7616279410264902,2.4950649894260803,5.114686916672861,0.8711768924577648
18,Cell_114,0.6601498836446048,2.7003166658377715,5.2762069095122826,0.841387399891631,0.7048929031351141,2.649372789002615,5.394260890058782,0.8767052238323303
19,Cell_115,0.5924560786699004,4.225973890780996,6.644524709439898,0.9632021136765382,0.6590401530952615,4.244978351911419,7.538744942374128,1.184321631135839
20,Cell_116,0.6454679680044335,2.0499386403721935,3.79153987704621,0.5451924632482467,0.6777846467672013,2.0499386403721935,3.922492347994115,0.5873272888683927
21,Cell_117,0.622363479979738,2.321277836952203,3.4490055562292965,0.5081981293512293,0.710735131770527,2.233197869673738,4.042678801214386,0.6275280029027083
22,Cell_118,0.6640835806355813,3.2623266200867134,5.467072258450016,0.8567092739998596,0.7064460694276503,3.310271174756649,5.990211101362791,0.9793073378423744
23,Cell_119,0.7280614370709608,2.296842280331411,4.568755743526502,0.7415407506381272,0.767275895254282,2.393504157026597,5.142150638450437,0.8767806534125536
24,Cell_12,0.6997974310799374,3.3531084578951584,5.99667735086212,0.96738341596211,0.7521644073877616,3.2512615100459312,6.387954964151446,1.100821226669956
25,Cell_120,0.6855762257737714,2.2678507594929855,3.8756652318600313,0.5882542980295068,0.714235910857947,2.3492437168634663,4.214908875062295,0.6689155136865
26,Cell_121,0.7310037417247623,2.8780239383177832,5.183588605649777,0.850041740234992,0.8100671831467949,2.9675898261052764,5.992079356737136,1.0785232776960427
27,Cell_122,0.6934719641305369,3.0605311971329545,5.567563896934738,0.8898875170974841,0.7523646285603123,2.9204817120921724,5.910219186084817,1.0053478022074012
28,Cell_123,0.7390651710380933,2.0564204317649333,4.620033013932643,0.7609227704233943,0.7618449078122075,2.1100103371707766,4.961385926488245,0.8425252110360655
29,Cell_124,0.7014819988652022,4.47814944129547,5.787755934071015,0.9396587437015247,0.7593199975910134,4.773569446163942,6.569419484308715,1.1395628441918524
30,Cell_125,0.6395055740067372,2.7596010109603784,4.566537395161738,0.6832149483306632,0.6995370513153787,2.6276220782851696,4.872093715795989,0.7738119366704628
31,Cell_126,0.6477592798060294,3.600859874696702,5.667210969355182,0.8891461351145761,0.6970362646745268,3.500495541519581,6.145015104510327,0.9917204103090866
32,Cell_127,0.7165664611579886,2.2185043305313266,4.831687037855705,0.7803466482665742,0.7492381649848767,2.166857319379457,5.00717181285441,0.8319322210937797
33,Cell_128,0.6967324798929677,2.3133635408377713,4.705090575692467,0.7464435928275686,0.7056740095820369,2.353625390232224,4.684290262874689,0.7511434434842951
34,Cell_129,0.7066315378633393,2.566723917214521,4.79386750169772,0.7676965227990606,0.7788086653932514,2.5712364844818167,5.382156142737067,0.932440481289059
35,Cell_13,0.6370647809808009,3.266909938734756,5.017325137512976,0.7505295134370916,0.7062078446331712,3.4184484222374847,5.79321998000057,0.9438200938912711
36,Cell_130,0.6515573392403505,4.723578116188826,5.427822874244199,0.8224717961052503,0.7076991521172591,2.6295205510298665,5.633672037535742,0.9195984333161682
37,Cell_131,0.6829113007713365,3.409705673362563,6.190911326219276,0.9842695264866111,0.7522135002757686,3.6165333583607358,7.2025728327867435,1.2517806014318535
38,Cell_132,0.6784576958878611,5.782166654918433,8.219441074595334,1.3280897035470027,0.71228121141606,5.846658842418434,8.431478965243988,1.4283705885229503
39,Cell_133,0.7165057339386486,2.8514312609193375,6.346975080651943,1.0486907419427491,0.7541173655888855,2.9510592179018458,6.915659595325736,1.197093582254583
40,Cell_134,0.7214177461769087,2.95551411127554,5.45155494262353,0.8918324915940316,0.7714691957422186,3.0936901785468334,5.969710346752187,1.0480967639913714
41,Cell_135,0.6855969120244051,2.6612856758857255,5.0296248903494325,0.7966812354304956,0.7104387646159769,2.7142444858667356,5.36355279692287,0.8724074286216045
42,Cell_136,0.6921330562283786,3.8456653851203635,7.617096413803665,1.247894413778313,0.7260831132977885,3.8298541284849117,8.066987392617708,1.3705054280046165
43,Cell_137,0.7586682907450081,3.230630199222366,7.37676075912951,1.3115866333659119,0.7762854132169338,3.03587895909467,7.3341924675299515,1.3012651928971646
44,Cell_138,0.7516628479165343,2.3511171346329554,4.269618793467591,0.7137639460052737,0.7802683357368794,2.3759572555930752,4.495861776418838,0.7784660602988793
45,Cell_139,0.7077439333814076,3.1222771350459304,5.477839400093361,0.8839564612342209,0.7755989590962551,3.3364343882791707,6.439763901939021,1.1380165722574591
46,Cell_14,0.6576973292258868,3.4410025307402137,5.735384998189318,0.8772470694114403,0.7150392158570704,3.5359437987755387,6.391418693273444,1.0558665497644166
47,Cell_140,0.6689894400809345,2.578639816461836,4.6527188444737035,0.7176247132122653,0.7555716570900222,2.44838076383414,4.980704493192394,0.8373594344910354
48,Cell_141,0.7150415780225031,1.7375171719858147,3.2945502170105088,0.49503913329403065,0.7759473737475611,1.7911070773916582,3.6901699885293366,0.5968662902043719
49,Cell_142,0.679453702736602,2.7036476433041594,4.854622076520658,0.7579171958599612,0.7305397401840931,2.691961456675543,5.512090689891926,0.9069322106976396
50,Cell_143,0.7133522826045124,2.9609702617411173,5.198328845954889,0.9029042452970444,0.7799043444251863,2.902249861762949,5.677602694822102,1.0001094588554114
51,Cell_144,0.5994594269557327,2.18808965266828,3.1777620389237593,0.4524958468839254,0.7188333929725711,2.1419921434441296,3.928211979651852,0.6123594656794557
52,Cell_145,0.6774078306947904,2.0655870690610194,3.6857658195380574,0.5539003272097434,0.6977912746625238,2.1641223635256948,4.0404075410547655,0.6269662052277728
53,Cell_146,0.6518121857464938,5.9655995240362545,6.20135253296345,0.9825841334618054,0.7089885953816776,6.189677687530371,7.313700608778328,1.2157933699595525
54,Cell_147,0.7143168602761458,2.4903188428314107,4.938885500186118,0.796316023944317,0.7741293187561477,2.447094062432441,5.410675678820255,0.9297314126035254
55,Cell_148,0.7437625869284399,2.5452034799875274,4.5835489841787815,0.7688400702447565,0.7833798486015755,2.4729347693445147,4.903019329078661,0.8501094796476916
56,Cell_149,0.7377962359777351,1.8481432174184345,3.9973684684531063,0.6393257540763491,0.7403207977973072,2.1145936558188194,4.561093725311046,0.7481432016469383
57,Cell_15,0.6559785037674073,3.4529547035911223,5.825489310296527,0.8837077426731961,0.7248570423098324,3.350683867320731,6.006247461684366,0.9957863788227845
58,Cell_150,0.6783130288955616,4.161481703280996,7.53075806771329,1.210954888322997,0.7179369427597638,4.096989515780996,7.762620239613295,1.3146065593485563
59,Cell_151,0.6810091962879877,4.212162531153189,7.104855036817099,1.1592373219525085,0.7481971445151504,4.2480677621540925,8.102120060336286,1.4214113189858655
60,Cell_152,0.660809035104955,3.1955564504778966,5.065109986784103,0.7716068188882966,0.7126096988043864,3.270645480540472,5.665509379589603,0.9263400054153917
61,Cell_153,0.665830997421951,2.2212849827906282,3.9086602130077184,0.5833947051438457,0.6865073741793184,2.226741133256206,4.332129886331593,0.6610503462374059
62,Cell_154,0.7114822242318715,5.585590299648144,8.6710702433107,1.4634507629299625,0.7224623239460527,6.015760926235264,9.221433480688992,1.5864844537407894
63,Cell_155,0.7714178229699753,2.1800964481077734,4.7466794029921955,0.7966317597148708,0.7722177266113204,2.312653536966863,4.853265509603162,0.8298847633500217
64,Cell_156,0.6566854608976347,4.400723657062278,7.835640620746863,1.2353734030373942,0.7158917803299952,4.56598172971452,8.758878101222024,1.494100916490378
65,Cell_157,0.6693086343798456,3.325656947399248,5.874931624918167,0.9173437866517574,0.7331715513712753,3.4257095228436616,6.6983538820409745,1.1359645765006066
66,Cell_158,0.7255130872801927,2.7556171610664775,5.128531576408434,0.840730220540647,0.7791035959651685,3.8387353720733244,5.199663973100681,0.9003761557598352
67,Cell_159,0.6127583001875804,2.077076067522966,3.240862313578829,0.4665729690337503,0.6997226097090151,2.010710462253477,3.5860799854199605,0.5475672159004793
68,Cell_16,0.6504777748384322,2.7910734486710087,4.737762284345895,0.7363371675321798,0.6960120012152472,2.8136275571737377,5.160978950824788,0.8224717961052503
69,Cell_160,0.7173628598286458,3.6533446851906293,4.989299715986087,0.8016415427182814,0.7546403455230337,3.8392913880896713,5.181338789329281,0.8775066508831818
70,Cell_161,0.6841287040249152,2.6437638294274106,5.36043352892672,0.8434058241261727,0.7191455414697552,2.6760863277322238,5.483779625656003,0.9087276913036411
71,Cell_162,0.6360151815187787,1.8827961072376824,3.4396361618446862,0.4874116153786238,0.7046748734883379,1.8963875074754664,3.733803710122924,0.5702246400593095
72,Cell_163,0.6511735461369411,2.7602004797145208,4.846524512231926,0.7376403471900231,0.6930370713541093,2.6579296434441293,4.862669379178855,0.7660111297742548
73,Cell_164,0.619903152647502,1.9663138028300424,3.238612137347977,0.4612330502136722,0.6952438545526733,1.9939792187418601,3.7739779520324808,0.579817058591122
74,Cell_165,0.6255774145639408,2.634389255086914,5.0489723063990875,0.7344786434603238,0.6374615834774913,2.7510338424184346,5.227532988964425,0.7780897797853633
75,Cell_166,0.5854866842410179,1.3745676848368689,2.1813581191758087,0.2938201839911516,0.7527869703054012,1.40160687945973,3.149750903904764,0.4814632640761785
76,Cell_167,0.6179300023703892,2.3667655633217812,3.585145341609508,0.5072288804589792,0.6717486695852705,2.36279202752831,3.9611708164241226,0.5952445886897548
77,Cell_168,0.6812758091883206,1.8984001568694646,3.3845108956255325,0.49800145855368316,0.7645811909883465,1.7754586487028323,3.8151429327864315,0.6145629169648331
78,Cell_169,0.6196800860543508,2.709529965942757,4.7232710144210595,0.6841097772153344,0.6685661224745157,2.823844890372194,5.510620982133571,0.8468778146884922
79,Cell_17,0.6290412085635555,3.143844963694173,5.545439317787122,0.8395348086732212,0.7091536782686427,3.0293971677019296,6.283315246088403,1.0268270286912804
80,Cell_170,0.6999604101306531,2.067813623870925,3.885516495913916,0.5921766074396981,0.7719510169910612,2.1244702969858147,4.382865905960985,0.7335222463040573
81,Cell_171,0.5972024501153733,1.4424159047784648,2.6705735097213643,0.34640039896986846,0.6376933573746117,1.5183527116833675,2.855622637715786,0.3909790014785122
82,Cell_172,0.5916582801484307,3.0143401290404013,4.907458762164433,0.679213388996754,0.6208784855010635,3.143324504040401,5.45790151803477,0.7893257332840691
83,Cell_173,0.6809516975079714,2.3263020686480433,4.244691754074763,0.6530897971122634,0.7523881547132574,2.030554669877652,4.355464419926782,0.7160111367050148
84,Cell_174,0.6689788356413915,1.8024355316588339,3.3920398587619607,0.49323704122744993,0.6720541803246697,1.7625344269900278,3.406883435780785,0.5127103396079434
85,Cell_175,0.6644253637098827,1.7915903810080733,3.5207224468054363,0.5140970049380497,0.6652995068356115,3.4805838458993485,4.433085628139496,0.6789743482171988
86,Cell_176,0.6261995224743458,3.924795396520236,7.0307094934588354,1.0435070009158405,0.6416729694876746,7.074182522464777,7.049867044532485,1.0843384882344533
87,Cell_177,0.6153488144819624,2.172061714615334,3.605242070342503,0.4992093665522648,0.6443932086120319,2.4106021150637487,4.152408160278577,0.6359549680267373
88,Cell_178,0.6147499696056492,2.3926313252090625,3.805526034525765,0.5294621283500588,0.6863922771162081,2.3575031196697402,4.436173333729542,0.6792661099653834
89,Cell_179,0.657163462343672,2.5667713086357695,4.911546228851808,0.7491375153809093,0.6988021001409916,2.4802893925547895,5.46913888856657,0.8707426567353208
90,Cell_18,0.6610617200780727,3.059932456991162,5.3835666062179,0.8286751356880319,0.728154957641634,3.1028931645513893,5.975362790315854,1.002257914995257
91,Cell_180,0.6120767768451082,1.0364583186480432,1.8155354608946916,0.22078648624956518,0.6758490598187954,1.374567684836869,2.4407903774833217,0.339606694498377
92,Cell_181,0.6806866823076523,1.8508754547430304,3.1285144495558153,0.47020496977554255,0.7624044332904764,1.7992036522513053,3.67830207896983,0.5899402796506739
93,Cell_182,0.7299623840377089,2.426201363941215,4.647110616495977,0.7626924760969112,0.7661286579024561,2.674357345082087,5.734486143714706,0.9826795151378538
94,Cell_183,0.6014420681649981,2.25490420133414,3.7170832769797078,0.529314724318529,0.6444544671650114,2.293106738525695,4.152825559516561,0.6097569561346675
95,Cell_184,0.6375523576495444,2.2064843309441295,3.6549313693642875,0.5191010516401992,0.6716583389931007,2.168705682173738,3.6570509118874863,0.5426965539874807
96,Cell_185,0.6549118924387277,2.3552765648598353,3.703189873972496,0.5694832580764017,0.7469936339396237,2.279458206844515,4.286791075597934,0.7026375899771807
97,Cell_186,0.688619672981181,2.068333318648043,4.236584076633996,0.6477527192003782,0.7174816421678948,2.1743396967241506,4.6648216756258964,0.7516531087869622
98,Cell_187,0.6240280090799152,2.6430673450975353,3.2469622433164487,0.446681283945816,0.678090602498712,1.680057101085641,3.459305437563221,0.5132961664835595
99,Cell_188,0.693796121093494,1.4768385211072605,2.852920971297929,0.4092696061903518,0.6984252292093496,1.4051795933188198,2.8262643111604597,0.4102219001733672
100,Cell_189,0.6467801966630513,2.443277750408978,4.609248292698605,0.6792230667782237,0.669960432755878,2.6330187711032624,5.034042673469044,0.7753226494685995
101,Cell_19,0.6470173963369087,2.588006360453759,4.743711683704734,0.7450450314936767,0.7202402575152126,2.719641178684828,5.157408827535258,0.8494380845021438
102,Cell_190,0.6191058199453103,2.622049467418434,4.850214230942737,0.697190914594683,0.6545575147381104,2.918406649043398,5.481824585300299,0.8782432128256064
103,Cell_191,0.6440662197769549,2.326302068648043,4.464285121745952,0.6564605831618749,0.6996664620659173,2.2922589616833675,4.719951795578541,0.7440688401753359
104,Cell_192,0.6372082783057196,1.85603818945103,3.264663432392798,0.45783292479581056,0.6872976988924128,1.8167505536848279,3.7000841179668593,0.5525698713567608
105,Cell_193,0.6382864660303433,1.9545734839157056,3.5285840358858556,0.4997190318549319,0.7284348224213042,2.0540716982753695,4.093894335630779,0.6476090600968718
106,Cell_194,0.6234553602961883,2.0320122295745513,3.2624245534480574,0.45117566534529824,0.6579583205900531,2.0301388118050623,3.6016706406017804,0.5231811494130628
107,Cell_195,0.6953315670008956,2.3235558190610193,4.416234935321439,0.6859227808195345,0.7285161972674755,2.4110260034849125,4.70154136959956,0.7606740518623697
108,Cell_196,0.5732016235168604,2.8509823175229654,4.032859259268774,0.5529102266658109,0.6336633427399928,2.945399784343888,4.585574529735472,0.6694340620576548
109,Cell_197,0.6218895024469845,2.426674432173738,3.8602629159403263,0.5446628458497543,0.6427753203958331,2.5216157002090624,4.19658691721172,0.611203690053142
110,Cell_198,0.6572935522112157,2.2784476020555613,3.9751387344929903,0.5833625248674028,0.703726762231687,2.3999608934441294,4.350823286865685,0.6859549610959773
111,Cell_199,0.5849692159044523,2.4966250538911723,3.9840265336072735,0.5551574173655519,0.6598774696601398,2.4976484110664776,4.68127240015689,0.7053369808812444
112,Cell_2,0.661229446648893,4.904029692219666,7.750464505162534,1.2520674331227677,0.7425155534306168,4.8017588559492745,8.462784768848904,1.4909788490017915
113,Cell_20,0.6807953846133538,2.2212849827906282,4.072627065958149,0.615136273777689,0.7258860187089156,2.1889624844858147,4.352606586921733,0.693072813708717
114,Cell_200,0.5924744550543343,1.7061982719971607,2.542960977833061,0.3293903395555437,0.6270265676874778,1.7231426923123354,2.8202758410112794,0.3913610562017852
115,Cell_201,0.5972761243882341,2.8413747671790817,4.129750372672787,0.5666250875444985,0.6490014851986414,2.901663145395159,4.726309346302122,0.7019340145551899
116,Cell_202,0.5749539439300407,3.612364373374642,3.8247056210736137,0.516361038874885,0.6294785827981981,3.4164251537713253,4.030960936866348,0.5730857608062542
117,Cell_203,0.6297248886710295,2.672730295290628,4.74844566441121,0.6842373877947285,0.6643201712119843,2.6155676760256954,4.94077545576138,0.7446628181267141
118,Cell_204,0.5671757484061706,2.1536670363394843,2.988135773236055,0.40043429029315036,0.6722323203202062,2.0167433102498453,3.39239426730452,0.5016531434407625
119,Cell_205,0.6321565391685062,1.6433635508898967,2.8384528154705855,0.3844861479403136,0.6892020130150169,1.768612384084181,3.270567548436724,0.4836756178428334
120,Cell_206,0.6400958819189806,2.5842708186480428,4.907902627389049,0.7539324797631463,0.7146573013113335,4.357044083783444,5.6505269963479465,0.9224717822437303
121,Cell_207,0.6223700173389384,1.7348072711072604,3.0890210097143096,0.4221909527138632,0.671893868566663,1.6988907463730958,3.322499132249147,0.48180470765660843
122,Cell_208,0.6752585340863647,2.148473934836869,4.08134877544386,0.6176965435913406,0.6938167533073643,2.1875272612349566,4.226242892894451,0.6628494399060755
123,Cell_209,0.624806729689786,2.93636041427145,4.686260529500378,0.6745423735043404,0.6664069101192809,3.022752548362564,5.2570691592457806,0.8064605623695948
124,Cell_21,0.6567758491277942,3.221863125412976,6.213660007962506,0.9721586961990599,0.7108709874955325,3.0625924978242787,6.726882132056067,1.1085685903943634
125,Cell_210,0.616858692258687,2.7920290790978335,4.132342102606446,0.6089886796298439,0.7017971045396443,3.0868602519677184,4.76840061222484,0.7609549506998372
126,Cell_211,0.6388149934319456,1.8950885034849123,3.1423311971841823,0.4382021864495187,0.6953715295748276,1.8932150857154233,3.5245170745546597,0.5262189042529387
127,Cell_212,0.6210385603579275,2.4079002445337685,3.8822584178042217,0.5472430677592313,0.6672900529611805,2.373857137569093,4.076495492599622,0.6112558224254102
128,Cell_213,0.6568729073841996,1.8228872383857253,3.124891602778424,0.44949027232049243,0.6874995793042769,1.9439322622960864,3.578739604920941,0.540168464450272
129,Cell_214,0.5982351613392298,2.70634951383414,4.586477704208721,0.6379212598890109,0.6525665728118211,2.925516257888442,5.274673185202649,0.7929452378947054
130,Cell_215,0.6180531079448195,5.259941386917466,5.396546059897799,0.7832502236043172,0.6885596511836891,3.076155537249933,5.684064293367055,0.916402841486717
131,Cell_216,0.6252888595098365,2.1987752533449423,3.6495486283900624,0.5143779037755172,0.6862937796818127,2.241965673523868,4.09602148241522,0.6284660810911595
132,Cell_217,0.6042256144796134,2.8130280884195953,4.352097140845986,0.613271137801221,0.6845568714740026,2.9171610487262134,5.164042258096113,0.8045574719069272
133,Cell_218,0.6459138350680173,3.266971342418434,5.23268733379307,0.7825841611848455,0.6911703703132783,4.027468455527378,5.298701346032818,0.8419059482627859
134,Cell_219,0.6381332236842105,2.8643697887296087,3.527994120974552,0.49887633534252906,0.6698304961499466,1.954149595494542,3.9264874987047307,0.5918216702678748
135,Cell_22,0.755848510274296,7.356569886280684,14.062324486603481,2.580553259262324,0.8085699675840939,7.349098802669251,14.832587769464334,2.9115164503520905
136,Cell_220,0.734726044876382,1.6151774163251806,3.730458376313267,0.5833831460059251,0.7735440702406762,1.7817776121489457,4.206285566060276,0.6953200044084579
137,Cell_221,0.6304890950793943,3.2516699977860433,3.649518964009595,0.5143457234990745,0.6741697500772568,1.9927760211072605,3.9019183362208887,0.5786516051833387
138,Cell_222,0.5759682234722471,2.38156621516828,3.427899952792572,0.46850708061958096,0.6740068623998268,2.36279202752831,3.971236439943951,0.5986153747393664
139,Cell_223,0.654216435400024,2.4924412973014345,4.021222051045199,0.6136921433492385,0.7302744959182866,2.433223245157149,4.823108330090757,0.7816442016399431
140,Cell_224,0.5620597629070345,2.1267706155406727,3.203468984098855,0.43036651701236445,0.625677898767665,2.0143067724346837,3.48004665685111,0.48539319114408225
141,Cell_225,0.6192556722190194,2.2787329874645654,3.894522059484357,0.5518943991063575,0.661701369374573,2.293106738525695,4.3413181435439645,0.6473974003553314
142,Cell_226,0.5848636519825459,1.9875689073422171,2.82639744410059,0.375209030339212,0.6378527704487049,1.9297413933041598,3.165345218973028,0.43993971184659275
143,Cell_227,0.7159956989925822,1.6058228961072605,3.192530123173302,0.4792134167197941,0.7560824026191181,1.5413307086072605,3.1449262659013346,0.49016847138103214
144,Cell_228,0.6465932375633932,1.503552059836869,2.6435258490591536,0.36151680382085294,0.6632631760196461,1.6671893246561167,2.8781367617338582,0.41241162577476387
145,Cell_229,0.6934681403961034,2.3888957834033464,4.162515910675459,0.6455055285006371,0.7522270522683985,2.3870223656338583,4.611752121456205,0.7621739277257565
146,Cell_23,0.6517743213752102,2.143890616188826,3.815705891229264,0.5533707098112511,0.6836091579480909,2.4323084467241505,4.2231038384912605,0.6471587412490001
147,Cell_230,0.6409013419455389,1.4534810148192476,2.9155241553938214,0.40201836878846126,0.6496125364522255,2.6983074734773465,3.413483900703183,0.4878891004048481
148,Cell_231,0.6455265439713357,2.2025107951506584,3.8442888377825546,0.5556378526068176,0.6874558611254316,2.2571902137915307,4.344783215494511,0.6663552438728481
149,Cell_232,0.671433358523513,1.4749651033377715,2.80845274931811,0.39925262971756525,0.691792046764223,1.5229360303314106,3.040883819674689,0.44436064350808063
150,Cell_233,0.6123597552936341,2.757074720763377,4.460402376893892,0.6298273259747175,0.643706085582929,2.7869140184441292,4.853648362371886,0.7162920355424824
151,Cell_234,0.6355375612414595,2.4164963849430805,3.7755321947694434,0.5367976784006604,0.6473276440047403,3.028007053548856,4.245291228820946,0.6219621585256235
152,Cell_235,0.7258730375447852,1.3791760584601198,3.1760114504281205,0.479870596070778,0.7539791111347652,1.4143118279426283,3.4011454349732624,0.5322060339686786
153,Cell_236,0.595013021594635,1.6671893246561167,2.6083376439725283,0.34696219664480377,0.6487703325572239,1.788420242999886,3.070070568699952,0.43260416179599115
154,Cell_237,0.6101503234162896,2.3686640360664777,4.1026895021759655,0.5834268854202888,0.6390212313140446,2.3766033871561167,4.228642748947412,0.6171868782886736
155,Cell_238,0.6285968085921015,1.7381633035488564,3.2822168438429355,0.45707454093211874,0.6999308600966399,3.3100201917730137,4.295855867446035,0.6732823331334906
156,Cell_239,0.5839842578426551,1.9251580746561165,3.045865315790926,0.40426555948820236,0.6159360759530217,2.2586841221968994,3.58172642810172,0.4991572341799965
157,Cell_24,0.7098481518337545,3.136088494673737,5.830889823888063,0.9831459311367408,0.7813812937551441,3.113887523211425,6.661700981563408,1.1860921315223383
158,Cell_240,0.6143921825348978,2.202934683571822,3.287378520800746,0.4770183583923212,0.6863080532239519,2.1877101433041597,3.878630716451197,0.5890969945419097
159,Cell_241,0.7019024004791733,1.7752958207562062,3.3091655847472308,0.5003762112059158,0.7252112451418481,1.7816818057929906,3.4944031901031813,0.5355304239472836
160,Cell_242,0.6496839051077276,1.9633162327906282,3.413729718553977,0.48451831435523646,0.6742632627121354,1.9900297715202366,3.4983893610501013,0.5131699957769357
161,Cell_243,0.6144392849922565,3.9486241826506614,6.81941098123272,1.0194113791820056,0.6524065455069924,3.993023125825952,7.522293907624448,1.1606096358634035
162,Cell_244,0.5881025601017067,1.5607146791018023,2.4260268750292227,0.31401272001237884,0.6461739522093489,1.6064326789618324,2.7998135422223145,0.3870985501262334
163,Cell_245,0.689070611348934,1.9965115629129766,3.872636659509009,0.5960351528298895,0.6951647884550631,2.2678758144681934,4.242704346148248,0.6998143858079402
164,Cell_246,0.6039745292916544,1.4737127621561166,2.3308407425164077,0.2986475966003696,0.6522813760755788,1.4695089528721934,2.629731025004077,0.35811383749479836
165,Cell_247,0.6216869108790672,2.041020311164292,3.18192453382176,0.4436082399707663,0.6266762125441133,2.3106536399592175,3.229950264272942,0.445786455061145
166,Cell_248,0.6997499411814339,0.8696245434969045,2.0044311932228815,0.2616540574163343,0.6739495134253383,1.2180219942649333,2.442822978123057,0.3432261991090133
167,Cell_249,0.5755431507427649,1.6813801936480433,2.6719278012361256,0.3727527573195585,0.6808223085400219,1.4611900924184347,2.961946535420169,0.42275275038879845
168,Cell_25,0.6806762298637078,2.244493253204973,4.060475049608953,0.6222951897353592,0.7501362018630623,2.2387360778681957,4.545773444227096,0.7550657528944865
169,Cell_250,0.6610219960203176,1.9869040125690929,3.2437156301449863,0.46884011182931673,0.6949114373453447,2.0854393070337687,3.6319035502608044,0.5528610445085842
170,Cell_251,0.6340232663594587,3.2143780295391156,5.151580949205778,0.7626206595793559,0.6670607988592534,3.076179625821781,5.261176138729104,0.8073032588819978
171,Cell_252,0.5916681977448129,2.2636469502090626,3.458211613762448,0.46036101433301935,0.6328692930518771,2.354852676438671,3.7617373707143655,0.5336756109120734
172,Cell_253,0.5977187124291921,1.9608553686126085,3.1110833203841817,0.41558404292697304,0.6592022989803327,1.9172187235664777,3.5771807436815357,0.5154493667531197
173,Cell_254,0.611162286690094,1.826243270827321,3.241234974528757,0.44027274305632846,0.6344976247325222,1.9357549172186923,3.6164198018946787,0.5092052317759459
174,Cell_255,0.6042434109491633,2.2709765184441295,3.6437906463921625,0.5072288804589792,0.6512222426176066,2.1797707922145206,3.8945335148485256,0.5656558386522482
175,Cell_256,0.6363491802829252,2.0891748488394843,3.416593187806112,0.48148055951536045,0.6647662907476048,2.176645033263377,3.5561403615381773,0.5270183514615612
176,Cell_257,0.6374658699997904,2.2175968324061617,3.8344926405057507,0.5524561967812929,0.6677089490303456,2.269749232237682,4.073830695684604,0.6101644073519825
177,Cell_258,0.6232407046864024,2.491166619673738,3.993106933471253,0.5691010447094389,0.669974222477908,2.507045321853016,4.28208834053832,0.6509468711570585
178,Cell_259,0.6971305256790485,2.8201093485664774,5.831461139323596,0.9382021171419181,0.7353979064764259,2.8780489932929907,6.056257567962946,1.0150247395045455
179,Cell_26,0.6760463946084015,2.3281391377090626,4.0524211970558515,0.6083947016784658,0.7143024546805801,2.362182244673738,4.345858452769393,0.6839886692337039
180,Cell_260,0.688987148222527,1.9954859219858148,3.7843030237102178,0.5675110333606818,0.7374114273627574,2.049075827391658,4.18629226989857,0.6676527972462171
181,Cell_261,0.5890943572000796,2.2425674260298663,3.875926343950768,0.5461364742901447,0.6779317463914087,3.150842146949656,4.328463906611064,0.6553369878120046
182,Cell_262,0.6594659407681688,2.433487317995892,3.801888867334867,0.5661880595407642,0.7515394216401334,2.0868544761620496,4.387221909287876,0.7148438019407808
183,Cell_263,0.6303319720151391,1.4419476373002575,2.8332774041844053,0.38280075491550775,0.6487097556705509,1.5404829317649333,3.147506608470361,0.4406980957102845
184,Cell_264,0.6227860034304505,3.028386562912976,5.6095154203636906,0.8159789425670521,0.6835160442376379,3.157370937912976,6.341750225169025,1.0156980160065439
185,Cell_265,0.6844832225585072,4.428608508443097,5.440988248953936,0.8551192626511024,0.7243350751218426,2.7113817758785546,5.960640253414577,0.9913873790993509
186,Cell_266,0.7135116778103933,1.7458723811480432,3.619677356577145,0.5550561028360569,0.7265910478750571,1.9245369980682825,4.165570056411378,0.6591794360511809
187,Cell_267,0.6030944931337865,2.8509823175229654,4.67648010503308,0.6643257506109692,0.6576151871076084,2.7372224827906284,5.039906357120899,0.7575519843737827
188,Cell_268,0.6714371021683511,2.9459235855582895,5.393196218509473,0.8300238844404337,0.7583587162408735,2.8357577772553038,5.9161549238472375,1.0168537916328575
189,Cell_269,0.6182246723326618,1.8251652204945419,3.555888207422822,0.4904171899420569,0.6417958647437809,1.8214296786888262,3.5420936608884017,0.5039325144169465
190,Cell_27,0.65067172733316,2.419344863938671,4.157018997165258,0.6114101688830306,0.6715338510022615,2.47491872223077,4.316121467839271,0.6652374227327343
191,Cell_270,0.5369455508404576,1.556555248874923,2.215288613333944,0.2767866694351206,0.598342594438664,1.5413307086072605,2.533472750819522,0.3280898421622037
192,Cell_271,0.5696407229809771,1.3589192561480432,2.1537125746529506,0.268539288619064,0.5258412935369456,1.1777824813165223,1.8232628912449576,0.2063888290211602
193,Cell_272,0.5661885598111663,4.412342080212001,4.000413412436567,0.5474000177068753,0.6053667670207553,4.2797217935067025,4.375061723183911,0.611203690053142
194,Cell_273,0.6325681541149322,1.4851573815610193,2.531026819707391,0.3383764988644844,0.6605289305368743,1.556379668541944,2.8373695300218627,0.41187753424763973
195,Cell_274,0.678451317136376,2.6428909976098756,4.8158057931922755,0.7460872644098775,0.7197367205527304,2.7316135232154237,5.494285014894602,0.8944772801730148
196,Cell_275,0.6102207172542113,2.33546870594413,3.8296556130980473,0.5430490353981551,0.6589967323694358,2.3769828965202366,4.246915034810861,0.6277767214637329
197,Cell_276,0.6204263203029448,2.945785082546131,5.1412788324389895,0.743748305096756,0.6560071278528978,4.638807391802992,5.5904868843453785,0.8519661740393526
198,Cell_277,0.62576539279481,2.755617161066477,4.9378953768614835,0.7312512565014738,0.6671295428602,4.990714161192843,5.640972332394512,0.8715647321092016
199,Cell_278,0.5943625813398419,2.7556171610664775,4.804569273409855,0.6674156378231131,0.6255091599293602,2.9490937235664774,5.3803961974511125,0.7862358460719248
200,Cell_279,0.638390775913948,2.831784241461833,4.926950689805182,0.72215873085286,0.6901198048088454,4.316517771216652,5.2217342306210455,0.8179774147057682
201,Cell_28,0.6819155909814971,1.777169238525695,3.143890058423588,0.4626403853092034,0.7319519680485531,1.7227985778681953,3.2783237406708987,0.5081556747604309
202,Cell_280,0.5539004448641084,3.0646414475484747,4.453590959701125,0.5767374456933335,0.5857177633879536,3.37739740605034,4.871086463333634,0.6702246261977894
203,Cell_281,0.7097093828094817,1.290453532854572,2.6924468595884434,0.3997389978122771,0.7393702326626356,1.4363386777250529,3.2279631665651163,0.5003440309294728
204,Cell_282,0.6579853503751607,2.183082445599073,3.8422623588729934,0.5603610004714993,0.7159868215279844,1.968772383256206,3.8772990542143773,0.6003761973443956
205,Cell_283,0.6345767793537742,2.6124419170745514,4.643208131536778,0.6763821129867665,0.6547245856087197,2.653346324796086,5.020936121779644,0.7505616937135345
206,Cell_284,0.5744899305595011,2.879394422301434,4.366152584674189,0.5864449561148773,0.5937197421437719,2.9960390096329546,4.622984013632218,0.650280808737587
207,Cell_285,0.619347887303826,2.598020774592172,3.91075943920661,0.5797752005332092,0.725238037611438,2.5814287627050647,4.7286711858098025,0.7677062005805304
208,Cell_286,0.6228254747617749,1.5229360303314108,2.455072881464532,0.32300148281134333,0.71354735133567,1.5347781658337734,3.027606789691646,0.4462045936325739
209,Cell_287,0.677488470591743,1.5939100092241505,3.2349686553278176,0.4718778666691926,0.7224452441687489,1.6657317649592174,3.7897304446459623,0.590168457519512
210,Cell_288,0.6091818424454954,1.7270981935080734,3.195827011064388,0.4315127467225635,0.6588622815786938,1.8103645686480434,3.4743008897494794,0.5056179074417524
211,Cell_289,0.6123218840651273,4.248668237666783,4.316590170404735,0.6053569468385901,0.6799702231727387,2.3824390469858145,4.579850862462201,0.6981289927831344
212,Cell_29,0.7116502672189932,3.59980211484912,7.2849897886733075,1.2366275161998272,0.7430892361728362,3.6579083173123355,7.689683322202045,1.3587766524403377
213,Cell_290,0.6986835457028434,1.4634761048758251,2.826787681512932,0.40571330297932107,0.7748477893354483,1.4795484219858144,3.1640356997193333,0.4944881985298122
214,Cell_291,0.6377960350860595,3.1513524394677184,4.666454570988599,0.6780897936468834,0.6689426992691963,3.246140701771638,4.835396181054024,0.7364845715637095
215,Cell_292,0.6348016986946245,2.805494591153387,4.849495133228529,0.7124115841902036,0.697125954239512,2.807170820756206,5.648500324496946,0.9003761557598354
216,Cell_293,0.6455287669154387,2.2023615592769903,2.6934503056058055,0.37364758620422955,0.7058163944359537,1.4538605241833678,2.8920481622838525,0.42552955848703194
217,Cell_294,0.6251137154242261,2.289980979574551,3.7151279283694363,0.5520183479961811,0.7058472342194979,3.9061183451995882,4.5037150865226625,0.7162920355424824
218,Cell_295,0.6328088701905582,3.6142450253744567,5.760597544071776,0.8615167345132525,0.674714170772375,4.522078886084163,6.254091804657514,0.9798170031450419
219,Cell_296,0.6749301373425345,1.3783032266425848,2.543461724495904,0.3522149619079779,0.7318387118442037,1.3995706337436147,2.980885857826308,0.44349552494704025
220,Cell_297,0.6543685603632097,2.019489559836869,3.6204541913312656,0.5303370051389046,0.7000148880908958,2.156413285926508,4.217830542793275,0.6590408050713519
221,Cell_298,0.6893477148147695,2.1374088247960863,4.004482120454908,0.6151684540541319,0.7191161772381862,2.097756758256206,4.179475259752023,0.6568368636753915
222,Cell_299,0.6950203051084055,2.535427059836869,4.545450907501345,0.7075841715809855,0.7309517757517368,2.7134180215946695,5.244284366160944,0.8650292983099195
223,Cell_3,0.6515192354250205,2.744128162604531,4.9873122207361975,0.8155506396980543,0.7205836977651413,2.5713322908377716,5.49908994127526,0.8978480662226266
224,Cell_30,0.6915825037992906,2.7196411786848276,5.538634188389742,0.8994799356292964,0.7264968020923042,2.704052207643487,5.843551295236117,0.9714113813627057
225,Cell_300,0.6388334053465118,2.330037610453759,4.435486061431471,0.6457542470616618,0.6616564531901153,2.3567511491833675,4.56033773996223,0.6895744657066137
226,Cell_301,0.6745710024312654,2.2285437996449478,4.007996138553822,0.5986908043195898,0.7259100508287993,2.0714693916996167,3.9704290449086463,0.6311475075133446
227,Cell_302,0.5883909524597604,1.723318272645314,2.795936995987422,0.3719100608071556,0.6758497698225663,1.7234811005919406,3.4589218060686746,0.5068832805386783
228,Cell_303,0.6227664277321375,1.6828377533449426,2.6288845992180176,0.3517374768817536,0.6756026114462247,1.6214713247960864,2.9492558953259302,0.41853926782678386
229,Cell_304,0.6418969063011821,2.4091525857154235,4.244404149702514,0.631275069465836,0.7190374454696383,2.3465338159849125,4.422170890037499,0.7120785529804681
230,Cell_305,0.6870580026201079,2.8031378273152496,4.743024362867066,0.7433523143695566,0.7531211404245662,2.5289703234193373,5.3607879665028895,0.9000952569223676
231,Cell_306,0.7295613351525172,2.2682553238323133,4.680278410022751,0.761579949774378,0.7938881624952895,2.2934323944189474,5.315724934401465,0.9264070226249206
232,Cell_307,0.6520507089862688,1.8116392462757396,3.3710595742263867,0.48756856532626797,0.7560338830132312,2.0074680779471477,3.9440770202317275,0.6339449367501003
233,Cell_308,0.6300041375851675,4.082042399094174,4.5148302435647985,0.6524958191608852,0.6592932501911203,4.328565552317877,5.049766047151795,0.7634508599606031
234,Cell_309,0.6472440513770127,1.8969869762296088,2.7491708387108313,0.3738763526694291,0.6625225097182446,2.313130450192778,3.1859192307462547,0.45477521786010944
235,Cell_31,0.6718878006127081,3.573298559124766,6.113737144129493,0.9583946531631452,0.7302721626189562,3.580628127359833,6.781151765422501,1.1424155719808926
236,Cell_310,0.7465921918985807,1.5036441364027477,3.0077884398358257,0.4536078830958753,0.7416513450584663,1.6324656834561218,3.240506510705565,0.497609080889152
237,Cell_311,0.6165655975132187,1.3133871507214214,2.190010783079317,0.28002396067879437,0.7158666093743572,1.1502068596471189,2.385973403201559,0.331370492726445
238,Cell_312,0.6986746462442684,1.4722552024592173,3.0532656841134447,0.4567415097223829,0.7561483018552159,1.3276894203610625,2.9468138851084897,0.4470936862159836
239,Cell_313,0.6465753875485237,1.5279682923758253,2.7480156094903037,0.380713306444701,0.7133826484676606,1.5321277226027046,3.0149771411529334,0.4489395436728946
240,Cell_314,0.6211311178879666,2.234048658880271,3.400636587973445,0.4794224990397064,0.6971592776907319,2.2060604425229657,3.9904177979248314,0.6098313761422468
241,Cell_315,0.5974356035998553,2.8411918851098785,4.327337970592866,0.6111640538120299,0.6623955500500396,2.631401999147929,4.590514200676486,0.6921546876160906
242,Cell_316,0.6133997275503716,3.0025208010256943,5.296978214561901,0.7617976472122403,0.6817167723647083,3.0025208010256943,5.864670563981637,0.9241571752685362
243,Cell_317,0.5968153098910528,2.42998608555829,3.771110250135513,0.5359228016118145,0.6801473053423175,2.4834575420745515,4.542683404548618,0.6978048446418863
244,Cell_318,0.618412913459099,1.7393905897553035,2.7625936662957056,0.3974718550167109,0.7242301584392976,1.6195979070265973,3.1720171214332704,0.47734250653356936
245,Cell_319,0.6519940099964231,2.642281214755304,4.770245878781816,0.7129212494928706,0.6858625140491917,2.7620626037507474,5.171449206431099,0.8079282579565389
246,Cell_32,0.7085722877970604,1.6207863759003853,3.564635799012947,0.5467387351826403,0.7123174659146781,1.5634609286888261,3.3271633487378844,0.5028089190670759
247,Cell_320,0.6618704894801026,1.685115735453759,3.321604070726114,0.4769340457436101,0.660316519205321,1.369984366188826,2.6768912388700934,0.3733145549944938
248,Cell_321,0.5781595082968296,1.5901744674184346,2.6447096461793933,0.3443819747353269,0.6318841001515423,1.5939100092241503,2.8611717681533313,0.39125990031597985
249,Cell_322,0.6179355561632294,2.7180687857865387,4.894893449940224,0.701508661901234,0.6605654588677481,2.7003166658377715,5.3249130179340005,0.8113312242825933
250,Cell_323,0.6910990250968271,2.091452830948301,4.1258225737041165,0.6364524051487866,0.7128226931984845,2.036620603197802,4.235029246157689,0.6714957355959766
251,Cell_324,0.600855078885018,2.599071470494542,4.836419406887659,0.67693401802057,0.6133555534914349,2.632515108705075,4.7804037130129196,0.6882711274050808
252,Cell_325,0.6269162972125472,2.653956107650658,4.65046449656726,0.6702445782936147,0.6703464578702368,2.6800598635256945,5.1095594578561565,0.7792133751352338
253,Cell_326,0.6504385987174742,2.3659177864794545,4.0752500507166545,0.5940688609676161,0.6767641573662282,2.656906286268824,4.616849951254009,0.7216980890637301
254,Cell_327,0.7200232816597956,1.3699843661888258,3.073055683749677,0.458572783621281,0.7854879550383742,1.2836876145005127,3.0502340007208826,0.47303629895214927
255,Cell_328,0.7523926874111414,2.4396380149592174,4.490508059899817,0.738483043702426,0.7592942816595188,2.9860245954945417,5.001766618292591,0.8457542193386214
256,Cell_329,0.5963142671375645,2.975807262296086,5.00278563893892,0.7084268680933884,0.6521648057134903,2.9739338445265973,5.668551522711751,0.8593649254895599
257,Cell_33,0.6462774095427926,2.8292759858625636,4.816764592138858,0.7167794132098386,0.6846794943888969,2.810033530744387,5.068259961325229,0.7915085634309239
258,Cell_330,0.6614819556400798,1.319267189608163,2.6173925592741565,0.3576796017723545,0.7108387302210935,1.300813053684828,2.6289934674304387,0.37560360375214763
259,Cell_331,0.6586895144061188,1.303618760919337,2.745756501608581,0.3779043180700246,0.6902760657783332,1.406819431760935,2.8803982791382965,0.41630175490851246
260,Cell_332,0.6541533121705586,1.5745260387296087,2.529369831132908,0.34719096311000325,0.7514376506070948,1.7174482525955719,3.0166240060750504,0.45697866914548696
261,Cell_333,0.7278311497389228,2.113405186945032,4.065559483396135,0.6416683264521389,0.7980517372842536,2.2156760232154236,4.770808264088411,0.823409874293702
262,Cell_334,0.6610363672152381,2.186252583607261,4.151886549977831,0.6168538470789378,0.7049113400691316,2.5277179822376823,4.877184624490432,0.7716291065236075
263,Cell_335,0.6763636305575812,2.412059674760648,3.9753710942814466,0.5992093526907447,0.759019206585226,2.4110930250755835,4.643667425128822,0.771531843491108
264,Cell_336,0.5766809833680243,1.4781131987349567,2.210696377893873,0.28166971746248776,0.6449771353266891,1.5803840350053482,2.8225520435005813,0.3948719489619467
265,Cell_337,0.5380200148827784,1.503552059836869,2.157774655869223,0.2705055804813375,0.625001917544827,1.6141417565610192,2.7658920475331206,0.3712416628481983
266,Cell_338,0.6207629567666568,1.7285557532049727,2.7751066688613513,0.3728570220640948,0.6663563481018105,1.6896990541018022,3.066127520195838,0.4364846131482699
267,Cell_339,0.6570777877574658,1.6915017204905438,3.3322007111492673,0.4752905107767169,0.7196367599727471,1.6131411706090655,3.5569909511421987,0.5437300138519809
268,Cell_34,0.6341690338162546,3.130905707271552,5.150406480699665,0.7741571960608163,0.676797128981575,2.9908562222307697,5.439778137067183,0.8632711031474206
269,Cell_340,0.6262187100233914,2.438349325069093,4.011980553950868,0.5682783002928614,0.661393368506126,2.388895783403347,4.205816751349558,0.6246445945204525
270,Cell_341,0.6105520936251394,3.8003943401682787,6.115427334987234,0.9127416374618577,0.6888020881014187,3.542425590168279,6.523075998163562,1.05783284162669
271,Cell_342,0.6079427659345122,2.494902161479454,4.057434942878318,0.5753202214304907,0.646257141223865,2.4377395422145205,4.397156080447512,0.6440266143057197
272,Cell_343,0.6271124402655656,2.6859421861642927,4.756150121144022,0.6910111401703948,0.6291371738558246,3.1315051760256942,5.150451739278484,0.7584268611626285
273,Cell_344,0.6368238548282307,2.688378723979454,4.553518697999778,0.6634508738221232,0.6529000184553527,2.696318075069093,4.670852532002328,0.6963681701781053
274,Cell_345,0.6453843769500176,2.6211402868924303,4.1835753259069675,0.6086434202394905,0.699502403941808,2.5335285870921727,4.4246125244695085,0.6873594552833155
275,Cell_346,0.6415282027125258,2.5289452684441294,4.320936459958364,0.6294942947649816,0.65805917574683,2.571537509353016,4.355064365036187,0.6526322641818644
276,Cell_347,0.6441614190355843,3.227294220903346,5.63939798253149,0.8443819054277264,0.6886655866025058,3.3222354889386705,6.199052222096623,0.98760813225978
277,Cell_348,0.714712742186039,3.532411176029866,7.706437476593786,1.3004972569222886,0.7533763409492397,3.6253375109193366,8.350087964424466,1.482117648155318
278,Cell_349,0.6215730783676875,2.099630176025695,3.480916898328295,0.4856740899815499,0.6435478740357837,2.2102198727498457,3.7306576109790632,0.5542528086204176
279,Cell_35,0.6541130031721156,3.730268138117865,5.771545084079094,0.910112233395154,0.7342602794849816,3.686962587501149,6.706515535340645,1.1393353625502187
280,Cell_350,0.6822521935393037,1.4906135320265974,2.6965266863901967,0.3857694855191186,0.7307725227874521,1.4814218397553034,2.970202444110317,0.44326922843465305
281,Cell_351,0.6392495645210703,3.005656874077268,5.030783496728115,0.7735632181094382,0.7303736725673295,3.012042859114053,5.789501481979509,0.9657398809952167
282,Cell_352,0.6253975038444313,2.5654966310080733,4.410296806904156,0.6323554155119263,0.6514552585776744,2.652498547953759,4.871722685440732,0.7246868203900687
283,Cell_353,0.6264281046578739,1.72705381445103,2.9715097879248376,0.40642843753923236,0.6835054705948298,1.7372197203505741,3.1409045455291027,0.4575938840162555
284,Cell_354,0.5902636178086125,1.4382120954945419,2.6150897751629416,0.33564193049738705,0.6368428983699485,1.4801945535488563,2.9040123211230613,0.39780488622644666
285,Cell_355,0.6526062722795064,1.9366026940610195,3.423795342073806,0.4878891004048481,0.6736557396175231,2.0599781094858147,3.867984618575303,0.5725672124350992
286,Cell_356,0.588825457396476,2.5362778490434015,4.288026598900996,0.605647391592172,0.6228179520360448,2.874290643999619,4.674172250727896,0.6811796808590275
287,Cell_357,0.5856770638321939,2.305629408263377,3.396710255417453,0.4744902688551124,0.6417593393947039,2.225868301438671,3.7236045718442283,0.5321966967171562
288,Cell_358,0.6181466174489776,2.339628136171009,3.643846231156361,0.5069479816215113,0.6944547188638209,2.386598477212694,4.365944024632364,0.6720054008986439
289,Cell_359,0.6126076563915845,1.676197406245858,3.037732687084725,0.4194509399485492,0.7320897397444769,1.5700097416722367,3.6445805890815377,0.5675992874896012
290,Cell_36,0.6415507385018381,4.4785698781917755,4.866434594632467,0.7233344585749989,0.7139529446568997,2.4880215366407583,5.041501619989275,0.8129844370309565
291,Cell_360,0.654860561984926,3.348054251255372,4.62568085433286,0.6867654773319374,0.741514478308889,2.833898590478405,5.232394359787998,0.8763721926225945
292,Cell_361,0.6066600370262731,1.861940564783813,2.996455868107047,0.40363194529571184,0.6600948254791035,1.8186834291018021,3.315847845831569,0.4744059562064013
293,Cell_362,0.7153021142388781,2.2576141022126945,4.16479281268226,0.650937988088571,0.7640172051690609,2.281521933707794,4.456857416428912,0.7399402588583938
294,Cell_363,0.6644558704969279,2.288427613521697,4.159905900261199,0.6149294132745768,0.726869380117637,2.3151411522513055,4.425461142915591,0.7084687261513012
295,Cell_364,0.5991221679740169,3.024785488241757,4.6515305120290025,0.646733388595044,0.6449638656325793,2.733486940984912,4.756513970241818,0.7081459692559209
296,Cell_365,0.6507408748422423,2.6284698551274976,4.340288262087523,0.6395744726373738,0.6820530831408133,2.635799423362564,4.623213341707842,0.7075841715809856
297,Cell_366,0.6290712895645116,2.458642476089639,4.813503272091094,0.698928439991757,0.6467134275563546,3.2513229137296085,5.343532545185199,0.8176965158683005
298,Cell_367,0.7598764764734435,1.7817776121489455,4.161978904750925,0.6776233776479967,0.8000837421833411,1.6279531161888259,3.9889425312149998,0.6648875482859042
299,Cell_368,0.6674358746458554,2.0299864896062068,3.335084031348192,0.48089880974460003,0.6610959301118985,2.405594907994542,3.720923492176108,0.5451924632482468
300,Cell_369,0.5460880912823362,2.0143067724346837,2.9768124730631076,0.3755617456942349,0.604040014641445,2.2414823274552194,3.5287011621637214,0.48146060741953517
301,Cell_37,0.6244274301678161,3.3335489070676383,5.342658877217337,0.7857430240063521,0.6662397344963361,3.361471697405961,5.691428481249393,0.8826040994191507
302,Cell_370,0.6301172680291417,1.5514522354497609,2.8618012174986713,0.3876500734868132,0.6729297025934827,1.4770013490538865,3.0416158009678886,0.4352540769844301
303,Cell_371,0.6169560709420042,2.4846848282809986,3.569274631186202,0.5233861167754202,0.676276114360694,2.4727719413978884,4.092237142870915,0.6238441377391859
304,Cell_372,0.7561757547497873,1.5265187630275,3.201012155754447,0.4948536161326116,0.7580494447349109,1.6896990541018022,3.3262163233423525,0.5317093190498
305,Cell_373,0.6177292256318351,4.350349091513182,3.817995355903332,0.5733861098446602,0.6777503076557585,2.555658807173738,4.504408831147523,0.6901684436579919
306,Cell_374,0.6011387902796177,1.1497942649592172,2.1064882297611094,0.272471872343611,0.728194271373466,1.0781353371707765,2.4439644730152152,0.3512331443051627
307,Cell_375,0.6045424017327179,1.59976800549989,2.5771918842291672,0.3378173046795728,0.6563515043560498,1.8710871493857135,3.044695844585735,0.4497558341186114
308,Cell_376,0.6704594818194958,2.896941323734956,5.611644630753316,0.8811078366184317,0.6986737061779552,2.7666822711072605,5.694931791315608,0.9132021206072982
309,Cell_377,0.6119056327294248,1.7389667013341399,2.807144114399409,0.3733145549944938,0.6985384664637356,1.6105690427019297,3.005019798106181,0.4464900304831357
310,Cell_378,0.58234768628725,2.2157226860243227,3.5111872851476216,0.4725239769928388,0.6267733555275569,2.2770344214157054,4.059590073651672,0.608145983117441
311,Cell_379,0.6085143051582826,1.8071944306398557,2.9134380702026688,0.3878891142663682,0.653992178700581,1.7237421610664778,3.0590273812671747,0.4331460073751011
312,Cell_38,0.6447241381035042,4.815034149701519,6.165933990957424,0.9295039309618911,0.7230130007004036,4.995872202315249,6.836777109573349,1.1562736054469878
313,Cell_380,0.6262717724196813,2.6911249735664775,4.878098447337437,0.7061796773936473,0.6459044709755144,2.801714670290628,5.0502946339993064,0.772511205332774
314,Cell_381,0.6009011985514189,2.9482459467241506,5.114018544467187,0.7537528954551737,0.660494025967455,2.765834494264933,5.624550726794252,0.8656980367988242
315,Cell_382,0.6308229540113603,2.282041628484912,3.883282508897859,0.5511235191115101,0.6495132778450948,2.282041628484912,3.9665923848133957,0.5780898075084034
316,Cell_383,0.6478598705801185,1.6813801936480433,3.1716522550977966,0.44747184808595075,0.6807566028319354,2.1502766012256105,3.927274791251766,0.5896066598445767
317,Cell_384,0.6589542518702227,2.136561047953759,3.846188506291015,0.563731786521111,0.714977305790454,2.2129661223368693,3.9141490329748105,0.6089886796298438
318,Cell_385,0.7116014682354778,1.6740506254129761,3.3386422420927224,0.5072711201901152,0.7562822958347384,1.752591186895706,3.6609365469720094,0.5816513569101124
319,Cell_386,0.6789205065684716,2.168730737148946,4.574959195476467,0.6972862962707315,0.7351621124630215,2.284776584338674,5.0905274336693305,0.8353030071433915
320,Cell_387,0.6565216954747997,1.4050167653721934,2.5061647150077557,0.3395745142219341,0.6937155215108195,1.439059872336869,2.7121888988531175,0.38483140733066706
321,Cell_388,0.6146545548891643,1.6748984022553037,2.579741864049714,0.3415729863606504,0.6059869607380431,1.7016119409849122,2.4950009953046046,0.3342696165864918
322,Cell_389,0.534977452493347,1.738542812912976,2.4030157942422394,0.3183596973803314,0.630431215779372,1.540906820186097,2.731961677553504,0.36994376894488207
323,Cell_39,0.6451764706971718,3.5218143334672902,6.744710007245165,1.0309508658785076,0.6698963662769513,3.5443240629129757,7.0484902667354365,1.1176642940072974
324,Cell_390,0.706208822835258,4.307951576030841,7.328596539814673,1.2117654045589568,0.7426700187949145,4.300622007795774,7.515585566575128,1.3106096150711235
325,Cell_391,0.5961507270310673,2.804866633944581,4.644102228273152,0.6757126343626432,0.6495608417062969,2.817636462042847,5.096175211449815,0.7815559475110238
326,Cell_392,0.575673005392264,2.9315468221329546,4.305358851951607,0.6053369947427646,0.6396275542798342,2.850806737189987,4.696872597431088,0.7017542716035275
327,Cell_393,0.6241672248728817,2.4755181909849124,4.176527914301267,0.6053369947427646,0.6758318246341856,2.566723917214521,4.7298909302602725,0.7202246192670293
328,Cell_394,0.6090435400135499,1.648611764311064,2.836753837841635,0.37995213029971897,0.6474197680607697,1.83575501481525,3.196358850938105,0.4517271887058781
329,Cell_395,0.602808746793937,4.053039222838558,5.311488586681047,0.7621475216590703,0.6012046848933574,4.327094539926515,5.508415955071706,0.8078650565569332
330,Cell_396,0.6649515857491709,2.4579963445265975,4.6788384779187835,0.7093649462818399,0.7131587836755716,2.4110260034849125,4.9574008369935765,0.7913028880570591
331,Cell_397,0.6483525912506325,1.8219950824863542,3.278477773254118,0.4636996201061881,0.6817248670443145,1.8370781073776519,3.557679533726563,0.5334268923510487
332,Cell_398,0.6302163970503152,2.299588529918435,4.391326849083556,0.6320223843021905,0.6497439668936665,2.390794256148043,4.625837874564162,0.689325747145589
333,Cell_399,0.6226892201950435,3.0678267004114077,4.695018559001596,0.6848681610790264,0.6937786370095583,3.0993435171790815,5.314555031274253,0.8444340377999946
334,Cell_4,0.6711437283341992,4.2986891323788,6.929196476978661,1.1223340282706302,0.7454188931282294,4.250788956765907,7.565667466957398,1.3272470070345999
335,Cell_40,0.593922773914132,9.610277195119341,8.679218240689258,1.2923411311810333,0.6533206221996176,9.74151307639995,9.46802696676466,1.4966235616293697
336,Cell_400,0.6333402627192628,2.818820658676353,4.431569548835971,0.6399075038471096,0.7136937436795558,2.8449244145513894,5.066269487562548,0.8120785391189478
337,Cell_401,0.6191642139635575,2.1941475556398555,3.7006486250929687,0.515978984151612,0.68015939261143,2.0839817473368694,4.062781655705358,0.6098313761422468
338,Cell_402,0.6725894232735813,2.298989061164292,4.205723654845183,0.635393170351802,0.7360413552977068,2.2755848920673802,4.841141676338505,0.7908256091474556
339,Cell_403,0.5703858076443922,2.0007153721968995,3.2892600304960293,0.4233666804360018,0.621060822550092,2.395377574796086,3.713936974769913,0.519943748152602
340,Cell_404,0.634265687749364,2.2989890611642925,4.149165825651605,0.6082149587268034,0.6751936106212225,2.8883370778721935,5.143190797842466,0.7954733274319141
341,Cell_405,0.5762485592455853,2.75816651632187,4.415551077968618,0.5995753849583012,0.6192007370672129,2.850558429101802,5.080817917537949,0.7300238983019538
342,Cell_406,0.6323545780199198,1.2913013096968993,2.2506800764981443,0.2924678221760816,0.6437413140679997,1.4657734110664777,2.5061647150077557,0.33876399798597406
343,Cell_407,0.6076364188930581,2.6957082922145204,4.346695557549429,0.618258341266276,0.6619120226626765,2.6349516465202365,4.695844604415821,0.7097991820042836
344,Cell_408,0.6372694328983818,2.041100085141316,3.650684017200905,0.5450869172746295,0.6882820276821603,2.083981747336869,3.999947864861632,0.614325757541729
345,Cell_409,0.5743260225142198,2.2931067385256947,3.548107736346966,0.4887639771936938,0.6406065311108802,2.141144366601802,3.9016326641257923,0.5586756074466935
346,Cell_41,0.5899877786067572,3.3971933177253106,5.1734534067529445,0.7479229954777156,0.6654822299410686,3.58020423893867,6.016319061510766,0.9519339799013898
347,Cell_410,0.598627329743957,2.6412074225287885,3.0194275876678125,0.4014044387412578,0.6067424102804182,1.8103645686480434,3.208749471224683,0.4472625318216896
348,Cell_411,0.6829682578492837,2.2549042013341403,4.212538594721314,0.6376403610515431,0.7352364988477612,2.1437948098328707,4.3120963932886776,0.6941428854404516
349,Cell_412,0.658762466680859,1.8859218661888262,3.740878202178218,0.5485954295743013,0.7170870879268945,1.8592083274592175,4.0671310087610975,0.638483057563946
350,Cell_413,0.7052053186944885,1.894240726642585,3.7478446622474837,0.5763722342071547,0.7593647751687513,1.6953180325140065,3.8003464933918516,0.6086640413780127
351,Cell_414,0.6601711352594886,2.502231729714521,4.415366726936812,0.6615167622362926,0.7089467641007111,2.481904176021697,4.780119747150035,0.7581878203830736
352,Cell_415,0.6050854841283639,2.227766774183368,3.9453424283034195,0.5541812260472112,0.6581379756265735,2.048005764955219,4.133024699130903,0.6065024481505477
353,Cell_416,0.590473252736042,4.213240137434338,4.179075304572883,0.6163441817762705,0.6506647604888989,2.5777890272553035,4.711601983653531,0.7032962690113919
354,Cell_417,0.6943774779472353,2.2064843309441295,3.8851960562004804,0.5974718272936707,0.7212565647048177,2.1861567772513055,4.1093149306703065,0.6461091842334852
355,Cell_418,0.589577542102572,1.556131360453759,2.6691171513962084,0.35109136655810735,0.6458736040850703,1.5598669022594749,3.008220746776481,0.4181940084364304
356,Cell_419,0.632237658878202,2.398733607237682,4.556204290635147,0.6581981085589492,0.6417717580879209,2.406442684836869,4.503188427865479,0.6761950843578164
357,Cell_42,0.6681888706476682,2.933445294877652,5.762231027173823,0.9112358287450246,0.7355197767930405,2.899402187912976,6.242757095163645,1.0575519427892222
358,Cell_420,0.6263681538589639,3.0297030426823395,3.6357444351029686,0.5090408258636322,0.6441403356418127,1.9620889465841809,3.8381099804790124,0.5539524595820118
359,Cell_421,0.6447472811913608,2.0683333186480435,3.945348526581267,0.5730336284339859,0.6802658934106637,2.279320433873096,4.5883896696121935,0.7034338904185767
360,Cell_422,0.6256763105655797,1.858608858705075,3.2265062627902243,0.4449437585487421,0.6489581668367742,1.8665482097947141,3.332830160494607,0.47364757234270943
361,Cell_423,0.6170250818994516,1.6206235479537592,2.9410277183128217,0.3963160793903974,0.6140171949621341,1.6248273572376821,2.8528770888710016,0.3829172478406617
362,Cell_424,0.6223949153413161,2.606401038729609,3.536680206703967,0.5025280202296084,0.6674271788318682,1.8923078512256106,3.902095724007811,0.5753226771916398
363,Cell_425,0.644921875,1.5947577860664777,2.874661876349635,0.3932583724546963,0.6676710603881755,1.777169238525695,3.200523169656069,0.4573033073973182
364,Cell_426,0.5991780009402509,2.669604536339484,4.095484981813403,0.5883556125590017,0.6588925013857666,2.5196828247920884,4.670223082656988,0.6958282784652573
365,Cell_427,0.6278539405307506,1.8116392462757396,3.1748239728962533,0.4448719420311867,0.6676251357498769,1.8450174584672907,3.5323918467572346,0.5191531840124671
366,Cell_428,0.6000745440015745,3.136088494673737,5.0915657177260805,0.7165729343799502,0.6406730261514801,3.1665375752090617,5.483994340637609,0.8193497286166634
367,Cell_429,0.6534541058999787,2.2590636315610193,3.985886852819667,0.5867654911934573,0.6815146605607654,2.2789158695337686,4.090515416545965,0.6275057152673972
368,Cell_43,0.6140030877482507,3.1546690673829954,5.0272728723779565,0.7433596384688709,0.6908996237169447,3.1692838247960857,5.9260677511179685,0.9426964985414003
369,Cell_430,0.6344098539601382,2.437739542214521,4.156343939938648,0.5974718272936707,0.6597768056811786,2.502231729714521,4.4133693669579825,0.6606740657238895
370,Cell_431,0.6029199529517281,2.624734313321781,3.9424447486596654,0.5505617214365748,0.6415122332121003,2.6059601256818117,4.217013233357476,0.6110071038643856
371,Cell_432,0.6532552584544045,1.7523178238323132,3.2658541084716672,0.46326538438374437,0.6857899479835627,1.90213569867518,3.4074247249206384,0.50751983875114
372,Cell_433,0.609090858831027,1.8283818084035492,2.2982731427545517,0.294349801389644,0.6336924358742253,1.434476553688826,2.740551425941934,0.371629161969688
373,Cell_434,0.5645121525797844,1.7717381430353245,2.8821112436758205,0.3922360916343207,0.6105317231136724,1.6123046875,3.1151088623093335,0.43005612016295713
374,Cell_435,0.6639516132947824,1.8610453965202367,3.193828484529655,0.45670932944594,0.7093793544672796,2.043456848979454,3.619341088987792,0.5553048213970818
375,Cell_436,0.6214548642803038,2.055796636647933,3.2547235330737676,0.45158133385396715,0.7049878840054465,2.094951051021697,3.9038514281087386,0.5989181795389217
376,Cell_437,0.6359615563070248,2.4114529042702815,4.341375968993046,0.6336037805329979,0.7111760705976654,2.6290452353097917,5.092563789152033,0.8199533843495114
377,Cell_438,0.7026759364616116,3.99512582822084,5.319098820768498,0.8491990437225889,0.7593873054666385,4.067120317372559,5.800565463617878,0.9895628649841328
378,Cell_439,0.6225238751657828,2.706773402255304,4.729189376929473,0.6800560855091569,0.6392966316026424,2.714712753344943,4.853873299915358,0.7138160783775418
379,Cell_44,0.6561802224323251,2.5041302024592174,5.1621414740878695,0.7741571960608163,0.6676161615815936,2.6220494674184343,5.164729179730959,0.802527978645048
380,Cell_440,0.618183235114052,3.3887065520640585,3.696276029574824,0.5151362876392092,0.6488108675887795,3.6739108302136634,4.200236966880149,0.6153849923387138
381,Cell_441,0.6238937032418982,2.0808559883857254,3.4603968582296822,0.4944340863153148,0.6699528347536406,2.1618250573350424,4.026494490230776,0.6057132752562808
382,Cell_442,0.6958637524523729,2.1908359022553037,3.9379944559118965,0.6188201389412111,0.7530453830711533,2.1041427432929907,4.336220909336001,0.709125905502285
383,Cell_443,0.6753360372039638,2.4834131630175076,4.323056002481563,0.6539003133482233,0.7269319873561102,2.4063468784809143,4.573009891163427,0.7345923180357917
384,Cell_444,0.6359031341731194,2.4079002445337685,3.9545388406153505,0.5691531770817072,0.6892121393008618,2.508617714751306,4.684158232054711,0.7244799598869567
385,Cell_445,0.6653192399641303,1.499958033407518,2.6629210550089004,0.37100300374186684,0.7325843493830348,1.5440406094858146,3.226834095715033,0.48858932294299173
386,Cell_446,0.6014135479217095,3.7666609449754658,4.456856015871654,0.6275969785120707,0.6311981051015603,3.8664054910488557,5.189946998147693,0.7576362970224938
387,Cell_447,0.8790193214334816,3.6723992573869713,8.585373827970889,1.712774118721047,0.9348280399122542,3.649628119657168,8.719796535702816,1.8364966137633594
388,Cell_448,0.9022544533077889,2.7088861181315713,6.79143300434179,1.3440174484043113,0.9233345263309697,2.766061488354466,7.211807363797593,1.46058772428791
389,Cell_449,0.910168153695444,3.6919900870756024,8.36051870493059,1.7134629229525333,0.9690620470630347,3.673670922650462,8.961879231232018,1.9406865666967792
390,Cell_45,0.63118328957866,2.3033240717241505,4.129520260372855,0.6287529127820737,0.6895273532955736,2.7243203036888266,4.70376586025485,0.74157293091457
391,Cell_450,0.8470641454184834,2.4841673809914315,6.090238681842659,1.1336691634087308,0.9073567107177286,2.454087506139759,6.37029645897413,1.2533606199805742
392,Cell_451,0.8093731693639639,3.912023640275358,9.0139889479055,1.7269291877011428,0.8697973161724757,3.8026958702209432,9.590069607138462,1.921092108108801
393,Cell_452,0.9335025248270499,3.28261977110726,8.93186768967578,1.908707600592615,0.9804514788009949,3.425218611403436,9.989419476500718,2.2126274082670947
394,Cell_453,0.8844034374642489,3.6046197414368857,8.395759541074376,1.7396764616665956,0.9674336949022933,3.360861914551389,8.859515131227411,1.90986119065365
395,Cell_454,0.8770666208242295,3.173406906314496,7.087188788494256,1.3907520299000238,0.9342203994831921,2.8762212719290416,7.1560657103401795,1.4590485512292524
396,Cell_455,0.8588586256456909,3.0120130942150336,6.823405474310638,1.3089912392558465,0.9468835943333033,3.0260642017471167,7.828227433267781,1.6356004344957573
397,Cell_456,0.8094783391880781,3.453966113525694,7.990401143710841,1.4926964223030401,0.8596817888910169,3.4808424802019298,8.62229430998736,1.6973325537265374
398,Cell_457,0.8600985160566536,3.7420874661325723,8.355461046196924,1.6373942750665207,0.9267147736790502,3.8033548328868734,9.16844948215554,1.9237926489375203
399,Cell_458,0.8896639162095326,2.645592868139856,6.803379388325702,1.335881374917785,0.9338772887255757,2.5178801584033463,6.965186121099516,1.4143856360718978
400,Cell_459,0.8663441287879038,3.171120893857105,6.725831320713546,1.3926642558881168,0.9947737062029826,3.0651145157809987,8.029026588285552,1.7463780672474836
401,Cell_46,0.6407729780935757,2.426674432173738,3.898978456213481,0.5778089086709357,0.699902483468282,2.430409973979454,4.437535352107426,0.6935070494311607
402,Cell_460,0.8225145706078766,2.706773402255304,6.093631596310886,1.1219099568457551,0.900642666601018,2.706328682720943,6.756680230411861,1.3396315145507864
403,Cell_461,0.8580793137276435,4.686086438305209,10.609503800848424,2.1171145523935317,0.9048684111937352,4.963677500597086,11.781218333547299,2.486303892094827
404,Cell_462,0.8618183296197858,3.5342695576611467,8.457412166646385,1.7327258072474603,0.9133067776683204,3.5075560189315382,9.200713249858861,1.9136246585766201
405,Cell_463,0.835323142485325,4.659872301847473,10.041359975642644,2.0137746287162295,0.9226616795358997,4.477460849388256,11.186380761029646,2.3775577550372713
406,Cell_464,0.941361046653054,3.6450448010091248,9.147578858874496,1.949417946425351,0.9514706408279897,3.7190675374291304,9.530517064476989,2.080043156982368
407,Cell_465,0.9190631400962037,3.2652143850501028,8.310706876953354,1.7094033326714355,0.9633964695533936,3.3107464904767245,8.702673485818018,1.8681846719189634
408,Cell_466,0.8867129322188055,3.882009540680638,10.541017540175044,2.1572295756731648,0.9044130974213417,3.779738704410247,10.179422202649846,2.117903738427695
409,Cell_467,0.9007440663212948,3.063704347505348,8.007698101658416,1.6760515466518535,0.9498049147611939,3.0160023818777355,8.6311812297971,1.8294075127824923
410,Cell_468,0.8455066181492225,4.011066643435844,9.520738275771299,1.8584167158858715,0.8631760517788952,4.016133724768877,9.69723038253705,1.9286672010476784
411,Cell_469,0.8812637392737205,3.00606801011208,6.933298289687116,1.3582776641030598,0.9281997233392588,3.0169702922062367,7.251834073120008,1.4895965422908597
412,Cell_47,0.6740258482248995,2.005298690844943,3.5557349077359293,0.5258947561116906,0.6895378740768765,2.0582575008259525,3.699745884128345,0.5606097190325241
413,Cell_470,0.8914538898811313,3.7771812689996187,10.194560426195453,2.093854885951436,0.9574412435263103,3.7419600556398556,10.60391730679848,2.3190273060545255
414,Cell_471,0.9232466655002042,2.88791318945103,8.06824910567625,1.6608813298678444,0.9479163410545927,3.0671758164723215,8.725086979563512,1.8664636485932216
415,Cell_472,0.8696106861900278,2.5910215359098663,6.195305295713806,1.1791747750784884,0.93350529786096,2.5739406769294173,6.72205025677108,1.3644363574714873
416,Cell_473,0.8798363418319134,2.9851617825140067,7.707306687320373,1.5364729015336283,0.9038106070680956,2.9981003103242787,8.212004057014594,1.6717707595169817
417,Cell_474,0.8937049094799752,2.4078558654767246,6.104101076951361,1.1780462229721362,0.9328994498548028,2.4402888974699133,6.4458567972034,1.2915901149218663
418,Cell_475,0.9111062556207035,2.628800184680258,6.573271741957709,1.3072646449637322,0.9409784548722279,2.706019735058374,7.136660826434902,1.4641655279962487
419,Cell_476,0.8662338935794154,3.3191583587509235,7.438097723758646,1.4599080678448848,0.922202729249447,3.5598072253692528,8.38724165332959,1.735028630159266
420,Cell_477,0.8946273327445579,2.6708932262296092,7.477835349952785,1.4912919281157013,0.9125222141078857,3.0170603923976564,8.350601779799145,1.7202927623205724
421,Cell_478,0.8545512124499265,2.8202721765131042,7.190096023482853,1.3810404627379742,0.8991510666100866,2.8580295127132342,7.635081618274683,1.5282235825048076
422,Cell_479,0.8482843967154785,1.9474067436272648,4.986309010142403,0.9028771452897395,0.8950734580397848,1.7511552350324981,4.864751681936811,0.9036415673333625
423,Cell_48,0.6318109100891967,3.345213485862563,5.62490407839,0.8412920182155823,0.6788489038574361,3.38426681226065,6.082057687222905,0.9653774878587241
424,Cell_480,0.8506542218507123,2.368826864013104,5.79336891822203,1.0779506171103908,0.9015591210864258,2.373410182661147,6.213787949896007,1.2175873340429726
425,Cell_481,0.9380534121831307,2.2671474177700106,6.238666156336572,1.2595853386725446,0.9675291470119223,2.519920146524408,7.252729129573888,1.5290662790172105
426,Cell_482,0.883446000359863,4.043703953698144,9.869718395043398,2.0035044155000543,0.9353133882422454,4.203419782278267,10.735787950630375,2.2991869793837996
427,Cell_483,0.8548973647150193,4.226136718727623,9.796953542823209,1.946770721397802,0.9040226832284111,4.027914009632955,10.253882894642972,2.1297749856796475
428,Cell_484,0.9093873434957576,3.1471536047145205,8.483173826998897,1.7337376195614398,0.9501203742530232,3.1993090169102474,9.001602752867901,1.9212745522003474
429,Cell_485,0.9130794486549095,2.8228215317684966,7.427389212549734,1.5077131039703728,0.9535156245708748,2.820109348566478,7.777194225351943,1.6317413468495214
430,Cell_486,0.8968549697956375,3.873781742011126,8.629783029643374,1.7689503126774253,0.9193125887889122,3.8638358317659085,9.034559113406992,1.8896473372666975
431,Cell_487,0.879197411420103,3.1506280860456997,8.121037937878754,1.6149556982702071,0.8938190260111003,3.024651021107261,8.175008896595294,1.6418537049983566
432,Cell_488,0.8666172499302701,2.87106582325392,7.4888420087327034,1.4560960845538993,0.9015613686176253,2.7178385122960864,7.519115866148183,1.5045241681878452
433,Cell_489,0.8750733134756924,3.2183418267388317,7.540240038704829,1.4771634973639722,0.9146778277465845,3.580552613509125,8.206263186053008,1.6898674206052513
434,Cell_49,0.6420055840137241,2.1235974651682796,3.4645011174955176,0.4917472641218159,0.6734066952549986,2.2722511960718257,3.8582568501077468,0.583635967740201
435,Cell_490,0.8248689230178008,3.055947878484912,6.942136861320655,1.300561617475174,0.8792689792770813,2.9323010401068794,7.073995758163986,1.387113410882854
436,Cell_491,0.8409278555497736,3.5810520157809975,7.84485711838797,1.5016851851020043,0.9035329375224183,3.6822867424897305,8.524137429727595,1.748446149345612
437,Cell_492,0.876526418253276,4.733070409378163,12.25495774993103,2.5266876996780665,0.9074216398939466,4.747121516910246,13.119890092656354,2.7858811739257434
438,Cell_493,0.8412890063141387,5.532219486799184,8.005389186384111,1.5413873028609903,0.8361080457215317,5.707510435140659,7.96562199681722,1.5415515026566833
439,Cell_494,0.787651972554124,2.8280770483542796,5.871215228852879,1.0317423001293233,0.835060537207116,2.888040599943748,6.137482596577041,1.1317763676247685
440,Cell_495,0.9102861955666369,3.0795163341815415,8.388963550291594,1.737942993010027,0.9664364861623473,3.022235101072997,8.60459177999985,1.8651297361744654
441,Cell_496,0.9081939568130265,3.757608484328682,9.845112602998654,2.053016106972671,0.9585708268780536,4.230039762139474,10.688358654225153,2.3538937133681594
442,Cell_497,0.8699451786343207,3.40086469195973,8.827384164834312,1.7632046594410204,0.9050330556296166,3.5831133164723203,9.347381486256603,1.9408718458109815
443,Cell_498,0.9046469659668946,3.465194051513104,9.317329276451307,1.925422409750261,0.9202696503495797,3.4970276161805414,9.597575078992646,2.0117874811432026
444,Cell_499,0.8903823199792587,3.182461650713137,8.354886912391393,1.679410660340673,0.9337033573971251,3.295098061787899,9.103820436669391,1.9162483678370945
445,Cell_5,0.6573537957368636,2.607858598426508,4.810727334765411,0.7652205656341199,0.6959904830073215,2.470934872336869,4.836906122370567,0.7831459588597809
446,Cell_50,0.7412442284359658,1.781257917371827,3.539880980568923,0.5532270507077449,0.7661547668026554,1.9239375293141403,3.844169179349303,0.6229434860178554
447,Cell_500,0.8463413778226943,4.336839234320396,10.62363835865399,2.0948600409553135,0.8865881869775987,4.3536866005175066,11.258400276508516,2.3164992165173173
448,Cell_501,0.806224495834341,3.131830831918947,7.4942324969412235,1.3789350497852888,0.8256739362987726,3.1428959419597304,7.799442344867929,1.47163166614961
449,Cell_502,0.886452728179838,3.044882768444129,7.269674147421183,1.4401683396965914,0.9376829402160308,2.958260360862564,7.56696553635877,1.5696926984803379
450,Cell_503,0.8584411864740807,5.058171686629658,12.369495956711624,2.499507758722354,0.9006371351636451,5.122572891061947,13.378069979946718,2.8318094621800243
451,Cell_504,0.8014236698179644,3.867795605201929,9.011113781082972,1.6866583979027672,0.8351535556479882,3.8410820664723206,9.443732764415712,1.8296359061737957
452,Cell_505,0.8982616612416736,2.9845291800578115,6.926132702597438,1.3741820715593058,0.9683391170986657,3.0417126304359425,7.753751809940192,1.6465554891569951
453,Cell_506,0.8823168424393949,3.1966968987621076,8.60042066040643,1.7255515657636775,0.8933102543398695,3.261189086262107,9.022565570167991,1.8331358205137835
454,Cell_507,0.911229978848915,2.328851423903436,6.331915264709246,1.2452118120285416,0.9473462242843471,2.354949513208093,6.635063940321113,1.3509632060730763
455,Cell_508,0.9528017817391091,3.754459658890755,9.9372386493053,2.1734560832341874,1.003341091799955,3.5875338071737377,10.312030058751516,2.333737536392319
456,Cell_509,0.9085302641113673,3.0546762132214216,8.375369100437567,1.7159375020115024,0.9611478559398254,3.134675864810877,9.16777078663738,1.9889930039317583
457,Cell_51,0.729992499347725,2.3121111996561168,4.786820789223233,0.7876924726315312,0.731138527257692,2.375050021103262,4.80096437439585,0.7947046692538666
458,Cell_510,0.8336605606934094,3.8833774592546906,8.07886897172618,1.5414030858558514,0.9077526005586009,4.0305988555363,9.236350893501095,1.9118274825159236
459,Cell_511,0.9066923474493265,2.751033842418435,7.704754478908355,1.551685178171244,0.9500799360193926,2.9979374823776523,8.528375438932255,1.8070222214293288
460,Cell_512,0.835477223796111,4.075558830935843,9.23643372422204,1.842686380987684,0.8831006364795203,3.97131679416555,9.631579897958861,1.952735221996723
461,Cell_513,0.8037034544445695,2.9368547309926183,7.339651464094792,1.3472762133708152,0.804178724574734,3.090945874996002,7.648791987873143,1.4135248081950782
462,Cell_514,0.8772798495774957,3.594015598566478,9.331092665129963,1.8789323238210447,0.923824991843698,3.509972489742796,9.573401809270967,2.0211222976824783
463,Cell_515,0.8435068460291003,3.073494779918435,8.03197685669937,1.5452245049094886,0.895718475831749,3.1668132220243113,8.573125865292019,1.7350286301592657
464,Cell_516,0.8876974878789773,2.825392202450933,7.541651254176574,1.4943718225278098,0.9084337058351779,2.758033631877735,7.635110312832218,1.5395199125158876
465,Cell_517,0.8844945719563627,3.9733780948568738,10.66641009893291,2.1871466301917906,0.9165345106604315,4.029812482377652,11.288839793337656,2.3884828149873436
466,Cell_518,0.9013446138344562,3.110788136583985,7.0475309101164685,1.4032970959100188,0.9095327386336685,3.209888834846189,7.32752300743206,1.4709202196614088
467,Cell_519,0.8981318544505312,2.9993506630175077,7.393893489237125,1.4791397820262815,0.9237547021210201,3.0796541071529595,7.679337730192358,1.5820905342864935
468,Cell_52,0.6801144709493092,2.642281214755304,5.027176923564271,0.7749998925732192,0.7062776606852006,2.6994438340202365,5.182731768421493,0.8308665809528367
469,Cell_520,0.8674372671989674,3.403223881969824,7.576810012965752,1.484561218927195,0.9055076576851678,3.2684572508134964,7.8558939025727215,1.5879411301156985
470,Cell_521,0.8991230714727466,3.320561247824278,9.091511322409131,1.862220171320042,0.915169991024563,3.2291926936480433,8.896483058697541,1.8443817668125249
471,Cell_522,0.8889364868935925,4.224702225517507,10.921502118752867,2.245712709475472,0.9203997732990381,4.119119735862563,10.978819323089809,2.3244678747558867
472,Cell_523,0.7978324253565912,4.652542733612407,9.384185730962143,1.763450721345402,0.8484637793784154,4.707517123150363,10.122043343115559,2.0106638857933326
473,Cell_524,0.8497617261288046,2.8208635665404014,7.244959198914341,1.3871134108828533,0.8886834652289413,2.8611996507214212,7.698487264534153,1.5339150553324716
474,Cell_525,0.855105134701847,3.1603314306315715,7.765371140765358,1.4990736066864483,0.876304313625773,3.2683845230582906,8.315561240667492,1.647398185669398
475,Cell_526,0.8763761812710659,3.63376391841692,8.226897796915274,1.6331616240317213,0.9240971552797865,3.6743704578868743,8.774367208521292,1.8285679430359902
476,Cell_527,0.8892887178342025,3.6715425671873114,8.498641462463313,1.7140604892224016,0.9363258576734587,3.6267256365839846,8.756551280186907,1.8490835509711638
477,Cell_528,0.8924452465051351,3.203290583052292,7.303981825657297,1.4672300097695337,0.931735977505037,3.1120848568226838,7.512939258447802,1.5638592098584017
478,Cell_529,0.9575423535485049,3.2402578036888263,9.743268801669185,2.1117974600817186,0.9970944747682459,3.2004451915257843,10.102144089776548,2.2662790862234132
479,Cell_53,0.693679251409324,2.765834494264933,5.703076925484428,0.958809046806551,0.7452325868421785,4.676537023766393,6.451951004525498,1.1025697951184004
480,Cell_530,0.8986050104751143,2.858102240468441,6.590883101933085,1.2942983541725386,0.9084872259526593,2.928376684124768,6.718470113634006,1.3375667679425913
481,Cell_531,0.8994853250364349,3.3915866419019625,8.782080758634834,1.7898039034654558,0.9447244382643828,3.3646942931265276,9.304164653438953,1.979614804325655
482,Cell_532,0.8862303574604642,3.9069520171582672,8.446825308033626,1.703697263619601,0.9169602055011015,3.928653675159161,8.651058408628167,1.8053394850611666
483,Cell_533,0.9496480681125307,3.8709444306398564,10.922413878459059,2.3788587584351326,0.9593670355204982,3.916476536066478,11.113589299765044,2.441572695268728
484,Cell_534,0.8118071216562806,3.567464887783495,8.737438433012203,1.6391864943707357,0.8619897364954275,3.5753598598160905,9.225023019384853,1.829843308932952
485,Cell_535,0.8248287681743438,4.161669586202832,10.169367192207092,1.966248122859118,0.8739067318742592,3.9920338336072607,10.543180397362667,2.1376401531287414
486,Cell_536,0.8278496647757377,2.987035200283495,7.244654039056882,1.370647205751672,0.8617668225470291,3.007966482856776,7.69569676168091,1.4998506781867504
487,Cell_537,0.8703201237707666,2.6535091527427124,6.479215493606312,1.2627820521640982,0.9066040431712195,2.66253801706738,6.997902333066895,1.407960355063861
488,Cell_538,0.8899729161160072,2.6273870040404024,7.11598938587232,1.4045291388058472,0.9155692001072379,2.7401315603242784,7.54861558721164,1.5386247105573208
489,Cell_539,0.7755410424010025,2.921181247328585,6.412592666836376,1.1300460303322808,0.8296113994536511,2.884211499269629,6.808359120135075,1.2666427610768822
490,Cell_54,0.6165889000307085,3.9952504215162667,6.208081396714234,0.9053369531582044,0.6374902185163568,4.147731747336868,6.860576073271687,1.033707721880916
491,Cell_540,0.9035041505749817,2.570035570599073,6.5101724837035855,1.2853195841736098,0.9588288815761935,2.5757550638626534,7.107593539056518,1.4769533529393446
492,Cell_541,0.8801820517150789,4.2085898172941,9.319277885835302,1.8860965725047916,0.94050353090699,4.012534506813211,9.38397078029293,2.0033319642085448
493,Cell_542,0.8295531576995299,3.447647150079581,7.880003556343696,1.4908719081878221,0.8966516025583569,3.4666072321529593,8.604612146932793,1.749787140254675
494,Cell_543,0.8878497835054072,4.419450453280998,11.221705973692073,2.3101420340450374,0.925102082515059,4.402603087083886,11.348792154184636,2.4238960704193957
495,Cell_544,0.827086917833361,4.009168170691146,8.35396395581254,1.5822931586551814,0.9137241709671213,3.9883784034942305,9.201731842111247,1.904908923548913
496,Cell_545,0.8734022093965226,3.5903814810237096,8.034824670731618,1.5883737995002576,0.9485670281627772,3.596700444469824,8.711060527610538,1.8466289575122663
497,Cell_546,0.9117948717152763,2.7877763816271677,7.475976496234836,1.5200753944844205,0.9252594044588668,2.715367909524311,7.470353166586801,1.5285679846205507
498,Cell_547,0.8403110456278104,8.13715459154615,11.19329443619586,2.206321247217902,0.8753832472217056,8.327396681839993,11.866012730111944,2.4369291999787976
499,Cell_548,0.9320286634634553,4.213010307995518,10.355630952353158,2.2082057507554484,0.9909727198685049,4.3000152229956905,11.176721056468473,2.5206868173248473
500,Cell_549,0.8513711563364751,3.436744867985425,7.986875158531657,1.547474352265873,0.8815641124394402,3.3831549625795807,8.080753874087328,1.6147482955110513
501,Cell_55,0.710781008666385,1.9282838336072605,3.951111938143851,0.6233145203406935,0.7344811581239317,1.9048305209632928,3.802345525781789,0.6110489619222983
502,Cell_550,0.8524664036389717,4.525185408403866,10.533347227105624,2.1009727385641757,0.8979799724534763,4.569528938800903,11.212706039588255,2.347603369664088
503,Cell_551,0.7567084006601134,3.3921838269042484,6.972362246634418,1.2472862200323713,0.8142537557249012,3.4587122601203637,7.8108940907653155,1.4625011256035902
504,Cell_552,0.8885842905675259,3.2462543029767246,7.877898811077275,1.5743644879278116,0.9323547260811308,3.3663075963824705,8.356555123830338,1.7560304179572381
505,Cell_553,0.8248927765813331,3.7414960761052747,7.72567506637341,1.4625011256035902,0.8832614617628775,3.7733296407727117,8.320035814128756,1.6803268529313875
506,Cell_554,0.8574053743525006,2.2995885299184344,5.877095788764279,1.10224703822302,0.8521758590038023,2.7539065712436153,6.826131314426891,1.3089448431848398
507,Cell_555,0.9189581549288026,3.5034682839548377,8.577869933547952,1.7770009972879381,0.9412325850154635,3.464018180491601,8.705178024802418,1.8403656942096311
508,Cell_556,0.9163933560398729,4.1270147078951585,10.286223333312382,2.1659374396346625,0.976513370943576,4.153304358203603,10.964062007049865,2.442903693377755
509,Cell_557,0.8954789606495058,3.216928646098976,8.313097824377088,1.6772369657192436,0.9259730631443067,3.2038923355582907,8.46004025848508,1.7544206427445692
510,Cell_558,0.8499821844074318,2.7323130584518354,6.969597360450233,1.335478462197174,0.9034411104535898,2.622049467418435,7.163532788234156,1.4373593513219147
511,Cell_559,0.8565528030011577,2.6579686865947587,6.550556374841544,1.2421853937444118,0.89063851564899,2.7413819130175074,7.174379452663185,1.414843942957357
512,Cell_56,0.7103778889456656,2.4902230364754563,4.512483907772369,0.7154590168115494,0.7494114536977645,2.433060417210523,4.673209415164748,0.7733563576063262
513,Cell_560,0.9025288584901073,2.8234210019510297,7.602588421782663,1.5330723588200683,0.9614470753241092,2.9902284047784655,8.210176688463518,1.7480334655611245
514,Cell_561,0.8633914893159425,4.923051177976722,11.388096034056806,2.299926185106726,0.9374806227995733,4.665082427976723,11.953591493818681,2.591218279560669
515,Cell_562,0.9174255611238724,3.0671758164723215,8.117156667683172,1.6759842420789968,0.9552580335602772,2.994767344369465,8.262822058701316,1.75189255320736
516,Cell_563,0.8976060103830017,4.2057421434441284,10.663254916045165,2.2365165439173507,0.9156367161420469,4.11453641721452,10.755042211044898,2.2724715951132093
517,Cell_564,0.9022959923293549,3.876799414551389,9.612111065648822,1.9898982275314803,0.947347978456078,3.8286551909766264,10.003480873899486,2.157573977788908
518,Cell_565,0.9054650342566781,2.903724446086482,7.751623264151847,1.5711354796252552,0.9546600322468122,2.7958122806481267,8.081409710195343,1.70468842894686
519,Cell_566,0.8706818490574726,3.876799414551388,8.99015412176468,1.8075840191042645,0.9299664644107211,3.8710171583950608,9.67419658002477,2.0480234311765284
520,Cell_567,0.9242459265165975,2.8265911399592176,8.178856018566393,1.686516620155711,0.9723026549061087,3.0734947799184353,9.061946031537406,1.9713480413478988
521,Cell_568,0.9045646060452761,4.306741314451029,11.98668315889573,2.5187463794940177,0.9848941223061547,4.107303685748875,12.37454719290807,2.807142779505323
522,Cell_569,0.9364246144897702,3.3905614175911416,9.34002198184533,2.010169721971207,0.9818996639470947,3.3282933919102473,9.618401865663406,2.126049804714258
523,Cell_57,0.5747333007537947,3.7542968309441282,5.929124901631744,0.8387639286783735,0.6133586120894123,3.7920754797145193,6.494091503544698,0.9561796427398471
524,Cell_570,0.9093232982791344,3.1002083186480434,8.485365216763899,1.741572792299369,0.9261879665511309,3.27486631445103,9.059967111931769,1.9063869138145624
525,Cell_571,0.8186423162130769,3.184836447128957,6.762036551725728,1.2525697743261206,0.8623013108300862,3.3261234962123125,7.315494768163473,1.4259728321294363
526,Cell_572,0.923581922404678,3.487947816806692,8.414211872803408,1.7371384003222161,0.94560123014487,3.711449571420853,8.99660511313535,1.9103494922502737
527,Cell_573,0.9109328395892105,3.7141022621394737,9.525427641404994,1.979736461861263,0.9593562375151663,3.760157839584074,10.309866053880178,2.2476662668722374
528,Cell_574,0.9638553234893588,3.4884361212757393,9.822232927185233,2.223804279713752,1.0197691697762492,3.407538825525778,10.336431234636184,2.366235185894317
529,Cell_575,0.8422019577155943,2.8405039238499734,6.3197003190839,1.1928382416346557,0.9154347665941743,2.8033166651068795,7.069801851332224,1.4255965516159201
530,Cell_576,0.8848040037608941,3.398966219215033,8.051462291738051,1.6157327697705097,0.939420096055722,3.4794807147470186,8.987559728982799,1.9030796310432263
531,Cell_577,0.8392133764578241,4.129923785428808,9.820810639416251,1.9155909504388935,0.8954971963224886,4.190279609188711,10.621106910469912,2.19346552570649
532,Cell_578,0.8338416745601237,3.566103122328584,8.808265856477517,1.6941017588780183,0.8729863388317394,3.5484834931398557,9.191763489646494,1.8389711928223287
533,Cell_579,0.8988163578447017,3.8586803830907876,9.869846674259026,2.032500499037497,0.912329907418414,3.914740891268406,10.143553028969745,2.1276995674381265
534,Cell_58,0.6717703065491455,2.2590636315610197,4.17033357887444,0.6252486319265241,0.6922854859226538,2.1987752533449427,4.043114955997838,0.6219621585256235
535,Cell_580,0.8595799991971823,4.927634496624766,11.869641186487499,2.395993587520659,0.8873333556816112,4.927634496624766,12.344484153674873,2.564251991163775
536,Cell_581,0.8980732302937561,3.2436968675660953,7.912310656312756,1.5986302354959863,0.9448029513961176,3.3406301672145204,8.729773129868317,1.8544941249613605
537,Cell_582,0.9267244432584792,3.5171866357622044,10.154769398623312,2.149645307061539,0.9485593535535468,3.6291448345192676,10.675883356883284,2.31585071277442
538,Cell_583,0.930950107212837,3.830505010995607,9.089981431811665,1.916279134738734,0.9534513965949536,3.851436293568888,9.358636623364657,2.014583735052372
539,Cell_584,0.9014883341278285,2.592722281120835,6.2131883099165925,1.2185549399294842,0.9339364670611402,2.590267317935942,6.645572272391714,1.3415293463783027
540,Cell_585,0.9348857871931777,2.7856423531806387,7.7601635241177975,1.6077914495864607,0.9967059436230694,2.8657829693694645,8.54088592022884,1.8816978108285745
541,Cell_586,0.9171770141435247,3.0662593213287654,8.13588943392924,1.6664126909729498,0.9545852994762706,3.106725543126528,8.598465783005006,1.8270867355807265
542,Cell_587,0.9618491192026337,3.4674476943777353,10.070978628224612,2.1942951026529567,0.9962516802324547,3.4871614436480436,10.813464554195539,2.4401682010813897
543,Cell_588,0.8568655460507808,3.7683224337035055,8.583232917909767,1.682574043631129,0.9154741204146575,3.6430863514671836,9.131351435334096,1.8932454300663872
544,Cell_589,0.9162602313434252,2.647564068639759,6.812817347208136,1.3741471200916597,0.9648931024046605,2.710085055639856,7.539405421294791,1.5926229123632085
545,Cell_59,0.6777628677431059,2.038873530331411,3.687204487759389,0.5555857202345492,0.710259174440566,2.1033657178314105,4.054084448559618,0.6336755970505533
546,Cell_590,0.8548634994158012,3.1197248911616167,7.440474341565818,1.4438358075785316,0.8837991931661884,3.16355625137727,7.816873444591062,1.5564954098758406
547,Cell_591,0.8889742315691099,2.8548806872753083,7.287820039163979,1.4455736992772206,0.9362510306093865,2.75244702305829,7.60434975990205,1.5699001012394942
548,Cell_592,0.8652714800165646,2.620150994673738,6.282885255314708,1.2331758911941049,0.9355664133204246,2.52894526844413,6.757370721412065,1.368007333178572
549,Cell_593,0.8240312865802609,2.810846904914437,6.968661171898102,1.3045360592576338,0.8568953516873008,2.8392322585864824,7.272950186029502,1.4009107841198654
550,Cell_594,0.8989363554666815,3.2181275836072603,8.595944771339768,1.7483143643985921,0.9255854409439129,3.2867036874834303,8.841785803369891,1.850822454474209
551,Cell_595,0.9012227563897628,2.868953107377652,7.699182771742756,1.5494379874715027,0.9135407389291724,2.9603216615538868,8.298878089286882,1.7127819897872574
552,Cell_596,0.8131145953685228,2.9740716174980157,6.100118791207832,1.191995545122253,0.9371620289717291,2.8905980353543765,7.229579913679087,1.4814169674371875
553,Cell_597,0.8902463143106903,4.720666743638322,11.211193885517773,2.3196875584753824,0.916082932473688,4.537501073205182,11.261079181516555,2.383446637824055
554,Cell_598,0.8924769970041637,4.095253870982925,8.881432832851276,1.8094111898761258,0.9535512865115273,4.0794426143474745,9.70936224164085,2.0926963391339193
555,Cell_599,0.877671232365665,2.9941248973013757,6.740204175537467,1.3059044855818842,0.9121589381190944,3.1443318412767884,7.2653673907749425,1.4682382378432834
556,Cell_6,0.6891479397560905,1.770712502108163,3.645229832753776,0.5439155310134,0.6927798231829316,1.951403345907518,3.712225947032695,0.5648232015945386
557,Cell_60,0.7044652643811057,2.604502565984912,4.83271722422638,0.7814605658349748,0.7618677174275866,2.6467937820225997,5.605068042835482,0.9585640731735495
558,Cell_600,0.9303000982610221,3.5753598598160905,9.792472787256877,2.0851803521910366,0.9723473250669309,3.4683428769510303,10.13974468575342,2.23644304783904
559,Cell_601,0.8158296503554954,3.0299885577292276,7.362424322042351,1.3635179085355718,0.8649801637631417,3.1856317887213246,8.459684850523965,1.6654392145456027
560,Cell_602,0.9037382429256922,3.290514743139856,8.865195938571066,1.8108813090755647,0.9130151752483151,3.3595902492878986,9.14209895746058,1.8901247759526039
561,Cell_603,0.9094629740323147,3.3863037880175075,9.116189576304262,1.878327024778963,0.9475203102247478,3.4272525747960865,9.472175643412491,2.0252806181416854
562,Cell_604,0.9416128596511949,3.618258534524311,10.234025375025809,2.205253284080096,0.9724575385534726,3.699598088221422,10.928726979405567,2.429420549179308
563,Cell_605,0.8842755366026193,2.796119698890845,6.338271625670813,1.2261741600087568,0.9661619359724967,2.720523358199433,6.919879882390614,1.438823834931582
564,Cell_606,0.8966995119727988,2.1636776439913343,5.282479163512666,1.004238302614424,0.9324689398914155,2.2040137281723537,5.6219946998032215,1.1072197284190899
565,Cell_607,0.9173322954304466,3.2495872689315384,8.886121389274498,1.847924325320357,0.9513506837406891,3.336209676513104,9.300866070140088,2.0071639714533442
566,Cell_608,0.8628307879538306,2.630107267397656,6.959394069209765,1.3410793317392584,0.9127791786114641,2.5686223899592178,7.369412188533885,1.4834267606666074
567,Cell_609,0.8959123837426762,3.3147789916679504,9.01311145305414,1.841985462222336,0.9206867095971645,3.213544264959218,9.276454189536251,1.93426939480217
568,Cell_61,0.6936606684297507,3.5497551584033458,6.787776253063379,1.0977526568235383,0.7256507913346069,3.6069177776682793,7.0569095577577,1.1940687777984953
569,Cell_610,0.9240980962735722,4.1277061629763345,10.080685924098919,2.1291904607391694,0.9750970217971476,3.995572481081344,10.832559792261973,2.4077786042287928
570,Cell_611,0.8271939425376105,4.440309008099072,10.811925045234528,2.133634073325883,0.8592735863550114,4.440309008099072,11.1694029532709,2.2794205699715886
571,Cell_612,0.9001070629052542,3.2936848811480433,8.968984705137556,1.833426712151287,0.9289860312537124,3.2337760122960866,9.174901685149152,1.9241870313644998
572,Cell_613,0.9048679475303009,3.2859805544965104,7.433472328935325,1.5051386183621576,0.9760380618163876,3.4301002486460583,8.299415281482183,1.8049168084766436
573,Cell_614,0.9343174076467372,2.9445104049184345,8.2789408895718,1.7339885236877428,0.9744270884280402,3.175907131565191,9.459364528530774,2.0776617085915117
574,Cell_615,0.8411746850553052,2.577289624983431,6.351385034642955,1.1817214236262903,0.85387579049814,2.6932376894427454,6.7193874027571106,1.2732309413624658
575,Cell_616,0.8845885959057541,2.8944677085989756,7.0754104653684715,1.4064504864004386,0.9045911067465133,2.8897279077562894,7.4579790026873045,1.5104018150953018
576,Cell_617,0.8342929352874695,5.3886359321697395,12.776545933902126,2.533468473178559,0.8636162493269253,5.323095296254921,13.106176146141511,2.673910985322113
577,Cell_618,0.9865181602967655,3.717169064684433,9.461401706533026,2.087938319142627,1.0442038468931187,3.769290954260684,10.17237931587901,2.36532048918798
578,Cell_619,0.885177559592628,3.830016956431538,9.88086436195247,2.014748240064971,0.9258928148993724,3.7680500647892776,10.361587865668199,2.2049306234423485
579,Cell_62,0.6493695530368133,3.246678191397888,5.468165169955356,0.8449831053994252,0.7146619968236148,3.1342150769042485,6.189477800721642,1.0158255779590353
580,Cell_620,0.9131528696273745,3.872430339034916,8.881770387894175,1.8344668186228108,0.9407821300379918,3.8026552976504613,9.154018040728843,1.939843870184376
581,Cell_621,0.9059549093757272,3.136230010050103,7.858612408136566,1.5880550348854146,0.9507444421310753,3.258753906227624,8.359311650991417,1.7788232113033176
582,Cell_622,0.9351944764454828,2.546492169877652,7.10853567388002,1.4497189001704909,0.9385032711377193,2.594136991180542,7.0795738409064874,1.4522369969076634
583,Cell_623,0.9150799559711812,3.2024791549184353,9.050156433027144,1.8710671563719512,0.913304002993269,3.239504136491896,9.222605505935782,1.9099519830573934
584,Cell_624,0.8866755276883063,3.5928166610581926,9.152476040671495,1.8499897507618421,0.8910619484261341,3.577222915106879,9.107847711178612,1.8503155938669922
585,Cell_625,0.9464152932248076,2.914626728180638,7.921929596624375,1.724926264810467,0.9926482411121,2.686541654918435,8.373027491423201,1.825842443539661
586,Cell_626,0.9208348000441702,2.829275985862564,7.650682938534919,1.558486739692797,0.9917290727797149,2.755517103504269,8.098904924595729,1.7557256963984385
587,Cell_627,0.9435120743827333,3.5706137132214213,10.294223167251676,2.219589117590981,0.9432373188765407,3.7184166549184345,10.778689147748128,2.328651362606737
588,Cell_628,0.9051767891508178,2.8521604239180536,7.382557195144583,1.4837426109717218,0.9315507717876408,3.1017843272345256,8.104203772847386,1.6924837774112762
589,Cell_629,0.9076772237181601,2.43473223215296,5.742586544243686,1.1177647559524841,0.9811153978841621,2.45863353011834,6.468586991355788,1.3455526320828797
590,Cell_63,0.6883715825724913,2.0655870690610194,3.730192736356588,0.569911560945399,0.7196355487662394,2.0729166372960863,4.076941450117161,0.6401684505887519
591,Cell_630,0.8927868308870268,3.4997124620838873,8.114212139144943,1.6292032645122771,0.9220060046444425,3.393597007544104,7.9116541903888065,1.641875590596094
592,Cell_631,0.9540764195666455,3.6130111137256002,9.264054284057964,1.9876873745339052,0.9825347408348118,3.6882886781180395,9.711430659112182,2.1397879937187274
593,Cell_632,0.8753429599729747,4.824650014950932,12.804580438976027,2.6381918886960403,0.8801196886884088,4.905989568648042,13.438548877958551,2.785392872329119
594,Cell_633,0.8238459865442586,3.6221423179359413,8.12416665598638,1.6235217844846492,0.8944974782490863,3.647346869669739,8.688331789848016,1.7843112736523634
595,Cell_634,0.9066674148305418,4.648020818648043,13.031861908960868,2.7601119769570315,0.8963884308801053,4.873119894418946,13.037232812643444,2.750844971977243
596,Cell_635,0.8707659830979021,3.755807794314398,8.507320896266513,1.696995266018027,0.8922531676283111,3.9491865740839844,9.347908176219182,1.9097576998641739
597,Cell_636,0.9465496294915648,2.7047394388626533,7.433929769364603,1.5393128948571608,0.9444217715071278,2.8169392105582904,7.283181094904324,1.5136903390348013
598,Cell_637,0.9072831095761993,2.9223801848368693,7.891928871462055,1.5955053968161963,0.9497915994411841,2.9315468221329555,8.193959919286154,1.7244979526361721
599,Cell_638,0.9152365194336107,3.132918356665551,7.494394296669536,1.5246453936960396,0.9681067526799169,3.089357451738832,7.713427420287857,1.6440174068197506
600,Cell_639,0.8285728145568768,3.1333078424144367,7.663786718540059,1.4539742407904184,0.8477770144706702,3.2072253015131036,8.012926446267516,1.549017967543623
601,Cell_64,0.7259651293791127,2.12218729689263,4.539560447797336,0.7515812922694068,0.778003097313765,2.1594682934969045,5.22044598212812,0.901260710330151
602,Cell_640,0.851542393526759,4.5296889893391885,9.43127866942526,1.9550459159747398,0.934531690003516,4.364800840562986,10.069234693580352,2.1641272910612415
603,Cell_641,0.802956973172128,3.030647520395159,6.323786440330421,1.229139816680082,0.9313256549025146,2.9139999206994327,7.330683934045491,1.4961271977749808
604,Cell_642,0.8357680114216792,3.0299885577292276,7.311734680052369,1.4129561039298764,0.8805791296200581,2.8768480794102476,7.469172581624559,1.4715555134146554
605,Cell_643,0.8688523525563724,4.257596404051901,9.698710524523026,1.9477551956572605,0.8918222818382695,4.332990873646057,10.141092898737973,2.0917145215311046
606,Cell_644,0.967749116935804,1.8570769127081763,5.253681842095934,1.0345844994402653,0.9938018399560767,1.8469069852406883,5.1079574621284465,1.0194290817829494
607,Cell_645,0.8593646115564472,2.601884741672237,6.791426447738132,1.315071093990992,0.8948169390722729,2.5766801899384393,7.140852435589247,1.417764714367924
608,Cell_646,0.821147366138942,3.9009909353242778,9.694051691349287,1.8712089341190061,0.8524551642706862,3.885179678688826,10.22415423440396,2.0401682565274704
609,Cell_647,0.9152478998600799,4.40533090707787,7.413557609573094,1.5032870892484627,0.9581567221163064,4.468729905181542,7.892180215330124,1.667622901967068
610,Cell_648,0.9417770259368531,2.7113567209033467,7.166677244987227,1.4708163076917287,0.9724263601634126,2.7602004797145208,7.146868067042952,1.5148874304629834
611,Cell_649,0.9455851607462915,3.6793904159140416,8.987844153930917,1.9084439620008045,0.9812524588248359,3.668192421429124,9.02750842913423,1.9735086164033915
612,Cell_65,0.7108031286004278,2.700291610862564,4.907027738635127,0.7817414646724427,0.7428587338802004,2.6625129620921726,4.834196328658058,0.8132021344688183
613,Cell_650,0.8817081497307437,5.717847586931559,13.218689474566029,2.7432195020983094,0.934455238164018,5.4821775911242865,13.750616512140315,3.0191256637698074
614,Cell_651,0.9230237376721744,3.5668167677320275,8.654063870981998,1.7982708561006857,0.9280899505483049,3.6313089552320275,8.875975543058304,1.8555742189440843
615,Cell_652,0.9025199441737322,2.428572904918435,6.766794686039001,1.3367975675084995,0.9366225596321458,2.4853116357622045,7.20071410133439,1.4763307936516055
616,Cell_653,0.8501562488256533,4.411824407117483,9.14217187447152,1.7882369507866436,0.9326399977855787,4.4651968018391885,10.111431301973461,2.1645964487255993
617,Cell_654,0.9372585519202479,3.2448411223368687,9.017534956843287,1.9014042308184562,0.9536347870455192,3.28261977110726,9.323559781748296,2.0008424192820007
618,Cell_655,0.9012466339916649,3.7303071812684947,8.611994531962214,1.7579156593349994,0.9660439663740166,3.6772235680772565,9.398761442472537,2.0361363226931686
619,Cell_656,0.8752063860671757,2.8972426546937426,7.029601197547935,1.3697310131609577,0.9100314302775366,2.8403410959033466,7.225717901496574,1.4542432762811377
620,Cell_657,0.8305432417524456,3.128497865964134,7.449325306428114,1.4017534806322685,0.857150189252532,3.1909538077480186,7.664829628211191,1.4885048253387627
621,Cell_658,0.9446154298644789,2.540764596458837,6.840746490443264,1.4078999248554587,0.983046077059233,2.6179841468369527,7.445751852900215,1.587553613722854
622,Cell_659,0.8791370088948501,2.3251031311397585,5.72665740534804,1.0876303058746666,0.9248491464090117,2.204317483107344,6.038471641000198,1.1898008598686758
623,Cell_66,0.7555477145492591,2.9712239436480434,6.664469711586036,1.1567414126917424,0.7879558047504173,3.0928787504129764,7.210730792605842,1.310922694185034
624,Cell_660,0.9513707492336847,3.433734366188826,10.06555013449812,2.3398873161054423,1.0225462121839903,3.2969965345325956,10.5140490793959,2.4190272921930047
625,Cell_661,0.888043650745634,2.6380235520005133,6.994886096139888,1.383991228859706,0.9406140249926082,2.603230900721422,7.411507787889506,1.531948763470198
626,Cell_662,0.9001512000702271,4.820780341706332,12.32996439356644,2.594869964447748,0.9300895097514609,4.7960380034766255,12.690268771338102,2.7516750190329673
627,Cell_663,0.8724951874232373,3.4197893565791997,7.689027491102408,1.513659665490347,0.924767021940908,3.4767472161179556,8.482786563174821,1.763751065993805
628,Cell_664,0.9076487389295232,3.0409031786765435,7.793400149046178,1.6011552388234258,0.9330876050464557,3.0612307323693675,8.186449486745461,1.7042032541161372
629,Cell_665,0.8905069846988493,4.212223934836869,11.242529713788391,2.3272468684193983,0.8916573095325211,4.22214479010688,11.306449554548054,2.3424803518214623
630,Cell_666,0.8649866855990458,5.213588450617864,11.691200853808427,2.441291796431261,0.9458586458667715,5.256276073929551,12.892108369577992,2.8629236081268314
631,Cell_667,0.903926286361557,4.396048567935941,11.639805627629183,2.44883256367574,0.9526644893719359,4.350374947132955,12.045059102504148,2.653119514593026
632,Cell_668,0.8747292748527326,4.152840378669023,8.929834065924242,1.791463658989361,0.9445025992230567,4.2524777842210115,9.684523875205528,2.0830622897816724
633,Cell_669,0.9345268541443796,3.213544264959218,9.377402744679232,1.9823030960091361,0.9710510932499387,3.149052077459218,9.642320246526204,2.1109547635693158
634,Cell_67,0.6360304243549858,2.922380184836869,5.452873802376061,0.8073032588819978,0.6499580708097221,2.988147049964565,5.498591046327756,0.8400966063481562
635,Cell_670,0.9643091231835501,3.137438912420846,7.679439467323176,1.6294714288842373,0.9687405239179061,3.2789856535644932,7.8871642900145815,1.6962389530878315
636,Cell_671,0.8751127752404375,3.1296097156452034,7.366796099330181,1.4919893120322378,0.9373644797953902,3.0796541071529595,7.76206129974263,1.6200118773446248
637,Cell_672,0.8574112220748501,3.949482004049642,8.561300848367903,1.6779663169361314,0.9155478684544067,3.8859660518474737,9.110870036201987,1.894973552267865
638,Cell_673,0.89817118038935,3.7610475482059518,8.876072487176158,1.8103544628682757,0.9183864801926196,3.957081546116579,9.608828087149533,2.0094032910868753
639,Cell_674,0.8700685128820532,3.470314077450933,9.200899791415853,1.8348212135385895,0.8993779261305569,3.447509377108163,9.32724968168957,1.9220052276296424
640,Cell_675,0.8955518636325022,1.8912047200732809,5.41044709254182,1.0258325616317858,0.9035957509458525,1.7615208098368689,4.967182294871235,0.9289624502166508
641,Cell_676,0.8686267830793166,3.036566920354576,7.779945248241637,1.5892538058743522,0.9646916496191665,4.829472879097095,8.69854934307639,1.8704926242315085
642,Cell_677,0.8843300057231507,2.8424023965946694,7.723410402049291,1.5352539245077086,0.9070970444565408,2.8265911399592176,8.0746209038021,1.6384829189487449
643,Cell_678,0.885635730706961,4.9783767281806375,13.581626074656409,2.83391487513271,0.9172699648333955,5.0130065515131035,13.87738627758482,3.0074447316756103
644,Cell_679,0.8978281800871081,2.863225533958836,7.52277565774792,1.5056527202941974,0.9397363018134421,2.9081449367878993,8.004212188642938,1.66681020016583
645,Cell_68,0.6119162823533846,3.691079321071825,6.153998435716769,0.9035797436158431,0.6561285558512525,3.7082096358204084,6.687764461561819,1.0481546705733962
646,Cell_680,0.9095188068968816,3.9604145120713934,9.804119893064799,2.0455736161080997,0.9370584951092636,3.833683779936025,9.965435422632337,2.123154200695333
647,Cell_681,0.8709223011944808,3.7342279115538872,9.933126370696892,2.0004223993541204,0.8922759980769321,3.785005576195503,10.53947148041495,2.1805992508620733
648,Cell_682,0.8999120595829225,2.8438155772345253,7.169757202559976,1.4337759481035797,0.937896931359027,2.7635121330990735,7.397194647419717,1.522679101833766
649,Cell_683,0.8824196851321873,3.499802562275308,9.037162387440937,1.8231017368337283,0.9223487275667853,3.5595486031806387,9.931545211398888,2.0872857651437227
650,Cell_684,0.8931433040081391,3.2416709843286817,8.816197482247,1.7856304084146417,0.9406205342728579,3.312644963221422,9.507893662769037,2.0249262232259064
651,Cell_685,0.8282760735798754,3.636377565984911,8.47456658058652,1.6216289887006867,0.8597274051965613,3.6096640272553033,8.901375723342182,1.7662918899965214
652,Cell_686,0.8694299383667908,3.081946242391226,7.63660466841651,1.49046501459816,0.8889173729802139,3.0826614172145206,7.624387630728839,1.5165728234877893
653,Cell_687,0.8916635159455277,3.288192381973996,8.26372890829871,1.6583832350418006,0.9381769305794769,3.2807212983625638,8.669830016212323,1.8196926638265376
654,Cell_688,0.8431416937608744,2.7981419564315386,6.612497656658505,1.2431191335413634,0.8927301183911462,2.8672174625795814,7.259680290044956,1.4425873028545526
655,Cell_689,0.8271153454231526,4.098040211683368,10.177641742819002,1.9884506901569816,0.8770584671834587,4.034558628972321,10.902458217521366,2.2262950593892685
656,Cell_69,0.6300246816013956,2.873112537604531,4.993369536611985,0.7429774251019082,0.707811533390943,2.689251555796989,5.478250289545356,0.8897019999360649
657,Cell_690,0.9021513360045428,3.1603314306315715,7.887610149078758,1.5926129195631722,0.9394179817909039,3.185073768861278,8.442676716316694,1.773448267614057
658,Cell_691,0.9195537377655321,2.6123894578622724,6.424663243569746,1.280920915854578,0.9453679322709884,2.7081865828951597,6.888065935468303,1.410630460395342
659,Cell_692,0.9024241690711949,3.1427845291980487,7.340808211521895,1.4687365322399433,0.9140027595489697,3.220975257457233,7.539411750652633,1.533568531482903
660,Cell_693,0.8494289543298573,2.6363304244878147,6.674298758667147,1.2730018933829468,0.8789060473560989,4.638807391802992,7.725195546459719,1.5255615862867538
661,Cell_694,0.8327865162662782,3.7044169625712957,8.34557921685472,1.590861901526266,0.8686675152833812,3.7746914062276233,8.69329699599389,1.725984235148237
662,Cell_695,0.853066829294397,4.18682777039116,9.633187965897218,1.9083950637347484,0.8915295727535494,4.136880880427656,9.98847064470788,2.0459836432359437
663,Cell_696,0.8606519764832329,3.562718741188826,9.2058120398366,1.859550304035778,0.8945906691513063,3.551816459094669,9.781621412244288,2.0096920609905533
664,Cell_697,0.859967609443314,4.1634764293362565,9.321498681017879,1.8498300093953204,0.8977901779633923,4.348639302334882,10.014813913550894,2.0748605912830453
665,Cell_698,0.7917768059126408,3.145280186945032,6.790714125031964,1.242791838632889,0.8820120526178102,3.0364141369646043,7.608548688275102,1.5010656743436188
666,Cell_699,0.8263887518030539,4.971268129306691,10.698419283374951,2.084842034595543,0.8837817238123572,4.977359883902582,11.603179516938892,2.3992268737464078
667,Cell_7,0.6816886830561754,1.8675271879129762,3.6620807317692696,0.5460351597606496,0.7104431329502028,1.772585919877652,3.60972995982623,0.5508426202740423
668,Cell_70,0.7251051912234402,3.769945259632954,7.47697877458555,1.2671346558165248,0.7837520932207185,3.850411531715033,8.446436363989474,1.5348339045798292
669,Cell_700,0.8934755130090271,3.328293391910247,8.81473811395601,1.7909374916153624,0.9549878659608563,3.4038506894510303,10.007597751069977,2.173802607083756
670,Cell_701,0.8617860210389513,3.0371536367223655,7.68864589752941,1.545013567301521,0.906330608099607,2.735385413729609,7.886332318266024,1.592134610766584
671,Cell_702,0.8325029123542571,2.6320784678975593,6.656676699194567,1.241142848879054,0.8878074935610794,2.6835343448568736,7.101087647166366,1.4009107841198654
672,Cell_703,0.8688389986285759,3.416886999991715,9.027485638296609,1.7988661623427316,0.886240411865318,3.7929378428975586,10.193603161499354,2.087210147331585
673,Cell_704,0.9408480478635497,2.8632255339588366,7.775544797128608,1.6227875355182033,0.9565449302725553,3.0409031786765435,8.120323508141055,1.759582183155175
674,Cell_705,0.8337640856624989,3.854832022416449,8.41749989894134,1.6122202059738429,0.8900394412722734,3.803354832886874,8.89351275186822,1.799916261614291
675,Cell_706,0.8320576063530991,2.928766169873654,6.829375268138662,1.3154911139188716,0.903339643880623,2.7498349049101503,7.267510882510044,1.4522369969076638
676,Cell_707,0.8419312369113231,2.573368536553887,6.435048542045607,1.206040486995635,0.8658820540914284,2.691287801513104,6.741504382762662,1.2995797998723588
677,Cell_708,0.8858080857031355,3.4183548633690832,8.424448581335689,1.689848861594658,0.9327205194912062,3.457350494665453,8.966184402682288,1.8854129989939294
678,Cell_709,0.870508935913585,3.630649992566095,8.61632592489153,1.7500347088910446,0.9321945900266958,3.5119765096329547,9.386524745883476,1.977276911645884
679,Cell_71,0.6755718547567903,2.1384424960718222,3.5613731120589964,0.5301082386737052,0.7403676168009733,2.203314192935942,4.05901273833344,0.6584055576584225
680,Cell_710,0.8568402683764799,4.293353843244386,10.442260313922477,2.0898138546809317,0.9005689239626905,4.606976225513508,11.214735617433664,2.3426228084018073
681,Cell_711,0.8717767665558531,3.4305642281806383,8.835924030517686,1.7973981648771178,0.9018080236166036,3.255906232377652,8.956041359802061,1.8289323307518053
682,Cell_712,0.8997543602887782,3.705453072132955,9.696801917196975,1.992445448869136,0.9394086401638295,3.640960884632955,9.81980702134608,2.092726333845084
683,Cell_713,0.8825907438463859,3.3884378164640365,8.371387277017284,1.6768169457913635,0.9174834076586877,3.5075347063612767,9.229912970311856,1.9183920677473596
684,Cell_714,0.8043452138764651,4.685386903068797,9.285876477099466,1.7716189751083706,0.852676862843132,4.302342616455636,9.32042088822203,1.842821750174933
685,Cell_715,0.8772579743367666,3.730894945599073,9.581861509344105,1.9325105056990526,0.9071749118303464,3.7229999735664774,10.096905861505597,2.096067125183531
686,Cell_716,0.8596432270013089,3.3193623103159937,8.378181260325954,1.6439517818076497,0.8929469275151315,3.4274154027427124,9.043960504937386,1.8445235445595807
687,Cell_717,0.943450815991389,3.075166959591571,7.860590096301804,1.6383661150483095,0.9811161150924806,3.296108666576852,8.331309790968636,1.8209280422122989
688,Cell_718,0.8841720039823036,4.7127470324300225,10.737880386779905,2.20296624416315,0.9411172430008258,4.781103220191243,11.799753890193182,2.5634092946513727
689,Cell_719,0.8787123287769103,3.7184166549184345,9.94540729698614,2.0292132018662326,0.8815519753560682,3.751516178684828,9.836307566491506,2.0168955110755697
690,Cell_72,0.7317699617454178,2.19457144406102,4.20257523474062,0.6904171622190167,0.7978637904634169,2.3216824012915307,4.998567045575158,0.8854563370976075
691,Cell_720,0.8885544521112944,3.167711007944642,7.357944184817503,1.4665754870751928,0.945337519412094,3.039678667043292,7.89785637459007,1.6493517430661642
692,Cell_721,0.8859920585086108,3.893956279188062,9.652760792121903,1.966080866371306,0.9118618694302341,3.941454429998015,10.139475410947048,2.1243287813885146
693,Cell_722,0.9668144352330557,2.8708870132080935,8.698930761853612,1.871779645449246,1.0208075006001205,2.8533046786888265,8.950956363626778,2.0123592716181737
694,Cell_723,0.8437734814293665,3.108103290680638,7.929280463029551,1.5204319111340245,0.8479830145011704,3.373988325283495,8.414195990449652,1.645366268795024
695,Cell_724,0.9799158646141074,3.126921857377652,9.536059719111078,2.099467905944307,1.0210541732849494,3.126206350390492,9.85830131319345,2.240690521024288
696,Cell_725,0.9017648549726677,3.4696145422145204,9.347278404921735,1.9174454592652765,0.952479309657508,3.71207637890206,10.264180252982383,2.226818991286829
697,Cell_726,0.8444723668966677,3.915181792202237,8.910871604523747,1.7402001633699078,0.9033293811589795,4.051620238301002,9.934472628579114,2.0624275463561585
698,Cell_727,0.8442889195590161,4.194839861349972,10.040202771331789,1.9737370097946954,0.8825210624300567,4.09768905101741,10.211205492134123,2.0836975835349185
699,Cell_728,0.9649075247853648,3.854694249445031,10.861947085928929,2.420911557683336,0.9977032684880814,3.883444033890755,11.291624405941132,2.586969166697719
700,Cell_729,0.9131852213274217,3.9355994460864823,10.76041339648029,2.2739443709692906,0.9474743729053307,3.8820095406806385,11.095001967937462,2.4159374049808617
701,Cell_73,0.7089151460935037,3.474197860862562,6.4901802142651315,1.090730185886847,0.72981623256928,3.4805838458993468,6.6814680186028905,1.1548169788873817
702,Cell_730,0.8435989657071027,2.5438785223096607,5.485038295557964,1.014903282765445,0.9017013289336776,2.542177777098692,5.97946317736165,1.16232084483043
703,Cell_731,0.8784525522063824,3.4026715350931545,7.655410333341649,1.5127978005051588,0.9421252544163718,3.3877169686573625,8.269346929620593,1.7346842280435226
704,Cell_732,0.8682116905670378,2.5168440488416888,5.451999296484321,1.0195136661170856,0.904533603548955,2.6169808566655512,5.965380569829494,1.1622858933627838
705,Cell_733,0.9014989608705521,4.284309942781509,9.996361673359683,2.082586637641728,0.9570091228241121,4.255399612712624,10.778969596488853,2.3706343326709636
706,Cell_734,0.8268072815339662,3.3014042728476594,7.326591447543866,1.3926642558881173,0.8798475647070707,3.2900130571161275,7.864183736805834,1.5697480926451863
707,Cell_735,0.8785567234048536,3.0750604260262158,7.242883334346145,1.4301863146914513,0.9147437362561506,3.2385008463204943,8.282702186989805,1.6976055814977942
708,Cell_736,0.8699192001614868,2.5030940928975594,6.516434893004938,1.253783296565098,0.8953197943565273,2.4742465257214215,6.81010802999514,1.3372858691051235
709,Cell_737,0.8817072878121169,4.05348329359179,9.23201570730634,1.8649223334153093,0.9098277390412359,4.061323582886873,9.779209958783799,2.032500499037497
710,Cell_738,0.9304543528422039,4.018066432895145,10.15962022710036,2.161419945869207,0.9655013012260452,4.110766809023799,10.659056865252584,2.357151188472517
711,Cell_739,0.889687642346453,2.963006507457233,6.516038185537175,1.277669690549883,0.9070422424889579,2.9550902228543765,6.711150976802233,1.3341959818929794
712,Cell_74,0.6488577114863643,3.4309881166018017,6.462281459542239,0.9845182450476361,0.6904033085363623,3.4383176848368686,7.0418002291450765,1.1356739998816692
713,Cell_740,0.8752734109885324,3.5725849137213244,8.724957112116787,1.7432481925241388,0.8906405430020168,4.8636276012296085,9.41820274149026,1.9157300715293055
714,Cell_741,1.0359202199214055,3.159496404747206,9.671050148965833,2.232497729648985,1.0561399604188948,3.1002083186480434,9.800504875560787,2.292977210248347
715,Cell_742,0.905799058595564,4.012479824075699,9.378699368368768,1.9364330966235639,0.9368286960627474,4.01307929140145,9.650020137693659,2.0605220161066886
716,Cell_743,0.8878617440572433,4.082095305066096,10.342425362431122,2.119978477835927,0.9238156093191002,4.140496288747198,10.983829468047697,2.336356418333272
717,Cell_744,0.88091531078869,2.342113325283495,6.095637352672811,1.1712090311496477,0.9386755440361353,2.5790667172472057,7.289512756657358,1.4985090673460415
718,Cell_745,0.8895247994183201,4.750578625805209,11.101913326136867,2.3016650886097714,0.9515031597125345,4.722330525954822,11.893013906590987,2.6129082516584816
719,Cell_746,0.8518039855692412,2.5727609890728997,6.499407204069472,1.226710181888795,0.8668116968036016,2.7478637044102476,7.034244460564745,1.3594768772650674
720,Cell_747,0.9278138144062995,3.387738281227624,8.586607142400632,1.7973625345761817,0.9502966546096447,3.565729242985425,9.093503069076473,1.9713506980045419
721,Cell_748,0.8747473915106234,8.31406999937692,10.763577060370618,2.2012536235401234,0.9360168630637705,4.775320964034915,11.703563400771964,2.5372757099668464
722,Cell_749,0.8258747608530042,4.652887814459908,11.006291128324321,2.1419390245667698,0.8819991692797465,4.704826571082482,11.71434331862814,2.414674688540579
723,Cell_75,0.6602539230709835,3.6989712807402144,6.288605926590572,0.9707863822881645,0.7247069004628033,3.6649281737755386,6.7555968613548005,1.1342373254178884
724,Cell_750,0.8300811131523002,5.816540856312524,14.473696352289107,2.9230033442286203,0.8433926191698892,6.035515737561922,15.121669099019098,3.0840515379568267
725,Cell_751,0.9405141865934531,7.4408309726932576,12.937102085788231,2.8364429646699185,0.9730149763793002,7.681633183242799,13.00952458027283,2.937078244561645
726,Cell_752,0.7825502726599805,2.922380184836869,6.591116987019589,1.190449273187859,0.8504746674494956,3.029559995648556,7.463396883297329,1.4370811091410904
727,Cell_753,0.826662562816801,3.762264530731929,7.645097975269892,1.4929673283404719,0.9183907688164792,3.6924894893474747,8.573961393202865,1.7744679509942476
728,Cell_754,0.8338302583289195,4.717096324796085,11.561639831168714,2.2806176613997704,0.8727093514327088,8.48789051830259,12.59521335444341,2.5851020084146565
729,Cell_755,0.8891827346952426,5.280248036731643,12.231648836644961,2.557826269369666,0.942820027413248,5.416893890980901,13.580042820108034,3.003136671979424
730,Cell_756,0.913523545795765,6.212268120495515,14.992356454091308,3.234831012277344,0.962005908652519,6.516096385731909,16.19062515633711,3.6728862065702406
731,Cell_757,0.8946382221458283,3.573298559124767,8.300788570498915,1.7190273892236463,0.9546016745970988,3.4610987874291306,9.021995907100528,1.9277959870749073
732,Cell_758,0.9724800372615572,2.831825341117957,6.8314749962162695,1.4376275156938747,0.9970564428243573,2.6613406586533417,6.914897750241632,1.4682162179605853
733,Cell_759,0.8953290579800423,4.190726782561575,6.937755453481298,1.3724717198668899,0.9433268224779874,4.4829065312193395,7.476509700270347,1.5672663991789841
734,Cell_76,0.6324012525868906,3.5829504885256944,6.473970681599923,0.9676964950760205,0.6540660115983856,3.5374627621561165,6.6932400990457985,1.0317935623909105
735,Cell_760,0.8879839263470936,2.61911488511208,5.891945250325978,1.134120391803883,0.962545424595472,2.723835011583985,6.773093267932529,1.403046191783716
736,Cell_761,0.8845488167664856,3.5136653370880593,8.493918614023599,1.7004780731507465,0.9250764698336517,3.3961699605500053,8.59388374629181,1.787275813928247
737,Cell_762,0.8665705865688774,2.790979889802606,7.234584216491104,1.402489350865262,0.8914637851677908,2.914626728180639,7.875064957147679,1.5715554995531351
738,Cell_763,0.9318327574792123,4.446977703896318,10.412134066409942,2.219619112302146,0.9991450356654102,4.2586839287985025,10.580060917335995,2.396585379906759
739,Cell_764,0.8918651781794293,3.4286908104111493,9.161830754242082,1.8727744349944941,0.9370630042176467,5.187689064627214,10.05079452533899,2.14711721752433
740,Cell_765,0.8905361281237396,3.5856603894042482,8.735430183192014,1.779870415871017,0.9088293606170582,3.5985989172145203,9.218507698855063,1.9058986122179384
741,Cell_766,0.9324690588079404,4.809715231665549,12.65852574507209,2.744589044818001,0.9784620352856735,4.908837242498014,13.464505200785313,3.0762649468551824
742,Cell_767,0.8974044521047853,3.3153298091247674,7.753262506840558,1.5575105576797532,0.9513261108463633,3.3464310191655366,8.405536031725742,1.7822065152878928
743,Cell_768,0.9332074721806766,2.716639574787802,6.8636740660716775,1.394933634064265,0.9943362753330625,2.695608234652312,7.508257182923031,1.6116245927775392
744,Cell_769,0.9148597692902254,4.0410644968229406,9.471577755914582,1.9680372447206167,0.984218036281469,3.9349013141002276,9.896644726891292,2.189300070291773
745,Cell_77,0.7158474680523729,2.168730737148946,4.166892182436348,0.6534660776257798,0.7255363882878179,2.482162810324278,4.8346551038684655,0.7936809935931388
746,Cell_770,0.8683141674237375,3.017060392397657,8.046066772174639,1.5837759273112992,0.8969173217156297,2.944510404918435,8.194468838499638,1.6502806701223858
747,Cell_771,0.8880503041099065,3.051527387783495,8.106629567879084,1.6254224513348214,0.9031063901191145,2.9256918382214216,8.128808312271278,1.6431847031073834
748,Cell_772,0.9522356743548777,3.1217904837320205,7.806323359453824,1.6412691800578778,0.9988419147358859,3.191449477963397,8.462721264570828,1.8574238100272313
749,Cell_773,0.8997260474266899,4.691331987171751,10.945205582799671,2.2852838152574733,0.9330695007480513,4.685386903068798,11.237229316627138,2.4196825878573818
750,Cell_774,0.876516330539366,3.3172282818694647,8.672157561858555,1.7266116578352728,0.9130990908571318,3.405122354714521,9.247244188203945,1.9140746732156646
751,Cell_775,0.948268879246298,4.563947766321869,12.545371621223515,2.870211586778839,0.9969253791329499,4.453308023970296,13.194961282006092,3.0444288010871676
752,Cell_776,0.8950124318052882,4.273618712083886,10.304683842855349,2.1348211719540298,0.941593953553103,4.386255123158648,11.172054468393819,2.423906063219432
753,Cell_777,0.8681308266383014,4.673535419869367,12.175725690726313,2.481169438551629,0.8804067391010519,4.813211025566989,12.301342650437375,2.5553393810997655
754,Cell_778,0.951430249505811,2.98827747282149,7.530586737891392,1.5783927847328088,1.0107688666663253,2.917832299274571,7.9160130811545475,1.7369182087536137
755,Cell_779,0.9878211910746962,3.3713062418393775,8.339008136711799,1.8153629560095397,0.9992246188045996,3.3713062418393775,8.40601054193202,1.8482281199932533
756,Cell_78,0.6225551400635598,2.4235486732225944,3.763498167377639,0.5287037444863669,0.7032082721901574,2.3759572555930752,4.260712646830865,0.6602076497250031
757,Cell_780,0.8349326138892457,4.797562596878163,11.926914468177548,2.351406825098259,0.8696615048974459,4.890408161549889,12.668631209665516,2.609452937041877
758,Cell_781,0.9269081642794059,2.7969430189232543,6.816642084456223,1.3894574350619677,0.9591348411003646,2.8268053830907887,7.273872370947411,1.5268825915957445
759,Cell_782,0.8948962939387336,3.6007116330907882,9.111235472852986,1.8555342314328838,0.9398064474451346,3.5608202684441292,9.266591250560351,1.9724716366977695
760,Cell_783,0.879930447151836,4.466558567294101,10.574408445768965,2.160564731421841,0.9145866141416636,4.509902512313676,11.270290783992772,2.381862030003029
761,Cell_784,0.9384474327923107,3.1874816087403044,8.193980490655594,1.7174027578116442,0.9707350266177875,3.3033669103068717,9.011585638347174,1.9525023503065517
762,Cell_785,0.8669832235467387,3.058908371203507,6.6170849002115855,1.2842594921020147,0.9341909700070827,2.9760342563856192,7.397463920753561,1.5157473872210436
763,Cell_786,0.9075640084516147,3.574554584801375,8.552592770357021,1.7525336371554323,0.9667691226453472,3.774104689859834,9.61257445178106,2.0926963391339193
764,Cell_787,0.8387511437511049,3.4730536060917903,7.228212844243423,1.3781246480838891,0.888215145585842,3.475773869449045,7.823238894105532,1.5635512110136291
765,Cell_788,0.9319703471035529,4.001363298849972,10.477355050179819,2.244804387950968,0.963200577281863,3.933538145395158,10.679059898648937,2.3451808926501805
766,Cell_789,0.8790393395750093,2.7747400710864825,7.229446217276873,1.4186074108803268,0.8772167796166094,2.9603216615538868,7.584728207044393,1.5130629163477656
767,Cell_79,0.6518481562358894,3.0725855993924296,5.139494466899919,0.772126543645657,0.7155728579339686,3.1356726366011483,5.696539731272132,0.9386305300277027
768,Cell_790,0.9625878723772826,3.535519910354376,8.892459156167892,1.913690283588721,1.0106038793532837,3.5589217956994323,9.344163989878119,2.101153298969113
769,Cell_791,0.8378816087864764,3.119034750739602,6.948313671020351,1.3071990199516317,0.8952591101794936,2.9898328650554635,7.064961015796675,1.402798801513359
770,Cell_792,0.8916385654525047,3.5328350644510302,9.682660006232998,1.977735218531343,0.8831875914327967,3.629760283944219,9.8152528734255,1.9954926069046082
771,Cell_793,0.8756049262542069,4.492322904918435,9.681876355942276,1.9890446681083596,0.9633344122660374,4.151043400721421,10.45888604913129,2.29711719673205
772,Cell_794,0.8914763633705465,3.2105369548976563,8.747484903621155,1.7725399460895537,0.9127360899921555,3.2372504936272652,8.906858502729078,1.8458545426686075
773,Cell_795,0.9018451490723884,3.27486631445103,9.034492674418738,1.8454318660840843,0.9030870173821083,3.388202260762204,9.592469188533743,1.9735217359693278
774,Cell_796,0.8415509406625656,3.137501675313593,6.5263508445435505,1.2844768876612072,0.8946988498893527,3.191091580719437,7.140182512217083,1.4186074108803268
775,Cell_797,0.8486971733745001,5.019667168583504,11.297724868467844,2.2505864444583437,0.8966110203210361,5.060003252764524,12.031009008761231,2.5212644762311918
776,Cell_798,0.8550701667349698,3.8124700549980144,8.644876804128373,1.7127819897872576,0.8952649786705361,3.7966587983625626,9.189383850171806,1.8960671529065714
777,Cell_799,0.8130615301832279,3.2116457922145196,7.0723166494117855,1.3185391430731028,0.8716613455223455,3.4510031825211764,8.01053051786205,1.5844112210645458
778,Cell_8,0.6766548624736448,2.2774583098368693,4.224668553531761,0.6429774389634284,0.7164493743253221,2.3723995778721934,4.804960679311783,0.774405914621841
779,Cell_80,0.6617086488248802,3.9118318137347554,6.672769093346949,1.0331137439295377,0.7158416896809526,4.03708064692904,7.398150603732989,1.2325840988080052
780,Cell_800,0.8701240662193633,4.709342868139856,12.341863295925119,2.521555367868694,0.8824417361442118,4.717259152742712,12.538878197003637,2.597051530135389
781,Cell_801,0.8488520443549792,3.319362310315994,8.297285129929412,1.6077158317743248,0.8665688027300635,3.3441046485456996,8.56076530675495,1.6924837774112762
782,Cell_802,0.9028345426990251,3.9118932174184353,10.71410340066133,2.2516850811406033,0.9241463808446322,3.91978818945103,10.91705854460181,2.328577866528425
783,Cell_803,0.761659042200117,3.6144101738499717,7.633717011342728,1.3667146220271247,0.7943547087855555,3.625312455944128,7.957584383746944,1.486235749041284
784,Cell_804,0.9166861902094605,3.940019936787898,10.442838523979205,2.1976790082685054,0.9625812057449039,3.7511266929359413,10.283735672371426,2.249956186748651
785,Cell_805,0.8395791373954562,8.003814639111171,11.812337408217958,2.348521683988628,0.8881224123559561,8.04636431702921,12.457810126440611,2.60084233611288
786,Cell_806,0.8811690204186368,3.4871614436480436,9.362611778546576,1.890730074994686,0.8915643200535162,3.6964492627834953,9.777412248122213,2.007444870290812
787,Cell_807,0.8145997530247496,3.154952770391161,6.641756261216307,1.2215974061263686,0.8375865829050738,3.240359227951774,6.671956400165659,1.2706150393367492
788,Cell_808,0.8606720135335086,3.056110706431538,7.949709689806518,1.5529805459793349,0.8893176491710609,2.8365119952292277,7.313221130254211,1.4520010423378784
789,Cell_809,0.8357910192154455,3.403978099943748,7.37775934364913,1.4042482399683796,0.8604625396650788,3.607928382457233,8.105453329584138,1.5860966140893522
790,Cell_81,0.6735659783941382,2.6040786775637486,4.854883934201283,0.7387639425398936,0.7190511425163063,2.49296928606248,4.974938906130959,0.8011653425156224
791,Cell_810,0.8683358855208761,2.8788739626476616,7.009756864779062,1.3593044259735572,0.9185469146414634,2.7602004797145208,7.4259288316821,1.5036814716754425
792,Cell_811,0.8755507935304948,2.904996111349973,6.796355423047728,1.3231753022196406,0.9027523393290432,2.8670546346329555,7.185898210045847,1.437389346033079
793,Cell_812,0.9158023069365065,3.663305347846091,8.529997022484002,1.7586241325065481,0.9467348818265109,3.659993694461538,8.873748025840358,1.8879410885311383
794,Cell_813,0.8818719150299161,4.584803308775739,12.162057453011682,2.5591974916501137,0.9218238841060985,4.728324262783494,13.188437693079072,2.8515458768810706
795,Cell_814,0.8089647451666455,4.3881786508785545,10.753661620039864,2.0573984672890457,0.8572132266036405,4.261067693648043,11.086552797308853,2.2247187927437104
796,Cell_815,0.8083019718011026,4.9830327745838865,11.1571712534234,2.119090837055842,0.8517620985538085,5.007775112813592,11.780938830645391,2.353858761900513
797,Cell_816,0.8501350075815984,2.6054196119054627,6.5060599105817,1.2305136373229655,0.8961779058532112,2.4923114252215046,6.918813838991795,1.3638846430203013
798,Cell_817,0.8266515212751538,4.674875872754017,12.066205091532863,2.3700773983953254,0.8591811300260497,4.634306295789659,12.71865825522227,2.5947832583797874
799,Cell_818,0.8767819237459135,3.252898922316091,8.459684804560865,1.6865849018244554,0.9255111633822283,3.0073537426482098,8.583128891761275,1.7826916901186163
800,Cell_819,0.8189337227931286,3.4334409006245856,7.943571414591442,1.5356370793856797,0.9016110544005712,3.58823334241015,8.902118763638425,1.8196526763153371
801,Cell_82,0.7146993394818857,2.8311744586072605,5.940390383029037,0.9730335729879056,0.7484002526271885,2.7557799890131043,6.090824545525149,1.0352539938153094
802,Cell_820,0.9023784273589538,3.1269218573776514,8.437524235828029,1.717977289952087,0.9171394507954377,3.242425202302606,8.832448221268612,1.8339499652155573
803,Cell_821,0.9079158744756517,4.924949650721421,13.861502719565005,2.951892386869119,0.9702379525177766,4.883859348566478,14.57846272386124,3.310422794267303
804,Cell_822,0.8855513787571226,5.883401381627167,15.92861995970595,3.365580756646816,0.9358955445578948,5.744388006148043,16.59294944809347,3.695505105724274
805,Cell_823,0.7969987378553519,4.033251546254921,9.012782645233388,1.666888653000623,0.8452085212901398,3.9843531047062353,9.349715002629654,1.8249897542272224
806,Cell_824,0.9131712205158921,3.3297065725501027,8.457522802463954,1.7346842280435228,0.926072799306438,3.4789440074572324,8.762243776326544,1.8335984846095077
807,Cell_825,0.9542892047940456,3.454701081847851,9.134853644091056,1.9619081847651578,0.997988544250626,3.6201083545432917,10.016352976751262,2.2501943564094464
808,Cell_826,0.8749877216135653,2.626795614013104,6.615881427718148,1.2835685661367033,0.9000524651969443,2.836083433148556,7.247803528251898,1.4632047010255813
809,Cell_827,0.9446086270108872,4.03580898166555,10.346370266097198,2.239252036213716,0.9746577239246398,3.9593565015514725,10.788147676575765,2.3915160812664054
810,Cell_828,0.8437665308698279,2.7805950549980163,6.469046423025621,1.213373851480958,0.8546222312123655,2.7571931696529597,6.393366316995003,1.207090586267194
811,Cell_829,0.9072045713139291,2.272874991188826,6.421010854584344,1.2609548813922367,0.9699251882672292,2.3721385173976564,6.780884601514268,1.4312478585663708
812,Cell_83,0.7260953357639243,3.7151507105542914,7.380871293645973,1.2530993917246127,0.7840603970903243,3.7362552897086956,7.950470070028126,1.443957264317632
813,Cell_830,0.8788104260435079,4.811686432165451,11.779110096966505,2.4342593326945337,0.9200616165867705,4.745223044165549,12.33636587003791,2.651892428453679
814,Cell_831,0.8843410105095553,5.708022538017506,14.998759977025962,3.144027191696985,0.9237719107570126,5.670243889247113,15.370827841420034,3.3563867128225207
815,Cell_832,0.8748179769343545,4.009651933376136,9.122520066766075,1.8303526079340042,0.9322310508840481,4.10112811489468,9.756246506543269,2.0769909629033414
816,Cell_833,0.8700957585588551,3.5870890876393773,8.711227081469922,1.7289573032809356,0.9172692682064142,3.652167510050102,9.41415393258008,1.9605268933675055
817,Cell_834,0.8837130202025618,3.7587843432362154,8.245021053859173,1.6646483688911486,0.9230112226504884,3.7310223560917892,8.640076698045851,1.805090881034702
818,Cell_835,0.8870262902581777,3.2364608581994325,7.168627239387875,1.4222016770093793,0.9194284192120646,3.2666488782602197,7.653041520682112,1.56945008660045
819,Cell_836,0.8899879072582353,2.45287052361378,6.650900569981544,1.3005230728645087,0.9129483936836238,2.5308437411888263,7.185332767119886,1.4412919350464617
820,Cell_837,0.8429520748996228,4.043725266268406,9.344045748132862,1.8228943340745727,0.9039125184395446,4.343993222222484,10.410573357161745,2.172180717337225
821,Cell_838,0.8669457978585495,3.036990808775739,7.432577274921855,1.5412201046673863,0.9403924281078541,2.9792817436272654,8.35205951485346,1.7666410705027331
822,Cell_839,0.8112012893150571,2.8356619708993485,5.89352045652344,1.065491148572672,0.8604708031482061,2.8983514920106073,6.492795796592414,1.249748922604696
823,Cell_84,0.6566977035677898,2.777747381148043,5.2269921020075305,0.7999998891078391,0.69841926299486,2.8726886491833676,5.893489443821529,0.9626081357251598
824,Cell_840,0.8754146653892907,6.060367152255302,15.878525049498197,3.3342692007408887,0.9181824268619205,6.269654971390754,16.897863371772115,3.739186203278813
825,Cell_841,0.855595106493385,4.276857637713234,11.192875122684466,2.2394594389728724,0.8793524723645078,4.451536946086481,11.863550232416491,2.449225245549098
826,Cell_842,0.8992494856927904,4.7799589654204695,10.706109044628445,2.2232757539457073,0.926399126454195,4.761522355365069,11.16894709850953,2.3816550123443028
827,Cell_843,0.9120703384418272,3.471027722854376,8.369902473420572,1.7122858171244233,0.9678602878616214,3.449060330719437,8.339615134700002,1.8045624135608647
828,Cell_844,0.9108667600266888,4.094304669877652,11.419417217289089,2.4036513522105967,0.9345498760435337,4.2278723635256945,12.054568279068501,2.608456599435671
829,Cell_845,0.9243631899971558,2.872392171254922,6.777102346713878,1.3770010527340184,0.9854959983946325,3.0035100932443877,7.647937619355357,1.6440273996197865
830,Cell_846,0.9063997436628785,3.1582187147553036,8.097937780502729,1.648033479422645,0.953322568273714,3.2357099181265276,8.97709249850787,1.916412565895436
831,Cell_847,0.856216963774187,2.852160423918053,6.753381340512322,1.3550909434115426,0.9164344310847312,2.7577298769427454,7.234611721319818,1.462837656653123
832,Cell_848,0.9169645525075424,4.098887988525694,10.799253890155398,2.2921345137359435,0.9391858232279274,4.104225525147661,11.041493321029817,2.4000346187911634
833,Cell_849,0.8618366308477573,4.07184162315917,8.53478810672911,1.6863660544619392,0.8796788293449616,4.127087435650363,8.827868986648191,1.7865066134941556
834,Cell_85,0.701813892106082,2.098782399183368,4.304249256691035,0.6732823331334906,0.7126636185265439,2.1696605717201525,4.523135380640042,0.7205151958859667
835,Cell_850,0.8658008438849143,6.16629709050952,13.574844060612744,2.788719918964368,0.8934186976114201,6.152500767019921,14.298916021804553,3.0122121408463505
836,Cell_851,0.9781161865399217,3.2689052482488763,9.73236400476397,2.142255231219419,0.9911124613793298,3.59732725195103,10.68963651090405,2.408353136369236
837,Cell_852,0.898075183662557,3.2717174890131044,8.71952875655681,1.777107823567347,0.9368831310742607,3.2683845230582897,9.126369122457382,1.9263607259859294
838,Cell_853,0.9236782885345595,3.3642462956911476,7.779194678069886,1.5988961847769367,0.9646500732286144,3.491422298137871,8.123355832581845,1.7489444437422716
839,Cell_854,0.8465432345572496,5.44399588504593,13.1494249695816,2.67246935410185,0.8899348060702565,5.58174806389606,14.194812446801446,3.016313602325258
840,Cell_855,0.8563214454982235,3.64885585666555,8.536212544644279,1.6721172833665503,0.9036272231659012,3.7533154041199817,8.995672077847239,1.8574798425507386
841,Cell_856,0.8632731833507942,3.60508070860726,8.934217542523655,1.851685136586684,0.9382129106511746,3.4462126568694647,9.89615742063278,2.112596655226975
842,Cell_857,0.8692487307389627,3.3785716439315383,8.509271648142471,1.6860966002278317,0.8980849865669346,3.298268199796086,8.589907470651326,1.7474716678861895
843,Cell_858,0.8827813342618522,2.4020221941354523,6.479657047794695,1.2616584568142275,0.9171799868001537,2.4665143816354522,7.000595475219487,1.4181191092837033
844,Cell_859,0.9081398577764092,2.8501264605254035,7.661763205071623,1.5497411033111095,0.9318260866581223,3.032545993139856,8.309192523288486,1.727454354347676
845,Cell_86,0.6111474337947993,2.229041451811064,3.957985332371457,0.5527049153423178,0.663920568552679,2.165604978197802,4.29599334309211,0.6428440541742776
846,Cell_860,0.958464729572627,3.5107048443694646,9.835855518740589,2.135319466350689,0.976430843694716,3.4005390360664776,9.68304602646736,2.1297749856796475
847,Cell_861,0.8790058715773633,3.2181275836072603,8.454612002264318,1.686797518993179,0.8939590247827994,3.3035510536805415,8.846305666369814,1.7943717809432498
848,Cell_862,0.8779243520801752,4.283594250091408,9.404599051353038,1.8961370558418638,0.935457017937127,4.280751385987322,10.175043753492044,2.1746960724089273
849,Cell_863,0.897720716265197,3.051527387783495,8.171286620684285,1.653231436244118,0.9280985089741922,2.9791189156806386,8.285780153362927,1.7164992996864377
850,Cell_87,0.6681642831520609,2.110695286066478,3.91435145211677,0.5839886830952238,0.6837319957346437,2.164122363525695,3.8839186059810737,0.5977527261311382
851,Cell_88,0.6319715361605176,2.3723995778721934,4.215015720146345,0.6182261609898331,0.6630196522749067,2.444831116461833,4.59392830254769,0.6955254736657024
852,Cell_89,0.7016102117297645,2.4036964352498456,4.445493345649055,0.6968778354807724,0.7408867610137868,2.297690057173738,4.641901639017317,0.7584377240733454
853,Cell_9,0.705565127648086,2.7994617431570195,5.347776105668535,0.8670013264734543,0.7365999633407595,2.535427059836869,5.336176343187599,0.8870785287228077
854,Cell_90,0.7057908853450865,2.2221327596329554,3.788446042293082,0.5882021656572386,0.7069836315696756,2.3133384858625643,3.9362782536665564,0.615168454054132
855,Cell_91,0.6644390447799225,2.164122363525695,3.797922591980432,0.568258348197036,0.6880232612227398,2.164122363525695,3.903046407003368,0.6044942982303615
856,Cell_92,0.7066071715096708,2.57504277766828,4.611943513978213,0.7289003029520834,0.7080673253811972,2.57504277766828,4.619043652906877,0.7314283924892921
857,Cell_93,0.6667198367275656,3.6649281737755386,6.209031311208813,0.9676643147995774,0.7003479640524554,3.6686637155812547,6.579284486870307,1.0729691985735
858,Cell_94,0.621872475958833,2.535427059836869,4.537758966115901,0.6789324901592864,0.656093010973745,2.482609765232224,4.688966471503956,0.7022670457649257
859,Cell_95,0.658336211305206,2.4768171949754665,4.672841068198876,0.7053369808812445,0.7042139690590952,2.7777473811480426,5.301690834679602,0.8508425786894822
860,Cell_96,0.5734638093118251,2.5663000287933566,3.8921311389918327,0.5410111609626749,0.6289017642944187,2.5220869800514754,4.224356065675373,0.6143060733964418
861,Cell_97,0.6495711302802554,2.1941919346969,4.124591970973777,0.6025801387403564,0.6766167160116277,2.048065222602705,4.022292860581492,0.603995701955032
862,Cell_98,0.7011467543267896,2.785686732237682,5.6923729270825945,0.9340407669521715,0.7435698415178845,2.8441016926842706,6.402744559712633,1.095287768685935
863,Cell_99,0.7278513251535149,3.2475510232154225,6.632337501777713,1.1231289338716743,0.7810102774963441,3.643577226643105,7.29361596621399,1.3160742549355007
